  **** HLS Build v2025.1 6135595
Sourcing Tcl script '/home/jjh/RL_test/HLS_Optimization/synthetic_case_generation/./script_tmp.tcl'
INFO: [HLS 200-1510] Running: open_project -reset project_tmp 
WARNING: [HLS 200-2182] The 'project_tmp' project will not automatically appear within Vitis IDE workspaces and is meant only for TCL batch use.  Please use open_component instead of open_project/open_solution to generate Vitis IDE compatible component files and directory structure.
Resolution: For help on HLS 200-2182 see docs.xilinx.com/access/sources/dita/topic?Doc_Version=2025.1%20English&url=ug1448-hls-guidance&resourceid=200-2182.html
INFO: [HLS 200-10] Opening and resetting solution '/home/jjh/RL_test/HLS_Optimization/synthetic_case_generation/project_tmp'.
INFO: [HLS 200-1510] Running: set_top case_10 
INFO: [HLS 200-1510] Running: add_files ./CASE/case_10//case_10.cc 
INFO: [HLS 200-10] Adding design file './CASE/case_10//case_10.cc' to the project
INFO: [HLS 200-1510] Running: open_solution solution_tmp 
INFO: [HLS 200-10] Creating and opening solution '/home/jjh/RL_test/HLS_Optimization/synthetic_case_generation/project_tmp/solution_tmp'.
INFO: [HLS 200-1505] Using default flow_target 'vivado'
Resolution: For help on HLS 200-1505 see docs.xilinx.com/access/sources/dita/topic?Doc_Version=2025.1%20English&url=ug1448-hls-guidance&resourceid=200-1505.html
INFO: [HLS 200-1510] Running: set_part xc7z020clg484-1 
INFO: [HLS 200-1611] Setting target device to 'xc7z020-clg484-1'
INFO: [HLS 200-1510] Running: create_clock -period 10 -name default 
INFO: [SYN 201-201] Setting up clock 'default' with a period of 10ns.
INFO: [HLS 200-1510] Running: source ./directive_tmp.tcl
INFO: [HLS 200-1510] Running: set_directive_bind_op -op mul -impl fabric case_10 m11 
INFO: [HLS 200-1510] Running: set_directive_bind_op -op mul -impl fabric case_10 m12 
INFO: [HLS 200-1510] Running: set_directive_bind_op -op mul -impl fabric case_10 m13 
INFO: [HLS 200-1510] Running: set_directive_bind_op -op mul -impl fabric case_10 m15 
INFO: [HLS 200-1510] Running: set_directive_bind_op -op mul -impl fabric case_10 m16 
INFO: [HLS 200-1510] Running: set_directive_bind_op -op mul -impl fabric case_10 m17 
INFO: [HLS 200-1510] Running: set_directive_bind_op -op mul -impl fabric case_10 m18 
INFO: [HLS 200-1510] Running: set_directive_bind_op -op mul -impl fabric case_10 m20 
INFO: [HLS 200-1510] Running: set_directive_bind_op -op mul -impl fabric case_10 m21 
INFO: [HLS 200-1510] Running: set_directive_bind_op -op mul -impl fabric case_10 m23 
INFO: [HLS 200-1510] Running: set_directive_bind_op -op mul -impl fabric case_10 m24 
INFO: [HLS 200-1510] Running: set_directive_bind_op -op mul -impl fabric case_10 m25 
INFO: [HLS 200-1510] Running: set_directive_bind_op -op mul -impl fabric case_10 m29 
INFO: [HLS 200-1510] Running: set_directive_bind_op -op mul -impl fabric case_10 m30 
INFO: [HLS 200-1510] Running: set_directive_bind_op -op mul -impl fabric case_10 m31 
INFO: [HLS 200-1510] Running: set_directive_bind_op -op mul -impl fabric case_10 m32 
INFO: [HLS 200-1510] Running: set_directive_bind_op -op mul -impl fabric case_10 m33 
INFO: [HLS 200-1510] Running: set_directive_bind_op -op mul -impl fabric case_10 m34 
INFO: [HLS 200-1510] Running: set_directive_bind_op -op mul -impl fabric case_10 m35 
INFO: [HLS 200-1510] Running: set_directive_bind_op -op mul -impl fabric case_10 m36 
INFO: [HLS 200-1510] Running: set_directive_bind_op -op mul -impl fabric case_10 m37 
INFO: [HLS 200-1510] Running: set_directive_bind_op -op mul -impl fabric case_10 m38 
INFO: [HLS 200-1510] Running: set_directive_bind_op -op mul -impl fabric case_10 m39 
INFO: [HLS 200-1510] Running: set_directive_bind_op -op mul -impl fabric case_10 m40 
INFO: [HLS 200-1510] Running: set_directive_bind_op -op mul -impl fabric case_10 m41 
INFO: [HLS 200-1510] Running: set_directive_bind_op -op mul -impl fabric case_10 m42 
INFO: [HLS 200-1510] Running: set_directive_bind_op -op mul -impl fabric case_10 m43 
INFO: [HLS 200-1510] Running: set_directive_bind_op -op mul -impl fabric case_10 m45 
INFO: [HLS 200-1510] Running: set_directive_bind_op -op mul -impl fabric case_10 m46 
INFO: [HLS 200-1510] Running: set_directive_bind_op -op mul -impl fabric case_10 m47 
INFO: [HLS 200-1510] Running: set_directive_bind_op -op mul -impl fabric case_10 m52 
INFO: [HLS 200-1510] Running: set_directive_bind_op -op mul -impl fabric case_10 m53 
INFO: [HLS 200-1510] Running: set_directive_bind_op -op mul -impl fabric case_10 m54 
INFO: [HLS 200-1510] Running: set_directive_bind_op -op mul -impl fabric case_10 m55 
INFO: [HLS 200-1510] Running: set_directive_bind_op -op mul -impl fabric case_10 m56 
INFO: [HLS 200-1510] Running: set_directive_bind_op -op mul -impl fabric case_10 m57 
INFO: [HLS 200-1510] Running: set_directive_bind_op -op mul -impl fabric case_10 m58 
INFO: [HLS 200-1510] Running: set_directive_bind_op -op mul -impl fabric case_10 m59 
INFO: [HLS 200-1510] Running: set_directive_bind_op -op mul -impl fabric case_10 m60 
INFO: [HLS 200-1510] Running: set_directive_bind_op -op mul -impl fabric case_10 m61 
INFO: [HLS 200-1510] Running: set_directive_bind_op -op mul -impl fabric case_10 m62 
INFO: [HLS 200-1510] Running: set_directive_bind_op -op mul -impl fabric case_10 m63 
INFO: [HLS 200-1510] Running: set_directive_bind_op -op mul -impl fabric case_10 m65 
INFO: [HLS 200-1510] Running: set_directive_bind_op -op mul -impl fabric case_10 m66 
INFO: [HLS 200-1510] Running: set_directive_bind_op -op mul -impl fabric case_10 m67 
INFO: [HLS 200-1510] Running: set_directive_bind_op -op mul -impl fabric case_10 m68 
INFO: [HLS 200-1510] Running: set_directive_bind_op -op mul -impl fabric case_10 m69 
INFO: [HLS 200-1510] Running: set_directive_bind_op -op mul -impl fabric case_10 m70 
INFO: [HLS 200-1510] Running: set_directive_bind_op -op mul -impl fabric case_10 m71 
INFO: [HLS 200-1510] Running: set_directive_bind_op -op mul -impl fabric case_10 m72 
INFO: [HLS 200-1510] Running: set_directive_bind_op -op mul -impl fabric case_10 m73 
INFO: [HLS 200-1510] Running: set_directive_bind_op -op mul -impl fabric case_10 m74 
INFO: [HLS 200-1510] Running: set_directive_bind_op -op mul -impl fabric case_10 m75 
INFO: [HLS 200-1510] Running: set_directive_bind_op -op mul -impl fabric case_10 m77 
INFO: [HLS 200-1510] Running: set_directive_bind_op -op mul -impl fabric case_10 m78 
INFO: [HLS 200-1510] Running: set_directive_bind_op -op mul -impl fabric case_10 m79 
INFO: [HLS 200-1510] Running: set_directive_bind_op -op mul -impl fabric case_10 m80 
INFO: [HLS 200-1510] Running: set_directive_bind_op -op mul -impl fabric case_10 m81 
INFO: [HLS 200-1510] Running: set_directive_bind_op -op mul -impl fabric case_10 m82 
INFO: [HLS 200-1510] Running: set_directive_bind_op -op mul -impl fabric case_10 m83 
INFO: [HLS 200-1510] Running: set_directive_bind_op -op mul -impl fabric case_10 m84 
INFO: [HLS 200-1510] Running: set_directive_bind_op -op mul -impl fabric case_10 m85 
INFO: [HLS 200-1510] Running: set_directive_bind_op -op mul -impl fabric case_10 m86 
INFO: [HLS 200-1510] Running: set_directive_bind_op -op mul -impl fabric case_10 m87 
INFO: [HLS 200-1510] Running: set_directive_bind_op -op mul -impl fabric case_10 m88 
INFO: [HLS 200-1510] Running: set_directive_bind_op -op mul -impl fabric case_10 m89 
INFO: [HLS 200-1510] Running: set_directive_bind_op -op mul -impl fabric case_10 m90 
INFO: [HLS 200-1510] Running: set_directive_bind_op -op mul -impl fabric case_10 m91 
INFO: [HLS 200-1510] Running: set_directive_bind_op -op mul -impl fabric case_10 m92 
INFO: [HLS 200-1510] Running: set_directive_bind_op -op mul -impl fabric case_10 m94 
INFO: [HLS 200-1510] Running: set_directive_bind_op -op mul -impl fabric case_10 m96 
INFO: [HLS 200-1510] Running: set_directive_bind_op -op mul -impl fabric case_10 m98 
INFO: [HLS 200-1510] Running: set_directive_bind_op -op mul -impl fabric case_10 m99 
INFO: [HLS 200-1510] Running: set_directive_bind_op -op mul -impl fabric case_10 m101 
INFO: [HLS 200-1510] Running: set_directive_bind_op -op mul -impl fabric case_10 m103 
INFO: [HLS 200-1510] Running: set_directive_bind_op -op mul -impl fabric case_10 m104 
INFO: [HLS 200-1510] Running: set_directive_bind_op -op mul -impl fabric case_10 m105 
INFO: [HLS 200-1510] Running: set_directive_bind_op -op mul -impl fabric case_10 m108 
INFO: [HLS 200-1510] Running: set_directive_bind_op -op mul -impl fabric case_10 m109 
INFO: [HLS 200-1510] Running: set_directive_bind_op -op mul -impl fabric case_10 m111 
INFO: [HLS 200-1510] Running: set_directive_bind_op -op mul -impl fabric case_10 m112 
INFO: [HLS 200-1510] Running: set_directive_bind_op -op mul -impl fabric case_10 m113 
INFO: [HLS 200-1510] Running: set_directive_bind_op -op mul -impl fabric case_10 m114 
INFO: [HLS 200-1510] Running: set_directive_bind_op -op mul -impl fabric case_10 m115 
INFO: [HLS 200-1510] Running: set_directive_bind_op -op mul -impl fabric case_10 m116 
INFO: [HLS 200-1510] Running: csynth_design 
INFO: [HLS 200-111] Finished File checks and directory preparation: CPU user time: 1 seconds. CPU system time: 0.1 seconds. Elapsed time: 1.11 seconds; current allocated memory: 255.957 MB.
INFO: [HLS 200-10] Analyzing design file 'CASE/case_10/case_10.cc' ... 
INFO: [HLS 200-111] Finished Source Code Analysis and Preprocessing: CPU user time: 7.49 seconds. CPU system time: 0.67 seconds. Elapsed time: 8.17 seconds; current allocated memory: 260.582 MB.
INFO: [HLS 200-777] Using interface defaults for 'Vivado' flow target.
INFO: [HLS 200-1995] There were 17,093 instructions in the design after the 'Compile/Link' phase of compilation. See the Design Size Report for more details (/home/jjh/RL_test/HLS_Optimization/synthetic_case_generation/project_tmp/solution_tmp/syn/report/csynth_design_size.rpt:2)
INFO: [HLS 200-1995] There were 922 instructions in the design after the 'Unroll/Inline (step 1)' phase of compilation. See the Design Size Report for more details (/home/jjh/RL_test/HLS_Optimization/synthetic_case_generation/project_tmp/solution_tmp/syn/report/csynth_design_size.rpt:2)
INFO: [HLS 200-1995] There were 869 instructions in the design after the 'Unroll/Inline (step 2)' phase of compilation. See the Design Size Report for more details (/home/jjh/RL_test/HLS_Optimization/synthetic_case_generation/project_tmp/solution_tmp/syn/report/csynth_design_size.rpt:2)
INFO: [HLS 200-1995] There were 869 instructions in the design after the 'Unroll/Inline (step 3)' phase of compilation. See the Design Size Report for more details (/home/jjh/RL_test/HLS_Optimization/synthetic_case_generation/project_tmp/solution_tmp/syn/report/csynth_design_size.rpt:2)
INFO: [HLS 200-1995] There were 869 instructions in the design after the 'Unroll/Inline (step 4)' phase of compilation. See the Design Size Report for more details (/home/jjh/RL_test/HLS_Optimization/synthetic_case_generation/project_tmp/solution_tmp/syn/report/csynth_design_size.rpt:2)
INFO: [HLS 200-1995] There were 872 instructions in the design after the 'Array/Struct (step 1)' phase of compilation. See the Design Size Report for more details (/home/jjh/RL_test/HLS_Optimization/synthetic_case_generation/project_tmp/solution_tmp/syn/report/csynth_design_size.rpt:2)
INFO: [HLS 200-1995] There were 872 instructions in the design after the 'Array/Struct (step 2)' phase of compilation. See the Design Size Report for more details (/home/jjh/RL_test/HLS_Optimization/synthetic_case_generation/project_tmp/solution_tmp/syn/report/csynth_design_size.rpt:2)
INFO: [HLS 200-1995] There were 872 instructions in the design after the 'Array/Struct (step 3)' phase of compilation. See the Design Size Report for more details (/home/jjh/RL_test/HLS_Optimization/synthetic_case_generation/project_tmp/solution_tmp/syn/report/csynth_design_size.rpt:2)
INFO: [HLS 200-1995] There were 872 instructions in the design after the 'Array/Struct (step 4)' phase of compilation. See the Design Size Report for more details (/home/jjh/RL_test/HLS_Optimization/synthetic_case_generation/project_tmp/solution_tmp/syn/report/csynth_design_size.rpt:2)
INFO: [HLS 200-1995] There were 872 instructions in the design after the 'Array/Struct (step 5)' phase of compilation. See the Design Size Report for more details (/home/jjh/RL_test/HLS_Optimization/synthetic_case_generation/project_tmp/solution_tmp/syn/report/csynth_design_size.rpt:2)
INFO: [HLS 200-1995] There were 872 instructions in the design after the 'Performance (step 1)' phase of compilation. See the Design Size Report for more details (/home/jjh/RL_test/HLS_Optimization/synthetic_case_generation/project_tmp/solution_tmp/syn/report/csynth_design_size.rpt:2)
INFO: [HLS 200-1995] There were 872 instructions in the design after the 'Performance (step 2)' phase of compilation. See the Design Size Report for more details (/home/jjh/RL_test/HLS_Optimization/synthetic_case_generation/project_tmp/solution_tmp/syn/report/csynth_design_size.rpt:2)
INFO: [HLS 200-1995] There were 872 instructions in the design after the 'Performance (step 3)' phase of compilation. See the Design Size Report for more details (/home/jjh/RL_test/HLS_Optimization/synthetic_case_generation/project_tmp/solution_tmp/syn/report/csynth_design_size.rpt:2)
INFO: [HLS 200-1995] There were 872 instructions in the design after the 'Performance (step 4)' phase of compilation. See the Design Size Report for more details (/home/jjh/RL_test/HLS_Optimization/synthetic_case_generation/project_tmp/solution_tmp/syn/report/csynth_design_size.rpt:2)
INFO: [HLS 200-1995] There were 900 instructions in the design after the 'HW Transforms (step 1)' phase of compilation. See the Design Size Report for more details (/home/jjh/RL_test/HLS_Optimization/synthetic_case_generation/project_tmp/solution_tmp/syn/report/csynth_design_size.rpt:2)
INFO: [HLS 200-1995] There were 901 instructions in the design after the 'HW Transforms (step 2)' phase of compilation. See the Design Size Report for more details (/home/jjh/RL_test/HLS_Optimization/synthetic_case_generation/project_tmp/solution_tmp/syn/report/csynth_design_size.rpt:2)
INFO: [HLS 214-248] Applying array_partition to 'in_data': Complete partitioning on dimension 1. (CASE/case_10/case_10.cc:10:0)
INFO: [HLS 214-248] Applying array_partition to 'out_data': Complete partitioning on dimension 1. (CASE/case_10/case_10.cc:10:0)
INFO: [HLS 200-111] Finished Compiling Optimization and Transform: CPU user time: 4.62 seconds. CPU system time: 0.54 seconds. Elapsed time: 8.75 seconds; current allocated memory: 269.895 MB.
INFO: [HLS 200-111] Finished Checking Pragmas: CPU user time: 0 seconds. CPU system time: 0 seconds. Elapsed time: 0 seconds; current allocated memory: 269.895 MB.
INFO: [HLS 200-10] Starting code transformations ...
INFO: [HLS 200-111] Finished Standard Transforms: CPU user time: 0.05 seconds. CPU system time: 0 seconds. Elapsed time: 0.06 seconds; current allocated memory: 271.820 MB.
INFO: [HLS 200-10] Checking synthesizability ...
INFO: [HLS 200-111] Finished Checking Synthesizability: CPU user time: 0.06 seconds. CPU system time: 0 seconds. Elapsed time: 0.06 seconds; current allocated memory: 272.625 MB.
INFO: [HLS 200-111] Finished Loop, function and other optimizations: CPU user time: 0.19 seconds. CPU system time: 0.01 seconds. Elapsed time: 0.21 seconds; current allocated memory: 295.715 MB.
INFO: [HLS 200-111] Finished Architecture Synthesis: CPU user time: 0.29 seconds. CPU system time: 0 seconds. Elapsed time: 0.29 seconds; current allocated memory: 295.715 MB.
INFO: [HLS 200-10] Starting hardware synthesis ...
INFO: [HLS 200-10] Synthesizing 'case_10' ...
INFO: [HLS 200-10] ----------------------------------------------------------------
INFO: [HLS 200-42] -- Implementing module 'case_10' 
INFO: [HLS 200-10] ----------------------------------------------------------------
INFO: [SCHED 204-11] Starting scheduling ...
INFO: [HLS 200-486] Changing DSP latency (root=m31) to 3 in order to utilize available DSP registers.
WARNING: [HLS 200-871] Estimated clock period (8.563 ns) exceeds the target (target clock period: 10.000 ns, clock uncertainty: 2.700 ns, effective delay budget: 7.300 ns).
Resolution: For help on HLS 200-871 see docs.xilinx.com/access/sources/dita/topic?Doc_Version=2025.1%20English&url=ug1448-hls-guidance&resourceid=200-871.html
WARNING: [HLS 200-1016] The critical path in module 'case_10' consists of the following:
	'mul' operation 25 bit ('mul_ln178', CASE/case_10/case_10.cc:178) [243]  (8.563 ns)

Resolution: For help on HLS 200-1016 see docs.xilinx.com/access/sources/dita/topic?Doc_Version=2025.1%20English&url=ug1448-hls-guidance&resourceid=200-1016.html
INFO: [SCHED 204-11] Finished scheduling.
INFO: [HLS 200-111] Finished Scheduling: CPU user time: 0.42 seconds. CPU system time: 0.03 seconds. Elapsed time: 0.44 seconds; current allocated memory: 295.715 MB.
INFO: [BIND 205-100] Starting micro-architecture generation ...
INFO: [BIND 205-101] Performing variable lifetime analysis.
INFO: [BIND 205-101] Exploring resource sharing.
INFO: [BIND 205-101] Binding ...
INFO: [BIND 205-100] Finished micro-architecture generation.
INFO: [HLS 200-111] Finished Binding: CPU user time: 0.09 seconds. CPU system time: 0 seconds. Elapsed time: 0.1 seconds; current allocated memory: 295.715 MB.
INFO: [HLS 200-10] ----------------------------------------------------------------
INFO: [HLS 200-10] -- Generating RTL for module 'case_10' 
INFO: [HLS 200-10] ----------------------------------------------------------------
INFO: [RTGEN 206-500] Setting interface mode on port 'case_10/in_data_0' to 'ap_none'.
INFO: [RTGEN 206-500] Setting interface mode on port 'case_10/in_data_1' to 'ap_none'.
INFO: [RTGEN 206-500] Setting interface mode on port 'case_10/in_data_2' to 'ap_none'.
INFO: [RTGEN 206-500] Setting interface mode on port 'case_10/in_data_3' to 'ap_none'.
INFO: [RTGEN 206-500] Setting interface mode on port 'case_10/in_data_4' to 'ap_none'.
INFO: [RTGEN 206-500] Setting interface mode on port 'case_10/in_data_5' to 'ap_none'.
INFO: [RTGEN 206-500] Setting interface mode on port 'case_10/in_data_6' to 'ap_none'.
INFO: [RTGEN 206-500] Setting interface mode on port 'case_10/in_data_7' to 'ap_none'.
INFO: [RTGEN 206-500] Setting interface mode on port 'case_10/in_data_8' to 'ap_none'.
INFO: [RTGEN 206-500] Setting interface mode on port 'case_10/out_data_0' to 'ap_none'.
WARNING: [RTGEN 206-101] Port 'out_data_0' with mode 'ap_none' may require an associated data valid signal to correctly communicate with other blocks or a test bench; automatic C/RTL co-simulation may not be able to verify such a port.
INFO: [RTGEN 206-500] Setting interface mode on port 'case_10/out_data_1' to 'ap_none'.
WARNING: [RTGEN 206-101] Port 'out_data_1' with mode 'ap_none' may require an associated data valid signal to correctly communicate with other blocks or a test bench; automatic C/RTL co-simulation may not be able to verify such a port.
INFO: [RTGEN 206-500] Setting interface mode on port 'case_10/out_data_2' to 'ap_none'.
WARNING: [RTGEN 206-101] Port 'out_data_2' with mode 'ap_none' may require an associated data valid signal to correctly communicate with other blocks or a test bench; automatic C/RTL co-simulation may not be able to verify such a port.
INFO: [RTGEN 206-500] Setting interface mode on port 'case_10/out_data_3' to 'ap_none'.
WARNING: [RTGEN 206-101] Port 'out_data_3' with mode 'ap_none' may require an associated data valid signal to correctly communicate with other blocks or a test bench; automatic C/RTL co-simulation may not be able to verify such a port.
INFO: [RTGEN 206-500] Setting interface mode on port 'case_10/out_data_4' to 'ap_none'.
WARNING: [RTGEN 206-101] Port 'out_data_4' with mode 'ap_none' may require an associated data valid signal to correctly communicate with other blocks or a test bench; automatic C/RTL co-simulation may not be able to verify such a port.
INFO: [RTGEN 206-500] Setting interface mode on port 'case_10/out_data_5' to 'ap_none'.
WARNING: [RTGEN 206-101] Port 'out_data_5' with mode 'ap_none' may require an associated data valid signal to correctly communicate with other blocks or a test bench; automatic C/RTL co-simulation may not be able to verify such a port.
INFO: [RTGEN 206-500] Setting interface mode on port 'case_10/out_data_6' to 'ap_none'.
WARNING: [RTGEN 206-101] Port 'out_data_6' with mode 'ap_none' may require an associated data valid signal to correctly communicate with other blocks or a test bench; automatic C/RTL co-simulation may not be able to verify such a port.
INFO: [RTGEN 206-500] Setting interface mode on port 'case_10/out_data_7' to 'ap_none'.
WARNING: [RTGEN 206-101] Port 'out_data_7' with mode 'ap_none' may require an associated data valid signal to correctly communicate with other blocks or a test bench; automatic C/RTL co-simulation may not be able to verify such a port.
INFO: [RTGEN 206-500] Setting interface mode on port 'case_10/out_data_8' to 'ap_none'.
WARNING: [RTGEN 206-101] Port 'out_data_8' with mode 'ap_none' may require an associated data valid signal to correctly communicate with other blocks or a test bench; automatic C/RTL co-simulation may not be able to verify such a port.
INFO: [RTGEN 206-500] Setting interface mode on port 'case_10/out_data_9' to 'ap_none'.
WARNING: [RTGEN 206-101] Port 'out_data_9' with mode 'ap_none' may require an associated data valid signal to correctly communicate with other blocks or a test bench; automatic C/RTL co-simulation may not be able to verify such a port.
INFO: [RTGEN 206-500] Setting interface mode on port 'case_10/out_data_10' to 'ap_none'.
WARNING: [RTGEN 206-101] Port 'out_data_10' with mode 'ap_none' may require an associated data valid signal to correctly communicate with other blocks or a test bench; automatic C/RTL co-simulation may not be able to verify such a port.
INFO: [RTGEN 206-500] Setting interface mode on port 'case_10/out_data_11' to 'ap_none'.
WARNING: [RTGEN 206-101] Port 'out_data_11' with mode 'ap_none' may require an associated data valid signal to correctly communicate with other blocks or a test bench; automatic C/RTL co-simulation may not be able to verify such a port.
INFO: [RTGEN 206-500] Setting interface mode on port 'case_10/out_data_12' to 'ap_none'.
WARNING: [RTGEN 206-101] Port 'out_data_12' with mode 'ap_none' may require an associated data valid signal to correctly communicate with other blocks or a test bench; automatic C/RTL co-simulation may not be able to verify such a port.
INFO: [RTGEN 206-500] Setting interface mode on port 'case_10/out_data_13' to 'ap_none'.
WARNING: [RTGEN 206-101] Port 'out_data_13' with mode 'ap_none' may require an associated data valid signal to correctly communicate with other blocks or a test bench; automatic C/RTL co-simulation may not be able to verify such a port.
INFO: [RTGEN 206-500] Setting interface mode on port 'case_10/out_data_14' to 'ap_none'.
WARNING: [RTGEN 206-101] Port 'out_data_14' with mode 'ap_none' may require an associated data valid signal to correctly communicate with other blocks or a test bench; automatic C/RTL co-simulation may not be able to verify such a port.
INFO: [RTGEN 206-500] Setting interface mode on port 'case_10/out_data_15' to 'ap_none'.
WARNING: [RTGEN 206-101] Port 'out_data_15' with mode 'ap_none' may require an associated data valid signal to correctly communicate with other blocks or a test bench; automatic C/RTL co-simulation may not be able to verify such a port.
INFO: [RTGEN 206-500] Setting interface mode on port 'case_10/out_data_16' to 'ap_none'.
WARNING: [RTGEN 206-101] Port 'out_data_16' with mode 'ap_none' may require an associated data valid signal to correctly communicate with other blocks or a test bench; automatic C/RTL co-simulation may not be able to verify such a port.
INFO: [RTGEN 206-500] Setting interface mode on port 'case_10/out_data_17' to 'ap_none'.
WARNING: [RTGEN 206-101] Port 'out_data_17' with mode 'ap_none' may require an associated data valid signal to correctly communicate with other blocks or a test bench; automatic C/RTL co-simulation may not be able to verify such a port.
INFO: [RTGEN 206-500] Setting interface mode on port 'case_10/out_data_18' to 'ap_none'.
WARNING: [RTGEN 206-101] Port 'out_data_18' with mode 'ap_none' may require an associated data valid signal to correctly communicate with other blocks or a test bench; automatic C/RTL co-simulation may not be able to verify such a port.
INFO: [RTGEN 206-500] Setting interface mode on function 'case_10' to 'ap_ctrl_hs'.
WARNING: [RTGEN 206-101] Port 'case_10/in_data_0' has no fanin or fanout and is left dangling.
               Please use C simulation to confirm this function argument can be read from or written to.
WARNING: [RTGEN 206-101] Port 'case_10/in_data_2' has no fanin or fanout and is left dangling.
               Please use C simulation to confirm this function argument can be read from or written to.
WARNING: [RTGEN 206-101] Port 'case_10/in_data_4' has no fanin or fanout and is left dangling.
               Please use C simulation to confirm this function argument can be read from or written to.
WARNING: [RTGEN 206-101] Port 'case_10/in_data_5' has no fanin or fanout and is left dangling.
               Please use C simulation to confirm this function argument can be read from or written to.
INFO: [RTGEN 206-100] Generating core module 'mac_muladd_10s_6s_11ns_11_4_1': 1 instance(s).
INFO: [RTGEN 206-100] Generating core module 'mul_10ns_10ns_15_1_1': 1 instance(s).
INFO: [RTGEN 206-100] Generating core module 'mul_10ns_10ns_17_1_1': 1 instance(s).
INFO: [RTGEN 206-100] Generating core module 'mul_10ns_10ns_20_1_1': 2 instance(s).
INFO: [RTGEN 206-100] Generating core module 'mul_10ns_11ns_17_1_1': 1 instance(s).
INFO: [RTGEN 206-100] Generating core module 'mul_10ns_12ns_19_1_1': 1 instance(s).
INFO: [RTGEN 206-100] Generating core module 'mul_10ns_4s_14_1_1': 1 instance(s).
INFO: [RTGEN 206-100] Generating core module 'mul_10ns_6ns_13_1_1': 1 instance(s).
INFO: [RTGEN 206-100] Generating core module 'mul_10ns_7s_17_1_1': 4 instance(s).
INFO: [RTGEN 206-100] Generating core module 'mul_10ns_8ns_17_1_1': 1 instance(s).
INFO: [RTGEN 206-100] Generating core module 'mul_10ns_9ns_15_1_1': 1 instance(s).
INFO: [RTGEN 206-100] Generating core module 'mul_10ns_9ns_17_1_1': 1 instance(s).
INFO: [RTGEN 206-100] Generating core module 'mul_10s_10s_10_1_1': 2 instance(s).
INFO: [RTGEN 206-100] Generating core module 'mul_10s_10s_20_1_1': 2 instance(s).
INFO: [RTGEN 206-100] Generating core module 'mul_10s_8s_10_1_1': 1 instance(s).
INFO: [RTGEN 206-100] Generating core module 'mul_11ns_10ns_13_1_1': 1 instance(s).
INFO: [RTGEN 206-100] Generating core module 'mul_11ns_10s_21_1_1': 1 instance(s).
INFO: [RTGEN 206-100] Generating core module 'mul_11ns_11ns_13_1_1': 1 instance(s).
INFO: [RTGEN 206-100] Generating core module 'mul_11ns_6ns_13_1_1': 2 instance(s).
INFO: [RTGEN 206-100] Generating core module 'mul_11ns_6s_17_1_1': 1 instance(s).
INFO: [RTGEN 206-100] Generating core module 'mul_11ns_8s_19_1_1': 1 instance(s).
INFO: [RTGEN 206-100] Generating core module 'mul_11s_6s_17_1_1': 1 instance(s).
INFO: [RTGEN 206-100] Generating core module 'mul_11s_9s_20_1_1': 1 instance(s).
INFO: [RTGEN 206-100] Generating core module 'mul_12ns_5s_17_1_1': 1 instance(s).
INFO: [RTGEN 206-100] Generating core module 'mul_12s_6s_12_1_1': 1 instance(s).
INFO: [RTGEN 206-100] Generating core module 'mul_12s_6s_15_1_1': 1 instance(s).
INFO: [RTGEN 206-100] Generating core module 'mul_12s_7s_19_1_1': 1 instance(s).
INFO: [RTGEN 206-100] Generating core module 'mul_12s_8s_20_1_1': 1 instance(s).
INFO: [RTGEN 206-100] Generating core module 'mul_13ns_10ns_21_1_1': 1 instance(s).
INFO: [RTGEN 206-100] Generating core module 'mul_13ns_10s_23_1_1': 2 instance(s).
INFO: [RTGEN 206-100] Generating core module 'mul_13ns_12s_25_1_1': 2 instance(s).
INFO: [RTGEN 206-100] Generating core module 'mul_13ns_13ns_21_1_1': 2 instance(s).
INFO: [RTGEN 206-100] Generating core module 'mul_13ns_9ns_19_1_1': 1 instance(s).
INFO: [RTGEN 206-100] Generating core module 'mul_13s_6s_19_1_1': 1 instance(s).
INFO: [RTGEN 206-100] Generating core module 'mul_14ns_11s_25_1_1': 2 instance(s).
INFO: [RTGEN 206-100] Generating core module 'mul_14ns_12ns_21_1_1': 1 instance(s).
INFO: [RTGEN 206-100] Generating core module 'mul_14ns_9ns_17_1_1': 1 instance(s).
INFO: [RTGEN 206-100] Generating core module 'mul_15s_7s_15_1_1': 1 instance(s).
INFO: [RTGEN 206-100] Generating core module 'mul_2s_2s_2_1_1': 1 instance(s).
INFO: [RTGEN 206-100] Generating core module 'mul_2s_2s_4_1_1': 1 instance(s).
INFO: [RTGEN 206-100] Generating core module 'mul_3s_3s_3_1_1': 1 instance(s).
INFO: [RTGEN 206-100] Generating core module 'mul_3s_3s_6_1_1': 1 instance(s).
INFO: [RTGEN 206-100] Generating core module 'mul_6ns_10ns_13_1_1': 1 instance(s).
INFO: [RTGEN 206-100] Generating core module 'mul_6ns_6ns_9_1_1': 1 instance(s).
INFO: [RTGEN 206-100] Generating core module 'mul_6s_6s_11_1_1': 1 instance(s).
INFO: [RTGEN 206-100] Generating core module 'mul_6s_6s_6_1_1': 2 instance(s).
INFO: [RTGEN 206-100] Generating core module 'mul_7ns_11ns_15_1_1': 1 instance(s).
INFO: [RTGEN 206-100] Generating core module 'mul_7ns_2s_9_1_1': 1 instance(s).
INFO: [RTGEN 206-100] Generating core module 'mul_7ns_4s_11_1_1': 1 instance(s).
INFO: [RTGEN 206-100] Generating core module 'mul_7ns_5s_12_1_1': 1 instance(s).
INFO: [RTGEN 206-100] Generating core module 'mul_7ns_6s_13_1_1': 1 instance(s).
INFO: [RTGEN 206-100] Generating core module 'mul_7ns_7ns_11_1_1': 1 instance(s).
INFO: [RTGEN 206-100] Generating core module 'mul_7ns_7ns_13_1_1': 1 instance(s).
INFO: [RTGEN 206-100] Generating core module 'mul_7s_4s_10_1_1': 1 instance(s).
INFO: [RTGEN 206-100] Generating core module 'mul_7s_7s_14_1_1': 1 instance(s).
INFO: [RTGEN 206-100] Generating core module 'mul_7s_7s_7_1_1': 2 instance(s).
INFO: [RTGEN 206-100] Generating core module 'mul_8ns_10ns_13_1_1': 1 instance(s).
INFO: [RTGEN 206-100] Generating core module 'mul_8ns_12ns_15_1_1': 1 instance(s).
INFO: [RTGEN 206-100] Generating core module 'mul_8ns_6s_14_1_1': 1 instance(s).
INFO: [RTGEN 206-100] Generating core module 'mul_8ns_7ns_13_1_1': 1 instance(s).
INFO: [RTGEN 206-100] Generating core module 'mul_8ns_8ns_16_1_1': 2 instance(s).
INFO: [RTGEN 206-100] Generating core module 'mul_8ns_8s_16_1_1': 1 instance(s).
INFO: [RTGEN 206-100] Generating core module 'mul_8s_6s_14_1_1': 2 instance(s).
INFO: [RTGEN 206-100] Generating core module 'mul_9ns_11ns_19_1_1': 1 instance(s).
INFO: [RTGEN 206-100] Generating core module 'mul_9s_7s_16_1_1': 1 instance(s).
INFO: [RTGEN 206-100] Generating core module 'mul_9s_9s_18_1_1': 1 instance(s).
INFO: [RTGEN 206-100] Generating core module 'mul_9s_9s_9_1_1': 1 instance(s).
INFO: [RTGEN 206-100] Finished creating RTL model for 'case_10'.
INFO: [HLS 200-111] Finished Creating RTL model: CPU user time: 0.22 seconds. CPU system time: 0.01 seconds. Elapsed time: 0.23 seconds; current allocated memory: 295.715 MB.
INFO: [HLS 200-111] Finished Generating all RTL models: CPU user time: 0.48 seconds. CPU system time: 0.06 seconds. Elapsed time: 0.54 seconds; current allocated memory: 305.020 MB.
INFO: [HLS 200-111] Finished Updating report files: CPU user time: 0.65 seconds. CPU system time: 0.05 seconds. Elapsed time: 0.71 seconds; current allocated memory: 307.223 MB.
INFO: [VHDL 208-304] Generating VHDL RTL for case_10.
INFO: [VLOG 209-307] Generating Verilog RTL for case_10.
INFO: [HLS 200-789] **** Estimated Fmax: 116.78 MHz
INFO: [HLS 200-2161] Finished Command csynth_design Elapsed time: 00:00:20; Allocated memory: 52.113 MB.
INFO: [HLS 200-1510] Running: export_design -evaluate verilog -format ip_catalog 
INFO: [IMPL 213-8] Exporting RTL as a Vivado IP.

****** Vivado v2025.1 (64-bit)
  **** SW Build 6140274 on Wed May 21 22:58:25 MDT 2025
  **** IP Build 6138677 on Thu May 22 03:10:11 MDT 2025
  **** SharedData Build 6139179 on Tue May 20 17:58:58 MDT 2025
  **** Start of session at: Tue Dec 23 12:46:53 2025
    ** Copyright 1986-2022 Xilinx, Inc. All Rights Reserved.
    ** Copyright 2022-2025 Advanced Micro Devices, Inc. All Rights Reserved.

source run_ippack.tcl -notrace
INFO: calling package_hls_ip ip_types=vitis sysgen json_file=/home/jjh/RL_test/HLS_Optimization/synthetic_case_generation/project_tmp/solution_tmp/solution_tmp_data.json outdir=/home/jjh/RL_test/HLS_Optimization/synthetic_case_generation/project_tmp/solution_tmp/impl/ip srcdir=/home/jjh/RL_test/HLS_Optimization/synthetic_case_generation/project_tmp/solution_tmp ippack_options_dict= ippack_options_dict=
INFO: Copied 1 ipmisc file(s) to /home/jjh/RL_test/HLS_Optimization/synthetic_case_generation/project_tmp/solution_tmp/impl/ip/misc
INFO: Copied 68 verilog file(s) to /home/jjh/RL_test/HLS_Optimization/synthetic_case_generation/project_tmp/solution_tmp/impl/ip/hdl/verilog
INFO: Copied 68 vhdl file(s) to /home/jjh/RL_test/HLS_Optimization/synthetic_case_generation/project_tmp/solution_tmp/impl/ip/hdl/vhdl
INFO: Import ports from HDL: /home/jjh/RL_test/HLS_Optimization/synthetic_case_generation/project_tmp/solution_tmp/impl/ip/hdl/vhdl/case_10.vhd (case_10)
INFO: Add clock interface ap_clk
INFO: Add reset interface ap_rst
INFO: Add ap_ctrl interface ap_ctrl
INFO: Add data interface in_data_0
INFO: Add data interface in_data_1
INFO: Add data interface in_data_2
INFO: Add data interface in_data_3
INFO: Add data interface in_data_4
INFO: Add data interface in_data_5
INFO: Add data interface in_data_6
INFO: Add data interface in_data_7
INFO: Add data interface in_data_8
INFO: Add data interface out_data_0
INFO: [IP_Flow 19-234] Refreshing IP repositories
INFO: [IP_Flow 19-1704] No user IP repositories specified
INFO: [IP_Flow 19-2313] Loaded Vivado IP repository '/tools/Xilinx/2025.1/Vivado/data/ip'.
INFO: Add data interface out_data_1
INFO: Add data interface out_data_2
INFO: Add data interface out_data_3
INFO: Add data interface out_data_4
INFO: Add data interface out_data_5
INFO: Add data interface out_data_6
INFO: Add data interface out_data_7
INFO: Add data interface out_data_8
INFO: Add data interface out_data_9
INFO: Add data interface out_data_10
INFO: Add data interface out_data_11
INFO: Add data interface out_data_12
INFO: Add data interface out_data_13
INFO: Add data interface out_data_14
INFO: Add data interface out_data_15
INFO: Add data interface out_data_16
INFO: Add data interface out_data_17
INFO: Add data interface out_data_18
INFO: Calling post_process_vitis to specialize IP
INFO: Calling post_process_sysgen to specialize IP
Generating sysgen info xml from json file
INFO: Created IP /home/jjh/RL_test/HLS_Optimization/synthetic_case_generation/project_tmp/solution_tmp/impl/ip/component.xml
INFO: Created IP archive /home/jjh/RL_test/HLS_Optimization/synthetic_case_generation/project_tmp/solution_tmp/impl/ip/xilinx_com_hls_case_10_1_0.zip
INFO: [Common 17-206] Exiting Vivado at Tue Dec 23 12:46:59 2025...
INFO: [IMPL 213-8] Starting RTL evaluation using Vivado ...

****** Vivado v2025.1 (64-bit)
  **** SW Build 6140274 on Wed May 21 22:58:25 MDT 2025
  **** IP Build 6138677 on Thu May 22 03:10:11 MDT 2025
  **** SharedData Build 6139179 on Tue May 20 17:58:58 MDT 2025
  **** Start of session at: Tue Dec 23 12:47:19 2025
    ** Copyright 1986-2022 Xilinx, Inc. All Rights Reserved.
    ** Copyright 2022-2025 Advanced Micro Devices, Inc. All Rights Reserved.

source run_vivado.tcl
# source ./settings.tcl
## set top_module case_10
## set language verilog
## set family zynq
## set device xc7z020
## set package -clg484
## set speed -1
## set clock ap_clk
## set fsm_ext "off"
## set add_io_buffers false 
# source -notrace ./extraction.tcl
# set vivado_proj_name project
# set vivado_proj_dir .
# set target_device "${device}${package}${speed}"
# set target_clk_period_ns "10.000"
# set target_clk_freq_hz [expr {floor(1000 / $target_clk_period_ns) * 1000000}]
# set other_clks_freq_hz {}
# set ip_vlnv xilinx.com:hls:case_10:1.0
# set ip_repo_path ../ip
# set bd_design_name bd_0
# set bd_inst_name hls_inst
# set bd_props {}
# set has_synth true
# set synth_design_args {-directive sdx_optimization_effort_high}
# set synth_dcp ""
# set synth_props {}
# set has_impl 1
# set impl_props {}
# set has_subcore 0
# set report_options [dict create]
# dict set report_options report_level 2
# dict set report_options report_max_paths 10
# dict set report_options stdout_hls_reports 1
# dict set report_options stdout_vivado_reports 0
# dict set report_options hls_project project_tmp
# dict set report_options hls_solution solution_tmp
# dict set report_options has_synth $has_synth
# dict set report_options has_impl $has_impl
# dict set report_options vivado_reportbasename $top_module
# dict set report_options vivado_reportdir ./report
# dict set report_options hls_impl_dir ..
# dict set report_options hls_reportdir ../report/$language
# dict set report_options target_clk_period $target_clk_period_ns
# dict set report_options target_device $target_device
# dict set report_options language $language
# dict set report_options clock_name $clock
# dict set report_options error_if_impl_timing_fails false
# dict set report_options topmodule "case_10"
# dict set report_options funcmodules {}
# dict set report_options bindmodules {case_10_mul_7ns_5s_12_1_1 case_10_mul_12s_7s_19_1_1 case_10_mul_7s_7s_7_1_1 case_10_mul_2s_2s_2_1_1 case_10_mul_12ns_5s_17_1_1 case_10_mul_7ns_2s_9_1_1 case_10_mul_2s_2s_4_1_1 case_10_mul_8ns_8ns_16_1_1 case_10_mul_15s_7s_15_1_1 case_10_mul_7ns_11ns_15_1_1 case_10_mul_11ns_8s_19_1_1 case_10_mul_6s_6s_6_1_1 case_10_mul_7ns_7ns_11_1_1 case_10_mul_9s_9s_9_1_1 case_10_mul_9s_7s_16_1_1 case_10_mul_10s_10s_20_1_1 case_10_mul_11ns_10ns_13_1_1 case_10_mul_11s_6s_17_1_1 case_10_mul_11ns_11ns_13_1_1 case_10_mul_11s_9s_20_1_1 case_10_mul_10ns_10ns_20_1_1 case_10_mul_14ns_11s_25_1_1 case_10_mul_6ns_10ns_13_1_1 case_10_mul_11ns_6ns_13_1_1 case_10_mul_11ns_10s_21_1_1 case_10_mul_12s_6s_12_1_1 case_10_mul_8s_6s_14_1_1 case_10_mul_12s_8s_20_1_1 case_10_mul_14ns_12ns_21_1_1 case_10_mul_12s_6s_15_1_1 case_10_mul_9ns_11ns_19_1_1 case_10_mul_14ns_9ns_17_1_1 case_10_mul_10ns_12ns_19_1_1 case_10_mul_8ns_8s_16_1_1 case_10_mul_13ns_10ns_21_1_1 case_10_mul_13ns_9ns_19_1_1 case_10_mul_13ns_12s_25_1_1 case_10_mul_10s_10s_10_1_1 case_10_mul_10ns_9ns_15_1_1 case_10_mul_10ns_9ns_17_1_1 case_10_mul_9s_9s_18_1_1 case_10_mul_10ns_7s_17_1_1 case_10_mul_10ns_8ns_17_1_1 case_10_mul_13ns_10s_23_1_1 case_10_mul_8ns_10ns_13_1_1 case_10_mul_8ns_12ns_15_1_1 case_10_mul_13s_6s_19_1_1 case_10_mul_11ns_6s_17_1_1 case_10_mul_7ns_6s_13_1_1 case_10_mul_7ns_4s_11_1_1 case_10_mul_7ns_7ns_13_1_1 case_10_mul_13ns_13ns_21_1_1 case_10_mul_10s_8s_10_1_1 case_10_mul_8ns_7ns_13_1_1 case_10_mul_6s_6s_11_1_1 case_10_mul_6ns_6ns_9_1_1 case_10_mul_7s_7s_14_1_1 case_10_mul_10ns_6ns_13_1_1 case_10_mul_3s_3s_3_1_1 case_10_mul_7s_4s_10_1_1 case_10_mul_3s_3s_6_1_1 case_10_mul_10ns_11ns_17_1_1 case_10_mul_10ns_10ns_17_1_1 case_10_mul_10ns_10ns_15_1_1 case_10_mul_10ns_4s_14_1_1 case_10_mul_8ns_6s_14_1_1 case_10_mac_muladd_10s_6s_11ns_11_4_1}
# dict set report_options max_module_depth 5
# create_project $vivado_proj_name $vivado_proj_dir -part $target_device -force
# set_property target_language $language [current_project]
# if { ![file exists $ip_repo_path] } {
#   error "Cannot find packaged HLS IP"
# }
# set_property ip_repo_paths [file normalize $ip_repo_path] [current_project]
# update_ip_catalog
INFO: [IP_Flow 19-234] Refreshing IP repositories
INFO: [IP_Flow 19-1700] Loaded user IP repository '/home/jjh/RL_test/HLS_Optimization/synthetic_case_generation/project_tmp/solution_tmp/impl/ip'.
INFO: [IP_Flow 19-2313] Loaded Vivado IP repository '/tools/Xilinx/2025.1/Vivado/data/ip'.
# create_bd_design bd_0
Wrote  : </home/jjh/RL_test/HLS_Optimization/synthetic_case_generation/project_tmp/solution_tmp/impl/verilog/project.srcs/sources_1/bd/bd_0/bd_0.bd> 
# set cell_inst [create_bd_cell -type ip -vlnv $ip_vlnv $bd_inst_name]
# if { [llength $bd_props] } { 
#   set_property -dict $bd_props $cell_inst 
# }
# make_bd_pins_external $cell_inst
# make_bd_intf_pins_external $cell_inst
# set bd_clk_ports [get_bd_ports -filter {TYPE==clk}]
# if { $target_clk_freq_hz ne "" } { 
#   foreach bd_clk_port $bd_clk_ports {
#     # Remove "_0" suffix from BD ports & interfaces so they match IP ports 
#     set clk_name [regsub {_0$} [get_property name $bd_clk_port] {}]
#     set port_freq_hz $target_clk_freq_hz
#     if { [dict exists $other_clks_freq_hz $clk_name] } {
#         set port_freq_hz [dict get $other_clks_freq_hz $clk_name]
#     }
#     set_property CONFIG.FREQ_HZ $port_freq_hz $bd_clk_port
#   }
# }
# foreach bd_port [get_bd_intf_ports] {
#   set_property name [regsub {_0$} [get_property name $bd_port] {}] $bd_port
# }
# foreach bd_port [get_bd_ports -filter {INTF!=TRUE}] {
#   set_property name [regsub {_0$} [get_property name $bd_port] {}] $bd_port
# }
# set s_axi_addr_width_min 32
WARNING: [BD 5-233] No interface ports matched 'get_bd_intf_ports -filter {MODE == "Slave" && VLNV =~ "xilinx.com:interface:aximm_rtl:*"}'
# foreach bd_port [get_bd_intf_ports -filter {MODE == "Slave" && VLNV =~ "xilinx.com:interface:aximm_rtl:*"}] {
#   set bd_port_addr_width [get_property CONFIG.ADDR_WIDTH $bd_port]
#   if { $bd_port_addr_width < $s_axi_addr_width_min } {
#     puts "INFO: Updating $bd_port CONFIG.ADDR_WIDTH to $s_axi_addr_width_min"
#     set_property CONFIG.ADDR_WIDTH $s_axi_addr_width_min $bd_port
#   }
# }
# set_msg_config -id {[BD 41-1265]} -severity {CRITICAL WARNING} -new_severity {INFO}
# assign_bd_address
INFO: [BD 41-3093] Triggering Legacy Auto Assign Algorithm
Wrote  : </home/jjh/RL_test/HLS_Optimization/synthetic_case_generation/project_tmp/solution_tmp/impl/verilog/project.srcs/sources_1/bd/bd_0/bd_0.bd> 
Verilog Output written to : /home/jjh/RL_test/HLS_Optimization/synthetic_case_generation/project_tmp/solution_tmp/impl/verilog/project.gen/sources_1/bd/bd_0/synth/bd_0.v
Verilog Output written to : /home/jjh/RL_test/HLS_Optimization/synthetic_case_generation/project_tmp/solution_tmp/impl/verilog/project.gen/sources_1/bd/bd_0/sim/bd_0.v
Verilog Output written to : /home/jjh/RL_test/HLS_Optimization/synthetic_case_generation/project_tmp/solution_tmp/impl/verilog/project.gen/sources_1/bd/bd_0/hdl/bd_0_wrapper.v
# set toprtl [make_wrapper -files [get_files ${bd_design_name}.bd] -top]
# add_files -norecurse $toprtl
# set top_inst_name [file root [file tail $toprtl]]
# puts "Using BD top: $top_inst_name"
Using BD top: bd_0_wrapper
# set xdc_files [glob -nocomplain ./*.xdc]
# if { [llength $xdc_files] } {
#     add_files -fileset constrs_1 -norecurse $xdc_files
# }
# launch_runs synth_1 -scripts_only
INFO: [BD 41-1662] The design 'bd_0.bd' is already validated. Therefore parameter propagation will not be re-run.
Verilog Output written to : /home/jjh/RL_test/HLS_Optimization/synthetic_case_generation/project_tmp/solution_tmp/impl/verilog/project.gen/sources_1/bd/bd_0/synth/bd_0.v
Verilog Output written to : /home/jjh/RL_test/HLS_Optimization/synthetic_case_generation/project_tmp/solution_tmp/impl/verilog/project.gen/sources_1/bd/bd_0/sim/bd_0.v
Verilog Output written to : /home/jjh/RL_test/HLS_Optimization/synthetic_case_generation/project_tmp/solution_tmp/impl/verilog/project.gen/sources_1/bd/bd_0/hdl/bd_0_wrapper.v
INFO: [BD 41-1029] Generation completed for the IP Integrator block hls_inst .
Exporting to file /home/jjh/RL_test/HLS_Optimization/synthetic_case_generation/project_tmp/solution_tmp/impl/verilog/project.gen/sources_1/bd/bd_0/hw_handoff/bd_0.hwh
Generated Hardware Definition File /home/jjh/RL_test/HLS_Optimization/synthetic_case_generation/project_tmp/solution_tmp/impl/verilog/project.gen/sources_1/bd/bd_0/synth/bd_0.hwdef
WARNING: [Vivado 12-7122] Auto Incremental Compile:: No reference checkpoint was found in run synth_1. Auto-incremental flow will not be run, the standard flow will be run instead.
launch_runs: Time (s): cpu = 00:00:09 ; elapsed = 00:00:09 . Memory (MB): peak = 1670.594 ; gain = 40.020 ; free physical = 93606 ; free virtual = 119772
# foreach run [get_runs -filter {IS_SYNTHESIS == 1}] {
#   reset_run [get_runs $run]
# }
# set_property XPM_LIBRARIES {XPM_MEMORY XPM_FIFO} [current_project]
# hls_vivado_reports_setup $report_options
TIMESTAMP: HLS-REPORT: initialize report directories: 2025-12-23 12:47:36 KST
# if { $has_subcore } { report_ip_status }
# if { $has_synth || $has_impl } {
#   # synth properties setting
#   set_property -name {STEPS.SYNTH_DESIGN.ARGS.MORE OPTIONS} -value {-mode out_of_context} -objects [get_runs synth_1]
#   set ip_inst [get_ips -quiet ${bd_design_name}*${bd_inst_name}*]
#   if { ![llength $ip_inst] } {
#       error "Cannot find HLS IP instance: ${bd_design_name}*${bd_inst_name}*"
#   }
#   set synth_run [get_runs -filter {IS_SYNTHESIS == 1} ${ip_inst}*]
#   if { ![llength $synth_run] } {
#       error "Cannot find synth run for HLS IP: ${ip_inst}*"
#   }
# 
#   if { [llength $synth_design_args] } {
#       set_property -name {STEPS.SYNTH_DESIGN.ARGS.MORE OPTIONS} -value $synth_design_args -objects $synth_run
#   }
# 
#   if { [llength $synth_props] } {
#     set_property -dict $synth_props $synth_run
#   }
# 
#   # launch run synth
#   launch_runs synth_1
#   wait_on_run synth_1
#   # synth reports
#   hls_vivado_reports_synth synth_1 $report_options
#   if { $synth_dcp ne "" } {
#     file mkdir [file dirname $synth_dcp]
#     set run_dcp [glob -nocomplain [get_property DIRECTORY $synth_run]/*.dcp]
#     if { [llength $run_dcp] != 1 } { error "Cannot find single dcp file for run $synth_run" }
#     file copy -force $run_dcp $synth_dcp
#   }
# }
WARNING: [Vivado 12-7122] Auto Incremental Compile:: No reference checkpoint was found in run synth_1. Auto-incremental flow will not be run, the standard flow will be run instead.
[Tue Dec 23 12:47:36 2025] Launched bd_0_hls_inst_0_synth_1...
Run output will be captured here: /home/jjh/RL_test/HLS_Optimization/synthetic_case_generation/project_tmp/solution_tmp/impl/verilog/project.runs/bd_0_hls_inst_0_synth_1/runme.log
[Tue Dec 23 12:47:36 2025] Launched synth_1...
Run output will be captured here: /home/jjh/RL_test/HLS_Optimization/synthetic_case_generation/project_tmp/solution_tmp/impl/verilog/project.runs/synth_1/runme.log
[Tue Dec 23 12:47:36 2025] Waiting for synth_1 to finish...

*** Running vivado
    with args -log bd_0_wrapper.vds -m64 -product Vivado -mode batch -messageDb vivado.pb -notrace -source bd_0_wrapper.tcl


****** Vivado v2025.1 (64-bit)
  **** SW Build 6140274 on Wed May 21 22:58:25 MDT 2025
  **** IP Build 6138677 on Thu May 22 03:10:11 MDT 2025
  **** SharedData Build 6139179 on Tue May 20 17:58:58 MDT 2025
  **** Start of session at: Tue Dec 23 12:49:18 2025
    ** Copyright 1986-2022 Xilinx, Inc. All Rights Reserved.
    ** Copyright 2022-2025 Advanced Micro Devices, Inc. All Rights Reserved.

source bd_0_wrapper.tcl -notrace
INFO: [IP_Flow 19-234] Refreshing IP repositories
INFO: [IP_Flow 19-1700] Loaded user IP repository '/home/jjh/RL_test/HLS_Optimization/synthetic_case_generation/project_tmp/solution_tmp/impl/ip'.
INFO: [IP_Flow 19-2313] Loaded Vivado IP repository '/tools/Xilinx/2025.1/Vivado/data/ip'.
Command: synth_design -top bd_0_wrapper -part xc7z020clg484-1 -mode out_of_context
Starting synth_design
Attempting to get a license for feature 'Synthesis' and/or device 'xc7z020'
INFO: [Common 17-349] Got license for feature 'Synthesis' and/or device 'xc7z020'
INFO: [Device 21-403] Loading part xc7z020clg484-1
INFO: [Synth 8-7079] Multithreading enabled for synth_design using a maximum of 7 processes.
INFO: [Synth 8-7078] Launching helper process for spawning children vivado processes
INFO: [Synth 8-7075] Helper process launched with PID 2717515
---------------------------------------------------------------------------------
Starting RTL Elaboration : Time (s): cpu = 00:00:06 ; elapsed = 00:00:06 . Memory (MB): peak = 2145.910 ; gain = 442.711 ; free physical = 92235 ; free virtual = 118406
---------------------------------------------------------------------------------
INFO: [Synth 8-6157] synthesizing module 'bd_0_wrapper' [/home/jjh/RL_test/HLS_Optimization/synthetic_case_generation/project_tmp/solution_tmp/impl/verilog/project.gen/sources_1/bd/bd_0/hdl/bd_0_wrapper.v:13]
INFO: [Synth 8-6157] synthesizing module 'bd_0' [/home/jjh/RL_test/HLS_Optimization/synthetic_case_generation/project_tmp/solution_tmp/impl/verilog/project.gen/sources_1/bd/bd_0/synth/bd_0.v:13]
INFO: [Synth 8-6157] synthesizing module 'bd_0_hls_inst_0' [/home/jjh/RL_test/HLS_Optimization/synthetic_case_generation/project_tmp/solution_tmp/impl/verilog/project.runs/synth_1/.Xil/Vivado-2717381-woong-Super-Server/realtime/bd_0_hls_inst_0_stub.v:6]
INFO: [Synth 8-6155] done synthesizing module 'bd_0_hls_inst_0' (0#1) [/home/jjh/RL_test/HLS_Optimization/synthetic_case_generation/project_tmp/solution_tmp/impl/verilog/project.runs/synth_1/.Xil/Vivado-2717381-woong-Super-Server/realtime/bd_0_hls_inst_0_stub.v:6]
INFO: [Synth 8-6155] done synthesizing module 'bd_0' (0#1) [/home/jjh/RL_test/HLS_Optimization/synthetic_case_generation/project_tmp/solution_tmp/impl/verilog/project.gen/sources_1/bd/bd_0/synth/bd_0.v:13]
INFO: [Synth 8-6155] done synthesizing module 'bd_0_wrapper' (0#1) [/home/jjh/RL_test/HLS_Optimization/synthetic_case_generation/project_tmp/solution_tmp/impl/verilog/project.gen/sources_1/bd/bd_0/hdl/bd_0_wrapper.v:13]
---------------------------------------------------------------------------------
Finished RTL Elaboration : Time (s): cpu = 00:00:08 ; elapsed = 00:00:09 . Memory (MB): peak = 2224.848 ; gain = 521.648 ; free physical = 92170 ; free virtual = 118341
---------------------------------------------------------------------------------
---------------------------------------------------------------------------------
Start Handling Custom Attributes
---------------------------------------------------------------------------------
---------------------------------------------------------------------------------
Finished Handling Custom Attributes : Time (s): cpu = 00:00:08 ; elapsed = 00:00:09 . Memory (MB): peak = 2239.691 ; gain = 536.492 ; free physical = 92170 ; free virtual = 118341
---------------------------------------------------------------------------------
---------------------------------------------------------------------------------
Finished RTL Optimization Phase 1 : Time (s): cpu = 00:00:08 ; elapsed = 00:00:09 . Memory (MB): peak = 2239.691 ; gain = 536.492 ; free physical = 92170 ; free virtual = 118341
---------------------------------------------------------------------------------
Netlist sorting complete. Time (s): cpu = 00:00:00 ; elapsed = 00:00:00 . Memory (MB): peak = 2239.691 ; gain = 0.000 ; free physical = 92170 ; free virtual = 118341
INFO: [Project 1-570] Preparing netlist for logic optimization

Processing XDC Constraints
Initializing timing engine
Parsing XDC File [/home/jjh/RL_test/HLS_Optimization/synthetic_case_generation/project_tmp/solution_tmp/impl/verilog/project.gen/sources_1/bd/bd_0/ip/bd_0_hls_inst_0/bd_0_hls_inst_0/bd_0_hls_inst_0_in_context.xdc] for cell 'bd_0_i/hls_inst'
Finished Parsing XDC File [/home/jjh/RL_test/HLS_Optimization/synthetic_case_generation/project_tmp/solution_tmp/impl/verilog/project.gen/sources_1/bd/bd_0/ip/bd_0_hls_inst_0/bd_0_hls_inst_0/bd_0_hls_inst_0_in_context.xdc] for cell 'bd_0_i/hls_inst'
Parsing XDC File [/home/jjh/RL_test/HLS_Optimization/synthetic_case_generation/project_tmp/solution_tmp/impl/verilog/case_10.xdc]
Finished Parsing XDC File [/home/jjh/RL_test/HLS_Optimization/synthetic_case_generation/project_tmp/solution_tmp/impl/verilog/case_10.xdc]
Parsing XDC File [/home/jjh/RL_test/HLS_Optimization/synthetic_case_generation/project_tmp/solution_tmp/impl/verilog/project.runs/synth_1/dont_touch.xdc]
Finished Parsing XDC File [/home/jjh/RL_test/HLS_Optimization/synthetic_case_generation/project_tmp/solution_tmp/impl/verilog/project.runs/synth_1/dont_touch.xdc]
Completed Processing XDC Constraints

Netlist sorting complete. Time (s): cpu = 00:00:00 ; elapsed = 00:00:00 . Memory (MB): peak = 2288.617 ; gain = 0.000 ; free physical = 92181 ; free virtual = 118352
INFO: [Project 1-111] Unisim Transformation Summary:
No Unisim elements were transformed.

Constraint Validation Runtime : Time (s): cpu = 00:00:00.02 ; elapsed = 00:00:00.03 . Memory (MB): peak = 2288.652 ; gain = 0.000 ; free physical = 92181 ; free virtual = 118352
---------------------------------------------------------------------------------
Finished Constraint Validation : Time (s): cpu = 00:00:18 ; elapsed = 00:00:19 . Memory (MB): peak = 2288.652 ; gain = 585.453 ; free physical = 92230 ; free virtual = 118401
---------------------------------------------------------------------------------
---------------------------------------------------------------------------------
Start Loading Part and Timing Information
---------------------------------------------------------------------------------
Loading part: xc7z020clg484-1
---------------------------------------------------------------------------------
Finished Loading Part and Timing Information : Time (s): cpu = 00:00:18 ; elapsed = 00:00:19 . Memory (MB): peak = 2296.621 ; gain = 593.422 ; free physical = 92230 ; free virtual = 118401
---------------------------------------------------------------------------------
---------------------------------------------------------------------------------
Start Applying 'set_property' XDC Constraints
---------------------------------------------------------------------------------
---------------------------------------------------------------------------------
Finished applying 'set_property' XDC Constraints : Time (s): cpu = 00:00:18 ; elapsed = 00:00:19 . Memory (MB): peak = 2296.621 ; gain = 593.422 ; free physical = 92230 ; free virtual = 118401
---------------------------------------------------------------------------------
---------------------------------------------------------------------------------
Finished RTL Optimization Phase 2 : Time (s): cpu = 00:00:19 ; elapsed = 00:00:19 . Memory (MB): peak = 2296.621 ; gain = 593.422 ; free physical = 92230 ; free virtual = 118402
---------------------------------------------------------------------------------
---------------------------------------------------------------------------------
Start RTL Component Statistics 
---------------------------------------------------------------------------------
Detailed RTL Component Info : 
---------------------------------------------------------------------------------
Finished RTL Component Statistics 
---------------------------------------------------------------------------------
---------------------------------------------------------------------------------
Start Part Resource Summary
---------------------------------------------------------------------------------
Part Resources:
DSPs: 220 (col length:60)
BRAMs: 280 (col length: RAMB18 60 RAMB36 30)
---------------------------------------------------------------------------------
Finished Part Resource Summary
---------------------------------------------------------------------------------
---------------------------------------------------------------------------------
Start Cross Boundary and Area Optimization
---------------------------------------------------------------------------------
WARNING: [Synth 8-7080] Parallel synthesis criteria is not met
---------------------------------------------------------------------------------
Finished Cross Boundary and Area Optimization : Time (s): cpu = 00:00:21 ; elapsed = 00:00:21 . Memory (MB): peak = 2296.621 ; gain = 593.422 ; free physical = 92237 ; free virtual = 118410
---------------------------------------------------------------------------------
---------------------------------------------------------------------------------
Start Applying XDC Timing Constraints
---------------------------------------------------------------------------------
---------------------------------------------------------------------------------
Finished Applying XDC Timing Constraints : Time (s): cpu = 00:00:30 ; elapsed = 00:00:31 . Memory (MB): peak = 2387.621 ; gain = 684.422 ; free physical = 92142 ; free virtual = 118314
---------------------------------------------------------------------------------
---------------------------------------------------------------------------------
Start Timing Optimization
---------------------------------------------------------------------------------
---------------------------------------------------------------------------------
Finished Timing Optimization : Time (s): cpu = 00:00:30 ; elapsed = 00:00:31 . Memory (MB): peak = 2387.621 ; gain = 684.422 ; free physical = 92142 ; free virtual = 118314
---------------------------------------------------------------------------------
---------------------------------------------------------------------------------
Start Technology Mapping
---------------------------------------------------------------------------------
---------------------------------------------------------------------------------
Finished Technology Mapping : Time (s): cpu = 00:00:30 ; elapsed = 00:00:31 . Memory (MB): peak = 2397.637 ; gain = 694.438 ; free physical = 92134 ; free virtual = 118306
---------------------------------------------------------------------------------
---------------------------------------------------------------------------------
Start IO Insertion
---------------------------------------------------------------------------------
---------------------------------------------------------------------------------
Start Flattening Before IO Insertion
---------------------------------------------------------------------------------
---------------------------------------------------------------------------------
Finished Flattening Before IO Insertion
---------------------------------------------------------------------------------
---------------------------------------------------------------------------------
Start Final Netlist Cleanup
---------------------------------------------------------------------------------
---------------------------------------------------------------------------------
Finished Final Netlist Cleanup
---------------------------------------------------------------------------------
---------------------------------------------------------------------------------
Finished IO Insertion : Time (s): cpu = 00:00:37 ; elapsed = 00:00:37 . Memory (MB): peak = 2572.449 ; gain = 869.250 ; free physical = 91973 ; free virtual = 118145
---------------------------------------------------------------------------------
---------------------------------------------------------------------------------
Start Renaming Generated Instances
---------------------------------------------------------------------------------
---------------------------------------------------------------------------------
Finished Renaming Generated Instances : Time (s): cpu = 00:00:37 ; elapsed = 00:00:37 . Memory (MB): peak = 2572.449 ; gain = 869.250 ; free physical = 91973 ; free virtual = 118145
---------------------------------------------------------------------------------
---------------------------------------------------------------------------------
Start Rebuilding User Hierarchy
---------------------------------------------------------------------------------
---------------------------------------------------------------------------------
Finished Rebuilding User Hierarchy : Time (s): cpu = 00:00:37 ; elapsed = 00:00:37 . Memory (MB): peak = 2572.449 ; gain = 869.250 ; free physical = 91973 ; free virtual = 118145
---------------------------------------------------------------------------------
---------------------------------------------------------------------------------
Start Renaming Generated Ports
---------------------------------------------------------------------------------
---------------------------------------------------------------------------------
Finished Renaming Generated Ports : Time (s): cpu = 00:00:37 ; elapsed = 00:00:37 . Memory (MB): peak = 2572.449 ; gain = 869.250 ; free physical = 91973 ; free virtual = 118145
---------------------------------------------------------------------------------
---------------------------------------------------------------------------------
Start Handling Custom Attributes
---------------------------------------------------------------------------------
---------------------------------------------------------------------------------
Finished Handling Custom Attributes : Time (s): cpu = 00:00:37 ; elapsed = 00:00:37 . Memory (MB): peak = 2572.449 ; gain = 869.250 ; free physical = 91973 ; free virtual = 118145
---------------------------------------------------------------------------------
---------------------------------------------------------------------------------
Start Renaming Generated Nets
---------------------------------------------------------------------------------
---------------------------------------------------------------------------------
Finished Renaming Generated Nets : Time (s): cpu = 00:00:37 ; elapsed = 00:00:37 . Memory (MB): peak = 2572.449 ; gain = 869.250 ; free physical = 91973 ; free virtual = 118145
---------------------------------------------------------------------------------
---------------------------------------------------------------------------------
Start Writing Synthesis Report
---------------------------------------------------------------------------------

Report BlackBoxes: 
+------+----------------+----------+
|      |BlackBox name   |Instances |
+------+----------------+----------+
|1     |bd_0_hls_inst_0 |         1|
+------+----------------+----------+

Report Cell Usage: 
+------+--------------+------+
|      |Cell          |Count |
+------+--------------+------+
|1     |bd_0_hls_inst |     1|
+------+--------------+------+
---------------------------------------------------------------------------------
Finished Writing Synthesis Report : Time (s): cpu = 00:00:37 ; elapsed = 00:00:37 . Memory (MB): peak = 2572.449 ; gain = 869.250 ; free physical = 91973 ; free virtual = 118145
---------------------------------------------------------------------------------
Synthesis finished with 0 errors, 0 critical warnings and 1 warnings.
Synthesis Optimization Runtime : Time (s): cpu = 00:00:34 ; elapsed = 00:00:34 . Memory (MB): peak = 2572.449 ; gain = 820.289 ; free physical = 91973 ; free virtual = 118145
Synthesis Optimization Complete : Time (s): cpu = 00:00:37 ; elapsed = 00:00:37 . Memory (MB): peak = 2572.457 ; gain = 869.250 ; free physical = 91973 ; free virtual = 118145
INFO: [Project 1-571] Translating synthesized netlist
Netlist sorting complete. Time (s): cpu = 00:00:00.01 ; elapsed = 00:00:00.01 . Memory (MB): peak = 2572.457 ; gain = 0.000 ; free physical = 91973 ; free virtual = 118145
INFO: [Project 1-570] Preparing netlist for logic optimization
INFO: [Opt 31-138] Pushed 0 inverter(s) to 0 load pin(s).
Netlist sorting complete. Time (s): cpu = 00:00:00 ; elapsed = 00:00:00 . Memory (MB): peak = 2572.457 ; gain = 0.000 ; free physical = 92144 ; free virtual = 118316
INFO: [Project 1-111] Unisim Transformation Summary:
No Unisim elements were transformed.

Synth Design complete | Checksum: 5da1e2cd
INFO: [Common 17-83] Releasing license: Synthesis
21 Infos, 1 Warnings, 0 Critical Warnings and 0 Errors encountered.
synth_design completed successfully
synth_design: Time (s): cpu = 00:00:50 ; elapsed = 00:00:48 . Memory (MB): peak = 2572.484 ; gain = 1019.207 ; free physical = 92140 ; free virtual = 118312
INFO: [Common 17-2834] synth_design peak Physical Memory [PSS] (MB): overall = 1492.710; main = 1492.710; forked = 170.808
INFO: [Common 17-2834] synth_design peak Virtual Memory [VSS] (MB): overall = 3282.734; main = 2572.453; forked = 960.109
INFO: [Common 17-1381] The checkpoint '/home/jjh/RL_test/HLS_Optimization/synthetic_case_generation/project_tmp/solution_tmp/impl/verilog/project.runs/synth_1/bd_0_wrapper.dcp' has been generated.
INFO: [Vivado 12-24828] Executing command : report_utilization -file bd_0_wrapper_utilization_synth.rpt -pb bd_0_wrapper_utilization_synth.pb
INFO: [Common 17-206] Exiting Vivado at Tue Dec 23 12:50:12 2025...
[Tue Dec 23 12:50:32 2025] synth_1 finished
wait_on_runs: Time (s): cpu = 00:02:43 ; elapsed = 00:02:56 . Memory (MB): peak = 1670.594 ; gain = 0.000 ; free physical = 93620 ; free virtual = 119791
TIMESTAMP: HLS-REPORT: synthesis open_run: 2025-12-23 12:50:32 KST
INFO: HLS-REPORT: Opening synthesis design database: open_run synth_1
Design is defaulting to impl run constrset: constrs_1
Design is defaulting to synth run part: xc7z020clg484-1
INFO: [Device 21-403] Loading part xc7z020clg484-1
INFO: [Project 1-5699] Read binary netlist with skipMacroContent - 1
INFO: [Project 1-454] Reading design checkpoint '/home/jjh/RL_test/HLS_Optimization/synthetic_case_generation/project_tmp/solution_tmp/impl/verilog/project.gen/sources_1/bd/bd_0/ip/bd_0_hls_inst_0/bd_0_hls_inst_0.dcp' for cell 'bd_0_i/hls_inst'
Netlist sorting complete. Time (s): cpu = 00:00:00.02 ; elapsed = 00:00:00.02 . Memory (MB): peak = 1836.957 ; gain = 0.000 ; free physical = 93438 ; free virtual = 119609
INFO: [Netlist 29-17] Analyzing 187 Unisim elements for replacement
INFO: [Netlist 29-28] Unisim Transformation completed in 0 CPU seconds
INFO: [Project 1-479] Netlist was created with Vivado 2025.1
INFO: [Project 1-570] Preparing netlist for logic optimization
Parsing XDC File [/home/jjh/RL_test/HLS_Optimization/synthetic_case_generation/project_tmp/solution_tmp/impl/verilog/case_10.xdc]
Finished Parsing XDC File [/home/jjh/RL_test/HLS_Optimization/synthetic_case_generation/project_tmp/solution_tmp/impl/verilog/case_10.xdc]
INFO: [Opt 31-138] Pushed 0 inverter(s) to 0 load pin(s).
Netlist sorting complete. Time (s): cpu = 00:00:00 ; elapsed = 00:00:00 . Memory (MB): peak = 1970.406 ; gain = 0.000 ; free physical = 93326 ; free virtual = 119497
INFO: [Project 1-111] Unisim Transformation Summary:
No Unisim elements were transformed.

open_run: Time (s): cpu = 00:00:06 ; elapsed = 00:00:06 . Memory (MB): peak = 1970.441 ; gain = 299.848 ; free physical = 93326 ; free virtual = 119497
TIMESTAMP: HLS-REPORT: synthesis generate_reports_vivado: 2025-12-23 12:50:38 KST
INFO: HLS-REPORT: Running report: report_utilization -file ./report/case_10_utilization_synth.rpt
INFO: HLS-REPORT: Running report: report_utilization -hierarchical -hierarchical_depth 5 -file ./report/case_10_utilization_hierarchical_synth.rpt
INFO: HLS-REPORT: Running report: report_timing_summary -file ./report/case_10_timing_synth.rpt
INFO: [Timing 38-35] Done setting XDC timing constraints.
INFO: [Timing 38-91] UpdateTimingParams: Speed grade: -1, Delay Type: min_max.
INFO: [Timing 38-191] Multithreading enabled for timing update using a maximum of 8 CPUs
WARNING: [Timing 38-242] The property HD.CLK_SRC of clock port "ap_clk" is not set. In out-of-context mode, this prevents timing estimation for clock delay/skew
Resolution: Set the HD.CLK_SRC property of the out-of-context port to the location of the clock buffer instance in the top-level design
report_timing_summary: Time (s): cpu = 00:00:10 ; elapsed = 00:00:10 . Memory (MB): peak = 2504.266 ; gain = 533.824 ; free physical = 92894 ; free virtual = 119065
INFO: HLS-REPORT: Running report: report_power -file ./report/case_10_power_synth.rpt -xpe ./case_10_power.xpe
Command: report_power -file ./report/case_10_power_synth.rpt -xpe ./case_10_power.xpe
Running Vector-less Activity Propagation...

Finished Running Vector-less Activity Propagation
12 Infos, 2 Warnings, 0 Critical Warnings and 0 Errors encountered.
report_power completed successfully
INFO: HLS-REPORT: Running report: report_timing -max_paths 10 -file ./report/case_10_timing_paths_synth.rpt
INFO: [Timing 38-91] UpdateTimingParams: Speed grade: -1, Delay Type: max.
INFO: [Timing 38-191] Multithreading enabled for timing update using a maximum of 8 CPUs
INFO: [Timing 38-78] ReportTimingParams: -max_paths 10 -nworst 1 -delay_type max -sort_by slack.
INFO: HLS-REPORT: Running report: report_design_analysis -file ./report/case_10_design_analysis_synth.rpt
INFO: [Implflow 30-839]  
INFO: HLS-REPORT: Running report: ::tclapp::xilinx::designutils::report_failfast -detailed_report synth -file ./report/case_10_failfast_synth.rpt
 -I- design metrics completed in 0 seconds
 -I- DONT_TOUCH metric completed in 0 seconds
 -I- MARK_DEBUG metric completed in 0 seconds
 -I- utilization metrics completed in 1 seconds
 -I- control set metrics completed in 0 seconds
 -I- methodology check metrics completed in 1 seconds
 -I- average fanout metrics completed in 0 seconds (0 modules)
 -I- non-FD high fanout nets completed in 0 seconds
 -I- path budgeting metrics completed in 0 seconds
#  +-----------------------------------------------------------------------------------------+
#  | Design Summary                                                                          |
#  | design_1                                                                                |
#  | xc7z020clg484-1                                                                         |
#  +-----------------------------------------------------------+-----------+--------+--------+
#  | Criteria                                                  | Guideline | Actual | Status |
#  +-----------------------------------------------------------+-----------+--------+--------+
#  | LUT                                                       | 70%       | 2.22%  | OK     |
#  | FD                                                        | 50%       | 0.38%  | OK     |
#  | LUTRAM+SRL                                                | 25%       | 0.00%  | OK     |
#  | MUXF7                                                     | 15%       | 0.00%  | OK     |
#  | DSP                                                       | 80%       | 2.73%  | OK     |
#  | RAMB/FIFO                                                 | 80%       | 0.00%  | OK     |
#  | DSP+RAMB+URAM (Avg)                                       | 70%       | 2.73%  | OK     |
#  | BUFGCE* + BUFGCTRL                                        | 24        | 0      | OK     |
#  | DONT_TOUCH (cells/nets)                                   | 0         | 0      | OK     |
#  | MARK_DEBUG (nets)                                         | 0         | 0      | OK     |
#  | Control Sets                                              | 998       | 24     | OK     |
#  | Average Fanout for modules > 100k cells                   | 4         | 2.95   | OK     |
#  | Max Average Fanout for modules > 100k cells               | 4         | 0      | OK     |
#  | Non-FD high fanout nets > 10k loads                       | 0         | 0      | OK     |
#  +-----------------------------------------------------------+-----------+--------+--------+
#  | TIMING-6 (No common primary clock between related clocks) | 0         | 0      | OK     |
#  | TIMING-7 (No common node between related clocks)          | 0         | 0      | OK     |
#  | TIMING-8 (No common period between related clocks)        | 0         | 0      | OK     |
#  | TIMING-14 (LUT on the clock tree)                         | 0         | 0      | OK     |
#  | TIMING-35 (No common node in paths with the same clock)   | 0         | 0      | OK     |
#  +-----------------------------------------------------------+-----------+--------+--------+
#  | Number of paths above max LUT budgeting (0.575ns)         | 0         | 0      | OK     |
#  | Number of paths above max Net budgeting (0.403ns)         | 0         | 0      | OK     |
#  +-----------------------------------------------------------+-----------+--------+--------+
 -I- Generated file /home/jjh/RL_test/HLS_Optimization/synthetic_case_generation/project_tmp/solution_tmp/impl/verilog/report/case_10_failfast_synth.rpt
 -I- Number of criteria to review: 0
 -I- This report should be run before placing the design and uses conservative guidelines beyond which runtime and timing closure will likely be more challenging
 -I- report_failfast completed in 2 seconds
TIMESTAMP: HLS-REPORT: synthesis gen_data_dict_vivado: 2025-12-23 12:50:52 KST
TIMESTAMP: HLS-REPORT: synth extract_util_hier: 2025-12-23 12:50:52 KST
TIMESTAMP: HLS-REPORT: synth get_cell_hier_data: 2025-12-23 12:50:52 KST
TIMESTAMP: HLS-REPORT: synth get_timing_paths: 2025-12-23 12:50:52 KST
TIMESTAMP: HLS-REPORT: synth process timing paths: 2025-12-23 12:50:52 KST
TIMESTAMP: HLS-REPORT: synth get_all_vv_rpt_files: 2025-12-23 12:50:52 KST
TIMESTAMP: HLS-REPORT: synthesis write_reports_vivado: 2025-12-23 12:50:52 KST
HLS EXTRACTION: synth area_totals:  0 53200 106400 220 280 0 0
HLS EXTRACTION: synth area_current: 0 1181 401 6 0 0 0 0 0 0
HLS EXTRACTION: synth resources_dict: AVAIL_LUT 53200 LUT 1181 AVAIL_FF 106400 FF 401 AVAIL_DSP 220 DSP 6 AVAIL_BRAM 280 BRAM 0 AVAIL_URAM 0 URAM 0 LATCH 0 SRL 0 AVAIL_CLB 0 CLB 0
INFO: HLS-REPORT: generated /home/jjh/RL_test/HLS_Optimization/synthetic_case_generation/project_tmp/solution_tmp/impl/verilog/report/vivado_syn.xml
INFO: HLS-REPORT: generated /home/jjh/RL_test/HLS_Optimization/synthetic_case_generation/project_tmp/solution_tmp/impl/report/verilog/case_10_export.rpt


Implementation tool: Xilinx Vivado v.2025.1
Project:             project_tmp
Solution:            solution_tmp
Device target:       xc7z020-clg484-1
Report date:         Tue Dec 23 12:50:52 KST 2025

#=== Post-Synthesis Resource usage ===
SLICE:            0
LUT:           1181
FF:             401
DSP:              6
BRAM:             0
URAM:             0
LATCH:            0
SRL:              0
CLB:              0

#=== Final timing ===
CP required:                     10.000
CP achieved post-synthesis:      7.417
Timing met

TIMESTAMP: HLS-REPORT: synthesis end: 2025-12-23 12:50:52 KST
# if { $has_impl } {
#   # launch run impl
#   if { [llength $impl_props] } {
#     set_property -dict $impl_props [get_runs impl_1]
#   }
#   launch_runs impl_1
#   wait_on_run impl_1
#   # impl reports
#   hls_vivado_reports_impl impl_1 $report_options
# }
INFO: [Timing 38-480] Writing timing data to binary archive.
Write ShapeDB Complete: Time (s): cpu = 00:00:00.02 ; elapsed = 00:00:00 . Memory (MB): peak = 2679.309 ; gain = 0.000 ; free physical = 92848 ; free virtual = 119019
WARNING: [Common 17-210] 'write_hwdef' is deprecated.
[Tue Dec 23 12:50:53 2025] Launched impl_1...
Run output will be captured here: /home/jjh/RL_test/HLS_Optimization/synthetic_case_generation/project_tmp/solution_tmp/impl/verilog/project.runs/impl_1/runme.log
[Tue Dec 23 12:50:53 2025] Waiting for impl_1 to finish...

*** Running vivado
    with args -log bd_0_wrapper.vdi -applog -m64 -product Vivado -messageDb vivado.pb -mode batch -source bd_0_wrapper.tcl -notrace


****** Vivado v2025.1 (64-bit)
  **** SW Build 6140274 on Wed May 21 22:58:25 MDT 2025
  **** IP Build 6138677 on Thu May 22 03:10:11 MDT 2025
  **** SharedData Build 6139179 on Tue May 20 17:58:58 MDT 2025
  **** Start of session at: Tue Dec 23 12:50:57 2025
    ** Copyright 1986-2022 Xilinx, Inc. All Rights Reserved.
    ** Copyright 2022-2025 Advanced Micro Devices, Inc. All Rights Reserved.

source bd_0_wrapper.tcl -notrace
Command: open_checkpoint /home/jjh/RL_test/HLS_Optimization/synthetic_case_generation/project_tmp/solution_tmp/impl/verilog/project.runs/impl_1/bd_0_wrapper.dcp
INFO: [Device 21-403] Loading part xc7z020clg484-1
Netlist sorting complete. Time (s): cpu = 00:00:00.02 ; elapsed = 00:00:00.02 . Memory (MB): peak = 1718.656 ; gain = 0.000 ; free physical = 92152 ; free virtual = 118324
INFO: [Netlist 29-17] Analyzing 187 Unisim elements for replacement
INFO: [Netlist 29-28] Unisim Transformation completed in 0 CPU seconds
INFO: [Project 1-479] Netlist was created with Vivado 2025.1
INFO: [Project 1-570] Preparing netlist for logic optimization
Read ShapeDB Complete: Time (s): cpu = 00:00:00.01 ; elapsed = 00:00:00.01 . Memory (MB): peak = 1780.500 ; gain = 0.000 ; free physical = 92059 ; free virtual = 118231
INFO: [Timing 38-478] Restoring timing data from binary archive.
INFO: [Timing 38-479] Binary timing data restore complete.
INFO: [Project 1-856] Restoring constraints from binary archive.
INFO: [Project 1-853] Binary constraint restore complete.
Netlist sorting complete. Time (s): cpu = 00:00:00 ; elapsed = 00:00:00 . Memory (MB): peak = 2308.000 ; gain = 0.000 ; free physical = 91573 ; free virtual = 117744
INFO: [Project 1-111] Unisim Transformation Summary:
No Unisim elements were transformed.

INFO: [Project 1-604] Checkpoint was created with Vivado v2025.1 (64-bit) build 6140274
open_checkpoint: Time (s): cpu = 00:00:29 ; elapsed = 00:00:19 . Memory (MB): peak = 2308.035 ; gain = 877.984 ; free physical = 91573 ; free virtual = 117744
INFO: [IP_Flow 19-234] Refreshing IP repositories
INFO: [IP_Flow 19-1700] Loaded user IP repository '/home/jjh/RL_test/HLS_Optimization/synthetic_case_generation/project_tmp/solution_tmp/impl/ip'.
INFO: [IP_Flow 19-2313] Loaded Vivado IP repository '/tools/Xilinx/2025.1/Vivado/data/ip'.
Command: opt_design
Attempting to get a license for feature 'Implementation' and/or device 'xc7z020'
INFO: [Common 17-349] Got license for feature 'Implementation' and/or device 'xc7z020'
Running DRC as a precondition to command opt_design

Starting DRC Task
INFO: [DRC 23-27] Running DRC with 8 threads
WARNING: [DRC 23-814] Not all possible (connectivity based) DRCs may have been run because this design is seen as Out of Context.
INFO: [Project 1-461] DRC finished with 0 Errors
INFO: [Project 1-462] Please refer to the DRC report (report_drc) for more information.

Time (s): cpu = 00:00:01 ; elapsed = 00:00:00.67 . Memory (MB): peak = 2449.844 ; gain = 133.906 ; free physical = 91489 ; free virtual = 117660

Starting Cache Timing Information Task
Ending Cache Timing Information Task | Checksum: abf4ec91

Time (s): cpu = 00:00:00 ; elapsed = 00:00:00.01 . Memory (MB): peak = 2449.844 ; gain = 0.000 ; free physical = 91489 ; free virtual = 117660

Starting Logic Optimization Task

Phase 1 Initialization

Phase 1.1 Core Generation And Design Setup
Phase 1.1 Core Generation And Design Setup | Checksum: abf4ec91

Time (s): cpu = 00:00:00 ; elapsed = 00:00:00.01 . Memory (MB): peak = 2703.656 ; gain = 0.000 ; free physical = 91186 ; free virtual = 117358

Phase 1.2 Setup Constraints And Sort Netlist
Phase 1.2 Setup Constraints And Sort Netlist | Checksum: abf4ec91

Time (s): cpu = 00:00:00 ; elapsed = 00:00:00.01 . Memory (MB): peak = 2703.656 ; gain = 0.000 ; free physical = 91186 ; free virtual = 117358
Phase 1 Initialization | Checksum: abf4ec91

Time (s): cpu = 00:00:00 ; elapsed = 00:00:00.01 . Memory (MB): peak = 2703.656 ; gain = 0.000 ; free physical = 91186 ; free virtual = 117358

Phase 2 Timer Update And Timing Data Collection

Phase 2.1 Timer Update
Phase 2.1 Timer Update | Checksum: abf4ec91

Time (s): cpu = 00:00:00.11 ; elapsed = 00:00:00.06 . Memory (MB): peak = 2703.656 ; gain = 0.000 ; free physical = 91186 ; free virtual = 117358

Phase 2.2 Timing Data Collection
Phase 2.2 Timing Data Collection | Checksum: abf4ec91

Time (s): cpu = 00:00:00.12 ; elapsed = 00:00:00.07 . Memory (MB): peak = 2703.656 ; gain = 0.000 ; free physical = 91186 ; free virtual = 117358
Phase 2 Timer Update And Timing Data Collection | Checksum: abf4ec91

Time (s): cpu = 00:00:00.12 ; elapsed = 00:00:00.07 . Memory (MB): peak = 2703.656 ; gain = 0.000 ; free physical = 91186 ; free virtual = 117358

Phase 3 Retarget
INFO: [Opt 31-1851] Number of loadless carry chains removed were: 0
INFO: [Opt 31-1834] Total Chains To Be Transformed Were: 0 AND Number of Transformed insts Created are: 0
INFO: [Opt 31-138] Pushed 0 inverter(s) to 0 load pin(s).
INFO: [Opt 31-49] Retargeted 0 cell(s).
Phase 3 Retarget | Checksum: 1ba22a65e

Time (s): cpu = 00:00:00.2 ; elapsed = 00:00:00.16 . Memory (MB): peak = 2703.656 ; gain = 0.000 ; free physical = 91184 ; free virtual = 117356
Retarget | Checksum: 1ba22a65e
INFO: [Opt 31-389] Phase Retarget created 0 cells and removed 4 cells

Phase 4 Constant propagation
INFO: [Opt 31-138] Pushed 0 inverter(s) to 0 load pin(s).
Phase 4 Constant propagation | Checksum: 184986f82

Time (s): cpu = 00:00:00.23 ; elapsed = 00:00:00.19 . Memory (MB): peak = 2703.656 ; gain = 0.000 ; free physical = 91184 ; free virtual = 117356
Constant propagation | Checksum: 184986f82
INFO: [Opt 31-389] Phase Constant propagation created 0 cells and removed 0 cells

Phase 5 Sweep
INFO: [Constraints 18-11670] Building netlist checker database with flags, 0x8
Done building netlist checker database: Time (s): cpu = 00:00:00 ; elapsed = 00:00:00 . Memory (MB): peak = 2703.656 ; gain = 0.000 ; free physical = 91184 ; free virtual = 117356
INFO: [Constraints 18-11670] Building netlist checker database with flags, 0x8
Done building netlist checker database: Time (s): cpu = 00:00:00 ; elapsed = 00:00:00 . Memory (MB): peak = 2703.656 ; gain = 0.000 ; free physical = 91184 ; free virtual = 117356
Phase 5 Sweep | Checksum: 16914da6f

Time (s): cpu = 00:00:00.27 ; elapsed = 00:00:00.23 . Memory (MB): peak = 2703.656 ; gain = 0.000 ; free physical = 91184 ; free virtual = 117356
Sweep | Checksum: 16914da6f
INFO: [Opt 31-389] Phase Sweep created 0 cells and removed 0 cells

Phase 6 BUFG optimization
Phase 6 BUFG optimization | Checksum: 16914da6f

Time (s): cpu = 00:00:00.28 ; elapsed = 00:00:00.25 . Memory (MB): peak = 2735.672 ; gain = 32.016 ; free physical = 91184 ; free virtual = 117356
BUFG optimization | Checksum: 16914da6f
INFO: [Opt 31-662] Phase BUFG optimization created 0 cells of which 0 are BUFGs and removed 0 cells.

Phase 7 Shift Register Optimization
INFO: [Opt 31-1064] SRL Remap converted 0 SRLs to 0 registers and converted 0 registers of register chains to 0 SRLs
Phase 7 Shift Register Optimization | Checksum: 16914da6f

Time (s): cpu = 00:00:00.29 ; elapsed = 00:00:00.25 . Memory (MB): peak = 2735.672 ; gain = 32.016 ; free physical = 91184 ; free virtual = 117356
Shift Register Optimization | Checksum: 16914da6f
INFO: [Opt 31-389] Phase Shift Register Optimization created 0 cells and removed 0 cells

Phase 8 Post Processing Netlist
Phase 8 Post Processing Netlist | Checksum: 16914da6f

Time (s): cpu = 00:00:00.29 ; elapsed = 00:00:00.26 . Memory (MB): peak = 2735.672 ; gain = 32.016 ; free physical = 91184 ; free virtual = 117356
Post Processing Netlist | Checksum: 16914da6f
INFO: [Opt 31-389] Phase Post Processing Netlist created 0 cells and removed 0 cells

Phase 9 Finalization

Phase 9.1 Finalizing Design Cores and Updating Shapes
Phase 9.1 Finalizing Design Cores and Updating Shapes | Checksum: cdc0ae6c

Time (s): cpu = 00:00:00.45 ; elapsed = 00:00:00.38 . Memory (MB): peak = 2759.684 ; gain = 56.027 ; free physical = 91184 ; free virtual = 117356

Phase 9.2 Verifying Netlist Connectivity

Starting Connectivity Check Task

Time (s): cpu = 00:00:00 ; elapsed = 00:00:00.01 . Memory (MB): peak = 2759.684 ; gain = 0.000 ; free physical = 91184 ; free virtual = 117356
Phase 9.2 Verifying Netlist Connectivity | Checksum: cdc0ae6c

Time (s): cpu = 00:00:00.45 ; elapsed = 00:00:00.39 . Memory (MB): peak = 2759.684 ; gain = 56.027 ; free physical = 91184 ; free virtual = 117356
Phase 9 Finalization | Checksum: cdc0ae6c

Time (s): cpu = 00:00:00.46 ; elapsed = 00:00:00.39 . Memory (MB): peak = 2759.684 ; gain = 56.027 ; free physical = 91184 ; free virtual = 117356
Opt_design Change Summary
=========================


-------------------------------------------------------------------------------------------------------------------------
|  Phase                        |  #Cells created  |  #Cells Removed  |  #Constrained objects preventing optimizations  |
-------------------------------------------------------------------------------------------------------------------------
|  Retarget                     |               0  |               4  |                                              0  |
|  Constant propagation         |               0  |               0  |                                              0  |
|  Sweep                        |               0  |               0  |                                              0  |
|  BUFG optimization            |               0  |               0  |                                              0  |
|  Shift Register Optimization  |               0  |               0  |                                              0  |
|  Post Processing Netlist      |               0  |               0  |                                              0  |
-------------------------------------------------------------------------------------------------------------------------


Ending Logic Optimization Task | Checksum: cdc0ae6c

Time (s): cpu = 00:00:00.46 ; elapsed = 00:00:00.39 . Memory (MB): peak = 2759.684 ; gain = 56.027 ; free physical = 91184 ; free virtual = 117356

Starting Power Optimization Task
INFO: [Pwropt 34-132] Skipping clock gating for clocks with a period < 2.00 ns.
Ending Power Optimization Task | Checksum: cdc0ae6c

Time (s): cpu = 00:00:00.01 ; elapsed = 00:00:00.01 . Memory (MB): peak = 2759.684 ; gain = 0.000 ; free physical = 91184 ; free virtual = 117356

Starting Final Cleanup Task
Ending Final Cleanup Task | Checksum: cdc0ae6c

Time (s): cpu = 00:00:00 ; elapsed = 00:00:00 . Memory (MB): peak = 2759.684 ; gain = 0.000 ; free physical = 91184 ; free virtual = 117356

Starting Netlist Obfuscation Task
Netlist sorting complete. Time (s): cpu = 00:00:00 ; elapsed = 00:00:00 . Memory (MB): peak = 2759.684 ; gain = 0.000 ; free physical = 91184 ; free virtual = 117356
Ending Netlist Obfuscation Task | Checksum: cdc0ae6c

Time (s): cpu = 00:00:00 ; elapsed = 00:00:00 . Memory (MB): peak = 2759.684 ; gain = 0.000 ; free physical = 91184 ; free virtual = 117356
INFO: [Common 17-83] Releasing license: Implementation
34 Infos, 1 Warnings, 0 Critical Warnings and 0 Errors encountered.
opt_design completed successfully
INFO: [Vivado 12-24828] Executing command : report_drc -file bd_0_wrapper_drc_opted.rpt -pb bd_0_wrapper_drc_opted.pb -rpx bd_0_wrapper_drc_opted.rpx
Command: report_drc -file bd_0_wrapper_drc_opted.rpt -pb bd_0_wrapper_drc_opted.pb -rpx bd_0_wrapper_drc_opted.rpx
INFO: [IP_Flow 19-1839] IP Catalog is up to date.
INFO: [DRC 23-27] Running DRC with 8 threads
WARNING: [DRC 23-814] Not all possible (connectivity based) DRCs may have been run because this design is seen as Out of Context.
INFO: [Vivado_Tcl 2-168] The results of DRC are in file /home/jjh/RL_test/HLS_Optimization/synthetic_case_generation/project_tmp/solution_tmp/impl/verilog/project.runs/impl_1/bd_0_wrapper_drc_opted.rpt.
report_drc completed successfully
INFO: [Timing 38-35] Done setting XDC timing constraints.
INFO: [Timing 38-480] Writing timing data to binary archive.
Write ShapeDB Complete: Time (s): cpu = 00:00:00.02 ; elapsed = 00:00:00.01 . Memory (MB): peak = 2813.512 ; gain = 0.000 ; free physical = 91179 ; free virtual = 117350
INFO: [Common 17-1381] The checkpoint '/home/jjh/RL_test/HLS_Optimization/synthetic_case_generation/project_tmp/solution_tmp/impl/verilog/project.runs/impl_1/bd_0_wrapper_opt.dcp' has been generated.
Command: place_design
Attempting to get a license for feature 'Implementation' and/or device 'xc7z020'
INFO: [Common 17-349] Got license for feature 'Implementation' and/or device 'xc7z020'
INFO: [Common 17-83] Releasing license: Implementation
INFO: [DRC 23-27] Running DRC with 8 threads
WARNING: [DRC 23-814] Not all possible (connectivity based) DRCs may have been run because this design is seen as Out of Context.
INFO: [Vivado_Tcl 4-198] DRC finished with 0 Errors
INFO: [Vivado_Tcl 4-199] Please refer to the DRC report (report_drc) for more information.
Running DRC as a precondition to command place_design
INFO: [DRC 23-27] Running DRC with 8 threads
WARNING: [DRC 23-814] Not all possible (connectivity based) DRCs may have been run because this design is seen as Out of Context.
INFO: [Vivado_Tcl 4-198] DRC finished with 0 Errors
INFO: [Vivado_Tcl 4-199] Please refer to the DRC report (report_drc) for more information.
INFO: [Place 30-611] Multithreading enabled for place_design using a maximum of 8 CPUs

Starting Placer Task

Phase 1 Placer Initialization

Phase 1.1 Placer Initialization Netlist Sorting
Netlist sorting complete. Time (s): cpu = 00:00:00 ; elapsed = 00:00:00.01 . Memory (MB): peak = 2878.160 ; gain = 0.000 ; free physical = 91131 ; free virtual = 117304
Phase 1.1 Placer Initialization Netlist Sorting | Checksum: be80ec2b

Time (s): cpu = 00:00:00 ; elapsed = 00:00:00.01 . Memory (MB): peak = 2878.160 ; gain = 0.000 ; free physical = 91131 ; free virtual = 117304
Netlist sorting complete. Time (s): cpu = 00:00:00.01 ; elapsed = 00:00:00 . Memory (MB): peak = 2878.160 ; gain = 0.000 ; free physical = 91131 ; free virtual = 117304

Phase 1.2 IO Placement/ Clock Placement/ Build Placer Device
Phase 1.2 IO Placement/ Clock Placement/ Build Placer Device | Checksum: 7e1995a1

Time (s): cpu = 00:00:00.55 ; elapsed = 00:00:00.25 . Memory (MB): peak = 2878.160 ; gain = 0.000 ; free physical = 91131 ; free virtual = 117304

Phase 1.3 Build Placer Netlist Model
Phase 1.3 Build Placer Netlist Model | Checksum: 133ddd705

Time (s): cpu = 00:00:01 ; elapsed = 00:00:00.74 . Memory (MB): peak = 2917.203 ; gain = 39.043 ; free physical = 91127 ; free virtual = 117299

Phase 1.4 Constrain Clocks/Macros
Phase 1.4 Constrain Clocks/Macros | Checksum: 133ddd705

Time (s): cpu = 00:00:01 ; elapsed = 00:00:00.74 . Memory (MB): peak = 2917.203 ; gain = 39.043 ; free physical = 91127 ; free virtual = 117299
Phase 1 Placer Initialization | Checksum: 133ddd705

Time (s): cpu = 00:00:01 ; elapsed = 00:00:00.75 . Memory (MB): peak = 2917.203 ; gain = 39.043 ; free physical = 91127 ; free virtual = 117299

Phase 2 Global Placement

Phase 2.1 Floorplanning
Phase 2.1 Floorplanning | Checksum: 1267ffea9

Time (s): cpu = 00:00:02 ; elapsed = 00:00:01 . Memory (MB): peak = 2917.203 ; gain = 39.043 ; free physical = 91166 ; free virtual = 117339

Phase 2.2 Update Timing before SLR Path Opt
Phase 2.2 Update Timing before SLR Path Opt | Checksum: a21f6af2

Time (s): cpu = 00:00:03 ; elapsed = 00:00:01 . Memory (MB): peak = 2917.203 ; gain = 39.043 ; free physical = 91166 ; free virtual = 117339

Phase 2.3 Post-Processing in Floorplanning
Phase 2.3 Post-Processing in Floorplanning | Checksum: a21f6af2

Time (s): cpu = 00:00:03 ; elapsed = 00:00:01 . Memory (MB): peak = 2917.203 ; gain = 39.043 ; free physical = 91168 ; free virtual = 117340

Phase 2.4 Global Place Phase1
Phase 2.4 Global Place Phase1 | Checksum: 1f2e76c34

Time (s): cpu = 00:00:17 ; elapsed = 00:00:05 . Memory (MB): peak = 2925.207 ; gain = 47.047 ; free physical = 91240 ; free virtual = 117412

Phase 2.5 Global Place Phase2

Phase 2.5.1 UpdateTiming Before Physical Synthesis
Phase 2.5.1 UpdateTiming Before Physical Synthesis | Checksum: 1f2e76c34

Time (s): cpu = 00:00:17 ; elapsed = 00:00:05 . Memory (MB): peak = 2925.207 ; gain = 47.047 ; free physical = 91240 ; free virtual = 117412

Phase 2.5.2 Physical Synthesis In Placer
INFO: [Physopt 32-1035] Found 0 LUTNM shape to break, 117 LUT instances to create LUTNM shape
INFO: [Physopt 32-1044] Break lutnm for timing: one critical 0, two critical 0, total 0, new lutff created 0
INFO: [Physopt 32-1138] End 1 Pass. Optimized 46 nets or LUTs. Breaked 0 LUT, combined 46 existing LUTs and moved 0 existing LUT
INFO: [Physopt 32-65] No nets found for high-fanout optimization.
INFO: [Physopt 32-232] Optimized 0 net. Created 0 new instance.
INFO: [Physopt 32-775] End 1 Pass. Optimized 0 net or cell. Created 0 new cell, deleted 0 existing cell and moved 0 existing cell
INFO: [Physopt 32-670] No setup violation found.  DSP Register Optimization was not performed.
INFO: [Physopt 32-670] No setup violation found.  Shift Register to Pipeline Optimization was not performed.
INFO: [Physopt 32-670] No setup violation found.  Shift Register Optimization was not performed.
INFO: [Physopt 32-670] No setup violation found.  BRAM Register Optimization was not performed.
INFO: [Physopt 32-670] No setup violation found.  URAM Register Optimization was not performed.
INFO: [Physopt 32-949] No candidate nets found for dynamic/static region interface net replication
INFO: [Physopt 32-775] End 1 Pass. Optimized 0 net or cell. Created 0 new cell, deleted 0 existing cell and moved 0 existing cell
Netlist sorting complete. Time (s): cpu = 00:00:00 ; elapsed = 00:00:00 . Memory (MB): peak = 2925.207 ; gain = 0.000 ; free physical = 91240 ; free virtual = 117412

Summary of Physical Synthesis Optimizations
============================================


-----------------------------------------------------------------------------------------------------------------------------------------------------------
|  Optimization                                     |  Added Cells  |  Removed Cells  |  Optimized Cells/Nets  |  Dont Touch  |  Iterations  |  Elapsed   |
-----------------------------------------------------------------------------------------------------------------------------------------------------------
|  LUT Combining                                    |            0  |             46  |                    46  |           0  |           1  |  00:00:00  |
|  Retime                                           |            0  |              0  |                     0  |           0  |           1  |  00:00:00  |
|  Very High Fanout                                 |            0  |              0  |                     0  |           0  |           1  |  00:00:00  |
|  DSP Register                                     |            0  |              0  |                     0  |           0  |           0  |  00:00:00  |
|  Shift Register to Pipeline                       |            0  |              0  |                     0  |           0  |           0  |  00:00:00  |
|  Shift Register                                   |            0  |              0  |                     0  |           0  |           0  |  00:00:00  |
|  BRAM Register                                    |            0  |              0  |                     0  |           0  |           0  |  00:00:00  |
|  URAM Register                                    |            0  |              0  |                     0  |           0  |           0  |  00:00:00  |
|  Dynamic/Static Region Interface Net Replication  |            0  |              0  |                     0  |           0  |           1  |  00:00:00  |
|  Total                                            |            0  |             46  |                    46  |           0  |           4  |  00:00:00  |
-----------------------------------------------------------------------------------------------------------------------------------------------------------


Phase 2.5.2 Physical Synthesis In Placer | Checksum: 18c2e0fa1

Time (s): cpu = 00:00:18 ; elapsed = 00:00:05 . Memory (MB): peak = 2925.207 ; gain = 47.047 ; free physical = 91239 ; free virtual = 117412
Phase 2.5 Global Place Phase2 | Checksum: 18e9972e9

Time (s): cpu = 00:00:22 ; elapsed = 00:00:06 . Memory (MB): peak = 2925.207 ; gain = 47.047 ; free physical = 91238 ; free virtual = 117410
Phase 2 Global Placement | Checksum: 18e9972e9

Time (s): cpu = 00:00:22 ; elapsed = 00:00:06 . Memory (MB): peak = 2925.207 ; gain = 47.047 ; free physical = 91238 ; free virtual = 117410

Phase 3 Detail Placement

Phase 3.1 Commit Multi Column Macros
Phase 3.1 Commit Multi Column Macros | Checksum: 1beba2e3a

Time (s): cpu = 00:00:22 ; elapsed = 00:00:07 . Memory (MB): peak = 2925.207 ; gain = 47.047 ; free physical = 91238 ; free virtual = 117410

Phase 3.2 Commit Most Macros & LUTRAMs
Phase 3.2 Commit Most Macros & LUTRAMs | Checksum: 11727019c

Time (s): cpu = 00:00:23 ; elapsed = 00:00:07 . Memory (MB): peak = 2925.207 ; gain = 47.047 ; free physical = 91237 ; free virtual = 117409

Phase 3.3 Area Swap Optimization
Phase 3.3 Area Swap Optimization | Checksum: 1b1a1208a

Time (s): cpu = 00:00:23 ; elapsed = 00:00:07 . Memory (MB): peak = 2925.207 ; gain = 47.047 ; free physical = 91237 ; free virtual = 117409

Phase 3.4 Pipeline Register Optimization
Phase 3.4 Pipeline Register Optimization | Checksum: 14e865c71

Time (s): cpu = 00:00:23 ; elapsed = 00:00:07 . Memory (MB): peak = 2925.207 ; gain = 47.047 ; free physical = 91237 ; free virtual = 117409

Phase 3.5 Small Shape Detail Placement
Phase 3.5 Small Shape Detail Placement | Checksum: 131e77fdd

Time (s): cpu = 00:00:24 ; elapsed = 00:00:08 . Memory (MB): peak = 2925.207 ; gain = 47.047 ; free physical = 91236 ; free virtual = 117408

Phase 3.6 Re-assign LUT pins
Phase 3.6 Re-assign LUT pins | Checksum: e262f110

Time (s): cpu = 00:00:25 ; elapsed = 00:00:08 . Memory (MB): peak = 2925.207 ; gain = 47.047 ; free physical = 91236 ; free virtual = 117408

Phase 3.7 Pipeline Register Optimization
Phase 3.7 Pipeline Register Optimization | Checksum: 14b47b425

Time (s): cpu = 00:00:25 ; elapsed = 00:00:08 . Memory (MB): peak = 2925.207 ; gain = 47.047 ; free physical = 91236 ; free virtual = 117408
Phase 3 Detail Placement | Checksum: 14b47b425

Time (s): cpu = 00:00:25 ; elapsed = 00:00:08 . Memory (MB): peak = 2925.207 ; gain = 47.047 ; free physical = 91236 ; free virtual = 117408

Phase 4 Post Placement Optimization and Clean-Up

Phase 4.1 Post Commit Optimization
INFO: [Timing 38-35] Done setting XDC timing constraints.

Phase 4.1.1 Post Placement Optimization
Post Placement Optimization Initialization | Checksum: 1ad7fa254

Phase 4.1.1.1 BUFG Insertion

Starting Physical Synthesis Task

Phase 1 Physical Synthesis Initialization
INFO: [Physopt 32-721] Multithreading enabled for phys_opt_design using a maximum of 8 CPUs
INFO: [Physopt 32-619] Estimated Timing Summary | WNS=1.553 | TNS=0.000 |
Phase 1 Physical Synthesis Initialization | Checksum: 17dcdc081

Time (s): cpu = 00:00:00.07 ; elapsed = 00:00:00.03 . Memory (MB): peak = 2925.207 ; gain = 0.000 ; free physical = 91236 ; free virtual = 117408
INFO: [Place 46-56] BUFG insertion identified 0 candidate nets. Inserted BUFG: 0, Replicated BUFG Driver: 0, Skipped due to Placement/Routing Conflicts: 0, Skipped due to Timing Degradation: 0, Skipped due to netlist editing failed: 0.
Ending Physical Synthesis Task | Checksum: ccd0108d

Time (s): cpu = 00:00:00.1 ; elapsed = 00:00:00.04 . Memory (MB): peak = 2925.207 ; gain = 0.000 ; free physical = 91236 ; free virtual = 117408
Phase 4.1.1.1 BUFG Insertion | Checksum: 1ad7fa254

Time (s): cpu = 00:00:26 ; elapsed = 00:00:08 . Memory (MB): peak = 2925.207 ; gain = 47.047 ; free physical = 91236 ; free virtual = 117408

Phase 4.1.1.2 Post Placement Timing Optimization
INFO: [Place 30-746] Post Placement Timing Summary WNS=1.553. For the most accurate timing information please run report_timing.
Phase 4.1.1.2 Post Placement Timing Optimization | Checksum: d33eb384

Time (s): cpu = 00:00:26 ; elapsed = 00:00:08 . Memory (MB): peak = 2925.207 ; gain = 47.047 ; free physical = 91236 ; free virtual = 117408

Time (s): cpu = 00:00:26 ; elapsed = 00:00:08 . Memory (MB): peak = 2925.207 ; gain = 47.047 ; free physical = 91236 ; free virtual = 117408
Phase 4.1 Post Commit Optimization | Checksum: d33eb384

Time (s): cpu = 00:00:26 ; elapsed = 00:00:08 . Memory (MB): peak = 2925.207 ; gain = 47.047 ; free physical = 91236 ; free virtual = 117408

Phase 4.2 Post Placement Cleanup
Phase 4.2 Post Placement Cleanup | Checksum: d33eb384

Time (s): cpu = 00:00:26 ; elapsed = 00:00:08 . Memory (MB): peak = 2925.207 ; gain = 47.047 ; free physical = 91236 ; free virtual = 117408

Phase 4.3 Placer Reporting

Phase 4.3.1 Print Estimated Congestion
INFO: [Place 30-612] Post-Placement Estimated Congestion 
 ____________________________________________________
|           | Global Congestion | Short Congestion  |
| Direction | Region Size       | Region Size       |
|___________|___________________|___________________|
|      North|                1x1|                1x1|
|___________|___________________|___________________|
|      South|                1x1|                1x1|
|___________|___________________|___________________|
|       East|                1x1|                1x1|
|___________|___________________|___________________|
|       West|                1x1|                1x1|
|___________|___________________|___________________|

Phase 4.3.1 Print Estimated Congestion | Checksum: d33eb384

Time (s): cpu = 00:00:26 ; elapsed = 00:00:08 . Memory (MB): peak = 2925.207 ; gain = 47.047 ; free physical = 91236 ; free virtual = 117408
Phase 4.3 Placer Reporting | Checksum: d33eb384

Time (s): cpu = 00:00:26 ; elapsed = 00:00:08 . Memory (MB): peak = 2925.207 ; gain = 47.047 ; free physical = 91236 ; free virtual = 117408

Phase 4.4 Final Placement Cleanup
Netlist sorting complete. Time (s): cpu = 00:00:00 ; elapsed = 00:00:00 . Memory (MB): peak = 2925.207 ; gain = 0.000 ; free physical = 91236 ; free virtual = 117408

Time (s): cpu = 00:00:26 ; elapsed = 00:00:08 . Memory (MB): peak = 2925.207 ; gain = 47.047 ; free physical = 91236 ; free virtual = 117408
Phase 4 Post Placement Optimization and Clean-Up | Checksum: 72a2c083

Time (s): cpu = 00:00:26 ; elapsed = 00:00:08 . Memory (MB): peak = 2925.207 ; gain = 47.047 ; free physical = 91236 ; free virtual = 117408
Ending Placer Task | Checksum: 5cf45b4b

Time (s): cpu = 00:00:26 ; elapsed = 00:00:08 . Memory (MB): peak = 2925.207 ; gain = 47.047 ; free physical = 91236 ; free virtual = 117408
69 Infos, 4 Warnings, 0 Critical Warnings and 0 Errors encountered.
place_design completed successfully
place_design: Time (s): cpu = 00:00:29 ; elapsed = 00:00:09 . Memory (MB): peak = 2925.207 ; gain = 111.695 ; free physical = 91236 ; free virtual = 117408
INFO: [Vivado 12-24838] Running report commands "report_control_sets, report_io, report_utilization" in parallel.
Running report generation with 3 threads.
INFO: [Vivado 12-24828] Executing command : report_control_sets -verbose -file bd_0_wrapper_control_sets_placed.rpt
report_control_sets: Time (s): cpu = 00:00:00.09 ; elapsed = 00:00:00.13 . Memory (MB): peak = 2925.207 ; gain = 0.000 ; free physical = 91213 ; free virtual = 117385
INFO: [Vivado 12-24828] Executing command : report_utilization -file bd_0_wrapper_utilization_placed.rpt -pb bd_0_wrapper_utilization_placed.pb
INFO: [Vivado 12-24828] Executing command : report_io -file bd_0_wrapper_io_placed.rpt
report_io: Time (s): cpu = 00:00:00.28 ; elapsed = 00:00:00.34 . Memory (MB): peak = 2925.207 ; gain = 0.000 ; free physical = 91204 ; free virtual = 117377
INFO: [Timing 38-480] Writing timing data to binary archive.
Write ShapeDB Complete: Time (s): cpu = 00:00:00.02 ; elapsed = 00:00:00.01 . Memory (MB): peak = 2925.207 ; gain = 0.000 ; free physical = 91204 ; free virtual = 117377
Wrote PlaceDB: Time (s): cpu = 00:00:00.4 ; elapsed = 00:00:00.19 . Memory (MB): peak = 2925.207 ; gain = 0.000 ; free physical = 91202 ; free virtual = 117376
Wrote PulsedLatchDB: Time (s): cpu = 00:00:00 ; elapsed = 00:00:00 . Memory (MB): peak = 2925.207 ; gain = 0.000 ; free physical = 91202 ; free virtual = 117376
Writing XDEF routing.
Writing XDEF routing logical nets.
Writing XDEF routing special nets.
Wrote RouteStorage: Time (s): cpu = 00:00:00.09 ; elapsed = 00:00:00.09 . Memory (MB): peak = 2925.207 ; gain = 0.000 ; free physical = 91202 ; free virtual = 117376
Wrote Netlist Cache: Time (s): cpu = 00:00:00 ; elapsed = 00:00:00 . Memory (MB): peak = 2925.207 ; gain = 0.000 ; free physical = 91202 ; free virtual = 117376
Wrote Device Cache: Time (s): cpu = 00:00:00.01 ; elapsed = 00:00:00.01 . Memory (MB): peak = 2925.207 ; gain = 0.000 ; free physical = 91200 ; free virtual = 117375
Write Physdb Complete: Time (s): cpu = 00:00:00.5 ; elapsed = 00:00:00.3 . Memory (MB): peak = 2925.207 ; gain = 0.000 ; free physical = 91200 ; free virtual = 117375
INFO: [Common 17-1381] The checkpoint '/home/jjh/RL_test/HLS_Optimization/synthetic_case_generation/project_tmp/solution_tmp/impl/verilog/project.runs/impl_1/bd_0_wrapper_placed.dcp' has been generated.
Command: phys_opt_design
Attempting to get a license for feature 'Implementation' and/or device 'xc7z020'
INFO: [Common 17-349] Got license for feature 'Implementation' and/or device 'xc7z020'

Starting Initial Update Timing Task
WARNING: [Timing 38-242] The property HD.CLK_SRC of clock port "ap_clk" is not set. In out-of-context mode, this prevents timing estimation for clock delay/skew
Resolution: Set the HD.CLK_SRC property of the out-of-context port to the location of the clock buffer instance in the top-level design

Time (s): cpu = 00:00:00.4 ; elapsed = 00:00:00.19 . Memory (MB): peak = 2925.207 ; gain = 0.000 ; free physical = 91182 ; free virtual = 117355
INFO: [Vivado_Tcl 4-2279] Estimated Timing Summary | WNS= 1.553 | TNS= 0.000 | 
INFO: [Vivado_Tcl 4-383] Design worst setup slack (WNS) is greater than or equal to 0.000 ns. All physical synthesis setup optimizations will be skipped.
INFO: [Vivado_Tcl 4-232] No setup violation found. The netlist was not modified.
INFO: [Common 17-83] Releasing license: Implementation
80 Infos, 5 Warnings, 0 Critical Warnings and 0 Errors encountered.
phys_opt_design completed successfully
INFO: [Timing 38-480] Writing timing data to binary archive.
Write ShapeDB Complete: Time (s): cpu = 00:00:00.02 ; elapsed = 00:00:00.01 . Memory (MB): peak = 2925.207 ; gain = 0.000 ; free physical = 91182 ; free virtual = 117355
Wrote PlaceDB: Time (s): cpu = 00:00:00.4 ; elapsed = 00:00:00.14 . Memory (MB): peak = 2925.207 ; gain = 0.000 ; free physical = 91181 ; free virtual = 117355
Wrote PulsedLatchDB: Time (s): cpu = 00:00:00 ; elapsed = 00:00:00 . Memory (MB): peak = 2925.207 ; gain = 0.000 ; free physical = 91181 ; free virtual = 117355
Writing XDEF routing.
Writing XDEF routing logical nets.
Writing XDEF routing special nets.
Wrote RouteStorage: Time (s): cpu = 00:00:00.03 ; elapsed = 00:00:00.02 . Memory (MB): peak = 2925.207 ; gain = 0.000 ; free physical = 91181 ; free virtual = 117355
Wrote Netlist Cache: Time (s): cpu = 00:00:00 ; elapsed = 00:00:00.01 . Memory (MB): peak = 2925.207 ; gain = 0.000 ; free physical = 91181 ; free virtual = 117355
Wrote Device Cache: Time (s): cpu = 00:00:00.01 ; elapsed = 00:00:00.01 . Memory (MB): peak = 2925.207 ; gain = 0.000 ; free physical = 91181 ; free virtual = 117356
Write Physdb Complete: Time (s): cpu = 00:00:00.44 ; elapsed = 00:00:00.18 . Memory (MB): peak = 2925.207 ; gain = 0.000 ; free physical = 91181 ; free virtual = 117356
INFO: [Common 17-1381] The checkpoint '/home/jjh/RL_test/HLS_Optimization/synthetic_case_generation/project_tmp/solution_tmp/impl/verilog/project.runs/impl_1/bd_0_wrapper_physopt.dcp' has been generated.
Command: route_design
Attempting to get a license for feature 'Implementation' and/or device 'xc7z020'
INFO: [Common 17-349] Got license for feature 'Implementation' and/or device 'xc7z020'


Starting Routing Task
INFO: [Route 35-254] Multithreading enabled for route_design using a maximum of 8 CPUs

Phase 1 Build RT Design
Checksum: PlaceDB: 28f83124 ConstDB: 0 ShapeSum: 1e02b737 RouteDB: 15f972f0
WARNING: [Route 35-197] Clock port "ap_clk" does not have an associated HD.CLK_SRC. Without this constraint, timing analysis may not be accurate and upstream checks cannot be done to ensure correct clock placement.
WARNING: [Route 35-198] Port "ap_rst" does not have an associated HD.PARTPIN_LOCS, which will prevent the partial routing of the signal "ap_rst". Without this partial route, timing analysis to/from this port will not be accurate, and no routing information for this port can be exported.
WARNING: [Route 35-198] Port "in_data_3[0]" does not have an associated HD.PARTPIN_LOCS, which will prevent the partial routing of the signal "in_data_3[0]". Without this partial route, timing analysis to/from this port will not be accurate, and no routing information for this port can be exported.
WARNING: [Route 35-198] Port "in_data_3[1]" does not have an associated HD.PARTPIN_LOCS, which will prevent the partial routing of the signal "in_data_3[1]". Without this partial route, timing analysis to/from this port will not be accurate, and no routing information for this port can be exported.
WARNING: [Route 35-198] Port "in_data_3[2]" does not have an associated HD.PARTPIN_LOCS, which will prevent the partial routing of the signal "in_data_3[2]". Without this partial route, timing analysis to/from this port will not be accurate, and no routing information for this port can be exported.
WARNING: [Route 35-198] Port "in_data_3[3]" does not have an associated HD.PARTPIN_LOCS, which will prevent the partial routing of the signal "in_data_3[3]". Without this partial route, timing analysis to/from this port will not be accurate, and no routing information for this port can be exported.
WARNING: [Route 35-198] Port "in_data_3[4]" does not have an associated HD.PARTPIN_LOCS, which will prevent the partial routing of the signal "in_data_3[4]". Without this partial route, timing analysis to/from this port will not be accurate, and no routing information for this port can be exported.
WARNING: [Route 35-198] Port "in_data_6[8]" does not have an associated HD.PARTPIN_LOCS, which will prevent the partial routing of the signal "in_data_6[8]". Without this partial route, timing analysis to/from this port will not be accurate, and no routing information for this port can be exported.
WARNING: [Route 35-198] Port "in_data_6[10]" does not have an associated HD.PARTPIN_LOCS, which will prevent the partial routing of the signal "in_data_6[10]". Without this partial route, timing analysis to/from this port will not be accurate, and no routing information for this port can be exported.
WARNING: [Route 35-198] Port "in_data_6[9]" does not have an associated HD.PARTPIN_LOCS, which will prevent the partial routing of the signal "in_data_6[9]". Without this partial route, timing analysis to/from this port will not be accurate, and no routing information for this port can be exported.
WARNING: [Route 35-198] Port "in_data_6[4]" does not have an associated HD.PARTPIN_LOCS, which will prevent the partial routing of the signal "in_data_6[4]". Without this partial route, timing analysis to/from this port will not be accurate, and no routing information for this port can be exported.
WARNING: [Route 35-198] Port "in_data_7[1]" does not have an associated HD.PARTPIN_LOCS, which will prevent the partial routing of the signal "in_data_7[1]". Without this partial route, timing analysis to/from this port will not be accurate, and no routing information for this port can be exported.
WARNING: [Route 35-198] Port "in_data_7[2]" does not have an associated HD.PARTPIN_LOCS, which will prevent the partial routing of the signal "in_data_7[2]". Without this partial route, timing analysis to/from this port will not be accurate, and no routing information for this port can be exported.
WARNING: [Route 35-198] Port "in_data_7[3]" does not have an associated HD.PARTPIN_LOCS, which will prevent the partial routing of the signal "in_data_7[3]". Without this partial route, timing analysis to/from this port will not be accurate, and no routing information for this port can be exported.
WARNING: [Route 35-198] Port "in_data_7[4]" does not have an associated HD.PARTPIN_LOCS, which will prevent the partial routing of the signal "in_data_7[4]". Without this partial route, timing analysis to/from this port will not be accurate, and no routing information for this port can be exported.
WARNING: [Route 35-198] Port "in_data_7[0]" does not have an associated HD.PARTPIN_LOCS, which will prevent the partial routing of the signal "in_data_7[0]". Without this partial route, timing analysis to/from this port will not be accurate, and no routing information for this port can be exported.
WARNING: [Route 35-198] Port "in_data_6[2]" does not have an associated HD.PARTPIN_LOCS, which will prevent the partial routing of the signal "in_data_6[2]". Without this partial route, timing analysis to/from this port will not be accurate, and no routing information for this port can be exported.
WARNING: [Route 35-198] Port "in_data_6[3]" does not have an associated HD.PARTPIN_LOCS, which will prevent the partial routing of the signal "in_data_6[3]". Without this partial route, timing analysis to/from this port will not be accurate, and no routing information for this port can be exported.
WARNING: [Route 35-198] Port "in_data_6[5]" does not have an associated HD.PARTPIN_LOCS, which will prevent the partial routing of the signal "in_data_6[5]". Without this partial route, timing analysis to/from this port will not be accurate, and no routing information for this port can be exported.
WARNING: [Route 35-198] Port "in_data_6[7]" does not have an associated HD.PARTPIN_LOCS, which will prevent the partial routing of the signal "in_data_6[7]". Without this partial route, timing analysis to/from this port will not be accurate, and no routing information for this port can be exported.
WARNING: [Route 35-198] Port "in_data_6[0]" does not have an associated HD.PARTPIN_LOCS, which will prevent the partial routing of the signal "in_data_6[0]". Without this partial route, timing analysis to/from this port will not be accurate, and no routing information for this port can be exported.
WARNING: [Route 35-198] Port "in_data_6[1]" does not have an associated HD.PARTPIN_LOCS, which will prevent the partial routing of the signal "in_data_6[1]". Without this partial route, timing analysis to/from this port will not be accurate, and no routing information for this port can be exported.
WARNING: [Route 35-198] Port "in_data_6[6]" does not have an associated HD.PARTPIN_LOCS, which will prevent the partial routing of the signal "in_data_6[6]". Without this partial route, timing analysis to/from this port will not be accurate, and no routing information for this port can be exported.
WARNING: [Route 35-198] Port "ap_ctrl_start" does not have an associated HD.PARTPIN_LOCS, which will prevent the partial routing of the signal "ap_ctrl_start". Without this partial route, timing analysis to/from this port will not be accurate, and no routing information for this port can be exported.
WARNING: [Route 35-198] Port "in_data_8[6]" does not have an associated HD.PARTPIN_LOCS, which will prevent the partial routing of the signal "in_data_8[6]". Without this partial route, timing analysis to/from this port will not be accurate, and no routing information for this port can be exported.
WARNING: [Route 35-198] Port "in_data_8[4]" does not have an associated HD.PARTPIN_LOCS, which will prevent the partial routing of the signal "in_data_8[4]". Without this partial route, timing analysis to/from this port will not be accurate, and no routing information for this port can be exported.
WARNING: [Route 35-198] Port "in_data_8[5]" does not have an associated HD.PARTPIN_LOCS, which will prevent the partial routing of the signal "in_data_8[5]". Without this partial route, timing analysis to/from this port will not be accurate, and no routing information for this port can be exported.
WARNING: [Route 35-198] Port "in_data_8[2]" does not have an associated HD.PARTPIN_LOCS, which will prevent the partial routing of the signal "in_data_8[2]". Without this partial route, timing analysis to/from this port will not be accurate, and no routing information for this port can be exported.
WARNING: [Route 35-198] Port "in_data_8[3]" does not have an associated HD.PARTPIN_LOCS, which will prevent the partial routing of the signal "in_data_8[3]". Without this partial route, timing analysis to/from this port will not be accurate, and no routing information for this port can be exported.
WARNING: [Route 35-198] Port "in_data_8[1]" does not have an associated HD.PARTPIN_LOCS, which will prevent the partial routing of the signal "in_data_8[1]". Without this partial route, timing analysis to/from this port will not be accurate, and no routing information for this port can be exported.
WARNING: [Route 35-198] Port "in_data_8[0]" does not have an associated HD.PARTPIN_LOCS, which will prevent the partial routing of the signal "in_data_8[0]". Without this partial route, timing analysis to/from this port will not be accurate, and no routing information for this port can be exported.
WARNING: [Route 35-198] Port "in_data_6[11]" does not have an associated HD.PARTPIN_LOCS, which will prevent the partial routing of the signal "in_data_6[11]". Without this partial route, timing analysis to/from this port will not be accurate, and no routing information for this port can be exported.
WARNING: [Route 35-198] Port "in_data_1[3]" does not have an associated HD.PARTPIN_LOCS, which will prevent the partial routing of the signal "in_data_1[3]". Without this partial route, timing analysis to/from this port will not be accurate, and no routing information for this port can be exported.
WARNING: [Route 35-198] Port "in_data_1[1]" does not have an associated HD.PARTPIN_LOCS, which will prevent the partial routing of the signal "in_data_1[1]". Without this partial route, timing analysis to/from this port will not be accurate, and no routing information for this port can be exported.
WARNING: [Route 35-198] Port "in_data_1[2]" does not have an associated HD.PARTPIN_LOCS, which will prevent the partial routing of the signal "in_data_1[2]". Without this partial route, timing analysis to/from this port will not be accurate, and no routing information for this port can be exported.
WARNING: [Route 35-198] Port "in_data_1[0]" does not have an associated HD.PARTPIN_LOCS, which will prevent the partial routing of the signal "in_data_1[0]". Without this partial route, timing analysis to/from this port will not be accurate, and no routing information for this port can be exported.
WARNING: [Route 35-198] Port "in_data_1[6]" does not have an associated HD.PARTPIN_LOCS, which will prevent the partial routing of the signal "in_data_1[6]". Without this partial route, timing analysis to/from this port will not be accurate, and no routing information for this port can be exported.
WARNING: [Route 35-198] Port "in_data_1[5]" does not have an associated HD.PARTPIN_LOCS, which will prevent the partial routing of the signal "in_data_1[5]". Without this partial route, timing analysis to/from this port will not be accurate, and no routing information for this port can be exported.
WARNING: [Route 35-198] Port "in_data_1[4]" does not have an associated HD.PARTPIN_LOCS, which will prevent the partial routing of the signal "in_data_1[4]". Without this partial route, timing analysis to/from this port will not be accurate, and no routing information for this port can be exported.
WARNING: [Constraints 18-8777] Unable to split tiles. All required files are not available.
Post Restoration Checksum: NetGraph: 8ecfd675 | NumContArr: c28ded55 | Constraints: c2a8fa9d | Timing: c2a8fa9d
Phase 1 Build RT Design | Checksum: 2d6afb904

Time (s): cpu = 00:00:37 ; elapsed = 00:00:33 . Memory (MB): peak = 2963.961 ; gain = 38.754 ; free physical = 91080 ; free virtual = 117254

Phase 2 Router Initialization

Phase 2.1 Fix Topology Constraints
Phase 2.1 Fix Topology Constraints | Checksum: 2d6afb904

Time (s): cpu = 00:00:37 ; elapsed = 00:00:33 . Memory (MB): peak = 2963.961 ; gain = 38.754 ; free physical = 91080 ; free virtual = 117254

Phase 2.2 Pre Route Cleanup
Phase 2.2 Pre Route Cleanup | Checksum: 2d6afb904

Time (s): cpu = 00:00:37 ; elapsed = 00:00:33 . Memory (MB): peak = 2963.961 ; gain = 38.754 ; free physical = 91080 ; free virtual = 117254
 Number of Nodes with overlaps = 0

Phase 2.3 Update Timing
Phase 2.3 Update Timing | Checksum: 2fbea9c26

Time (s): cpu = 00:00:38 ; elapsed = 00:00:33 . Memory (MB): peak = 2991.977 ; gain = 66.770 ; free physical = 91048 ; free virtual = 117222
INFO: [Route 35-416] Intermediate Timing Summary | WNS=1.699  | TNS=0.000  | WHS=0.171  | THS=0.000  |


Phase 2.4 Soft Constraint Pins - Fast Budgeting
Phase 2.4 Soft Constraint Pins - Fast Budgeting | Checksum: 2e667fda2

Time (s): cpu = 00:00:38 ; elapsed = 00:00:33 . Memory (MB): peak = 2999.977 ; gain = 74.770 ; free physical = 91048 ; free virtual = 117222

Router Utilization Summary
  Global Vertical Routing Utilization    = 0 %
  Global Horizontal Routing Utilization  = 0 %
  Routable Net Status*
  *Does not include unroutable nets such as driverless and loadless.
  Run report_route_status for detailed report.
  Number of Failed Nets               = 1625
    (Failed Nets is the sum of unrouted and partially routed nets)
  Number of Unrouted Nets             = 1625
  Number of Partially Routed Nets     = 0
  Number of Node Overlaps             = 0

Phase 2 Router Initialization | Checksum: 2e667fda2

Time (s): cpu = 00:00:39 ; elapsed = 00:00:33 . Memory (MB): peak = 2999.977 ; gain = 74.770 ; free physical = 91047 ; free virtual = 117221

Phase 3 Global Routing
Phase 3 Global Routing | Checksum: 2e667fda2

Time (s): cpu = 00:00:39 ; elapsed = 00:00:33 . Memory (MB): peak = 2999.977 ; gain = 74.770 ; free physical = 91047 ; free virtual = 117221

Phase 4 Initial Routing

Phase 4.1 Initial Net Routing Pass
Phase 4.1 Initial Net Routing Pass | Checksum: 22a519bd0

Time (s): cpu = 00:00:39 ; elapsed = 00:00:33 . Memory (MB): peak = 2999.977 ; gain = 74.770 ; free physical = 91046 ; free virtual = 117221
Phase 4 Initial Routing | Checksum: 22a519bd0

Time (s): cpu = 00:00:39 ; elapsed = 00:00:33 . Memory (MB): peak = 2999.977 ; gain = 74.770 ; free physical = 91046 ; free virtual = 117221

Phase 5 Rip-up And Reroute

Phase 5.1 Global Iteration 0
 Number of Nodes with overlaps = 306
 Number of Nodes with overlaps = 74
 Number of Nodes with overlaps = 37
 Number of Nodes with overlaps = 11
 Number of Nodes with overlaps = 3
 Number of Nodes with overlaps = 0
INFO: [Route 35-416] Intermediate Timing Summary | WNS=1.695  | TNS=0.000  | WHS=N/A    | THS=N/A    |

Phase 5.1 Global Iteration 0 | Checksum: 26cc3c522

Time (s): cpu = 00:00:42 ; elapsed = 00:00:36 . Memory (MB): peak = 2999.977 ; gain = 74.770 ; free physical = 91045 ; free virtual = 117219
Phase 5 Rip-up And Reroute | Checksum: 26cc3c522

Time (s): cpu = 00:00:42 ; elapsed = 00:00:36 . Memory (MB): peak = 2999.977 ; gain = 74.770 ; free physical = 91045 ; free virtual = 117219

Phase 6 Delay and Skew Optimization

Phase 6.1 Delay CleanUp
Phase 6.1 Delay CleanUp | Checksum: 26cc3c522

Time (s): cpu = 00:00:42 ; elapsed = 00:00:36 . Memory (MB): peak = 2999.977 ; gain = 74.770 ; free physical = 91045 ; free virtual = 117219

Phase 6.2 Clock Skew Optimization
Phase 6.2 Clock Skew Optimization | Checksum: 26cc3c522

Time (s): cpu = 00:00:42 ; elapsed = 00:00:36 . Memory (MB): peak = 2999.977 ; gain = 74.770 ; free physical = 91045 ; free virtual = 117219
Phase 6 Delay and Skew Optimization | Checksum: 26cc3c522

Time (s): cpu = 00:00:42 ; elapsed = 00:00:36 . Memory (MB): peak = 2999.977 ; gain = 74.770 ; free physical = 91045 ; free virtual = 117219

Phase 7 Post Hold Fix

Phase 7.1 Hold Fix Iter
INFO: [Route 35-416] Intermediate Timing Summary | WNS=1.695  | TNS=0.000  | WHS=0.173  | THS=0.000  |

Phase 7.1 Hold Fix Iter | Checksum: 2d25381df

Time (s): cpu = 00:00:43 ; elapsed = 00:00:36 . Memory (MB): peak = 2999.977 ; gain = 74.770 ; free physical = 91045 ; free virtual = 117219
Phase 7 Post Hold Fix | Checksum: 2d25381df

Time (s): cpu = 00:00:43 ; elapsed = 00:00:36 . Memory (MB): peak = 2999.977 ; gain = 74.770 ; free physical = 91045 ; free virtual = 117219

Phase 8 Route finalize

Router Utilization Summary
  Global Vertical Routing Utilization    = 0.213783 %
  Global Horizontal Routing Utilization  = 0.278736 %
  Routable Net Status*
  *Does not include unroutable nets such as driverless and loadless.
  Run report_route_status for detailed report.
  Number of Failed Nets               = 0
    (Failed Nets is the sum of unrouted and partially routed nets)
  Number of Unrouted Nets             = 0
  Number of Partially Routed Nets     = 0
  Number of Node Overlaps             = 0

Phase 8 Route finalize | Checksum: 2d25381df

Time (s): cpu = 00:00:43 ; elapsed = 00:00:36 . Memory (MB): peak = 2999.977 ; gain = 74.770 ; free physical = 91045 ; free virtual = 117219

Phase 9 Verifying routed nets

 Verification completed successfully
Phase 9 Verifying routed nets | Checksum: 2d25381df

Time (s): cpu = 00:00:43 ; elapsed = 00:00:36 . Memory (MB): peak = 2999.977 ; gain = 74.770 ; free physical = 91045 ; free virtual = 117219

Phase 10 Depositing Routes
Phase 10 Depositing Routes | Checksum: 341c6c994

Time (s): cpu = 00:00:43 ; elapsed = 00:00:36 . Memory (MB): peak = 2999.977 ; gain = 74.770 ; free physical = 91045 ; free virtual = 117219

Phase 11 Post Process Routing
Phase 11 Post Process Routing | Checksum: 341c6c994

Time (s): cpu = 00:00:43 ; elapsed = 00:00:36 . Memory (MB): peak = 2999.977 ; gain = 74.770 ; free physical = 91045 ; free virtual = 117219

Phase 12 Post Router Timing
INFO: [Route 35-57] Estimated Timing Summary | WNS=1.695  | TNS=0.000  | WHS=0.173  | THS=0.000  |

INFO: [Route 35-327] The final timing numbers are based on the router estimated timing analysis. For a complete and accurate timing signoff, please run report_timing_summary.
Phase 12 Post Router Timing | Checksum: 341c6c994

Time (s): cpu = 00:00:43 ; elapsed = 00:00:36 . Memory (MB): peak = 2999.977 ; gain = 74.770 ; free physical = 91045 ; free virtual = 117219
Total Elapsed time in route_design: 36.42 secs

Phase 13 Post-Route Event Processing
Phase 13 Post-Route Event Processing | Checksum: 513b5be1

Time (s): cpu = 00:00:43 ; elapsed = 00:00:36 . Memory (MB): peak = 2999.977 ; gain = 74.770 ; free physical = 91045 ; free virtual = 117219
INFO: [Route 35-16] Router Completed Successfully
Ending Routing Task | Checksum: 513b5be1

Time (s): cpu = 00:00:43 ; elapsed = 00:00:36 . Memory (MB): peak = 2999.977 ; gain = 74.770 ; free physical = 91045 ; free virtual = 117219

Routing Is Done.
INFO: [Common 17-83] Releasing license: Implementation
91 Infos, 45 Warnings, 0 Critical Warnings and 0 Errors encountered.
route_design completed successfully
route_design: Time (s): cpu = 00:00:43 ; elapsed = 00:00:37 . Memory (MB): peak = 2999.977 ; gain = 74.770 ; free physical = 91045 ; free virtual = 117219
INFO: [Vivado 12-24828] Executing command : report_drc -file bd_0_wrapper_drc_routed.rpt -pb bd_0_wrapper_drc_routed.pb -rpx bd_0_wrapper_drc_routed.rpx
Command: report_drc -file bd_0_wrapper_drc_routed.rpt -pb bd_0_wrapper_drc_routed.pb -rpx bd_0_wrapper_drc_routed.rpx
INFO: [IP_Flow 19-1839] IP Catalog is up to date.
INFO: [DRC 23-27] Running DRC with 8 threads
WARNING: [DRC 23-814] Not all possible (connectivity based) DRCs may have been run because this design is seen as Out of Context.
INFO: [Vivado_Tcl 2-168] The results of DRC are in file /home/jjh/RL_test/HLS_Optimization/synthetic_case_generation/project_tmp/solution_tmp/impl/verilog/project.runs/impl_1/bd_0_wrapper_drc_routed.rpt.
report_drc completed successfully
INFO: [Vivado 12-24828] Executing command : report_methodology -file bd_0_wrapper_methodology_drc_routed.rpt -pb bd_0_wrapper_methodology_drc_routed.pb -rpx bd_0_wrapper_methodology_drc_routed.rpx
Command: report_methodology -file bd_0_wrapper_methodology_drc_routed.rpt -pb bd_0_wrapper_methodology_drc_routed.pb -rpx bd_0_wrapper_methodology_drc_routed.rpx
INFO: [Timing 38-35] Done setting XDC timing constraints.
WARNING: [Timing 38-242] The property HD.CLK_SRC of clock port "ap_clk" is not set. In out-of-context mode, this prevents timing estimation for clock delay/skew
Resolution: Set the HD.CLK_SRC property of the out-of-context port to the location of the clock buffer instance in the top-level design
INFO: [DRC 23-133] Running Methodology with 8 threads
WARNING: [DRC 23-814] Not all possible (connectivity based) DRCs may have been run because this design is seen as Out of Context.
INFO: [Vivado_Tcl 2-1520] The results of Report Methodology are in file /home/jjh/RL_test/HLS_Optimization/synthetic_case_generation/project_tmp/solution_tmp/impl/verilog/project.runs/impl_1/bd_0_wrapper_methodology_drc_routed.rpt.
report_methodology completed successfully
INFO: [Vivado 12-24828] Executing command : report_timing_summary -max_paths 10 -routable_nets -report_unconstrained -file bd_0_wrapper_timing_summary_routed.rpt -pb bd_0_wrapper_timing_summary_routed.pb -rpx bd_0_wrapper_timing_summary_routed.rpx -warn_on_violation 
INFO: [Timing 38-35] Done setting XDC timing constraints.
INFO: [Timing 38-91] UpdateTimingParams: Speed grade: -1, Delay Type: min_max.
INFO: [Timing 38-191] Multithreading enabled for timing update using a maximum of 8 CPUs
INFO: [Vivado 12-24838] Running report commands "report_bus_skew, report_incremental_reuse, report_route_status" in parallel.
Running report generation with 3 threads.
INFO: [Vivado 12-24828] Executing command : report_incremental_reuse -file bd_0_wrapper_incremental_reuse_routed.rpt
INFO: [Vivado_Tcl 4-1062] Incremental flow is disabled. No incremental reuse Info to report.
INFO: [Vivado 12-24828] Executing command : report_route_status -file bd_0_wrapper_route_status.rpt -pb bd_0_wrapper_route_status.pb
INFO: [Vivado 12-24828] Executing command : report_bus_skew -warn_on_violation -file bd_0_wrapper_bus_skew_routed.rpt -pb bd_0_wrapper_bus_skew_routed.pb -rpx bd_0_wrapper_bus_skew_routed.rpx
INFO: [Timing 38-91] UpdateTimingParams: Speed grade: -1, Delay Type: min_max.
INFO: [Timing 38-191] Multithreading enabled for timing update using a maximum of 8 CPUs
INFO: [Vivado 12-24828] Executing command : report_power -file bd_0_wrapper_power_routed.rpt -pb bd_0_wrapper_power_summary_routed.pb -rpx bd_0_wrapper_power_routed.rpx
Command: report_power -file bd_0_wrapper_power_routed.rpt -pb bd_0_wrapper_power_summary_routed.pb -rpx bd_0_wrapper_power_routed.rpx
Running Vector-less Activity Propagation...

Finished Running Vector-less Activity Propagation
111 Infos, 48 Warnings, 0 Critical Warnings and 0 Errors encountered.
report_power completed successfully
INFO: [Vivado 12-24828] Executing command : report_clock_utilization -file bd_0_wrapper_clock_utilization_routed.rpt
generate_parallel_reports: Time (s): cpu = 00:00:23 ; elapsed = 00:00:07 . Memory (MB): peak = 3142.656 ; gain = 142.680 ; free physical = 90929 ; free virtual = 117105
INFO: [Timing 38-480] Writing timing data to binary archive.
Write ShapeDB Complete: Time (s): cpu = 00:00:00.03 ; elapsed = 00:00:00.01 . Memory (MB): peak = 3142.656 ; gain = 0.000 ; free physical = 90929 ; free virtual = 117105
Wrote PlaceDB: Time (s): cpu = 00:00:00.41 ; elapsed = 00:00:00.14 . Memory (MB): peak = 3142.656 ; gain = 0.000 ; free physical = 90926 ; free virtual = 117103
Wrote PulsedLatchDB: Time (s): cpu = 00:00:00 ; elapsed = 00:00:00 . Memory (MB): peak = 3142.656 ; gain = 0.000 ; free physical = 90926 ; free virtual = 117103
Writing XDEF routing.
Writing XDEF routing logical nets.
Writing XDEF routing special nets.
Wrote RouteStorage: Time (s): cpu = 00:00:00.06 ; elapsed = 00:00:00.04 . Memory (MB): peak = 3142.656 ; gain = 0.000 ; free physical = 90926 ; free virtual = 117103
Wrote Netlist Cache: Time (s): cpu = 00:00:00 ; elapsed = 00:00:00.01 . Memory (MB): peak = 3142.656 ; gain = 0.000 ; free physical = 90926 ; free virtual = 117103
Wrote Device Cache: Time (s): cpu = 00:00:00.01 ; elapsed = 00:00:00.01 . Memory (MB): peak = 3142.656 ; gain = 0.000 ; free physical = 90926 ; free virtual = 117104
Write Physdb Complete: Time (s): cpu = 00:00:00.48 ; elapsed = 00:00:00.2 . Memory (MB): peak = 3142.656 ; gain = 0.000 ; free physical = 90926 ; free virtual = 117104
INFO: [Common 17-1381] The checkpoint '/home/jjh/RL_test/HLS_Optimization/synthetic_case_generation/project_tmp/solution_tmp/impl/verilog/project.runs/impl_1/bd_0_wrapper_routed.dcp' has been generated.
INFO: [Common 17-206] Exiting Vivado at Tue Dec 23 12:52:20 2025...
[Tue Dec 23 12:52:36 2025] impl_1 finished
wait_on_runs: Time (s): cpu = 00:00:02 ; elapsed = 00:01:43 . Memory (MB): peak = 2679.309 ; gain = 0.000 ; free physical = 92867 ; free virtual = 119044
TIMESTAMP: HLS-REPORT: implementation open_run: 2025-12-23 12:52:36 KST
INFO: HLS-REPORT: Opening implementation design database: open_run impl_1
Netlist sorting complete. Time (s): cpu = 00:00:00.02 ; elapsed = 00:00:00.01 . Memory (MB): peak = 2679.309 ; gain = 0.000 ; free physical = 92867 ; free virtual = 119044
INFO: [Netlist 29-17] Analyzing 187 Unisim elements for replacement
INFO: [Netlist 29-28] Unisim Transformation completed in 0 CPU seconds
INFO: [Project 1-479] Netlist was created with Vivado 2025.1
INFO: [Project 1-570] Preparing netlist for logic optimization
Read ShapeDB Complete: Time (s): cpu = 00:00:00 ; elapsed = 00:00:00 . Memory (MB): peak = 2679.309 ; gain = 0.000 ; free physical = 92844 ; free virtual = 119021
INFO: [Timing 38-478] Restoring timing data from binary archive.
INFO: [Timing 38-479] Binary timing data restore complete.
INFO: [Project 1-856] Restoring constraints from binary archive.
INFO: [Project 1-853] Binary constraint restore complete.
INFO: [Designutils 20-5722] Start Reading Physical Databases.
Reading placement.
Read Netlist Cache: Time (s): cpu = 00:00:00 ; elapsed = 00:00:00 . Memory (MB): peak = 2747.355 ; gain = 0.000 ; free physical = 92789 ; free virtual = 118965
Reading placer database...
Read Device Cache: Time (s): cpu = 00:00:00.02 ; elapsed = 00:00:00.02 . Memory (MB): peak = 2747.355 ; gain = 0.000 ; free physical = 92789 ; free virtual = 118965
Read PlaceDB: Time (s): cpu = 00:00:00.12 ; elapsed = 00:00:00.12 . Memory (MB): peak = 2747.355 ; gain = 0.000 ; free physical = 92789 ; free virtual = 118965
Read PulsedLatchDB: Time (s): cpu = 00:00:00 ; elapsed = 00:00:00 . Memory (MB): peak = 2747.355 ; gain = 0.000 ; free physical = 92789 ; free virtual = 118965
Reading routing.
Read RouteStorage: Time (s): cpu = 00:00:00.05 ; elapsed = 00:00:00.04 . Memory (MB): peak = 2747.355 ; gain = 0.000 ; free physical = 92789 ; free virtual = 118965
Read Physdb Files: Time (s): cpu = 00:00:00.19 ; elapsed = 00:00:00.18 . Memory (MB): peak = 2747.355 ; gain = 0.000 ; free physical = 92789 ; free virtual = 118965
Restored from archive | CPU: 0.190000 secs | Memory: 2.322388 MB |
Finished XDEF File Restore: Time (s): cpu = 00:00:00.19 ; elapsed = 00:00:00.18 . Memory (MB): peak = 2747.355 ; gain = 0.000 ; free physical = 92789 ; free virtual = 118965
Netlist sorting complete. Time (s): cpu = 00:00:00 ; elapsed = 00:00:00 . Memory (MB): peak = 2747.355 ; gain = 0.000 ; free physical = 92789 ; free virtual = 118965
INFO: [Project 1-111] Unisim Transformation Summary:
No Unisim elements were transformed.

TIMESTAMP: HLS-REPORT: implementation generate_reports_vivado: 2025-12-23 12:52:37 KST
INFO: HLS-REPORT: Running report: report_utilization -file ./report/case_10_utilization_routed.rpt
INFO: HLS-REPORT: Running report: report_utilization -hierarchical -hierarchical_depth 5 -file ./report/case_10_utilization_hierarchical_routed.rpt
INFO: HLS-REPORT: Running report: report_timing_summary -file ./report/case_10_timing_routed.rpt
INFO: [Timing 38-91] UpdateTimingParams: Speed grade: -1, Delay Type: min_max.
INFO: [Timing 38-191] Multithreading enabled for timing update using a maximum of 8 CPUs
WARNING: [Timing 38-242] The property HD.CLK_SRC of clock port "ap_clk" is not set. In out-of-context mode, this prevents timing estimation for clock delay/skew
Resolution: Set the HD.CLK_SRC property of the out-of-context port to the location of the clock buffer instance in the top-level design
INFO: HLS-REPORT: Running report: report_power -file ./report/case_10_power_routed.rpt -xpe ./case_10_power.xpe
Command: report_power -file ./report/case_10_power_routed.rpt -xpe ./case_10_power.xpe
Running Vector-less Activity Propagation...

Finished Running Vector-less Activity Propagation
13 Infos, 2 Warnings, 0 Critical Warnings and 0 Errors encountered.
report_power completed successfully
INFO: HLS-REPORT: Running report: report_route_status -file ./report/case_10_status_routed.rpt
INFO: HLS-REPORT: Running report: report_timing -max_paths 10 -file ./report/case_10_timing_paths_routed.rpt
INFO: [Timing 38-91] UpdateTimingParams: Speed grade: -1, Delay Type: max.
INFO: [Timing 38-191] Multithreading enabled for timing update using a maximum of 8 CPUs
INFO: [Timing 38-78] ReportTimingParams: -max_paths 10 -nworst 1 -delay_type max -sort_by slack.
INFO: HLS-REPORT: Running report: report_design_analysis -file ./report/case_10_design_analysis_routed.rpt
INFO: HLS-REPORT: Running report: ::tclapp::xilinx::designutils::report_failfast -detailed_report impl -file ./report/case_10_failfast_routed.rpt
 -I- design metrics completed in 0 seconds
 -I- DONT_TOUCH metric completed in 0 seconds
 -I- MARK_DEBUG metric completed in 0 seconds
 -I- utilization metrics completed in 2 seconds
 -I- control set metrics completed in 0 seconds
 -I- methodology check metrics completed in 1 seconds
 -I- average fanout metrics completed in 0 seconds (0 modules)
 -I- non-FD high fanout nets completed in 0 seconds
 -I- path budgeting metrics completed in 0 seconds
#  +-----------------------------------------------------------------------------------------+
#  | Design Summary                                                                          |
#  | impl_1                                                                                  |
#  | xc7z020clg484-1                                                                         |
#  +-----------------------------------------------------------+-----------+--------+--------+
#  | Criteria                                                  | Guideline | Actual | Status |
#  +-----------------------------------------------------------+-----------+--------+--------+
#  | LUT                                                       | 70%       | 2.13%  | OK     |
#  | FD                                                        | 50%       | 0.38%  | OK     |
#  | LUTRAM+SRL                                                | 25%       | 0.00%  | OK     |
#  | MUXF7                                                     | 15%       | 0.00%  | OK     |
#  | DSP                                                       | 80%       | 2.73%  | OK     |
#  | RAMB/FIFO                                                 | 80%       | 0.00%  | OK     |
#  | DSP+RAMB+URAM (Avg)                                       | 70%       | 2.73%  | OK     |
#  | BUFGCE* + BUFGCTRL                                        | 24        | 0      | OK     |
#  | DONT_TOUCH (cells/nets)                                   | 0         | 0      | OK     |
#  | MARK_DEBUG (nets)                                         | 0         | 0      | OK     |
#  | Control Sets                                              | 998       | 24     | OK     |
#  | Average Fanout for modules > 100k cells                   | 4         | 2.96   | OK     |
#  | Max Average Fanout for modules > 100k cells               | 4         | 0      | OK     |
#  | Non-FD high fanout nets > 10k loads                       | 0         | 0      | OK     |
#  +-----------------------------------------------------------+-----------+--------+--------+
#  | TIMING-6 (No common primary clock between related clocks) | 0         | 0      | OK     |
#  | TIMING-7 (No common node between related clocks)          | 0         | 0      | OK     |
#  | TIMING-8 (No common period between related clocks)        | 0         | 0      | OK     |
#  | TIMING-14 (LUT on the clock tree)                         | 0         | 0      | OK     |
#  | TIMING-35 (No common node in paths with the same clock)   | 0         | 0      | OK     |
#  +-----------------------------------------------------------+-----------+--------+--------+
#  | Number of paths above max LUT budgeting (0.575ns)         | 0         | 0      | OK     |
#  | Number of paths above max Net budgeting (0.403ns)         | 0         | 0      | OK     |
#  +-----------------------------------------------------------+-----------+--------+--------+
 -I- Generated file /home/jjh/RL_test/HLS_Optimization/synthetic_case_generation/project_tmp/solution_tmp/impl/verilog/report/case_10_failfast_routed.rpt
 -I- Number of criteria to review: 0
 -I- This report should be run before placing the design and uses conservative guidelines beyond which runtime and timing closure will likely be more challenging
 -I- report_failfast completed in 3 seconds
TIMESTAMP: HLS-REPORT: implementation gen_data_dict_vivado: 2025-12-23 12:52:42 KST
TIMESTAMP: HLS-REPORT: impl extract_util_hier: 2025-12-23 12:52:42 KST
TIMESTAMP: HLS-REPORT: impl get_cell_hier_data: 2025-12-23 12:52:42 KST
TIMESTAMP: HLS-REPORT: impl get_timing_paths: 2025-12-23 12:52:42 KST
TIMESTAMP: HLS-REPORT: impl process timing paths: 2025-12-23 12:52:42 KST
TIMESTAMP: HLS-REPORT: impl get_all_vv_rpt_files: 2025-12-23 12:52:42 KST
TIMESTAMP: HLS-REPORT: implementation write_reports_vivado: 2025-12-23 12:52:42 KST
HLS EXTRACTION: impl area_totals:  13300 53200 106400 220 280 0 0
HLS EXTRACTION: impl area_current: 388 1134 401 6 0 0 0 0 0 0
HLS EXTRACTION: impl resources_dict: AVAIL_SLICE 13300 SLICE 388 AVAIL_LUT 53200 LUT 1134 AVAIL_FF 106400 FF 401 AVAIL_DSP 220 DSP 6 AVAIL_BRAM 280 BRAM 0 AVAIL_URAM 0 URAM 0 LATCH 0 SRL 0 AVAIL_CLB 0 CLB 0
INFO: HLS-REPORT: generated /home/jjh/RL_test/HLS_Optimization/synthetic_case_generation/project_tmp/solution_tmp/impl/verilog/report/vivado_impl.xml
INFO: HLS-REPORT: generated /home/jjh/RL_test/HLS_Optimization/synthetic_case_generation/project_tmp/solution_tmp/impl/report/verilog/case_10_export.rpt


Implementation tool: Xilinx Vivado v.2025.1
Project:             project_tmp
Solution:            solution_tmp
Device target:       xc7z020-clg484-1
Report date:         Tue Dec 23 12:52:42 KST 2025

#=== Post-Implementation Resource usage ===
SLICE:          388
LUT:           1134
FF:             401
DSP:              6
BRAM:             0
URAM:             0
LATCH:            0
SRL:              0
CLB:              0

#=== Final timing ===
CP required:                     10.000
CP achieved post-synthesis:      7.417
CP achieved post-implementation: 8.268
Timing met

TIMESTAMP: HLS-REPORT: implementation end: 2025-12-23 12:52:42 KST
INFO: HLS-REPORT: impl run complete: worst setup slack (WNS)=1.731529, worst hold slack (WHS)=0.174350, total pulse width slack(TPWS)=0.000000, number of unrouted nets=0
# hls_vivado_reports_finalize $report_options
TIMESTAMP: HLS-REPORT: all reports complete: 2025-12-23 12:52:42 KST
INFO: [Common 17-206] Exiting Vivado at Tue Dec 23 12:52:42 2025...
INFO: [HLS 200-802] Generated output file project_tmp/solution_tmp/impl/export.zip
WARNING: [HLS 200-484] The 'export_design -evaluate' command is deprecated and will be removed in a future release.
INFO: [HLS 200-2161] Finished Command export_design Elapsed time: 00:06:14; Allocated memory: 6.395 MB.
INFO: [HLS 200-112] Total CPU user time: 262.39 seconds. Total CPU system time: 15.9 seconds. Total elapsed time: 397.38 seconds; peak allocated memory: 313.617 MB.
INFO: [vitis-run 60-791] Total elapsed time: 0h 6m 39s
INFO: [vitis-run 60-1662] Stopping dispatch session having empty uuid.
