  **** HLS Build v2025.1 6135595
Sourcing Tcl script '/home/jjh/RL_test/HLS_Optimization/synthetic_case_generation/./script_tmp.tcl'
INFO: [HLS 200-1510] Running: open_project -reset project_tmp 
WARNING: [HLS 200-2182] The 'project_tmp' project will not automatically appear within Vitis IDE workspaces and is meant only for TCL batch use.  Please use open_component instead of open_project/open_solution to generate Vitis IDE compatible component files and directory structure.
Resolution: For help on HLS 200-2182 see docs.xilinx.com/access/sources/dita/topic?Doc_Version=2025.1%20English&url=ug1448-hls-guidance&resourceid=200-2182.html
INFO: [HLS 200-10] Opening and resetting solution '/home/jjh/RL_test/HLS_Optimization/synthetic_case_generation/project_tmp'.
INFO: [HLS 200-1510] Running: set_top case_7 
INFO: [HLS 200-1510] Running: add_files ./CASE/case_7//case_7.cc 
INFO: [HLS 200-10] Adding design file './CASE/case_7//case_7.cc' to the project
INFO: [HLS 200-1510] Running: open_solution solution_tmp 
INFO: [HLS 200-10] Creating and opening solution '/home/jjh/RL_test/HLS_Optimization/synthetic_case_generation/project_tmp/solution_tmp'.
INFO: [HLS 200-1505] Using default flow_target 'vivado'
Resolution: For help on HLS 200-1505 see docs.xilinx.com/access/sources/dita/topic?Doc_Version=2025.1%20English&url=ug1448-hls-guidance&resourceid=200-1505.html
INFO: [HLS 200-1510] Running: set_part xc7z020clg484-1 
INFO: [HLS 200-1611] Setting target device to 'xc7z020-clg484-1'
INFO: [HLS 200-1510] Running: create_clock -period 10 -name default 
INFO: [SYN 201-201] Setting up clock 'default' with a period of 10ns.
INFO: [HLS 200-1510] Running: source ./directive_tmp.tcl
INFO: [HLS 200-1510] Running: set_directive_bind_op -op mul -impl fabric case_7 m30 
INFO: [HLS 200-1510] Running: set_directive_bind_op -op mul -impl fabric case_7 m31 
INFO: [HLS 200-1510] Running: set_directive_bind_op -op mul -impl fabric case_7 m32 
INFO: [HLS 200-1510] Running: set_directive_bind_op -op mul -impl fabric case_7 m33 
INFO: [HLS 200-1510] Running: set_directive_bind_op -op mul -impl fabric case_7 m34 
INFO: [HLS 200-1510] Running: set_directive_bind_op -op mul -impl fabric case_7 m36 
INFO: [HLS 200-1510] Running: set_directive_bind_op -op mul -impl fabric case_7 m37 
INFO: [HLS 200-1510] Running: set_directive_bind_op -op mul -impl fabric case_7 m38 
INFO: [HLS 200-1510] Running: set_directive_bind_op -op mul -impl fabric case_7 m40 
INFO: [HLS 200-1510] Running: set_directive_bind_op -op mul -impl fabric case_7 m44 
INFO: [HLS 200-1510] Running: set_directive_bind_op -op mul -impl fabric case_7 m45 
INFO: [HLS 200-1510] Running: set_directive_bind_op -op mul -impl fabric case_7 m46 
INFO: [HLS 200-1510] Running: set_directive_bind_op -op mul -impl fabric case_7 m48 
INFO: [HLS 200-1510] Running: set_directive_bind_op -op mul -impl fabric case_7 m49 
INFO: [HLS 200-1510] Running: set_directive_bind_op -op mul -impl fabric case_7 m50 
INFO: [HLS 200-1510] Running: set_directive_bind_op -op mul -impl fabric case_7 m51 
INFO: [HLS 200-1510] Running: set_directive_bind_op -op mul -impl fabric case_7 m52 
INFO: [HLS 200-1510] Running: set_directive_bind_op -op mul -impl fabric case_7 m53 
INFO: [HLS 200-1510] Running: set_directive_bind_op -op mul -impl fabric case_7 m55 
INFO: [HLS 200-1510] Running: set_directive_bind_op -op mul -impl fabric case_7 m56 
INFO: [HLS 200-1510] Running: set_directive_bind_op -op mul -impl fabric case_7 m57 
INFO: [HLS 200-1510] Running: set_directive_bind_op -op mul -impl fabric case_7 m58 
INFO: [HLS 200-1510] Running: set_directive_bind_op -op mul -impl fabric case_7 m59 
INFO: [HLS 200-1510] Running: set_directive_bind_op -op mul -impl fabric case_7 m61 
INFO: [HLS 200-1510] Running: set_directive_bind_op -op mul -impl fabric case_7 m63 
INFO: [HLS 200-1510] Running: set_directive_bind_op -op mul -impl fabric case_7 m64 
INFO: [HLS 200-1510] Running: set_directive_bind_op -op mul -impl fabric case_7 m65 
INFO: [HLS 200-1510] Running: set_directive_bind_op -op mul -impl fabric case_7 m67 
INFO: [HLS 200-1510] Running: set_directive_bind_op -op mul -impl fabric case_7 m68 
INFO: [HLS 200-1510] Running: set_directive_bind_op -op mul -impl fabric case_7 m69 
INFO: [HLS 200-1510] Running: set_directive_bind_op -op mul -impl fabric case_7 m70 
INFO: [HLS 200-1510] Running: set_directive_bind_op -op mul -impl fabric case_7 m72 
INFO: [HLS 200-1510] Running: set_directive_bind_op -op mul -impl fabric case_7 m73 
INFO: [HLS 200-1510] Running: set_directive_bind_op -op mul -impl fabric case_7 m74 
INFO: [HLS 200-1510] Running: set_directive_bind_op -op mul -impl fabric case_7 m75 
INFO: [HLS 200-1510] Running: set_directive_bind_op -op mul -impl fabric case_7 m76 
INFO: [HLS 200-1510] Running: set_directive_bind_op -op mul -impl fabric case_7 m77 
INFO: [HLS 200-1510] Running: set_directive_bind_op -op mul -impl fabric case_7 m79 
INFO: [HLS 200-1510] Running: set_directive_bind_op -op mul -impl fabric case_7 m81 
INFO: [HLS 200-1510] Running: set_directive_bind_op -op mul -impl fabric case_7 m82 
INFO: [HLS 200-1510] Running: set_directive_bind_op -op mul -impl fabric case_7 m83 
INFO: [HLS 200-1510] Running: set_directive_bind_op -op mul -impl fabric case_7 m84 
INFO: [HLS 200-1510] Running: set_directive_bind_op -op mul -impl fabric case_7 m86 
INFO: [HLS 200-1510] Running: set_directive_bind_op -op mul -impl fabric case_7 m88 
INFO: [HLS 200-1510] Running: set_directive_bind_op -op mul -impl fabric case_7 m89 
INFO: [HLS 200-1510] Running: set_directive_bind_op -op mul -impl fabric case_7 m91 
INFO: [HLS 200-1510] Running: set_directive_bind_op -op mul -impl fabric case_7 m92 
INFO: [HLS 200-1510] Running: set_directive_bind_op -op mul -impl fabric case_7 m93 
INFO: [HLS 200-1510] Running: set_directive_bind_op -op mul -impl fabric case_7 m94 
INFO: [HLS 200-1510] Running: set_directive_bind_op -op mul -impl fabric case_7 m95 
INFO: [HLS 200-1510] Running: set_directive_bind_op -op mul -impl fabric case_7 m96 
INFO: [HLS 200-1510] Running: set_directive_bind_op -op mul -impl fabric case_7 m97 
INFO: [HLS 200-1510] Running: set_directive_bind_op -op mul -impl fabric case_7 m98 
INFO: [HLS 200-1510] Running: set_directive_bind_op -op mul -impl fabric case_7 m99 
INFO: [HLS 200-1510] Running: set_directive_bind_op -op mul -impl fabric case_7 m101 
INFO: [HLS 200-1510] Running: set_directive_bind_op -op mul -impl fabric case_7 m102 
INFO: [HLS 200-1510] Running: set_directive_bind_op -op mul -impl fabric case_7 m105 
INFO: [HLS 200-1510] Running: set_directive_bind_op -op mul -impl fabric case_7 m106 
INFO: [HLS 200-1510] Running: set_directive_bind_op -op mul -impl fabric case_7 m107 
INFO: [HLS 200-1510] Running: set_directive_bind_op -op mul -impl fabric case_7 m109 
INFO: [HLS 200-1510] Running: set_directive_bind_op -op mul -impl fabric case_7 m111 
INFO: [HLS 200-1510] Running: set_directive_bind_op -op mul -impl fabric case_7 m113 
INFO: [HLS 200-1510] Running: set_directive_bind_op -op mul -impl fabric case_7 m114 
INFO: [HLS 200-1510] Running: set_directive_bind_op -op mul -impl fabric case_7 m115 
INFO: [HLS 200-1510] Running: set_directive_bind_op -op mul -impl fabric case_7 m117 
INFO: [HLS 200-1510] Running: set_directive_bind_op -op mul -impl fabric case_7 m118 
INFO: [HLS 200-1510] Running: set_directive_bind_op -op mul -impl fabric case_7 m119 
INFO: [HLS 200-1510] Running: set_directive_bind_op -op mul -impl fabric case_7 m121 
INFO: [HLS 200-1510] Running: set_directive_bind_op -op mul -impl fabric case_7 m123 
INFO: [HLS 200-1510] Running: set_directive_bind_op -op mul -impl fabric case_7 m124 
INFO: [HLS 200-1510] Running: set_directive_bind_op -op mul -impl fabric case_7 m125 
INFO: [HLS 200-1510] Running: set_directive_bind_op -op mul -impl fabric case_7 m126 
INFO: [HLS 200-1510] Running: set_directive_bind_op -op mul -impl fabric case_7 m127 
INFO: [HLS 200-1510] Running: set_directive_bind_op -op mul -impl fabric case_7 m128 
INFO: [HLS 200-1510] Running: set_directive_bind_op -op mul -impl fabric case_7 m129 
INFO: [HLS 200-1510] Running: set_directive_bind_op -op mul -impl fabric case_7 m130 
INFO: [HLS 200-1510] Running: set_directive_bind_op -op mul -impl fabric case_7 m131 
INFO: [HLS 200-1510] Running: set_directive_bind_op -op mul -impl fabric case_7 m133 
INFO: [HLS 200-1510] Running: set_directive_bind_op -op mul -impl fabric case_7 m134 
INFO: [HLS 200-1510] Running: set_directive_bind_op -op mul -impl fabric case_7 m135 
INFO: [HLS 200-1510] Running: set_directive_bind_op -op mul -impl fabric case_7 m136 
INFO: [HLS 200-1510] Running: set_directive_bind_op -op mul -impl fabric case_7 m137 
INFO: [HLS 200-1510] Running: set_directive_bind_op -op mul -impl fabric case_7 m140 
INFO: [HLS 200-1510] Running: set_directive_bind_op -op mul -impl fabric case_7 m144 
INFO: [HLS 200-1510] Running: set_directive_bind_op -op mul -impl fabric case_7 m145 
INFO: [HLS 200-1510] Running: set_directive_bind_op -op mul -impl fabric case_7 m147 
INFO: [HLS 200-1510] Running: set_directive_bind_op -op mul -impl fabric case_7 m148 
INFO: [HLS 200-1510] Running: set_directive_bind_op -op mul -impl fabric case_7 m149 
INFO: [HLS 200-1510] Running: set_directive_bind_op -op mul -impl fabric case_7 m151 
INFO: [HLS 200-1510] Running: set_directive_bind_op -op mul -impl fabric case_7 m153 
INFO: [HLS 200-1510] Running: set_directive_bind_op -op mul -impl fabric case_7 m154 
INFO: [HLS 200-1510] Running: set_directive_bind_op -op mul -impl fabric case_7 m155 
INFO: [HLS 200-1510] Running: set_directive_bind_op -op mul -impl fabric case_7 m156 
INFO: [HLS 200-1510] Running: set_directive_bind_op -op mul -impl fabric case_7 m157 
INFO: [HLS 200-1510] Running: set_directive_bind_op -op mul -impl fabric case_7 m161 
INFO: [HLS 200-1510] Running: set_directive_bind_op -op mul -impl fabric case_7 m163 
INFO: [HLS 200-1510] Running: set_directive_bind_op -op mul -impl fabric case_7 m164 
INFO: [HLS 200-1510] Running: set_directive_bind_op -op mul -impl fabric case_7 m166 
INFO: [HLS 200-1510] Running: set_directive_bind_op -op mul -impl fabric case_7 m167 
INFO: [HLS 200-1510] Running: set_directive_bind_op -op mul -impl fabric case_7 m168 
INFO: [HLS 200-1510] Running: set_directive_bind_op -op mul -impl fabric case_7 m170 
INFO: [HLS 200-1510] Running: set_directive_bind_op -op mul -impl fabric case_7 m171 
INFO: [HLS 200-1510] Running: set_directive_bind_op -op mul -impl fabric case_7 m175 
INFO: [HLS 200-1510] Running: set_directive_bind_op -op mul -impl fabric case_7 m179 
INFO: [HLS 200-1510] Running: set_directive_bind_op -op mul -impl fabric case_7 m180 
INFO: [HLS 200-1510] Running: set_directive_bind_op -op mul -impl fabric case_7 m181 
INFO: [HLS 200-1510] Running: set_directive_bind_op -op mul -impl fabric case_7 m182 
INFO: [HLS 200-1510] Running: set_directive_bind_op -op mul -impl fabric case_7 m183 
INFO: [HLS 200-1510] Running: set_directive_bind_op -op mul -impl fabric case_7 m184 
INFO: [HLS 200-1510] Running: set_directive_bind_op -op mul -impl fabric case_7 m185 
INFO: [HLS 200-1510] Running: set_directive_bind_op -op mul -impl fabric case_7 m186 
INFO: [HLS 200-1510] Running: set_directive_bind_op -op mul -impl fabric case_7 m187 
INFO: [HLS 200-1510] Running: set_directive_bind_op -op mul -impl fabric case_7 m188 
INFO: [HLS 200-1510] Running: set_directive_bind_op -op mul -impl fabric case_7 m189 
INFO: [HLS 200-1510] Running: set_directive_bind_op -op mul -impl fabric case_7 m190 
INFO: [HLS 200-1510] Running: set_directive_bind_op -op mul -impl fabric case_7 m191 
INFO: [HLS 200-1510] Running: set_directive_bind_op -op mul -impl fabric case_7 m193 
INFO: [HLS 200-1510] Running: set_directive_bind_op -op mul -impl fabric case_7 m194 
INFO: [HLS 200-1510] Running: set_directive_bind_op -op mul -impl fabric case_7 m195 
INFO: [HLS 200-1510] Running: csynth_design 
INFO: [HLS 200-111] Finished File checks and directory preparation: CPU user time: 1.15 seconds. CPU system time: 0.09 seconds. Elapsed time: 1.24 seconds; current allocated memory: 265.035 MB.
INFO: [HLS 200-10] Analyzing design file 'CASE/case_7/case_7.cc' ... 
INFO: [HLS 200-111] Finished Source Code Analysis and Preprocessing: CPU user time: 8.82 seconds. CPU system time: 0.66 seconds. Elapsed time: 9.49 seconds; current allocated memory: 270.883 MB.
INFO: [HLS 200-777] Using interface defaults for 'Vivado' flow target.
INFO: [HLS 200-1995] There were 28,257 instructions in the design after the 'Compile/Link' phase of compilation. See the Design Size Report for more details (/home/jjh/RL_test/HLS_Optimization/synthetic_case_generation/project_tmp/solution_tmp/syn/report/csynth_design_size.rpt:2)
INFO: [HLS 200-1995] There were 1,424 instructions in the design after the 'Unroll/Inline (step 1)' phase of compilation. See the Design Size Report for more details (/home/jjh/RL_test/HLS_Optimization/synthetic_case_generation/project_tmp/solution_tmp/syn/report/csynth_design_size.rpt:2)
INFO: [HLS 200-1995] There were 1,376 instructions in the design after the 'Unroll/Inline (step 2)' phase of compilation. See the Design Size Report for more details (/home/jjh/RL_test/HLS_Optimization/synthetic_case_generation/project_tmp/solution_tmp/syn/report/csynth_design_size.rpt:2)
INFO: [HLS 200-1995] There were 1,376 instructions in the design after the 'Unroll/Inline (step 3)' phase of compilation. See the Design Size Report for more details (/home/jjh/RL_test/HLS_Optimization/synthetic_case_generation/project_tmp/solution_tmp/syn/report/csynth_design_size.rpt:2)
INFO: [HLS 200-1995] There were 1,376 instructions in the design after the 'Unroll/Inline (step 4)' phase of compilation. See the Design Size Report for more details (/home/jjh/RL_test/HLS_Optimization/synthetic_case_generation/project_tmp/solution_tmp/syn/report/csynth_design_size.rpt:2)
INFO: [HLS 200-1995] There were 1,386 instructions in the design after the 'Array/Struct (step 1)' phase of compilation. See the Design Size Report for more details (/home/jjh/RL_test/HLS_Optimization/synthetic_case_generation/project_tmp/solution_tmp/syn/report/csynth_design_size.rpt:2)
INFO: [HLS 200-1995] There were 1,386 instructions in the design after the 'Array/Struct (step 2)' phase of compilation. See the Design Size Report for more details (/home/jjh/RL_test/HLS_Optimization/synthetic_case_generation/project_tmp/solution_tmp/syn/report/csynth_design_size.rpt:2)
INFO: [HLS 200-1995] There were 1,386 instructions in the design after the 'Array/Struct (step 3)' phase of compilation. See the Design Size Report for more details (/home/jjh/RL_test/HLS_Optimization/synthetic_case_generation/project_tmp/solution_tmp/syn/report/csynth_design_size.rpt:2)
INFO: [HLS 200-1995] There were 1,386 instructions in the design after the 'Array/Struct (step 4)' phase of compilation. See the Design Size Report for more details (/home/jjh/RL_test/HLS_Optimization/synthetic_case_generation/project_tmp/solution_tmp/syn/report/csynth_design_size.rpt:2)
INFO: [HLS 200-1995] There were 1,386 instructions in the design after the 'Array/Struct (step 5)' phase of compilation. See the Design Size Report for more details (/home/jjh/RL_test/HLS_Optimization/synthetic_case_generation/project_tmp/solution_tmp/syn/report/csynth_design_size.rpt:2)
INFO: [HLS 200-1995] There were 1,386 instructions in the design after the 'Performance (step 1)' phase of compilation. See the Design Size Report for more details (/home/jjh/RL_test/HLS_Optimization/synthetic_case_generation/project_tmp/solution_tmp/syn/report/csynth_design_size.rpt:2)
INFO: [HLS 200-1995] There were 1,386 instructions in the design after the 'Performance (step 2)' phase of compilation. See the Design Size Report for more details (/home/jjh/RL_test/HLS_Optimization/synthetic_case_generation/project_tmp/solution_tmp/syn/report/csynth_design_size.rpt:2)
INFO: [HLS 200-1995] There were 1,386 instructions in the design after the 'Performance (step 3)' phase of compilation. See the Design Size Report for more details (/home/jjh/RL_test/HLS_Optimization/synthetic_case_generation/project_tmp/solution_tmp/syn/report/csynth_design_size.rpt:2)
INFO: [HLS 200-1995] There were 1,386 instructions in the design after the 'Performance (step 4)' phase of compilation. See the Design Size Report for more details (/home/jjh/RL_test/HLS_Optimization/synthetic_case_generation/project_tmp/solution_tmp/syn/report/csynth_design_size.rpt:2)
INFO: [HLS 200-1995] There were 1,447 instructions in the design after the 'HW Transforms (step 1)' phase of compilation. See the Design Size Report for more details (/home/jjh/RL_test/HLS_Optimization/synthetic_case_generation/project_tmp/solution_tmp/syn/report/csynth_design_size.rpt:2)
INFO: [HLS 200-1995] There were 1,448 instructions in the design after the 'HW Transforms (step 2)' phase of compilation. See the Design Size Report for more details (/home/jjh/RL_test/HLS_Optimization/synthetic_case_generation/project_tmp/solution_tmp/syn/report/csynth_design_size.rpt:2)
INFO: [HLS 214-248] Applying array_partition to 'in_data': Complete partitioning on dimension 1. (CASE/case_7/case_7.cc:10:0)
INFO: [HLS 214-248] Applying array_partition to 'out_data': Complete partitioning on dimension 1. (CASE/case_7/case_7.cc:10:0)
INFO: [HLS 200-111] Finished Compiling Optimization and Transform: CPU user time: 5.74 seconds. CPU system time: 0.54 seconds. Elapsed time: 8.86 seconds; current allocated memory: 280.238 MB.
INFO: [HLS 200-111] Finished Checking Pragmas: CPU user time: 0 seconds. CPU system time: 0 seconds. Elapsed time: 0 seconds; current allocated memory: 280.238 MB.
INFO: [HLS 200-10] Starting code transformations ...
INFO: [HLS 200-111] Finished Standard Transforms: CPU user time: 0.08 seconds. CPU system time: 0.01 seconds. Elapsed time: 0.09 seconds; current allocated memory: 283.051 MB.
INFO: [HLS 200-10] Checking synthesizability ...
INFO: [HLS 200-111] Finished Checking Synthesizability: CPU user time: 0.1 seconds. CPU system time: 0 seconds. Elapsed time: 0.1 seconds; current allocated memory: 283.918 MB.
INFO: [HLS 200-111] Finished Loop, function and other optimizations: CPU user time: 0.38 seconds. CPU system time: 0.01 seconds. Elapsed time: 0.4 seconds; current allocated memory: 308.527 MB.
INFO: [HLS 200-111] Finished Architecture Synthesis: CPU user time: 0.6 seconds. CPU system time: 0 seconds. Elapsed time: 0.6 seconds; current allocated memory: 308.527 MB.
INFO: [HLS 200-10] Starting hardware synthesis ...
INFO: [HLS 200-10] Synthesizing 'case_7' ...
INFO: [HLS 200-10] ----------------------------------------------------------------
INFO: [HLS 200-42] -- Implementing module 'case_7' 
INFO: [HLS 200-10] ----------------------------------------------------------------
INFO: [SCHED 204-11] Starting scheduling ...
INFO: [HLS 200-486] Changing DSP latency (root=m161) to 3 in order to utilize available DSP registers.
INFO: [HLS 200-486] Changing DSP latency (root=m159) to 3 in order to utilize available DSP registers.
INFO: [HLS 200-486] Changing DSP latency (root=m158) to 3 in order to utilize available DSP registers.
WARNING: [HLS 200-871] Estimated clock period (9.275 ns) exceeds the target (target clock period: 10.000 ns, clock uncertainty: 2.700 ns, effective delay budget: 7.300 ns).
Resolution: For help on HLS 200-871 see docs.xilinx.com/access/sources/dita/topic?Doc_Version=2025.1%20English&url=ug1448-hls-guidance&resourceid=200-871.html
WARNING: [HLS 200-1016] The critical path in module 'case_7' consists of the following:
	'mul' operation 23 bit ('mul_ln254', CASE/case_7/case_7.cc:254) [264]  (9.275 ns)

Resolution: For help on HLS 200-1016 see docs.xilinx.com/access/sources/dita/topic?Doc_Version=2025.1%20English&url=ug1448-hls-guidance&resourceid=200-1016.html
INFO: [SCHED 204-11] Finished scheduling.
INFO: [HLS 200-111] Finished Scheduling: CPU user time: 0.65 seconds. CPU system time: 0.03 seconds. Elapsed time: 0.69 seconds; current allocated memory: 310.359 MB.
INFO: [BIND 205-100] Starting micro-architecture generation ...
INFO: [BIND 205-101] Performing variable lifetime analysis.
INFO: [BIND 205-101] Exploring resource sharing.
INFO: [BIND 205-101] Binding ...
INFO: [BIND 205-100] Finished micro-architecture generation.
INFO: [HLS 200-111] Finished Binding: CPU user time: 0.19 seconds. CPU system time: 0 seconds. Elapsed time: 0.2 seconds; current allocated memory: 310.359 MB.
INFO: [HLS 200-10] ----------------------------------------------------------------
INFO: [HLS 200-10] -- Generating RTL for module 'case_7' 
INFO: [HLS 200-10] ----------------------------------------------------------------
INFO: [RTGEN 206-500] Setting interface mode on port 'case_7/in_data_0' to 'ap_none'.
INFO: [RTGEN 206-500] Setting interface mode on port 'case_7/in_data_1' to 'ap_none'.
INFO: [RTGEN 206-500] Setting interface mode on port 'case_7/in_data_2' to 'ap_none'.
INFO: [RTGEN 206-500] Setting interface mode on port 'case_7/in_data_3' to 'ap_none'.
INFO: [RTGEN 206-500] Setting interface mode on port 'case_7/in_data_4' to 'ap_none'.
INFO: [RTGEN 206-500] Setting interface mode on port 'case_7/in_data_5' to 'ap_none'.
INFO: [RTGEN 206-500] Setting interface mode on port 'case_7/in_data_6' to 'ap_none'.
INFO: [RTGEN 206-500] Setting interface mode on port 'case_7/in_data_7' to 'ap_none'.
INFO: [RTGEN 206-500] Setting interface mode on port 'case_7/in_data_8' to 'ap_none'.
INFO: [RTGEN 206-500] Setting interface mode on port 'case_7/in_data_9' to 'ap_none'.
INFO: [RTGEN 206-500] Setting interface mode on port 'case_7/in_data_10' to 'ap_none'.
INFO: [RTGEN 206-500] Setting interface mode on port 'case_7/in_data_11' to 'ap_none'.
INFO: [RTGEN 206-500] Setting interface mode on port 'case_7/in_data_12' to 'ap_none'.
INFO: [RTGEN 206-500] Setting interface mode on port 'case_7/in_data_13' to 'ap_none'.
INFO: [RTGEN 206-500] Setting interface mode on port 'case_7/in_data_14' to 'ap_none'.
INFO: [RTGEN 206-500] Setting interface mode on port 'case_7/in_data_15' to 'ap_none'.
INFO: [RTGEN 206-500] Setting interface mode on port 'case_7/in_data_16' to 'ap_none'.
INFO: [RTGEN 206-500] Setting interface mode on port 'case_7/in_data_17' to 'ap_none'.
INFO: [RTGEN 206-500] Setting interface mode on port 'case_7/in_data_18' to 'ap_none'.
INFO: [RTGEN 206-500] Setting interface mode on port 'case_7/in_data_19' to 'ap_none'.
INFO: [RTGEN 206-500] Setting interface mode on port 'case_7/in_data_20' to 'ap_none'.
INFO: [RTGEN 206-500] Setting interface mode on port 'case_7/in_data_21' to 'ap_none'.
INFO: [RTGEN 206-500] Setting interface mode on port 'case_7/in_data_22' to 'ap_none'.
INFO: [RTGEN 206-500] Setting interface mode on port 'case_7/in_data_23' to 'ap_none'.
INFO: [RTGEN 206-500] Setting interface mode on port 'case_7/in_data_24' to 'ap_none'.
INFO: [RTGEN 206-500] Setting interface mode on port 'case_7/in_data_25' to 'ap_none'.
INFO: [RTGEN 206-500] Setting interface mode on port 'case_7/in_data_26' to 'ap_none'.
INFO: [RTGEN 206-500] Setting interface mode on port 'case_7/in_data_27' to 'ap_none'.
INFO: [RTGEN 206-500] Setting interface mode on port 'case_7/out_data_0' to 'ap_none'.
WARNING: [RTGEN 206-101] Port 'out_data_0' with mode 'ap_none' may require an associated data valid signal to correctly communicate with other blocks or a test bench; automatic C/RTL co-simulation may not be able to verify such a port.
INFO: [RTGEN 206-500] Setting interface mode on port 'case_7/out_data_1' to 'ap_none'.
WARNING: [RTGEN 206-101] Port 'out_data_1' with mode 'ap_none' may require an associated data valid signal to correctly communicate with other blocks or a test bench; automatic C/RTL co-simulation may not be able to verify such a port.
INFO: [RTGEN 206-500] Setting interface mode on port 'case_7/out_data_2' to 'ap_none'.
WARNING: [RTGEN 206-101] Port 'out_data_2' with mode 'ap_none' may require an associated data valid signal to correctly communicate with other blocks or a test bench; automatic C/RTL co-simulation may not be able to verify such a port.
INFO: [RTGEN 206-500] Setting interface mode on port 'case_7/out_data_3' to 'ap_none'.
WARNING: [RTGEN 206-101] Port 'out_data_3' with mode 'ap_none' may require an associated data valid signal to correctly communicate with other blocks or a test bench; automatic C/RTL co-simulation may not be able to verify such a port.
INFO: [RTGEN 206-500] Setting interface mode on port 'case_7/out_data_4' to 'ap_none'.
WARNING: [RTGEN 206-101] Port 'out_data_4' with mode 'ap_none' may require an associated data valid signal to correctly communicate with other blocks or a test bench; automatic C/RTL co-simulation may not be able to verify such a port.
INFO: [RTGEN 206-500] Setting interface mode on port 'case_7/out_data_5' to 'ap_none'.
WARNING: [RTGEN 206-101] Port 'out_data_5' with mode 'ap_none' may require an associated data valid signal to correctly communicate with other blocks or a test bench; automatic C/RTL co-simulation may not be able to verify such a port.
INFO: [RTGEN 206-500] Setting interface mode on port 'case_7/out_data_6' to 'ap_none'.
WARNING: [RTGEN 206-101] Port 'out_data_6' with mode 'ap_none' may require an associated data valid signal to correctly communicate with other blocks or a test bench; automatic C/RTL co-simulation may not be able to verify such a port.
INFO: [RTGEN 206-500] Setting interface mode on port 'case_7/out_data_7' to 'ap_none'.
WARNING: [RTGEN 206-101] Port 'out_data_7' with mode 'ap_none' may require an associated data valid signal to correctly communicate with other blocks or a test bench; automatic C/RTL co-simulation may not be able to verify such a port.
INFO: [RTGEN 206-500] Setting interface mode on port 'case_7/out_data_8' to 'ap_none'.
WARNING: [RTGEN 206-101] Port 'out_data_8' with mode 'ap_none' may require an associated data valid signal to correctly communicate with other blocks or a test bench; automatic C/RTL co-simulation may not be able to verify such a port.
INFO: [RTGEN 206-500] Setting interface mode on port 'case_7/out_data_9' to 'ap_none'.
WARNING: [RTGEN 206-101] Port 'out_data_9' with mode 'ap_none' may require an associated data valid signal to correctly communicate with other blocks or a test bench; automatic C/RTL co-simulation may not be able to verify such a port.
INFO: [RTGEN 206-500] Setting interface mode on port 'case_7/out_data_10' to 'ap_none'.
WARNING: [RTGEN 206-101] Port 'out_data_10' with mode 'ap_none' may require an associated data valid signal to correctly communicate with other blocks or a test bench; automatic C/RTL co-simulation may not be able to verify such a port.
INFO: [RTGEN 206-500] Setting interface mode on port 'case_7/out_data_11' to 'ap_none'.
WARNING: [RTGEN 206-101] Port 'out_data_11' with mode 'ap_none' may require an associated data valid signal to correctly communicate with other blocks or a test bench; automatic C/RTL co-simulation may not be able to verify such a port.
INFO: [RTGEN 206-500] Setting interface mode on port 'case_7/out_data_12' to 'ap_none'.
WARNING: [RTGEN 206-101] Port 'out_data_12' with mode 'ap_none' may require an associated data valid signal to correctly communicate with other blocks or a test bench; automatic C/RTL co-simulation may not be able to verify such a port.
INFO: [RTGEN 206-500] Setting interface mode on port 'case_7/out_data_13' to 'ap_none'.
WARNING: [RTGEN 206-101] Port 'out_data_13' with mode 'ap_none' may require an associated data valid signal to correctly communicate with other blocks or a test bench; automatic C/RTL co-simulation may not be able to verify such a port.
INFO: [RTGEN 206-500] Setting interface mode on port 'case_7/out_data_14' to 'ap_none'.
WARNING: [RTGEN 206-101] Port 'out_data_14' with mode 'ap_none' may require an associated data valid signal to correctly communicate with other blocks or a test bench; automatic C/RTL co-simulation may not be able to verify such a port.
INFO: [RTGEN 206-500] Setting interface mode on port 'case_7/out_data_15' to 'ap_none'.
WARNING: [RTGEN 206-101] Port 'out_data_15' with mode 'ap_none' may require an associated data valid signal to correctly communicate with other blocks or a test bench; automatic C/RTL co-simulation may not be able to verify such a port.
INFO: [RTGEN 206-500] Setting interface mode on port 'case_7/out_data_16' to 'ap_none'.
WARNING: [RTGEN 206-101] Port 'out_data_16' with mode 'ap_none' may require an associated data valid signal to correctly communicate with other blocks or a test bench; automatic C/RTL co-simulation may not be able to verify such a port.
INFO: [RTGEN 206-500] Setting interface mode on port 'case_7/out_data_17' to 'ap_none'.
WARNING: [RTGEN 206-101] Port 'out_data_17' with mode 'ap_none' may require an associated data valid signal to correctly communicate with other blocks or a test bench; automatic C/RTL co-simulation may not be able to verify such a port.
INFO: [RTGEN 206-500] Setting interface mode on port 'case_7/out_data_18' to 'ap_none'.
WARNING: [RTGEN 206-101] Port 'out_data_18' with mode 'ap_none' may require an associated data valid signal to correctly communicate with other blocks or a test bench; automatic C/RTL co-simulation may not be able to verify such a port.
INFO: [RTGEN 206-500] Setting interface mode on port 'case_7/out_data_19' to 'ap_none'.
WARNING: [RTGEN 206-101] Port 'out_data_19' with mode 'ap_none' may require an associated data valid signal to correctly communicate with other blocks or a test bench; automatic C/RTL co-simulation may not be able to verify such a port.
INFO: [RTGEN 206-500] Setting interface mode on port 'case_7/out_data_20' to 'ap_none'.
WARNING: [RTGEN 206-101] Port 'out_data_20' with mode 'ap_none' may require an associated data valid signal to correctly communicate with other blocks or a test bench; automatic C/RTL co-simulation may not be able to verify such a port.
INFO: [RTGEN 206-500] Setting interface mode on port 'case_7/out_data_21' to 'ap_none'.
WARNING: [RTGEN 206-101] Port 'out_data_21' with mode 'ap_none' may require an associated data valid signal to correctly communicate with other blocks or a test bench; automatic C/RTL co-simulation may not be able to verify such a port.
INFO: [RTGEN 206-500] Setting interface mode on port 'case_7/out_data_22' to 'ap_none'.
WARNING: [RTGEN 206-101] Port 'out_data_22' with mode 'ap_none' may require an associated data valid signal to correctly communicate with other blocks or a test bench; automatic C/RTL co-simulation may not be able to verify such a port.
INFO: [RTGEN 206-500] Setting interface mode on port 'case_7/out_data_23' to 'ap_none'.
WARNING: [RTGEN 206-101] Port 'out_data_23' with mode 'ap_none' may require an associated data valid signal to correctly communicate with other blocks or a test bench; automatic C/RTL co-simulation may not be able to verify such a port.
INFO: [RTGEN 206-500] Setting interface mode on port 'case_7/out_data_24' to 'ap_none'.
WARNING: [RTGEN 206-101] Port 'out_data_24' with mode 'ap_none' may require an associated data valid signal to correctly communicate with other blocks or a test bench; automatic C/RTL co-simulation may not be able to verify such a port.
INFO: [RTGEN 206-500] Setting interface mode on port 'case_7/out_data_25' to 'ap_none'.
WARNING: [RTGEN 206-101] Port 'out_data_25' with mode 'ap_none' may require an associated data valid signal to correctly communicate with other blocks or a test bench; automatic C/RTL co-simulation may not be able to verify such a port.
INFO: [RTGEN 206-500] Setting interface mode on port 'case_7/out_data_26' to 'ap_none'.
WARNING: [RTGEN 206-101] Port 'out_data_26' with mode 'ap_none' may require an associated data valid signal to correctly communicate with other blocks or a test bench; automatic C/RTL co-simulation may not be able to verify such a port.
INFO: [RTGEN 206-500] Setting interface mode on port 'case_7/out_data_27' to 'ap_none'.
WARNING: [RTGEN 206-101] Port 'out_data_27' with mode 'ap_none' may require an associated data valid signal to correctly communicate with other blocks or a test bench; automatic C/RTL co-simulation may not be able to verify such a port.
INFO: [RTGEN 206-500] Setting interface mode on port 'case_7/out_data_28' to 'ap_none'.
WARNING: [RTGEN 206-101] Port 'out_data_28' with mode 'ap_none' may require an associated data valid signal to correctly communicate with other blocks or a test bench; automatic C/RTL co-simulation may not be able to verify such a port.
INFO: [RTGEN 206-500] Setting interface mode on port 'case_7/out_data_29' to 'ap_none'.
WARNING: [RTGEN 206-101] Port 'out_data_29' with mode 'ap_none' may require an associated data valid signal to correctly communicate with other blocks or a test bench; automatic C/RTL co-simulation may not be able to verify such a port.
INFO: [RTGEN 206-500] Setting interface mode on port 'case_7/out_data_30' to 'ap_none'.
WARNING: [RTGEN 206-101] Port 'out_data_30' with mode 'ap_none' may require an associated data valid signal to correctly communicate with other blocks or a test bench; automatic C/RTL co-simulation may not be able to verify such a port.
INFO: [RTGEN 206-500] Setting interface mode on port 'case_7/out_data_31' to 'ap_none'.
WARNING: [RTGEN 206-101] Port 'out_data_31' with mode 'ap_none' may require an associated data valid signal to correctly communicate with other blocks or a test bench; automatic C/RTL co-simulation may not be able to verify such a port.
INFO: [RTGEN 206-500] Setting interface mode on port 'case_7/out_data_32' to 'ap_none'.
WARNING: [RTGEN 206-101] Port 'out_data_32' with mode 'ap_none' may require an associated data valid signal to correctly communicate with other blocks or a test bench; automatic C/RTL co-simulation may not be able to verify such a port.
INFO: [RTGEN 206-500] Setting interface mode on function 'case_7' to 'ap_ctrl_hs'.
WARNING: [RTGEN 206-101] Port 'case_7/in_data_0' has no fanin or fanout and is left dangling.
               Please use C simulation to confirm this function argument can be read from or written to.
WARNING: [RTGEN 206-101] Port 'case_7/in_data_1' has no fanin or fanout and is left dangling.
               Please use C simulation to confirm this function argument can be read from or written to.
WARNING: [RTGEN 206-101] Port 'case_7/in_data_2' has no fanin or fanout and is left dangling.
               Please use C simulation to confirm this function argument can be read from or written to.
WARNING: [RTGEN 206-101] Port 'case_7/in_data_3' has no fanin or fanout and is left dangling.
               Please use C simulation to confirm this function argument can be read from or written to.
WARNING: [RTGEN 206-101] Port 'case_7/in_data_6' has no fanin or fanout and is left dangling.
               Please use C simulation to confirm this function argument can be read from or written to.
WARNING: [RTGEN 206-101] Port 'case_7/in_data_8' has no fanin or fanout and is left dangling.
               Please use C simulation to confirm this function argument can be read from or written to.
WARNING: [RTGEN 206-101] Port 'case_7/in_data_10' has no fanin or fanout and is left dangling.
               Please use C simulation to confirm this function argument can be read from or written to.
WARNING: [RTGEN 206-101] Port 'case_7/in_data_11' has no fanin or fanout and is left dangling.
               Please use C simulation to confirm this function argument can be read from or written to.
WARNING: [RTGEN 206-101] Port 'case_7/in_data_14' has no fanin or fanout and is left dangling.
               Please use C simulation to confirm this function argument can be read from or written to.
WARNING: [RTGEN 206-101] Port 'case_7/in_data_16' has no fanin or fanout and is left dangling.
               Please use C simulation to confirm this function argument can be read from or written to.
WARNING: [RTGEN 206-101] Port 'case_7/in_data_18' has no fanin or fanout and is left dangling.
               Please use C simulation to confirm this function argument can be read from or written to.
INFO: [RTGEN 206-100] Generating core module 'am_addmul_5ns_5ns_5s_5_4_1': 1 instance(s).
INFO: [RTGEN 206-100] Generating core module 'am_addmul_8s_8s_9s_16_4_1': 1 instance(s).
INFO: [RTGEN 206-100] Generating core module 'mac_muladd_13s_4s_15s_15_4_1': 1 instance(s).
INFO: [RTGEN 206-100] Generating core module 'mul_10ns_6s_16_1_1': 1 instance(s).
INFO: [RTGEN 206-100] Generating core module 'mul_10s_10s_10_1_1': 1 instance(s).
INFO: [RTGEN 206-100] Generating core module 'mul_10s_6s_16_1_1': 1 instance(s).
INFO: [RTGEN 206-100] Generating core module 'mul_10s_7s_10_1_1': 1 instance(s).
INFO: [RTGEN 206-100] Generating core module 'mul_10s_9s_10_1_1': 1 instance(s).
INFO: [RTGEN 206-100] Generating core module 'mul_11ns_10s_21_1_1': 1 instance(s).
INFO: [RTGEN 206-100] Generating core module 'mul_11ns_11s_22_1_1': 1 instance(s).
INFO: [RTGEN 206-100] Generating core module 'mul_11ns_4s_15_1_1': 1 instance(s).
INFO: [RTGEN 206-100] Generating core module 'mul_11ns_5s_16_1_1': 1 instance(s).
INFO: [RTGEN 206-100] Generating core module 'mul_11ns_6ns_13_1_1': 1 instance(s).
INFO: [RTGEN 206-100] Generating core module 'mul_11ns_6s_15_1_1': 1 instance(s).
INFO: [RTGEN 206-100] Generating core module 'mul_11ns_6s_17_1_1': 1 instance(s).
INFO: [RTGEN 206-100] Generating core module 'mul_11ns_7ns_15_1_1': 1 instance(s).
INFO: [RTGEN 206-100] Generating core module 'mul_11ns_7s_18_1_1': 1 instance(s).
INFO: [RTGEN 206-100] Generating core module 'mul_11ns_8ns_15_1_1': 1 instance(s).
INFO: [RTGEN 206-100] Generating core module 'mul_11ns_8s_19_1_1': 2 instance(s).
INFO: [RTGEN 206-100] Generating core module 'mul_11ns_9ns_19_1_1': 1 instance(s).
INFO: [RTGEN 206-100] Generating core module 'mul_11ns_9s_19_1_1': 1 instance(s).
INFO: [RTGEN 206-100] Generating core module 'mul_11ns_9s_20_1_1': 1 instance(s).
INFO: [RTGEN 206-100] Generating core module 'mul_11s_10s_21_1_1': 2 instance(s).
INFO: [RTGEN 206-100] Generating core module 'mul_11s_11s_11_1_1': 2 instance(s).
INFO: [RTGEN 206-100] Generating core module 'mul_11s_11s_12_1_1': 1 instance(s).
INFO: [RTGEN 206-100] Generating core module 'mul_11s_5s_16_1_1': 1 instance(s).
INFO: [RTGEN 206-100] Generating core module 'mul_11s_8s_11_1_1': 2 instance(s).
INFO: [RTGEN 206-100] Generating core module 'mul_12ns_11ns_13_1_1': 1 instance(s).
INFO: [RTGEN 206-100] Generating core module 'mul_12ns_11ns_15_1_1': 1 instance(s).
INFO: [RTGEN 206-100] Generating core module 'mul_12ns_11ns_19_1_1': 1 instance(s).
INFO: [RTGEN 206-100] Generating core module 'mul_12ns_11s_23_1_1': 1 instance(s).
INFO: [RTGEN 206-100] Generating core module 'mul_12ns_4s_16_1_1': 1 instance(s).
INFO: [RTGEN 206-100] Generating core module 'mul_12ns_5s_17_1_1': 1 instance(s).
INFO: [RTGEN 206-100] Generating core module 'mul_12ns_7s_19_1_1': 1 instance(s).
INFO: [RTGEN 206-100] Generating core module 'mul_12s_10s_12_1_1': 1 instance(s).
INFO: [RTGEN 206-100] Generating core module 'mul_12s_11s_16_1_1': 1 instance(s).
INFO: [RTGEN 206-100] Generating core module 'mul_12s_7s_19_1_1': 1 instance(s).
INFO: [RTGEN 206-100] Generating core module 'mul_12s_9s_12_1_1': 1 instance(s).
INFO: [RTGEN 206-100] Generating core module 'mul_13ns_4s_17_1_1': 1 instance(s).
INFO: [RTGEN 206-100] Generating core module 'mul_13ns_8s_17_1_1': 2 instance(s).
INFO: [RTGEN 206-100] Generating core module 'mul_13s_12s_25_1_1': 1 instance(s).
INFO: [RTGEN 206-100] Generating core module 'mul_13s_7s_13_1_1': 1 instance(s).
INFO: [RTGEN 206-100] Generating core module 'mul_13s_7s_20_1_1': 1 instance(s).
INFO: [RTGEN 206-100] Generating core module 'mul_14ns_10s_24_1_1': 1 instance(s).
INFO: [RTGEN 206-100] Generating core module 'mul_14ns_13ns_23_1_1': 1 instance(s).
INFO: [RTGEN 206-100] Generating core module 'mul_14ns_8s_17_1_1': 1 instance(s).
INFO: [RTGEN 206-100] Generating core module 'mul_14s_4s_14_1_1': 1 instance(s).
INFO: [RTGEN 206-100] Generating core module 'mul_14s_7s_21_1_1': 1 instance(s).
INFO: [RTGEN 206-100] Generating core module 'mul_14s_9s_14_1_1': 1 instance(s).
INFO: [RTGEN 206-100] Generating core module 'mul_15ns_12ns_23_1_1': 1 instance(s).
INFO: [RTGEN 206-100] Generating core module 'mul_15s_14s_29_1_1': 1 instance(s).
INFO: [RTGEN 206-100] Generating core module 'mul_15s_15s_30_1_1': 1 instance(s).
INFO: [RTGEN 206-100] Generating core module 'mul_16ns_10s_26_1_1': 1 instance(s).
INFO: [RTGEN 206-100] Generating core module 'mul_16ns_16ns_31_1_1': 1 instance(s).
INFO: [RTGEN 206-100] Generating core module 'mul_16ns_7s_23_1_1': 1 instance(s).
INFO: [RTGEN 206-100] Generating core module 'mul_16ns_9ns_19_1_1': 1 instance(s).
INFO: [RTGEN 206-100] Generating core module 'mul_4ns_4s_8_1_1': 1 instance(s).
INFO: [RTGEN 206-100] Generating core module 'mul_4ns_8ns_9_1_1': 1 instance(s).
INFO: [RTGEN 206-100] Generating core module 'mul_4s_4s_4_1_1': 1 instance(s).
INFO: [RTGEN 206-100] Generating core module 'mul_4s_4s_8_1_1': 1 instance(s).
INFO: [RTGEN 206-100] Generating core module 'mul_5ns_11s_11_1_1': 1 instance(s).
INFO: [RTGEN 206-100] Generating core module 'mul_5ns_4s_9_1_1': 1 instance(s).
INFO: [RTGEN 206-100] Generating core module 'mul_5ns_5ns_10_1_1': 2 instance(s).
INFO: [RTGEN 206-100] Generating core module 'mul_5s_4s_5_1_1': 1 instance(s).
INFO: [RTGEN 206-100] Generating core module 'mul_5s_4s_9_1_1': 1 instance(s).
INFO: [RTGEN 206-100] Generating core module 'mul_5s_5s_5_1_1': 1 instance(s).
INFO: [RTGEN 206-100] Generating core module 'mul_6ns_4s_10_1_1': 1 instance(s).
INFO: [RTGEN 206-100] Generating core module 'mul_6ns_6ns_11_1_1': 1 instance(s).
INFO: [RTGEN 206-100] Generating core module 'mul_6ns_8ns_13_1_1': 1 instance(s).
INFO: [RTGEN 206-100] Generating core module 'mul_6s_6s_6_1_1': 3 instance(s).
INFO: [RTGEN 206-100] Generating core module 'mul_7ns_5s_12_1_1': 1 instance(s).
INFO: [RTGEN 206-100] Generating core module 'mul_7ns_6s_13_1_1': 3 instance(s).
INFO: [RTGEN 206-100] Generating core module 'mul_7ns_9ns_15_1_1': 1 instance(s).
INFO: [RTGEN 206-100] Generating core module 'mul_7s_4s_11_1_1': 1 instance(s).
INFO: [RTGEN 206-100] Generating core module 'mul_7s_5s_12_1_1': 1 instance(s).
INFO: [RTGEN 206-100] Generating core module 'mul_7s_5s_7_1_1': 1 instance(s).
INFO: [RTGEN 206-100] Generating core module 'mul_7s_7s_7_1_1': 1 instance(s).
INFO: [RTGEN 206-100] Generating core module 'mul_8ns_3s_11_1_1': 1 instance(s).
INFO: [RTGEN 206-100] Generating core module 'mul_8ns_4s_12_1_1': 1 instance(s).
INFO: [RTGEN 206-100] Generating core module 'mul_8ns_5s_13_1_1': 1 instance(s).
INFO: [RTGEN 206-100] Generating core module 'mul_8ns_6ns_13_1_1': 1 instance(s).
INFO: [RTGEN 206-100] Generating core module 'mul_8ns_6s_14_1_1': 1 instance(s).
INFO: [RTGEN 206-100] Generating core module 'mul_8ns_7ns_9_1_1': 1 instance(s).
INFO: [RTGEN 206-100] Generating core module 'mul_8ns_8ns_13_1_1': 1 instance(s).
INFO: [RTGEN 206-100] Generating core module 'mul_8s_4s_12_1_1': 1 instance(s).
INFO: [RTGEN 206-100] Generating core module 'mul_8s_6s_14_1_1': 1 instance(s).
INFO: [RTGEN 206-100] Generating core module 'mul_8s_7s_11_1_1': 1 instance(s).
INFO: [RTGEN 206-100] Generating core module 'mul_8s_7s_15_1_1': 1 instance(s).
INFO: [RTGEN 206-100] Generating core module 'mul_8s_8s_16_1_1': 1 instance(s).
INFO: [RTGEN 206-100] Generating core module 'mul_8s_8s_8_1_1': 3 instance(s).
INFO: [RTGEN 206-100] Generating core module 'mul_9ns_10ns_19_1_1': 1 instance(s).
INFO: [RTGEN 206-100] Generating core module 'mul_9ns_11ns_19_1_1': 1 instance(s).
INFO: [RTGEN 206-100] Generating core module 'mul_9ns_12ns_19_1_1': 1 instance(s).
INFO: [RTGEN 206-100] Generating core module 'mul_9ns_13ns_19_1_1': 1 instance(s).
INFO: [RTGEN 206-100] Generating core module 'mul_9ns_15ns_19_1_1': 1 instance(s).
INFO: [RTGEN 206-100] Generating core module 'mul_9ns_4s_13_1_1': 2 instance(s).
INFO: [RTGEN 206-100] Generating core module 'mul_9ns_6ns_11_1_1': 1 instance(s).
INFO: [RTGEN 206-100] Generating core module 'mul_9ns_6ns_13_1_1': 1 instance(s).
INFO: [RTGEN 206-100] Generating core module 'mul_9ns_6s_15_1_1': 1 instance(s).
INFO: [RTGEN 206-100] Generating core module 'mul_9ns_7s_15_1_1': 1 instance(s).
INFO: [RTGEN 206-100] Generating core module 'mul_9ns_8ns_11_1_1': 1 instance(s).
INFO: [RTGEN 206-100] Generating core module 'mul_9ns_8ns_13_1_1': 1 instance(s).
INFO: [RTGEN 206-100] Generating core module 'mul_9ns_8s_17_1_1': 2 instance(s).
INFO: [RTGEN 206-100] Generating core module 'mul_9ns_9ns_11_1_1': 1 instance(s).
INFO: [RTGEN 206-100] Generating core module 'mul_9ns_9ns_13_1_1': 2 instance(s).
INFO: [RTGEN 206-100] Generating core module 'mul_9ns_9ns_18_1_1': 4 instance(s).
INFO: [RTGEN 206-100] Generating core module 'mul_9s_4s_13_1_1': 2 instance(s).
INFO: [RTGEN 206-100] Generating core module 'mul_9s_4s_9_1_1': 2 instance(s).
INFO: [RTGEN 206-100] Generating core module 'mul_9s_5ns_9_1_1': 1 instance(s).
INFO: [RTGEN 206-100] Generating core module 'mul_9s_7s_16_1_1': 1 instance(s).
INFO: [RTGEN 206-100] Generating core module 'mul_9s_7s_9_1_1': 1 instance(s).
INFO: [RTGEN 206-100] Generating core module 'mul_9s_9s_9_1_1': 6 instance(s).
INFO: [RTGEN 206-100] Finished creating RTL model for 'case_7'.
INFO: [HLS 200-111] Finished Creating RTL model: CPU user time: 0.39 seconds. CPU system time: 0.02 seconds. Elapsed time: 0.42 seconds; current allocated memory: 310.738 MB.
INFO: [HLS 200-111] Finished Generating all RTL models: CPU user time: 0.64 seconds. CPU system time: 0.1 seconds. Elapsed time: 0.74 seconds; current allocated memory: 323.570 MB.
INFO: [HLS 200-111] Finished Updating report files: CPU user time: 1.01 seconds. CPU system time: 0.06 seconds. Elapsed time: 1.07 seconds; current allocated memory: 333.750 MB.
INFO: [VHDL 208-304] Generating VHDL RTL for case_7.
INFO: [VLOG 209-307] Generating Verilog RTL for case_7.
INFO: [HLS 200-789] **** Estimated Fmax: 107.82 MHz
INFO: [HLS 200-2161] Finished Command csynth_design Elapsed time: 00:00:23; Allocated memory: 69.664 MB.
INFO: [HLS 200-1510] Running: export_design -evaluate verilog -format ip_catalog 
INFO: [IMPL 213-8] Exporting RTL as a Vivado IP.

****** Vivado v2025.1 (64-bit)
  **** SW Build 6140274 on Wed May 21 22:58:25 MDT 2025
  **** IP Build 6138677 on Thu May 22 03:10:11 MDT 2025
  **** SharedData Build 6139179 on Tue May 20 17:58:58 MDT 2025
  **** Start of session at: Mon Dec 22 19:24:57 2025
    ** Copyright 1986-2022 Xilinx, Inc. All Rights Reserved.
    ** Copyright 2022-2025 Advanced Micro Devices, Inc. All Rights Reserved.

source run_ippack.tcl -notrace
INFO: calling package_hls_ip ip_types=vitis sysgen json_file=/home/jjh/RL_test/HLS_Optimization/synthetic_case_generation/project_tmp/solution_tmp/solution_tmp_data.json outdir=/home/jjh/RL_test/HLS_Optimization/synthetic_case_generation/project_tmp/solution_tmp/impl/ip srcdir=/home/jjh/RL_test/HLS_Optimization/synthetic_case_generation/project_tmp/solution_tmp ippack_options_dict= ippack_options_dict=
INFO: Copied 1 ipmisc file(s) to /home/jjh/RL_test/HLS_Optimization/synthetic_case_generation/project_tmp/solution_tmp/impl/ip/misc
INFO: Copied 113 verilog file(s) to /home/jjh/RL_test/HLS_Optimization/synthetic_case_generation/project_tmp/solution_tmp/impl/ip/hdl/verilog
INFO: Copied 113 vhdl file(s) to /home/jjh/RL_test/HLS_Optimization/synthetic_case_generation/project_tmp/solution_tmp/impl/ip/hdl/vhdl
INFO: Import ports from HDL: /home/jjh/RL_test/HLS_Optimization/synthetic_case_generation/project_tmp/solution_tmp/impl/ip/hdl/vhdl/case_7.vhd (case_7)
INFO: Add clock interface ap_clk
INFO: Add reset interface ap_rst
INFO: Add ap_ctrl interface ap_ctrl
INFO: Add data interface in_data_0
INFO: Add data interface in_data_1
INFO: Add data interface in_data_2
INFO: Add data interface in_data_3
INFO: Add data interface in_data_4
INFO: Add data interface in_data_5
INFO: Add data interface in_data_6
INFO: Add data interface in_data_7
INFO: Add data interface in_data_8
INFO: Add data interface in_data_9
INFO: Add data interface in_data_10
INFO: Add data interface in_data_11
INFO: Add data interface in_data_12
INFO: Add data interface in_data_13
INFO: Add data interface in_data_14
INFO: Add data interface in_data_15
INFO: Add data interface in_data_16
INFO: Add data interface in_data_17
INFO: Add data interface in_data_18
INFO: Add data interface in_data_19
INFO: Add data interface in_data_20
INFO: Add data interface in_data_21
INFO: Add data interface in_data_22
INFO: Add data interface in_data_23
INFO: Add data interface in_data_24
INFO: Add data interface in_data_25
INFO: Add data interface in_data_26
INFO: Add data interface in_data_27
INFO: Add data interface out_data_0
INFO: [IP_Flow 19-234] Refreshing IP repositories
INFO: [IP_Flow 19-1704] No user IP repositories specified
INFO: [IP_Flow 19-2313] Loaded Vivado IP repository '/tools/Xilinx/2025.1/Vivado/data/ip'.
INFO: Add data interface out_data_1
INFO: Add data interface out_data_2
INFO: Add data interface out_data_3
INFO: Add data interface out_data_4
INFO: Add data interface out_data_5
INFO: Add data interface out_data_6
INFO: Add data interface out_data_7
INFO: Add data interface out_data_8
INFO: Add data interface out_data_9
INFO: Add data interface out_data_10
INFO: Add data interface out_data_11
INFO: Add data interface out_data_12
INFO: Add data interface out_data_13
INFO: Add data interface out_data_14
INFO: Add data interface out_data_15
INFO: Add data interface out_data_16
INFO: Add data interface out_data_17
INFO: Add data interface out_data_18
INFO: Add data interface out_data_19
INFO: Add data interface out_data_20
INFO: Add data interface out_data_21
INFO: Add data interface out_data_22
INFO: Add data interface out_data_23
INFO: Add data interface out_data_24
INFO: Add data interface out_data_25
INFO: Add data interface out_data_26
INFO: Add data interface out_data_27
INFO: Add data interface out_data_28
INFO: Add data interface out_data_29
INFO: Add data interface out_data_30
INFO: Add data interface out_data_31
INFO: Add data interface out_data_32
INFO: Calling post_process_vitis to specialize IP
INFO: Calling post_process_sysgen to specialize IP
Generating sysgen info xml from json file
INFO: Created IP /home/jjh/RL_test/HLS_Optimization/synthetic_case_generation/project_tmp/solution_tmp/impl/ip/component.xml
INFO: Created IP archive /home/jjh/RL_test/HLS_Optimization/synthetic_case_generation/project_tmp/solution_tmp/impl/ip/xilinx_com_hls_case_7_1_0.zip
INFO: [Common 17-206] Exiting Vivado at Mon Dec 22 19:25:03 2025...
INFO: [IMPL 213-8] Starting RTL evaluation using Vivado ...

****** Vivado v2025.1 (64-bit)
  **** SW Build 6140274 on Wed May 21 22:58:25 MDT 2025
  **** IP Build 6138677 on Thu May 22 03:10:11 MDT 2025
  **** SharedData Build 6139179 on Tue May 20 17:58:58 MDT 2025
  **** Start of session at: Mon Dec 22 19:25:26 2025
    ** Copyright 1986-2022 Xilinx, Inc. All Rights Reserved.
    ** Copyright 2022-2025 Advanced Micro Devices, Inc. All Rights Reserved.

source run_vivado.tcl
# source ./settings.tcl
## set top_module case_7
## set language verilog
## set family zynq
## set device xc7z020
## set package -clg484
## set speed -1
## set clock ap_clk
## set fsm_ext "off"
## set add_io_buffers false 
# source -notrace ./extraction.tcl
# set vivado_proj_name project
# set vivado_proj_dir .
# set target_device "${device}${package}${speed}"
# set target_clk_period_ns "10.000"
# set target_clk_freq_hz [expr {floor(1000 / $target_clk_period_ns) * 1000000}]
# set other_clks_freq_hz {}
# set ip_vlnv xilinx.com:hls:case_7:1.0
# set ip_repo_path ../ip
# set bd_design_name bd_0
# set bd_inst_name hls_inst
# set bd_props {}
# set has_synth true
# set synth_design_args {-directive sdx_optimization_effort_high}
# set synth_dcp ""
# set synth_props {}
# set has_impl 1
# set impl_props {}
# set has_subcore 0
# set report_options [dict create]
# dict set report_options report_level 2
# dict set report_options report_max_paths 10
# dict set report_options stdout_hls_reports 1
# dict set report_options stdout_vivado_reports 0
# dict set report_options hls_project project_tmp
# dict set report_options hls_solution solution_tmp
# dict set report_options has_synth $has_synth
# dict set report_options has_impl $has_impl
# dict set report_options vivado_reportbasename $top_module
# dict set report_options vivado_reportdir ./report
# dict set report_options hls_impl_dir ..
# dict set report_options hls_reportdir ../report/$language
# dict set report_options target_clk_period $target_clk_period_ns
# dict set report_options target_device $target_device
# dict set report_options language $language
# dict set report_options clock_name $clock
# dict set report_options error_if_impl_timing_fails false
# dict set report_options topmodule "case_7"
# dict set report_options funcmodules {}
# dict set report_options bindmodules {case_7_mul_6ns_4s_10_1_1 case_7_mul_11s_10s_21_1_1 case_7_mul_6s_6s_6_1_1 case_7_mul_8ns_3s_11_1_1 case_7_mul_8s_8s_8_1_1 case_7_mul_7s_7s_7_1_1 case_7_mul_12s_9s_12_1_1 case_7_mul_7ns_6s_13_1_1 case_7_mul_7ns_9ns_15_1_1 case_7_mul_6ns_6ns_11_1_1 case_7_mul_9s_9s_9_1_1 case_7_mul_9s_7s_16_1_1 case_7_mul_11ns_7ns_15_1_1 case_7_mul_8s_8s_16_1_1 case_7_mul_16ns_7s_23_1_1 case_7_mul_8ns_7ns_9_1_1 case_7_mul_9ns_11ns_19_1_1 case_7_mul_11ns_11s_22_1_1 case_7_mul_12s_7s_19_1_1 case_7_mul_8ns_5s_13_1_1 case_7_mul_11ns_7s_18_1_1 case_7_mul_11ns_10s_21_1_1 case_7_mul_14s_7s_21_1_1 case_7_mul_11ns_9s_19_1_1 case_7_mul_14s_4s_14_1_1 case_7_mul_9s_4s_13_1_1 case_7_mul_11s_8s_11_1_1 case_7_mul_9ns_13ns_19_1_1 case_7_mul_13ns_8s_17_1_1 case_7_mul_11ns_4s_15_1_1 case_7_mul_9ns_9ns_18_1_1 case_7_mul_9s_7s_9_1_1 case_7_mul_4ns_4s_8_1_1 case_7_mul_9s_4s_9_1_1 case_7_mul_14ns_8s_17_1_1 case_7_mul_8ns_4s_12_1_1 case_7_mul_9ns_4s_13_1_1 case_7_mul_11ns_9ns_19_1_1 case_7_mul_4s_4s_8_1_1 case_7_mul_9ns_9ns_11_1_1 case_7_mul_7s_4s_11_1_1 case_7_mul_8ns_8ns_13_1_1 case_7_mul_13ns_4s_17_1_1 case_7_mul_11s_11s_11_1_1 case_7_mul_9ns_8s_17_1_1 case_7_mul_11ns_6ns_13_1_1 case_7_mul_9ns_9ns_13_1_1 case_7_mul_12ns_4s_16_1_1 case_7_mul_12ns_11ns_15_1_1 case_7_mul_8s_4s_12_1_1 case_7_mul_9ns_6s_15_1_1 case_7_mul_7s_5s_7_1_1 case_7_mul_6ns_8ns_13_1_1 case_7_mul_9ns_6ns_13_1_1 case_7_mul_13s_7s_13_1_1 case_7_mul_8ns_6s_14_1_1 case_7_mul_8s_7s_11_1_1 case_7_mul_4s_4s_4_1_1 case_7_mul_8ns_6ns_13_1_1 case_7_mul_10s_9s_10_1_1 case_7_mul_11s_5s_16_1_1 case_7_mul_12ns_11ns_19_1_1 case_7_mul_12ns_7s_19_1_1 case_7_mul_11ns_6s_17_1_1 case_7_mul_14ns_10s_24_1_1 case_7_mul_4ns_8ns_9_1_1 case_7_mul_9ns_6ns_11_1_1 case_7_mul_11ns_6s_15_1_1 case_7_mul_11ns_8ns_15_1_1 case_7_mul_13s_12s_25_1_1 case_7_mul_8s_6s_14_1_1 case_7_mul_13s_7s_20_1_1 case_7_mul_5ns_4s_9_1_1 case_7_mul_5s_4s_9_1_1 case_7_mul_9ns_8ns_11_1_1 case_7_mul_5s_4s_5_1_1 case_7_mul_11ns_8s_19_1_1 case_7_mul_14ns_13ns_23_1_1 case_7_mul_7s_5s_12_1_1 case_7_mul_8s_7s_15_1_1 case_7_mul_14s_9s_14_1_1 case_7_mul_10s_7s_10_1_1 case_7_mul_11s_11s_12_1_1 case_7_mul_15s_14s_29_1_1 case_7_mul_11ns_9s_20_1_1 case_7_mul_12ns_5s_17_1_1 case_7_mul_9ns_8ns_13_1_1 case_7_mul_10s_10s_10_1_1 case_7_mul_12ns_11ns_13_1_1 case_7_mul_5ns_11s_11_1_1 case_7_mul_15ns_12ns_23_1_1 case_7_mul_10s_6s_16_1_1 case_7_mul_12s_11s_16_1_1 case_7_mul_12s_10s_12_1_1 case_7_mul_9ns_7s_15_1_1 case_7_mul_9ns_10ns_19_1_1 case_7_mul_10ns_6s_16_1_1 case_7_mul_5ns_5ns_10_1_1 case_7_mul_16ns_10s_26_1_1 case_7_mul_16ns_16ns_31_1_1 case_7_mul_5s_5s_5_1_1 case_7_mul_16ns_9ns_19_1_1 case_7_mul_9ns_12ns_19_1_1 case_7_mul_15s_15s_30_1_1 case_7_mul_9ns_15ns_19_1_1 case_7_mul_9s_5ns_9_1_1 case_7_mul_7ns_5s_12_1_1 case_7_mul_11ns_5s_16_1_1 case_7_mul_12ns_11s_23_1_1 case_7_mac_muladd_13s_4s_15s_15_4_1 case_7_am_addmul_5ns_5ns_5s_5_4_1 case_7_am_addmul_8s_8s_9s_16_4_1}
# dict set report_options max_module_depth 5
# create_project $vivado_proj_name $vivado_proj_dir -part $target_device -force
# set_property target_language $language [current_project]
# if { ![file exists $ip_repo_path] } {
#   error "Cannot find packaged HLS IP"
# }
# set_property ip_repo_paths [file normalize $ip_repo_path] [current_project]
# update_ip_catalog
INFO: [IP_Flow 19-234] Refreshing IP repositories
INFO: [IP_Flow 19-1700] Loaded user IP repository '/home/jjh/RL_test/HLS_Optimization/synthetic_case_generation/project_tmp/solution_tmp/impl/ip'.
INFO: [IP_Flow 19-2313] Loaded Vivado IP repository '/tools/Xilinx/2025.1/Vivado/data/ip'.
# create_bd_design bd_0
Wrote  : </home/jjh/RL_test/HLS_Optimization/synthetic_case_generation/project_tmp/solution_tmp/impl/verilog/project.srcs/sources_1/bd/bd_0/bd_0.bd> 
# set cell_inst [create_bd_cell -type ip -vlnv $ip_vlnv $bd_inst_name]
# if { [llength $bd_props] } { 
#   set_property -dict $bd_props $cell_inst 
# }
# make_bd_pins_external $cell_inst
# make_bd_intf_pins_external $cell_inst
# set bd_clk_ports [get_bd_ports -filter {TYPE==clk}]
# if { $target_clk_freq_hz ne "" } { 
#   foreach bd_clk_port $bd_clk_ports {
#     # Remove "_0" suffix from BD ports & interfaces so they match IP ports 
#     set clk_name [regsub {_0$} [get_property name $bd_clk_port] {}]
#     set port_freq_hz $target_clk_freq_hz
#     if { [dict exists $other_clks_freq_hz $clk_name] } {
#         set port_freq_hz [dict get $other_clks_freq_hz $clk_name]
#     }
#     set_property CONFIG.FREQ_HZ $port_freq_hz $bd_clk_port
#   }
# }
# foreach bd_port [get_bd_intf_ports] {
#   set_property name [regsub {_0$} [get_property name $bd_port] {}] $bd_port
# }
# foreach bd_port [get_bd_ports -filter {INTF!=TRUE}] {
#   set_property name [regsub {_0$} [get_property name $bd_port] {}] $bd_port
# }
# set s_axi_addr_width_min 32
WARNING: [BD 5-233] No interface ports matched 'get_bd_intf_ports -filter {MODE == "Slave" && VLNV =~ "xilinx.com:interface:aximm_rtl:*"}'
# foreach bd_port [get_bd_intf_ports -filter {MODE == "Slave" && VLNV =~ "xilinx.com:interface:aximm_rtl:*"}] {
#   set bd_port_addr_width [get_property CONFIG.ADDR_WIDTH $bd_port]
#   if { $bd_port_addr_width < $s_axi_addr_width_min } {
#     puts "INFO: Updating $bd_port CONFIG.ADDR_WIDTH to $s_axi_addr_width_min"
#     set_property CONFIG.ADDR_WIDTH $s_axi_addr_width_min $bd_port
#   }
# }
# set_msg_config -id {[BD 41-1265]} -severity {CRITICAL WARNING} -new_severity {INFO}
# assign_bd_address
INFO: [BD 41-3093] Triggering Legacy Auto Assign Algorithm
Wrote  : </home/jjh/RL_test/HLS_Optimization/synthetic_case_generation/project_tmp/solution_tmp/impl/verilog/project.srcs/sources_1/bd/bd_0/bd_0.bd> 
Verilog Output written to : /home/jjh/RL_test/HLS_Optimization/synthetic_case_generation/project_tmp/solution_tmp/impl/verilog/project.gen/sources_1/bd/bd_0/synth/bd_0.v
Verilog Output written to : /home/jjh/RL_test/HLS_Optimization/synthetic_case_generation/project_tmp/solution_tmp/impl/verilog/project.gen/sources_1/bd/bd_0/sim/bd_0.v
Verilog Output written to : /home/jjh/RL_test/HLS_Optimization/synthetic_case_generation/project_tmp/solution_tmp/impl/verilog/project.gen/sources_1/bd/bd_0/hdl/bd_0_wrapper.v
# set toprtl [make_wrapper -files [get_files ${bd_design_name}.bd] -top]
# add_files -norecurse $toprtl
# set top_inst_name [file root [file tail $toprtl]]
# puts "Using BD top: $top_inst_name"
Using BD top: bd_0_wrapper
# set xdc_files [glob -nocomplain ./*.xdc]
# if { [llength $xdc_files] } {
#     add_files -fileset constrs_1 -norecurse $xdc_files
# }
# launch_runs synth_1 -scripts_only
INFO: [BD 41-1662] The design 'bd_0.bd' is already validated. Therefore parameter propagation will not be re-run.
Verilog Output written to : /home/jjh/RL_test/HLS_Optimization/synthetic_case_generation/project_tmp/solution_tmp/impl/verilog/project.gen/sources_1/bd/bd_0/synth/bd_0.v
Verilog Output written to : /home/jjh/RL_test/HLS_Optimization/synthetic_case_generation/project_tmp/solution_tmp/impl/verilog/project.gen/sources_1/bd/bd_0/sim/bd_0.v
Verilog Output written to : /home/jjh/RL_test/HLS_Optimization/synthetic_case_generation/project_tmp/solution_tmp/impl/verilog/project.gen/sources_1/bd/bd_0/hdl/bd_0_wrapper.v
INFO: [BD 41-1029] Generation completed for the IP Integrator block hls_inst .
Exporting to file /home/jjh/RL_test/HLS_Optimization/synthetic_case_generation/project_tmp/solution_tmp/impl/verilog/project.gen/sources_1/bd/bd_0/hw_handoff/bd_0.hwh
Generated Hardware Definition File /home/jjh/RL_test/HLS_Optimization/synthetic_case_generation/project_tmp/solution_tmp/impl/verilog/project.gen/sources_1/bd/bd_0/synth/bd_0.hwdef
WARNING: [Vivado 12-7122] Auto Incremental Compile:: No reference checkpoint was found in run synth_1. Auto-incremental flow will not be run, the standard flow will be run instead.
launch_runs: Time (s): cpu = 00:00:09 ; elapsed = 00:00:09 . Memory (MB): peak = 1675.488 ; gain = 48.023 ; free physical = 93543 ; free virtual = 119761
# foreach run [get_runs -filter {IS_SYNTHESIS == 1}] {
#   reset_run [get_runs $run]
# }
# set_property XPM_LIBRARIES {XPM_MEMORY XPM_FIFO} [current_project]
# hls_vivado_reports_setup $report_options
TIMESTAMP: HLS-REPORT: initialize report directories: 2025-12-22 19:25:43 KST
# if { $has_subcore } { report_ip_status }
# if { $has_synth || $has_impl } {
#   # synth properties setting
#   set_property -name {STEPS.SYNTH_DESIGN.ARGS.MORE OPTIONS} -value {-mode out_of_context} -objects [get_runs synth_1]
#   set ip_inst [get_ips -quiet ${bd_design_name}*${bd_inst_name}*]
#   if { ![llength $ip_inst] } {
#       error "Cannot find HLS IP instance: ${bd_design_name}*${bd_inst_name}*"
#   }
#   set synth_run [get_runs -filter {IS_SYNTHESIS == 1} ${ip_inst}*]
#   if { ![llength $synth_run] } {
#       error "Cannot find synth run for HLS IP: ${ip_inst}*"
#   }
# 
#   if { [llength $synth_design_args] } {
#       set_property -name {STEPS.SYNTH_DESIGN.ARGS.MORE OPTIONS} -value $synth_design_args -objects $synth_run
#   }
# 
#   if { [llength $synth_props] } {
#     set_property -dict $synth_props $synth_run
#   }
# 
#   # launch run synth
#   launch_runs synth_1
#   wait_on_run synth_1
#   # synth reports
#   hls_vivado_reports_synth synth_1 $report_options
#   if { $synth_dcp ne "" } {
#     file mkdir [file dirname $synth_dcp]
#     set run_dcp [glob -nocomplain [get_property DIRECTORY $synth_run]/*.dcp]
#     if { [llength $run_dcp] != 1 } { error "Cannot find single dcp file for run $synth_run" }
#     file copy -force $run_dcp $synth_dcp
#   }
# }
WARNING: [Vivado 12-7122] Auto Incremental Compile:: No reference checkpoint was found in run synth_1. Auto-incremental flow will not be run, the standard flow will be run instead.
[Mon Dec 22 19:25:43 2025] Launched bd_0_hls_inst_0_synth_1...
Run output will be captured here: /home/jjh/RL_test/HLS_Optimization/synthetic_case_generation/project_tmp/solution_tmp/impl/verilog/project.runs/bd_0_hls_inst_0_synth_1/runme.log
[Mon Dec 22 19:25:43 2025] Launched synth_1...
Run output will be captured here: /home/jjh/RL_test/HLS_Optimization/synthetic_case_generation/project_tmp/solution_tmp/impl/verilog/project.runs/synth_1/runme.log
[Mon Dec 22 19:25:43 2025] Waiting for synth_1 to finish...

*** Running vivado
    with args -log bd_0_wrapper.vds -m64 -product Vivado -mode batch -messageDb vivado.pb -notrace -source bd_0_wrapper.tcl


****** Vivado v2025.1 (64-bit)
  **** SW Build 6140274 on Wed May 21 22:58:25 MDT 2025
  **** IP Build 6138677 on Thu May 22 03:10:11 MDT 2025
  **** SharedData Build 6139179 on Tue May 20 17:58:58 MDT 2025
  **** Start of session at: Mon Dec 22 19:27:57 2025
    ** Copyright 1986-2022 Xilinx, Inc. All Rights Reserved.
    ** Copyright 2022-2025 Advanced Micro Devices, Inc. All Rights Reserved.

source bd_0_wrapper.tcl -notrace
INFO: [IP_Flow 19-234] Refreshing IP repositories
INFO: [IP_Flow 19-1700] Loaded user IP repository '/home/jjh/RL_test/HLS_Optimization/synthetic_case_generation/project_tmp/solution_tmp/impl/ip'.
INFO: [IP_Flow 19-2313] Loaded Vivado IP repository '/tools/Xilinx/2025.1/Vivado/data/ip'.
Command: synth_design -top bd_0_wrapper -part xc7z020clg484-1 -mode out_of_context
Starting synth_design
Attempting to get a license for feature 'Synthesis' and/or device 'xc7z020'
INFO: [Common 17-349] Got license for feature 'Synthesis' and/or device 'xc7z020'
INFO: [Device 21-403] Loading part xc7z020clg484-1
INFO: [Synth 8-7079] Multithreading enabled for synth_design using a maximum of 7 processes.
INFO: [Synth 8-7078] Launching helper process for spawning children vivado processes
INFO: [Synth 8-7075] Helper process launched with PID 2672569
---------------------------------------------------------------------------------
Starting RTL Elaboration : Time (s): cpu = 00:00:06 ; elapsed = 00:00:06 . Memory (MB): peak = 2146.555 ; gain = 441.711 ; free physical = 92195 ; free virtual = 118429
---------------------------------------------------------------------------------
INFO: [Synth 8-6157] synthesizing module 'bd_0_wrapper' [/home/jjh/RL_test/HLS_Optimization/synthetic_case_generation/project_tmp/solution_tmp/impl/verilog/project.gen/sources_1/bd/bd_0/hdl/bd_0_wrapper.v:13]
INFO: [Synth 8-6157] synthesizing module 'bd_0' [/home/jjh/RL_test/HLS_Optimization/synthetic_case_generation/project_tmp/solution_tmp/impl/verilog/project.gen/sources_1/bd/bd_0/synth/bd_0.v:13]
INFO: [Synth 8-6157] synthesizing module 'bd_0_hls_inst_0' [/home/jjh/RL_test/HLS_Optimization/synthetic_case_generation/project_tmp/solution_tmp/impl/verilog/project.runs/synth_1/.Xil/Vivado-2672435-woong-Super-Server/realtime/bd_0_hls_inst_0_stub.v:6]
INFO: [Synth 8-6155] done synthesizing module 'bd_0_hls_inst_0' (0#1) [/home/jjh/RL_test/HLS_Optimization/synthetic_case_generation/project_tmp/solution_tmp/impl/verilog/project.runs/synth_1/.Xil/Vivado-2672435-woong-Super-Server/realtime/bd_0_hls_inst_0_stub.v:6]
INFO: [Synth 8-6155] done synthesizing module 'bd_0' (0#1) [/home/jjh/RL_test/HLS_Optimization/synthetic_case_generation/project_tmp/solution_tmp/impl/verilog/project.gen/sources_1/bd/bd_0/synth/bd_0.v:13]
INFO: [Synth 8-6155] done synthesizing module 'bd_0_wrapper' (0#1) [/home/jjh/RL_test/HLS_Optimization/synthetic_case_generation/project_tmp/solution_tmp/impl/verilog/project.gen/sources_1/bd/bd_0/hdl/bd_0_wrapper.v:13]
---------------------------------------------------------------------------------
Finished RTL Elaboration : Time (s): cpu = 00:00:08 ; elapsed = 00:00:09 . Memory (MB): peak = 2226.492 ; gain = 521.648 ; free physical = 92109 ; free virtual = 118344
---------------------------------------------------------------------------------
---------------------------------------------------------------------------------
Start Handling Custom Attributes
---------------------------------------------------------------------------------
---------------------------------------------------------------------------------
Finished Handling Custom Attributes : Time (s): cpu = 00:00:08 ; elapsed = 00:00:09 . Memory (MB): peak = 2244.305 ; gain = 539.461 ; free physical = 92109 ; free virtual = 118344
---------------------------------------------------------------------------------
---------------------------------------------------------------------------------
Finished RTL Optimization Phase 1 : Time (s): cpu = 00:00:08 ; elapsed = 00:00:09 . Memory (MB): peak = 2244.305 ; gain = 539.461 ; free physical = 92109 ; free virtual = 118344
---------------------------------------------------------------------------------
Netlist sorting complete. Time (s): cpu = 00:00:00.01 ; elapsed = 00:00:00 . Memory (MB): peak = 2244.305 ; gain = 0.000 ; free physical = 92109 ; free virtual = 118344
INFO: [Project 1-570] Preparing netlist for logic optimization

Processing XDC Constraints
Initializing timing engine
Parsing XDC File [/home/jjh/RL_test/HLS_Optimization/synthetic_case_generation/project_tmp/solution_tmp/impl/verilog/project.gen/sources_1/bd/bd_0/ip/bd_0_hls_inst_0/bd_0_hls_inst_0/bd_0_hls_inst_0_in_context.xdc] for cell 'bd_0_i/hls_inst'
Finished Parsing XDC File [/home/jjh/RL_test/HLS_Optimization/synthetic_case_generation/project_tmp/solution_tmp/impl/verilog/project.gen/sources_1/bd/bd_0/ip/bd_0_hls_inst_0/bd_0_hls_inst_0/bd_0_hls_inst_0_in_context.xdc] for cell 'bd_0_i/hls_inst'
Parsing XDC File [/home/jjh/RL_test/HLS_Optimization/synthetic_case_generation/project_tmp/solution_tmp/impl/verilog/case_7.xdc]
Finished Parsing XDC File [/home/jjh/RL_test/HLS_Optimization/synthetic_case_generation/project_tmp/solution_tmp/impl/verilog/case_7.xdc]
Parsing XDC File [/home/jjh/RL_test/HLS_Optimization/synthetic_case_generation/project_tmp/solution_tmp/impl/verilog/project.runs/synth_1/dont_touch.xdc]
Finished Parsing XDC File [/home/jjh/RL_test/HLS_Optimization/synthetic_case_generation/project_tmp/solution_tmp/impl/verilog/project.runs/synth_1/dont_touch.xdc]
Completed Processing XDC Constraints

Netlist sorting complete. Time (s): cpu = 00:00:00 ; elapsed = 00:00:00 . Memory (MB): peak = 2293.230 ; gain = 0.000 ; free physical = 92133 ; free virtual = 118367
INFO: [Project 1-111] Unisim Transformation Summary:
No Unisim elements were transformed.

Constraint Validation Runtime : Time (s): cpu = 00:00:00.04 ; elapsed = 00:00:00.04 . Memory (MB): peak = 2293.266 ; gain = 0.000 ; free physical = 92132 ; free virtual = 118366
---------------------------------------------------------------------------------
Finished Constraint Validation : Time (s): cpu = 00:00:18 ; elapsed = 00:00:19 . Memory (MB): peak = 2293.266 ; gain = 588.422 ; free physical = 92164 ; free virtual = 118399
---------------------------------------------------------------------------------
---------------------------------------------------------------------------------
Start Loading Part and Timing Information
---------------------------------------------------------------------------------
Loading part: xc7z020clg484-1
---------------------------------------------------------------------------------
Finished Loading Part and Timing Information : Time (s): cpu = 00:00:18 ; elapsed = 00:00:19 . Memory (MB): peak = 2301.234 ; gain = 596.391 ; free physical = 92164 ; free virtual = 118399
---------------------------------------------------------------------------------
---------------------------------------------------------------------------------
Start Applying 'set_property' XDC Constraints
---------------------------------------------------------------------------------
---------------------------------------------------------------------------------
Finished applying 'set_property' XDC Constraints : Time (s): cpu = 00:00:18 ; elapsed = 00:00:19 . Memory (MB): peak = 2301.234 ; gain = 596.391 ; free physical = 92164 ; free virtual = 118399
---------------------------------------------------------------------------------
---------------------------------------------------------------------------------
Finished RTL Optimization Phase 2 : Time (s): cpu = 00:00:19 ; elapsed = 00:00:19 . Memory (MB): peak = 2301.234 ; gain = 596.391 ; free physical = 92161 ; free virtual = 118396
---------------------------------------------------------------------------------
---------------------------------------------------------------------------------
Start RTL Component Statistics 
---------------------------------------------------------------------------------
Detailed RTL Component Info : 
---------------------------------------------------------------------------------
Finished RTL Component Statistics 
---------------------------------------------------------------------------------
---------------------------------------------------------------------------------
Start Part Resource Summary
---------------------------------------------------------------------------------
Part Resources:
DSPs: 220 (col length:60)
BRAMs: 280 (col length: RAMB18 60 RAMB36 30)
---------------------------------------------------------------------------------
Finished Part Resource Summary
---------------------------------------------------------------------------------
---------------------------------------------------------------------------------
Start Cross Boundary and Area Optimization
---------------------------------------------------------------------------------
WARNING: [Synth 8-7080] Parallel synthesis criteria is not met
---------------------------------------------------------------------------------
Finished Cross Boundary and Area Optimization : Time (s): cpu = 00:00:21 ; elapsed = 00:00:21 . Memory (MB): peak = 2301.234 ; gain = 596.391 ; free physical = 92161 ; free virtual = 118396
---------------------------------------------------------------------------------
---------------------------------------------------------------------------------
Start Applying XDC Timing Constraints
---------------------------------------------------------------------------------
---------------------------------------------------------------------------------
Finished Applying XDC Timing Constraints : Time (s): cpu = 00:00:30 ; elapsed = 00:00:31 . Memory (MB): peak = 2389.234 ; gain = 684.391 ; free physical = 92062 ; free virtual = 118297
---------------------------------------------------------------------------------
---------------------------------------------------------------------------------
Start Timing Optimization
---------------------------------------------------------------------------------
---------------------------------------------------------------------------------
Finished Timing Optimization : Time (s): cpu = 00:00:30 ; elapsed = 00:00:31 . Memory (MB): peak = 2390.234 ; gain = 685.391 ; free physical = 92062 ; free virtual = 118297
---------------------------------------------------------------------------------
---------------------------------------------------------------------------------
Start Technology Mapping
---------------------------------------------------------------------------------
---------------------------------------------------------------------------------
Finished Technology Mapping : Time (s): cpu = 00:00:30 ; elapsed = 00:00:31 . Memory (MB): peak = 2400.250 ; gain = 695.406 ; free physical = 92054 ; free virtual = 118289
---------------------------------------------------------------------------------
---------------------------------------------------------------------------------
Start IO Insertion
---------------------------------------------------------------------------------
---------------------------------------------------------------------------------
Start Flattening Before IO Insertion
---------------------------------------------------------------------------------
---------------------------------------------------------------------------------
Finished Flattening Before IO Insertion
---------------------------------------------------------------------------------
---------------------------------------------------------------------------------
Start Final Netlist Cleanup
---------------------------------------------------------------------------------
---------------------------------------------------------------------------------
Finished Final Netlist Cleanup
---------------------------------------------------------------------------------
---------------------------------------------------------------------------------
Finished IO Insertion : Time (s): cpu = 00:00:36 ; elapsed = 00:00:37 . Memory (MB): peak = 2574.062 ; gain = 869.219 ; free physical = 91892 ; free virtual = 118127
---------------------------------------------------------------------------------
---------------------------------------------------------------------------------
Start Renaming Generated Instances
---------------------------------------------------------------------------------
---------------------------------------------------------------------------------
Finished Renaming Generated Instances : Time (s): cpu = 00:00:36 ; elapsed = 00:00:37 . Memory (MB): peak = 2574.062 ; gain = 869.219 ; free physical = 91892 ; free virtual = 118127
---------------------------------------------------------------------------------
---------------------------------------------------------------------------------
Start Rebuilding User Hierarchy
---------------------------------------------------------------------------------
---------------------------------------------------------------------------------
Finished Rebuilding User Hierarchy : Time (s): cpu = 00:00:36 ; elapsed = 00:00:37 . Memory (MB): peak = 2574.062 ; gain = 869.219 ; free physical = 91892 ; free virtual = 118127
---------------------------------------------------------------------------------
---------------------------------------------------------------------------------
Start Renaming Generated Ports
---------------------------------------------------------------------------------
---------------------------------------------------------------------------------
Finished Renaming Generated Ports : Time (s): cpu = 00:00:36 ; elapsed = 00:00:37 . Memory (MB): peak = 2574.062 ; gain = 869.219 ; free physical = 91892 ; free virtual = 118127
---------------------------------------------------------------------------------
---------------------------------------------------------------------------------
Start Handling Custom Attributes
---------------------------------------------------------------------------------
---------------------------------------------------------------------------------
Finished Handling Custom Attributes : Time (s): cpu = 00:00:36 ; elapsed = 00:00:37 . Memory (MB): peak = 2574.062 ; gain = 869.219 ; free physical = 91892 ; free virtual = 118127
---------------------------------------------------------------------------------
---------------------------------------------------------------------------------
Start Renaming Generated Nets
---------------------------------------------------------------------------------
---------------------------------------------------------------------------------
Finished Renaming Generated Nets : Time (s): cpu = 00:00:36 ; elapsed = 00:00:37 . Memory (MB): peak = 2574.062 ; gain = 869.219 ; free physical = 91892 ; free virtual = 118127
---------------------------------------------------------------------------------
---------------------------------------------------------------------------------
Start Writing Synthesis Report
---------------------------------------------------------------------------------

Report BlackBoxes: 
+------+----------------+----------+
|      |BlackBox name   |Instances |
+------+----------------+----------+
|1     |bd_0_hls_inst_0 |         1|
+------+----------------+----------+

Report Cell Usage: 
+------+--------------+------+
|      |Cell          |Count |
+------+--------------+------+
|1     |bd_0_hls_inst |     1|
+------+--------------+------+
---------------------------------------------------------------------------------
Finished Writing Synthesis Report : Time (s): cpu = 00:00:36 ; elapsed = 00:00:37 . Memory (MB): peak = 2574.062 ; gain = 869.219 ; free physical = 91892 ; free virtual = 118127
---------------------------------------------------------------------------------
Synthesis finished with 0 errors, 0 critical warnings and 1 warnings.
Synthesis Optimization Runtime : Time (s): cpu = 00:00:34 ; elapsed = 00:00:34 . Memory (MB): peak = 2574.062 ; gain = 820.258 ; free physical = 91892 ; free virtual = 118127
Synthesis Optimization Complete : Time (s): cpu = 00:00:37 ; elapsed = 00:00:37 . Memory (MB): peak = 2574.070 ; gain = 869.219 ; free physical = 91892 ; free virtual = 118127
INFO: [Project 1-571] Translating synthesized netlist
Netlist sorting complete. Time (s): cpu = 00:00:00.01 ; elapsed = 00:00:00 . Memory (MB): peak = 2574.070 ; gain = 0.000 ; free physical = 91892 ; free virtual = 118127
INFO: [Project 1-570] Preparing netlist for logic optimization
INFO: [Opt 31-138] Pushed 0 inverter(s) to 0 load pin(s).
Netlist sorting complete. Time (s): cpu = 00:00:00 ; elapsed = 00:00:00 . Memory (MB): peak = 2574.070 ; gain = 0.000 ; free physical = 92069 ; free virtual = 118305
INFO: [Project 1-111] Unisim Transformation Summary:
No Unisim elements were transformed.

Synth Design complete | Checksum: f52ba42
INFO: [Common 17-83] Releasing license: Synthesis
21 Infos, 1 Warnings, 0 Critical Warnings and 0 Errors encountered.
synth_design completed successfully
synth_design: Time (s): cpu = 00:00:50 ; elapsed = 00:00:47 . Memory (MB): peak = 2574.098 ; gain = 1045.988 ; free physical = 92069 ; free virtual = 118305
INFO: [Common 17-2834] synth_design peak Physical Memory [PSS] (MB): overall = 1497.718; main = 1497.718; forked = 170.818
INFO: [Common 17-2834] synth_design peak Virtual Memory [VSS] (MB): overall = 3296.348; main = 2574.066; forked = 960.109
INFO: [Common 17-1381] The checkpoint '/home/jjh/RL_test/HLS_Optimization/synthetic_case_generation/project_tmp/solution_tmp/impl/verilog/project.runs/synth_1/bd_0_wrapper.dcp' has been generated.
INFO: [Vivado 12-24828] Executing command : report_utilization -file bd_0_wrapper_utilization_synth.rpt -pb bd_0_wrapper_utilization_synth.pb
INFO: [Common 17-206] Exiting Vivado at Mon Dec 22 19:28:51 2025...
[Mon Dec 22 19:29:11 2025] synth_1 finished
wait_on_runs: Time (s): cpu = 00:03:14 ; elapsed = 00:03:28 . Memory (MB): peak = 1675.488 ; gain = 0.000 ; free physical = 93563 ; free virtual = 119796
TIMESTAMP: HLS-REPORT: synthesis open_run: 2025-12-22 19:29:11 KST
INFO: HLS-REPORT: Opening synthesis design database: open_run synth_1
Design is defaulting to impl run constrset: constrs_1
Design is defaulting to synth run part: xc7z020clg484-1
INFO: [Device 21-403] Loading part xc7z020clg484-1
INFO: [Project 1-5699] Read binary netlist with skipMacroContent - 1
INFO: [Project 1-454] Reading design checkpoint '/home/jjh/RL_test/HLS_Optimization/synthetic_case_generation/project_tmp/solution_tmp/impl/verilog/project.gen/sources_1/bd/bd_0/ip/bd_0_hls_inst_0/bd_0_hls_inst_0.dcp' for cell 'bd_0_i/hls_inst'
Netlist sorting complete. Time (s): cpu = 00:00:00.06 ; elapsed = 00:00:00.06 . Memory (MB): peak = 1838.184 ; gain = 0.000 ; free physical = 93355 ; free virtual = 119589
INFO: [Netlist 29-17] Analyzing 766 Unisim elements for replacement
INFO: [Netlist 29-28] Unisim Transformation completed in 0 CPU seconds
INFO: [Project 1-479] Netlist was created with Vivado 2025.1
INFO: [Project 1-570] Preparing netlist for logic optimization
Parsing XDC File [/home/jjh/RL_test/HLS_Optimization/synthetic_case_generation/project_tmp/solution_tmp/impl/verilog/case_7.xdc]
Finished Parsing XDC File [/home/jjh/RL_test/HLS_Optimization/synthetic_case_generation/project_tmp/solution_tmp/impl/verilog/case_7.xdc]
INFO: [Opt 31-138] Pushed 0 inverter(s) to 0 load pin(s).
Netlist sorting complete. Time (s): cpu = 00:00:00 ; elapsed = 00:00:00 . Memory (MB): peak = 1978.602 ; gain = 0.000 ; free physical = 93252 ; free virtual = 119485
INFO: [Project 1-111] Unisim Transformation Summary:
No Unisim elements were transformed.

open_run: Time (s): cpu = 00:00:07 ; elapsed = 00:00:07 . Memory (MB): peak = 1978.637 ; gain = 303.148 ; free physical = 93251 ; free virtual = 119485
TIMESTAMP: HLS-REPORT: synthesis generate_reports_vivado: 2025-12-22 19:29:18 KST
INFO: HLS-REPORT: Running report: report_utilization -file ./report/case_7_utilization_synth.rpt
INFO: HLS-REPORT: Running report: report_utilization -hierarchical -hierarchical_depth 5 -file ./report/case_7_utilization_hierarchical_synth.rpt
INFO: HLS-REPORT: Running report: report_timing_summary -file ./report/case_7_timing_synth.rpt
INFO: [Timing 38-35] Done setting XDC timing constraints.
INFO: [Timing 38-91] UpdateTimingParams: Speed grade: -1, Delay Type: min_max.
INFO: [Timing 38-191] Multithreading enabled for timing update using a maximum of 8 CPUs
WARNING: [Timing 38-242] The property HD.CLK_SRC of clock port "ap_clk" is not set. In out-of-context mode, this prevents timing estimation for clock delay/skew
Resolution: Set the HD.CLK_SRC property of the out-of-context port to the location of the clock buffer instance in the top-level design
report_timing_summary: Time (s): cpu = 00:00:12 ; elapsed = 00:00:11 . Memory (MB): peak = 2557.430 ; gain = 578.793 ; free physical = 92803 ; free virtual = 119037
INFO: HLS-REPORT: Running report: report_power -file ./report/case_7_power_synth.rpt -xpe ./case_7_power.xpe
Command: report_power -file ./report/case_7_power_synth.rpt -xpe ./case_7_power.xpe
Running Vector-less Activity Propagation...

Finished Running Vector-less Activity Propagation
12 Infos, 2 Warnings, 0 Critical Warnings and 0 Errors encountered.
report_power completed successfully
INFO: HLS-REPORT: Running report: report_timing -max_paths 10 -file ./report/case_7_timing_paths_synth.rpt
INFO: [Timing 38-91] UpdateTimingParams: Speed grade: -1, Delay Type: max.
INFO: [Timing 38-191] Multithreading enabled for timing update using a maximum of 8 CPUs
INFO: [Timing 38-78] ReportTimingParams: -max_paths 10 -nworst 1 -delay_type max -sort_by slack.
INFO: HLS-REPORT: Running report: report_design_analysis -file ./report/case_7_design_analysis_synth.rpt
INFO: [Implflow 30-839]  
INFO: HLS-REPORT: Running report: ::tclapp::xilinx::designutils::report_failfast -detailed_report synth -file ./report/case_7_failfast_synth.rpt
 -I- design metrics completed in 1 seconds
 -I- DONT_TOUCH metric completed in 0 seconds
 -I- MARK_DEBUG metric completed in 0 seconds
 -I- utilization metrics completed in 2 seconds
 -I- control set metrics completed in 0 seconds
 -I- methodology check metrics completed in 0 seconds
 -I- average fanout metrics completed in 1 seconds (0 modules)
 -I- non-FD high fanout nets completed in 1 seconds
 -I- path budgeting metrics completed in 0 seconds
#  +-----------------------------------------------------------------------------------------+
#  | Design Summary                                                                          |
#  | design_1                                                                                |
#  | xc7z020clg484-1                                                                         |
#  +-----------------------------------------------------------+-----------+--------+--------+
#  | Criteria                                                  | Guideline | Actual | Status |
#  +-----------------------------------------------------------+-----------+--------+--------+
#  | LUT                                                       | 70%       | 8.88%  | OK     |
#  | FD                                                        | 50%       | 1.24%  | OK     |
#  | LUTRAM+SRL                                                | 25%       | 0.00%  | OK     |
#  | MUXF7                                                     | 15%       | 0.00%  | OK     |
#  | DSP                                                       | 80%       | 11.82% | OK     |
#  | RAMB/FIFO                                                 | 80%       | 0.00%  | OK     |
#  | DSP+RAMB+URAM (Avg)                                       | 70%       | 11.82% | OK     |
#  | BUFGCE* + BUFGCTRL                                        | 24        | 0      | OK     |
#  | DONT_TOUCH (cells/nets)                                   | 0         | 0      | OK     |
#  | MARK_DEBUG (nets)                                         | 0         | 0      | OK     |
#  | Control Sets                                              | 998       | 41     | OK     |
#  | Average Fanout for modules > 100k cells                   | 4         | 3.04   | OK     |
#  | Max Average Fanout for modules > 100k cells               | 4         | 0      | OK     |
#  | Non-FD high fanout nets > 10k loads                       | 0         | 0      | OK     |
#  +-----------------------------------------------------------+-----------+--------+--------+
#  | TIMING-6 (No common primary clock between related clocks) | 0         | 0      | OK     |
#  | TIMING-7 (No common node between related clocks)          | 0         | 0      | OK     |
#  | TIMING-8 (No common period between related clocks)        | 0         | 0      | OK     |
#  | TIMING-14 (LUT on the clock tree)                         | 0         | 0      | OK     |
#  | TIMING-35 (No common node in paths with the same clock)   | 0         | 0      | OK     |
#  +-----------------------------------------------------------+-----------+--------+--------+
#  | Number of paths above max LUT budgeting (0.575ns)         | 0         | 0      | OK     |
#  | Number of paths above max Net budgeting (0.403ns)         | 0         | 0      | OK     |
#  +-----------------------------------------------------------+-----------+--------+--------+
 -I- Generated file /home/jjh/RL_test/HLS_Optimization/synthetic_case_generation/project_tmp/solution_tmp/impl/verilog/report/case_7_failfast_synth.rpt
 -I- Number of criteria to review: 0
 -I- This report should be run before placing the design and uses conservative guidelines beyond which runtime and timing closure will likely be more challenging
 -I- report_failfast completed in 5 seconds
TIMESTAMP: HLS-REPORT: synthesis gen_data_dict_vivado: 2025-12-22 19:29:36 KST
TIMESTAMP: HLS-REPORT: synth extract_util_hier: 2025-12-22 19:29:36 KST
TIMESTAMP: HLS-REPORT: synth get_cell_hier_data: 2025-12-22 19:29:36 KST
TIMESTAMP: HLS-REPORT: synth get_timing_paths: 2025-12-22 19:29:36 KST
TIMESTAMP: HLS-REPORT: synth process timing paths: 2025-12-22 19:29:36 KST
TIMESTAMP: HLS-REPORT: synth get_all_vv_rpt_files: 2025-12-22 19:29:36 KST
TIMESTAMP: HLS-REPORT: synthesis write_reports_vivado: 2025-12-22 19:29:36 KST
HLS EXTRACTION: synth area_totals:  0 53200 106400 220 280 0 0
HLS EXTRACTION: synth area_current: 0 4724 1321 26 0 0 0 0 0 0
HLS EXTRACTION: synth resources_dict: AVAIL_LUT 53200 LUT 4724 AVAIL_FF 106400 FF 1321 AVAIL_DSP 220 DSP 26 AVAIL_BRAM 280 BRAM 0 AVAIL_URAM 0 URAM 0 LATCH 0 SRL 0 AVAIL_CLB 0 CLB 0
INFO: HLS-REPORT: generated /home/jjh/RL_test/HLS_Optimization/synthetic_case_generation/project_tmp/solution_tmp/impl/verilog/report/vivado_syn.xml
INFO: HLS-REPORT: generated /home/jjh/RL_test/HLS_Optimization/synthetic_case_generation/project_tmp/solution_tmp/impl/report/verilog/case_7_export.rpt


Implementation tool: Xilinx Vivado v.2025.1
Project:             project_tmp
Solution:            solution_tmp
Device target:       xc7z020-clg484-1
Report date:         Mon Dec 22 19:29:36 KST 2025

#=== Post-Synthesis Resource usage ===
SLICE:            0
LUT:           4724
FF:            1321
DSP:             26
BRAM:             0
URAM:             0
LATCH:            0
SRL:              0
CLB:              0

#=== Final timing ===
CP required:                     10.000
CP achieved post-synthesis:      8.158
Timing met

TIMESTAMP: HLS-REPORT: synthesis end: 2025-12-22 19:29:36 KST
# if { $has_impl } {
#   # launch run impl
#   if { [llength $impl_props] } {
#     set_property -dict $impl_props [get_runs impl_1]
#   }
#   launch_runs impl_1
#   wait_on_run impl_1
#   # impl reports
#   hls_vivado_reports_impl impl_1 $report_options
# }
INFO: [Timing 38-480] Writing timing data to binary archive.
Write ShapeDB Complete: Time (s): cpu = 00:00:00.08 ; elapsed = 00:00:00.02 . Memory (MB): peak = 2746.410 ; gain = 0.000 ; free physical = 92703 ; free virtual = 118938
WARNING: [Common 17-210] 'write_hwdef' is deprecated.
[Mon Dec 22 19:29:37 2025] Launched impl_1...
Run output will be captured here: /home/jjh/RL_test/HLS_Optimization/synthetic_case_generation/project_tmp/solution_tmp/impl/verilog/project.runs/impl_1/runme.log
[Mon Dec 22 19:29:37 2025] Waiting for impl_1 to finish...

*** Running vivado
    with args -log bd_0_wrapper.vdi -applog -m64 -product Vivado -messageDb vivado.pb -mode batch -source bd_0_wrapper.tcl -notrace


****** Vivado v2025.1 (64-bit)
  **** SW Build 6140274 on Wed May 21 22:58:25 MDT 2025
  **** IP Build 6138677 on Thu May 22 03:10:11 MDT 2025
  **** SharedData Build 6139179 on Tue May 20 17:58:58 MDT 2025
  **** Start of session at: Mon Dec 22 19:29:41 2025
    ** Copyright 1986-2022 Xilinx, Inc. All Rights Reserved.
    ** Copyright 2022-2025 Advanced Micro Devices, Inc. All Rights Reserved.

source bd_0_wrapper.tcl -notrace
Command: open_checkpoint /home/jjh/RL_test/HLS_Optimization/synthetic_case_generation/project_tmp/solution_tmp/impl/verilog/project.runs/impl_1/bd_0_wrapper.dcp
INFO: [Device 21-403] Loading part xc7z020clg484-1
Netlist sorting complete. Time (s): cpu = 00:00:00.06 ; elapsed = 00:00:00.06 . Memory (MB): peak = 1718.688 ; gain = 0.000 ; free physical = 92009 ; free virtual = 118245
INFO: [Netlist 29-17] Analyzing 766 Unisim elements for replacement
INFO: [Netlist 29-28] Unisim Transformation completed in 0 CPU seconds
INFO: [Project 1-479] Netlist was created with Vivado 2025.1
INFO: [Project 1-570] Preparing netlist for logic optimization
Read ShapeDB Complete: Time (s): cpu = 00:00:00.02 ; elapsed = 00:00:00.03 . Memory (MB): peak = 1789.469 ; gain = 1.000 ; free physical = 91909 ; free virtual = 118145
INFO: [Timing 38-478] Restoring timing data from binary archive.
INFO: [Timing 38-479] Binary timing data restore complete.
INFO: [Project 1-856] Restoring constraints from binary archive.
INFO: [Project 1-853] Binary constraint restore complete.
Netlist sorting complete. Time (s): cpu = 00:00:00 ; elapsed = 00:00:00.01 . Memory (MB): peak = 2361.031 ; gain = 0.000 ; free physical = 91375 ; free virtual = 117611
INFO: [Project 1-111] Unisim Transformation Summary:
No Unisim elements were transformed.

INFO: [Project 1-604] Checkpoint was created with Vivado v2025.1 (64-bit) build 6140274
open_checkpoint: Time (s): cpu = 00:00:30 ; elapsed = 00:00:19 . Memory (MB): peak = 2361.066 ; gain = 930.016 ; free physical = 91375 ; free virtual = 117611
INFO: [IP_Flow 19-234] Refreshing IP repositories
INFO: [IP_Flow 19-1700] Loaded user IP repository '/home/jjh/RL_test/HLS_Optimization/synthetic_case_generation/project_tmp/solution_tmp/impl/ip'.
INFO: [IP_Flow 19-2313] Loaded Vivado IP repository '/tools/Xilinx/2025.1/Vivado/data/ip'.
Command: opt_design
Attempting to get a license for feature 'Implementation' and/or device 'xc7z020'
INFO: [Common 17-349] Got license for feature 'Implementation' and/or device 'xc7z020'
Running DRC as a precondition to command opt_design

Starting DRC Task
INFO: [DRC 23-27] Running DRC with 8 threads
WARNING: [DRC 23-814] Not all possible (connectivity based) DRCs may have been run because this design is seen as Out of Context.
INFO: [Project 1-461] DRC finished with 0 Errors
INFO: [Project 1-462] Please refer to the DRC report (report_drc) for more information.

Time (s): cpu = 00:00:01 ; elapsed = 00:00:00.63 . Memory (MB): peak = 2498.945 ; gain = 129.008 ; free physical = 91321 ; free virtual = 117556

Starting Cache Timing Information Task
Ending Cache Timing Information Task | Checksum: 1cb93a4da

Time (s): cpu = 00:00:00.01 ; elapsed = 00:00:00.02 . Memory (MB): peak = 2498.945 ; gain = 0.000 ; free physical = 91321 ; free virtual = 117556

Starting Logic Optimization Task

Phase 1 Initialization

Phase 1.1 Core Generation And Design Setup
Phase 1.1 Core Generation And Design Setup | Checksum: 1cb93a4da

Time (s): cpu = 00:00:00.01 ; elapsed = 00:00:00.01 . Memory (MB): peak = 2755.930 ; gain = 0.000 ; free physical = 91004 ; free virtual = 117240

Phase 1.2 Setup Constraints And Sort Netlist
Phase 1.2 Setup Constraints And Sort Netlist | Checksum: 1cb93a4da

Time (s): cpu = 00:00:00.02 ; elapsed = 00:00:00.02 . Memory (MB): peak = 2755.930 ; gain = 0.000 ; free physical = 91004 ; free virtual = 117240
Phase 1 Initialization | Checksum: 1cb93a4da

Time (s): cpu = 00:00:00.02 ; elapsed = 00:00:00.03 . Memory (MB): peak = 2755.930 ; gain = 0.000 ; free physical = 91004 ; free virtual = 117240

Phase 2 Timer Update And Timing Data Collection

Phase 2.1 Timer Update
Phase 2.1 Timer Update | Checksum: 1cb93a4da

Time (s): cpu = 00:00:00.46 ; elapsed = 00:00:00.17 . Memory (MB): peak = 2755.930 ; gain = 0.000 ; free physical = 91005 ; free virtual = 117241

Phase 2.2 Timing Data Collection
Phase 2.2 Timing Data Collection | Checksum: 1cb93a4da

Time (s): cpu = 00:00:00.48 ; elapsed = 00:00:00.19 . Memory (MB): peak = 2755.930 ; gain = 0.000 ; free physical = 90997 ; free virtual = 117233
Phase 2 Timer Update And Timing Data Collection | Checksum: 1cb93a4da

Time (s): cpu = 00:00:00.48 ; elapsed = 00:00:00.19 . Memory (MB): peak = 2755.930 ; gain = 0.000 ; free physical = 90997 ; free virtual = 117233

Phase 3 Retarget
INFO: [Opt 31-1851] Number of loadless carry chains removed were: 0
INFO: [Opt 31-1834] Total Chains To Be Transformed Were: 0 AND Number of Transformed insts Created are: 0
INFO: [Opt 31-138] Pushed 0 inverter(s) to 0 load pin(s).
INFO: [Opt 31-49] Retargeted 0 cell(s).
Phase 3 Retarget | Checksum: 18c616671

Time (s): cpu = 00:00:00.67 ; elapsed = 00:00:00.38 . Memory (MB): peak = 2755.930 ; gain = 0.000 ; free physical = 90997 ; free virtual = 117233
Retarget | Checksum: 18c616671
INFO: [Opt 31-389] Phase Retarget created 0 cells and removed 2 cells

Phase 4 Constant propagation
INFO: [Opt 31-138] Pushed 0 inverter(s) to 0 load pin(s).
Phase 4 Constant propagation | Checksum: 13c10cf12

Time (s): cpu = 00:00:00.79 ; elapsed = 00:00:00.5 . Memory (MB): peak = 2755.930 ; gain = 0.000 ; free physical = 90997 ; free virtual = 117233
Constant propagation | Checksum: 13c10cf12
INFO: [Opt 31-389] Phase Constant propagation created 0 cells and removed 0 cells

Phase 5 Sweep
INFO: [Constraints 18-11670] Building netlist checker database with flags, 0x8
Done building netlist checker database: Time (s): cpu = 00:00:00 ; elapsed = 00:00:00 . Memory (MB): peak = 2755.930 ; gain = 0.000 ; free physical = 90997 ; free virtual = 117233
INFO: [Constraints 18-11670] Building netlist checker database with flags, 0x8
Done building netlist checker database: Time (s): cpu = 00:00:00 ; elapsed = 00:00:00.01 . Memory (MB): peak = 2755.930 ; gain = 0.000 ; free physical = 90997 ; free virtual = 117233
Phase 5 Sweep | Checksum: cbfbf662

Time (s): cpu = 00:00:00.93 ; elapsed = 00:00:00.65 . Memory (MB): peak = 2755.930 ; gain = 0.000 ; free physical = 90997 ; free virtual = 117233
Sweep | Checksum: cbfbf662
INFO: [Opt 31-389] Phase Sweep created 0 cells and removed 0 cells

Phase 6 BUFG optimization
Phase 6 BUFG optimization | Checksum: cbfbf662

Time (s): cpu = 00:00:00.97 ; elapsed = 00:00:00.69 . Memory (MB): peak = 2787.945 ; gain = 32.016 ; free physical = 90997 ; free virtual = 117233
BUFG optimization | Checksum: cbfbf662
INFO: [Opt 31-662] Phase BUFG optimization created 0 cells of which 0 are BUFGs and removed 0 cells.

Phase 7 Shift Register Optimization
INFO: [Opt 31-1064] SRL Remap converted 0 SRLs to 0 registers and converted 0 registers of register chains to 0 SRLs
Phase 7 Shift Register Optimization | Checksum: cbfbf662

Time (s): cpu = 00:00:00.98 ; elapsed = 00:00:00.7 . Memory (MB): peak = 2787.945 ; gain = 32.016 ; free physical = 90997 ; free virtual = 117233
Shift Register Optimization | Checksum: cbfbf662
INFO: [Opt 31-389] Phase Shift Register Optimization created 0 cells and removed 0 cells

Phase 8 Post Processing Netlist
Phase 8 Post Processing Netlist | Checksum: cbfbf662

Time (s): cpu = 00:00:01 ; elapsed = 00:00:00.73 . Memory (MB): peak = 2787.945 ; gain = 32.016 ; free physical = 90997 ; free virtual = 117233
Post Processing Netlist | Checksum: cbfbf662
INFO: [Opt 31-389] Phase Post Processing Netlist created 0 cells and removed 0 cells

Phase 9 Finalization

Phase 9.1 Finalizing Design Cores and Updating Shapes
Phase 9.1 Finalizing Design Cores and Updating Shapes | Checksum: ef1d816d

Time (s): cpu = 00:00:01 ; elapsed = 00:00:01 . Memory (MB): peak = 2811.957 ; gain = 56.027 ; free physical = 91000 ; free virtual = 117236

Phase 9.2 Verifying Netlist Connectivity

Starting Connectivity Check Task

Time (s): cpu = 00:00:00.02 ; elapsed = 00:00:00.02 . Memory (MB): peak = 2811.957 ; gain = 0.000 ; free physical = 91000 ; free virtual = 117236
Phase 9.2 Verifying Netlist Connectivity | Checksum: ef1d816d

Time (s): cpu = 00:00:02 ; elapsed = 00:00:01 . Memory (MB): peak = 2811.957 ; gain = 56.027 ; free physical = 91000 ; free virtual = 117236
Phase 9 Finalization | Checksum: ef1d816d

Time (s): cpu = 00:00:02 ; elapsed = 00:00:01 . Memory (MB): peak = 2811.957 ; gain = 56.027 ; free physical = 91000 ; free virtual = 117236
Opt_design Change Summary
=========================


-------------------------------------------------------------------------------------------------------------------------
|  Phase                        |  #Cells created  |  #Cells Removed  |  #Constrained objects preventing optimizations  |
-------------------------------------------------------------------------------------------------------------------------
|  Retarget                     |               0  |               2  |                                              0  |
|  Constant propagation         |               0  |               0  |                                              0  |
|  Sweep                        |               0  |               0  |                                              0  |
|  BUFG optimization            |               0  |               0  |                                              0  |
|  Shift Register Optimization  |               0  |               0  |                                              0  |
|  Post Processing Netlist      |               0  |               0  |                                              0  |
-------------------------------------------------------------------------------------------------------------------------


Ending Logic Optimization Task | Checksum: ef1d816d

Time (s): cpu = 00:00:02 ; elapsed = 00:00:01 . Memory (MB): peak = 2811.957 ; gain = 56.027 ; free physical = 91000 ; free virtual = 117236

Starting Power Optimization Task
INFO: [Pwropt 34-132] Skipping clock gating for clocks with a period < 2.00 ns.
Ending Power Optimization Task | Checksum: ef1d816d

Time (s): cpu = 00:00:00.02 ; elapsed = 00:00:00.01 . Memory (MB): peak = 2811.957 ; gain = 0.000 ; free physical = 91000 ; free virtual = 117236

Starting Final Cleanup Task
Ending Final Cleanup Task | Checksum: ef1d816d

Time (s): cpu = 00:00:00 ; elapsed = 00:00:00.01 . Memory (MB): peak = 2811.957 ; gain = 0.000 ; free physical = 91000 ; free virtual = 117236

Starting Netlist Obfuscation Task
Netlist sorting complete. Time (s): cpu = 00:00:00 ; elapsed = 00:00:00 . Memory (MB): peak = 2811.957 ; gain = 0.000 ; free physical = 91000 ; free virtual = 117236
Ending Netlist Obfuscation Task | Checksum: ef1d816d

Time (s): cpu = 00:00:00.01 ; elapsed = 00:00:00 . Memory (MB): peak = 2811.957 ; gain = 0.000 ; free physical = 91000 ; free virtual = 117236
INFO: [Common 17-83] Releasing license: Implementation
34 Infos, 1 Warnings, 0 Critical Warnings and 0 Errors encountered.
opt_design completed successfully
opt_design: Time (s): cpu = 00:00:06 ; elapsed = 00:00:05 . Memory (MB): peak = 2811.957 ; gain = 442.020 ; free physical = 91000 ; free virtual = 117236
INFO: [Vivado 12-24828] Executing command : report_drc -file bd_0_wrapper_drc_opted.rpt -pb bd_0_wrapper_drc_opted.pb -rpx bd_0_wrapper_drc_opted.rpx
Command: report_drc -file bd_0_wrapper_drc_opted.rpt -pb bd_0_wrapper_drc_opted.pb -rpx bd_0_wrapper_drc_opted.rpx
INFO: [IP_Flow 19-1839] IP Catalog is up to date.
INFO: [DRC 23-27] Running DRC with 8 threads
WARNING: [DRC 23-814] Not all possible (connectivity based) DRCs may have been run because this design is seen as Out of Context.
INFO: [Vivado_Tcl 2-168] The results of DRC are in file /home/jjh/RL_test/HLS_Optimization/synthetic_case_generation/project_tmp/solution_tmp/impl/verilog/project.runs/impl_1/bd_0_wrapper_drc_opted.rpt.
report_drc completed successfully
INFO: [Timing 38-35] Done setting XDC timing constraints.
INFO: [Timing 38-480] Writing timing data to binary archive.
Write ShapeDB Complete: Time (s): cpu = 00:00:00.07 ; elapsed = 00:00:00.02 . Memory (MB): peak = 2845.973 ; gain = 0.000 ; free physical = 90993 ; free virtual = 117229
INFO: [Common 17-1381] The checkpoint '/home/jjh/RL_test/HLS_Optimization/synthetic_case_generation/project_tmp/solution_tmp/impl/verilog/project.runs/impl_1/bd_0_wrapper_opt.dcp' has been generated.
Command: place_design
Attempting to get a license for feature 'Implementation' and/or device 'xc7z020'
INFO: [Common 17-349] Got license for feature 'Implementation' and/or device 'xc7z020'
INFO: [Common 17-83] Releasing license: Implementation
INFO: [DRC 23-27] Running DRC with 8 threads
WARNING: [DRC 23-814] Not all possible (connectivity based) DRCs may have been run because this design is seen as Out of Context.
INFO: [Vivado_Tcl 4-198] DRC finished with 0 Errors
INFO: [Vivado_Tcl 4-199] Please refer to the DRC report (report_drc) for more information.
Running DRC as a precondition to command place_design
INFO: [DRC 23-27] Running DRC with 8 threads
WARNING: [DRC 23-814] Not all possible (connectivity based) DRCs may have been run because this design is seen as Out of Context.
INFO: [Vivado_Tcl 4-198] DRC finished with 0 Errors
INFO: [Vivado_Tcl 4-199] Please refer to the DRC report (report_drc) for more information.
INFO: [Place 30-611] Multithreading enabled for place_design using a maximum of 8 CPUs

Starting Placer Task

Phase 1 Placer Initialization

Phase 1.1 Placer Initialization Netlist Sorting
Netlist sorting complete. Time (s): cpu = 00:00:00 ; elapsed = 00:00:00 . Memory (MB): peak = 2911.449 ; gain = 0.000 ; free physical = 90949 ; free virtual = 117186
Phase 1.1 Placer Initialization Netlist Sorting | Checksum: 677749ec

Time (s): cpu = 00:00:00.01 ; elapsed = 00:00:00.02 . Memory (MB): peak = 2911.449 ; gain = 0.000 ; free physical = 90949 ; free virtual = 117186
Netlist sorting complete. Time (s): cpu = 00:00:00 ; elapsed = 00:00:00 . Memory (MB): peak = 2911.449 ; gain = 0.000 ; free physical = 90949 ; free virtual = 117186

Phase 1.2 IO Placement/ Clock Placement/ Build Placer Device
Phase 1.2 IO Placement/ Clock Placement/ Build Placer Device | Checksum: 774e54d8

Time (s): cpu = 00:00:00.9 ; elapsed = 00:00:00.48 . Memory (MB): peak = 2911.449 ; gain = 0.000 ; free physical = 90947 ; free virtual = 117185

Phase 1.3 Build Placer Netlist Model
Phase 1.3 Build Placer Netlist Model | Checksum: 983ea148

Time (s): cpu = 00:00:04 ; elapsed = 00:00:02 . Memory (MB): peak = 2950.492 ; gain = 39.043 ; free physical = 90948 ; free virtual = 117186

Phase 1.4 Constrain Clocks/Macros
Phase 1.4 Constrain Clocks/Macros | Checksum: 983ea148

Time (s): cpu = 00:00:04 ; elapsed = 00:00:02 . Memory (MB): peak = 2950.492 ; gain = 39.043 ; free physical = 90948 ; free virtual = 117186
Phase 1 Placer Initialization | Checksum: 983ea148

Time (s): cpu = 00:00:04 ; elapsed = 00:00:02 . Memory (MB): peak = 2950.492 ; gain = 39.043 ; free physical = 90948 ; free virtual = 117186

Phase 2 Global Placement

Phase 2.1 Floorplanning
Phase 2.1 Floorplanning | Checksum: 127c37503

Time (s): cpu = 00:00:05 ; elapsed = 00:00:02 . Memory (MB): peak = 2950.492 ; gain = 39.043 ; free physical = 90980 ; free virtual = 117217

Phase 2.2 Update Timing before SLR Path Opt
Phase 2.2 Update Timing before SLR Path Opt | Checksum: e2b715a5

Time (s): cpu = 00:00:06 ; elapsed = 00:00:03 . Memory (MB): peak = 2950.492 ; gain = 39.043 ; free physical = 90980 ; free virtual = 117217

Phase 2.3 Post-Processing in Floorplanning
Phase 2.3 Post-Processing in Floorplanning | Checksum: e2b715a5

Time (s): cpu = 00:00:06 ; elapsed = 00:00:03 . Memory (MB): peak = 2950.492 ; gain = 39.043 ; free physical = 90980 ; free virtual = 117217

Phase 2.4 Global Place Phase1
Phase 2.4 Global Place Phase1 | Checksum: 144f254af

Time (s): cpu = 00:00:23 ; elapsed = 00:00:08 . Memory (MB): peak = 2950.492 ; gain = 39.043 ; free physical = 91054 ; free virtual = 117291

Phase 2.5 Global Place Phase2

Phase 2.5.1 UpdateTiming Before Physical Synthesis
Phase 2.5.1 UpdateTiming Before Physical Synthesis | Checksum: 144f254af

Time (s): cpu = 00:00:23 ; elapsed = 00:00:08 . Memory (MB): peak = 2950.492 ; gain = 39.043 ; free physical = 91054 ; free virtual = 117291

Phase 2.5.2 Physical Synthesis In Placer
INFO: [Physopt 32-1035] Found 0 LUTNM shape to break, 228 LUT instances to create LUTNM shape
INFO: [Physopt 32-1044] Break lutnm for timing: one critical 0, two critical 0, total 0, new lutff created 0
INFO: [Physopt 32-1138] End 1 Pass. Optimized 82 nets or LUTs. Breaked 0 LUT, combined 82 existing LUTs and moved 0 existing LUT
INFO: [Physopt 32-65] No nets found for high-fanout optimization.
INFO: [Physopt 32-232] Optimized 0 net. Created 0 new instance.
INFO: [Physopt 32-775] End 1 Pass. Optimized 0 net or cell. Created 0 new cell, deleted 0 existing cell and moved 0 existing cell
INFO: [Physopt 32-670] No setup violation found.  DSP Register Optimization was not performed.
INFO: [Physopt 32-670] No setup violation found.  Shift Register to Pipeline Optimization was not performed.
INFO: [Physopt 32-670] No setup violation found.  Shift Register Optimization was not performed.
INFO: [Physopt 32-670] No setup violation found.  BRAM Register Optimization was not performed.
INFO: [Physopt 32-670] No setup violation found.  URAM Register Optimization was not performed.
INFO: [Physopt 32-949] No candidate nets found for dynamic/static region interface net replication
INFO: [Physopt 32-775] End 1 Pass. Optimized 0 net or cell. Created 0 new cell, deleted 0 existing cell and moved 0 existing cell
Netlist sorting complete. Time (s): cpu = 00:00:00 ; elapsed = 00:00:00.01 . Memory (MB): peak = 2950.492 ; gain = 0.000 ; free physical = 91054 ; free virtual = 117291

Summary of Physical Synthesis Optimizations
============================================


-----------------------------------------------------------------------------------------------------------------------------------------------------------
|  Optimization                                     |  Added Cells  |  Removed Cells  |  Optimized Cells/Nets  |  Dont Touch  |  Iterations  |  Elapsed   |
-----------------------------------------------------------------------------------------------------------------------------------------------------------
|  LUT Combining                                    |            0  |             82  |                    82  |           0  |           1  |  00:00:00  |
|  Retime                                           |            0  |              0  |                     0  |           0  |           1  |  00:00:00  |
|  Very High Fanout                                 |            0  |              0  |                     0  |           0  |           1  |  00:00:00  |
|  DSP Register                                     |            0  |              0  |                     0  |           0  |           0  |  00:00:00  |
|  Shift Register to Pipeline                       |            0  |              0  |                     0  |           0  |           0  |  00:00:00  |
|  Shift Register                                   |            0  |              0  |                     0  |           0  |           0  |  00:00:00  |
|  BRAM Register                                    |            0  |              0  |                     0  |           0  |           0  |  00:00:00  |
|  URAM Register                                    |            0  |              0  |                     0  |           0  |           0  |  00:00:00  |
|  Dynamic/Static Region Interface Net Replication  |            0  |              0  |                     0  |           0  |           1  |  00:00:00  |
|  Total                                            |            0  |             82  |                    82  |           0  |           4  |  00:00:00  |
-----------------------------------------------------------------------------------------------------------------------------------------------------------


Phase 2.5.2 Physical Synthesis In Placer | Checksum: 12aeb4518

Time (s): cpu = 00:00:25 ; elapsed = 00:00:09 . Memory (MB): peak = 2950.492 ; gain = 39.043 ; free physical = 91053 ; free virtual = 117291
Phase 2.5 Global Place Phase2 | Checksum: 4db1edba

Time (s): cpu = 00:00:28 ; elapsed = 00:00:10 . Memory (MB): peak = 2950.492 ; gain = 39.043 ; free physical = 91053 ; free virtual = 117291
Phase 2 Global Placement | Checksum: 4db1edba

Time (s): cpu = 00:00:28 ; elapsed = 00:00:10 . Memory (MB): peak = 2950.492 ; gain = 39.043 ; free physical = 91053 ; free virtual = 117291

Phase 3 Detail Placement

Phase 3.1 Commit Multi Column Macros
Phase 3.1 Commit Multi Column Macros | Checksum: f838a917

Time (s): cpu = 00:00:29 ; elapsed = 00:00:10 . Memory (MB): peak = 2950.492 ; gain = 39.043 ; free physical = 91053 ; free virtual = 117291

Phase 3.2 Commit Most Macros & LUTRAMs
Phase 3.2 Commit Most Macros & LUTRAMs | Checksum: 13a441723

Time (s): cpu = 00:00:31 ; elapsed = 00:00:11 . Memory (MB): peak = 2950.492 ; gain = 39.043 ; free physical = 91053 ; free virtual = 117290

Phase 3.3 Area Swap Optimization
Phase 3.3 Area Swap Optimization | Checksum: 105ad578f

Time (s): cpu = 00:00:31 ; elapsed = 00:00:11 . Memory (MB): peak = 2950.492 ; gain = 39.043 ; free physical = 91053 ; free virtual = 117290

Phase 3.4 Pipeline Register Optimization
Phase 3.4 Pipeline Register Optimization | Checksum: 14ac624b6

Time (s): cpu = 00:00:31 ; elapsed = 00:00:11 . Memory (MB): peak = 2950.492 ; gain = 39.043 ; free physical = 91053 ; free virtual = 117290

Phase 3.5 Small Shape Detail Placement
Phase 3.5 Small Shape Detail Placement | Checksum: 181c31a5e

Time (s): cpu = 00:00:33 ; elapsed = 00:00:13 . Memory (MB): peak = 2950.492 ; gain = 39.043 ; free physical = 91049 ; free virtual = 117287

Phase 3.6 Re-assign LUT pins
Phase 3.6 Re-assign LUT pins | Checksum: 17872abcc

Time (s): cpu = 00:00:33 ; elapsed = 00:00:13 . Memory (MB): peak = 2950.492 ; gain = 39.043 ; free physical = 91049 ; free virtual = 117286

Phase 3.7 Pipeline Register Optimization
Phase 3.7 Pipeline Register Optimization | Checksum: c35e866d

Time (s): cpu = 00:00:34 ; elapsed = 00:00:14 . Memory (MB): peak = 2950.492 ; gain = 39.043 ; free physical = 91049 ; free virtual = 117286
Phase 3 Detail Placement | Checksum: c35e866d

Time (s): cpu = 00:00:34 ; elapsed = 00:00:14 . Memory (MB): peak = 2950.492 ; gain = 39.043 ; free physical = 91049 ; free virtual = 117286

Phase 4 Post Placement Optimization and Clean-Up

Phase 4.1 Post Commit Optimization
INFO: [Timing 38-35] Done setting XDC timing constraints.

Phase 4.1.1 Post Placement Optimization
Post Placement Optimization Initialization | Checksum: 1b831650e

Phase 4.1.1.1 BUFG Insertion

Starting Physical Synthesis Task

Phase 1 Physical Synthesis Initialization
INFO: [Physopt 32-721] Multithreading enabled for phys_opt_design using a maximum of 8 CPUs
INFO: [Physopt 32-619] Estimated Timing Summary | WNS=0.247 | TNS=0.000 |
Phase 1 Physical Synthesis Initialization | Checksum: 19adc3dce

Time (s): cpu = 00:00:00.23 ; elapsed = 00:00:00.09 . Memory (MB): peak = 2950.492 ; gain = 0.000 ; free physical = 91049 ; free virtual = 117286
INFO: [Place 46-56] BUFG insertion identified 0 candidate nets. Inserted BUFG: 0, Replicated BUFG Driver: 0, Skipped due to Placement/Routing Conflicts: 0, Skipped due to Timing Degradation: 0, Skipped due to netlist editing failed: 0.
Ending Physical Synthesis Task | Checksum: 1815acf4a

Time (s): cpu = 00:00:00.33 ; elapsed = 00:00:00.15 . Memory (MB): peak = 2950.492 ; gain = 0.000 ; free physical = 91049 ; free virtual = 117286
Phase 4.1.1.1 BUFG Insertion | Checksum: 1b831650e

Time (s): cpu = 00:00:37 ; elapsed = 00:00:15 . Memory (MB): peak = 2950.492 ; gain = 39.043 ; free physical = 91049 ; free virtual = 117286

Phase 4.1.1.2 Post Placement Timing Optimization
INFO: [Place 30-746] Post Placement Timing Summary WNS=0.620. For the most accurate timing information please run report_timing.
Phase 4.1.1.2 Post Placement Timing Optimization | Checksum: 9226cfae

Time (s): cpu = 00:00:37 ; elapsed = 00:00:15 . Memory (MB): peak = 2950.492 ; gain = 39.043 ; free physical = 91048 ; free virtual = 117286

Time (s): cpu = 00:00:37 ; elapsed = 00:00:15 . Memory (MB): peak = 2950.492 ; gain = 39.043 ; free physical = 91048 ; free virtual = 117286
Phase 4.1 Post Commit Optimization | Checksum: 9226cfae

Time (s): cpu = 00:00:38 ; elapsed = 00:00:16 . Memory (MB): peak = 2950.492 ; gain = 39.043 ; free physical = 91048 ; free virtual = 117286

Phase 4.2 Post Placement Cleanup
Phase 4.2 Post Placement Cleanup | Checksum: 9226cfae

Time (s): cpu = 00:00:38 ; elapsed = 00:00:16 . Memory (MB): peak = 2950.492 ; gain = 39.043 ; free physical = 91048 ; free virtual = 117286

Phase 4.3 Placer Reporting

Phase 4.3.1 Print Estimated Congestion
INFO: [Place 30-612] Post-Placement Estimated Congestion 
 ____________________________________________________
|           | Global Congestion | Short Congestion  |
| Direction | Region Size       | Region Size       |
|___________|___________________|___________________|
|      North|                1x1|                1x1|
|___________|___________________|___________________|
|      South|                1x1|                1x1|
|___________|___________________|___________________|
|       East|                1x1|                1x1|
|___________|___________________|___________________|
|       West|                1x1|                1x1|
|___________|___________________|___________________|

Phase 4.3.1 Print Estimated Congestion | Checksum: 9226cfae

Time (s): cpu = 00:00:38 ; elapsed = 00:00:16 . Memory (MB): peak = 2950.492 ; gain = 39.043 ; free physical = 91048 ; free virtual = 117286
Phase 4.3 Placer Reporting | Checksum: 9226cfae

Time (s): cpu = 00:00:38 ; elapsed = 00:00:16 . Memory (MB): peak = 2950.492 ; gain = 39.043 ; free physical = 91048 ; free virtual = 117286

Phase 4.4 Final Placement Cleanup
Netlist sorting complete. Time (s): cpu = 00:00:00 ; elapsed = 00:00:00 . Memory (MB): peak = 2950.492 ; gain = 0.000 ; free physical = 91048 ; free virtual = 117286

Time (s): cpu = 00:00:38 ; elapsed = 00:00:16 . Memory (MB): peak = 2950.492 ; gain = 39.043 ; free physical = 91048 ; free virtual = 117286
Phase 4 Post Placement Optimization and Clean-Up | Checksum: b99049dd

Time (s): cpu = 00:00:38 ; elapsed = 00:00:16 . Memory (MB): peak = 2950.492 ; gain = 39.043 ; free physical = 91048 ; free virtual = 117286
Ending Placer Task | Checksum: 9687bd16

Time (s): cpu = 00:00:38 ; elapsed = 00:00:16 . Memory (MB): peak = 2950.492 ; gain = 39.043 ; free physical = 91048 ; free virtual = 117286
69 Infos, 4 Warnings, 0 Critical Warnings and 0 Errors encountered.
place_design completed successfully
place_design: Time (s): cpu = 00:00:41 ; elapsed = 00:00:17 . Memory (MB): peak = 2950.492 ; gain = 104.520 ; free physical = 91048 ; free virtual = 117286
INFO: [Vivado 12-24838] Running report commands "report_control_sets, report_io, report_utilization" in parallel.
Running report generation with 3 threads.
INFO: [Vivado 12-24828] Executing command : report_control_sets -verbose -file bd_0_wrapper_control_sets_placed.rpt
report_control_sets: Time (s): cpu = 00:00:00.14 ; elapsed = 00:00:00.11 . Memory (MB): peak = 2950.492 ; gain = 0.000 ; free physical = 91040 ; free virtual = 117278
INFO: [Vivado 12-24828] Executing command : report_utilization -file bd_0_wrapper_utilization_placed.rpt -pb bd_0_wrapper_utilization_placed.pb
INFO: [Vivado 12-24828] Executing command : report_io -file bd_0_wrapper_io_placed.rpt
report_io: Time (s): cpu = 00:00:00.33 ; elapsed = 00:00:00.36 . Memory (MB): peak = 2950.492 ; gain = 0.000 ; free physical = 91032 ; free virtual = 117270
INFO: [Timing 38-480] Writing timing data to binary archive.
Write ShapeDB Complete: Time (s): cpu = 00:00:00.08 ; elapsed = 00:00:00.02 . Memory (MB): peak = 2950.492 ; gain = 0.000 ; free physical = 91032 ; free virtual = 117270
Wrote PlaceDB: Time (s): cpu = 00:00:01 ; elapsed = 00:00:00.51 . Memory (MB): peak = 2950.492 ; gain = 0.000 ; free physical = 91012 ; free virtual = 117257
Wrote PulsedLatchDB: Time (s): cpu = 00:00:00 ; elapsed = 00:00:00 . Memory (MB): peak = 2950.492 ; gain = 0.000 ; free physical = 91012 ; free virtual = 117257
Writing XDEF routing.
Writing XDEF routing logical nets.
Writing XDEF routing special nets.
Wrote RouteStorage: Time (s): cpu = 00:00:00.09 ; elapsed = 00:00:00.1 . Memory (MB): peak = 2950.492 ; gain = 0.000 ; free physical = 91012 ; free virtual = 117257
Wrote Netlist Cache: Time (s): cpu = 00:00:00.01 ; elapsed = 00:00:00.01 . Memory (MB): peak = 2950.492 ; gain = 0.000 ; free physical = 91012 ; free virtual = 117258
Wrote Device Cache: Time (s): cpu = 00:00:00.01 ; elapsed = 00:00:00.01 . Memory (MB): peak = 2950.492 ; gain = 0.000 ; free physical = 91005 ; free virtual = 117251
Write Physdb Complete: Time (s): cpu = 00:00:01 ; elapsed = 00:00:00.64 . Memory (MB): peak = 2950.492 ; gain = 0.000 ; free physical = 91005 ; free virtual = 117251
INFO: [Common 17-1381] The checkpoint '/home/jjh/RL_test/HLS_Optimization/synthetic_case_generation/project_tmp/solution_tmp/impl/verilog/project.runs/impl_1/bd_0_wrapper_placed.dcp' has been generated.
Command: phys_opt_design
Attempting to get a license for feature 'Implementation' and/or device 'xc7z020'
INFO: [Common 17-349] Got license for feature 'Implementation' and/or device 'xc7z020'

Starting Initial Update Timing Task
WARNING: [Timing 38-242] The property HD.CLK_SRC of clock port "ap_clk" is not set. In out-of-context mode, this prevents timing estimation for clock delay/skew
Resolution: Set the HD.CLK_SRC property of the out-of-context port to the location of the clock buffer instance in the top-level design

Time (s): cpu = 00:00:02 ; elapsed = 00:00:00.76 . Memory (MB): peak = 2950.492 ; gain = 0.000 ; free physical = 90995 ; free virtual = 117235
INFO: [Vivado_Tcl 4-2279] Estimated Timing Summary | WNS= 0.620 | TNS= 0.000 | 
INFO: [Vivado_Tcl 4-383] Design worst setup slack (WNS) is greater than or equal to 0.000 ns. All physical synthesis setup optimizations will be skipped.
INFO: [Vivado_Tcl 4-232] No setup violation found. The netlist was not modified.
INFO: [Common 17-83] Releasing license: Implementation
80 Infos, 5 Warnings, 0 Critical Warnings and 0 Errors encountered.
phys_opt_design completed successfully
INFO: [Timing 38-480] Writing timing data to binary archive.
Write ShapeDB Complete: Time (s): cpu = 00:00:00.11 ; elapsed = 00:00:00.02 . Memory (MB): peak = 2950.492 ; gain = 0.000 ; free physical = 90995 ; free virtual = 117235
Wrote PlaceDB: Time (s): cpu = 00:00:01 ; elapsed = 00:00:00.52 . Memory (MB): peak = 2950.492 ; gain = 0.000 ; free physical = 90975 ; free virtual = 117222
Wrote PulsedLatchDB: Time (s): cpu = 00:00:00 ; elapsed = 00:00:00 . Memory (MB): peak = 2950.492 ; gain = 0.000 ; free physical = 90975 ; free virtual = 117222
Writing XDEF routing.
Writing XDEF routing logical nets.
Writing XDEF routing special nets.
Wrote RouteStorage: Time (s): cpu = 00:00:00.03 ; elapsed = 00:00:00.03 . Memory (MB): peak = 2950.492 ; gain = 0.000 ; free physical = 90975 ; free virtual = 117223
Wrote Netlist Cache: Time (s): cpu = 00:00:00.02 ; elapsed = 00:00:00.01 . Memory (MB): peak = 2950.492 ; gain = 0.000 ; free physical = 90975 ; free virtual = 117223
Wrote Device Cache: Time (s): cpu = 00:00:00.01 ; elapsed = 00:00:00.01 . Memory (MB): peak = 2950.492 ; gain = 0.000 ; free physical = 90975 ; free virtual = 117224
Write Physdb Complete: Time (s): cpu = 00:00:01 ; elapsed = 00:00:00.58 . Memory (MB): peak = 2950.492 ; gain = 0.000 ; free physical = 90975 ; free virtual = 117224
INFO: [Common 17-1381] The checkpoint '/home/jjh/RL_test/HLS_Optimization/synthetic_case_generation/project_tmp/solution_tmp/impl/verilog/project.runs/impl_1/bd_0_wrapper_physopt.dcp' has been generated.
Command: route_design
Attempting to get a license for feature 'Implementation' and/or device 'xc7z020'
INFO: [Common 17-349] Got license for feature 'Implementation' and/or device 'xc7z020'


Starting Routing Task
INFO: [Route 35-254] Multithreading enabled for route_design using a maximum of 8 CPUs

Phase 1 Build RT Design
Checksum: PlaceDB: 46b96ef ConstDB: 0 ShapeSum: 7c22b337 RouteDB: 15f972f0
WARNING: [Route 35-197] Clock port "ap_clk" does not have an associated HD.CLK_SRC. Without this constraint, timing analysis may not be accurate and upstream checks cannot be done to ensure correct clock placement.
WARNING: [Route 35-198] Port "in_data_17[11]" does not have an associated HD.PARTPIN_LOCS, which will prevent the partial routing of the signal "in_data_17[11]". Without this partial route, timing analysis to/from this port will not be accurate, and no routing information for this port can be exported.
WARNING: [Route 35-198] Port "in_data_17[10]" does not have an associated HD.PARTPIN_LOCS, which will prevent the partial routing of the signal "in_data_17[10]". Without this partial route, timing analysis to/from this port will not be accurate, and no routing information for this port can be exported.
WARNING: [Route 35-198] Port "in_data_17[8]" does not have an associated HD.PARTPIN_LOCS, which will prevent the partial routing of the signal "in_data_17[8]". Without this partial route, timing analysis to/from this port will not be accurate, and no routing information for this port can be exported.
WARNING: [Route 35-198] Port "in_data_17[12]" does not have an associated HD.PARTPIN_LOCS, which will prevent the partial routing of the signal "in_data_17[12]". Without this partial route, timing analysis to/from this port will not be accurate, and no routing information for this port can be exported.
WARNING: [Route 35-198] Port "in_data_17[13]" does not have an associated HD.PARTPIN_LOCS, which will prevent the partial routing of the signal "in_data_17[13]". Without this partial route, timing analysis to/from this port will not be accurate, and no routing information for this port can be exported.
WARNING: [Route 35-198] Port "in_data_17[4]" does not have an associated HD.PARTPIN_LOCS, which will prevent the partial routing of the signal "in_data_17[4]". Without this partial route, timing analysis to/from this port will not be accurate, and no routing information for this port can be exported.
WARNING: [Route 35-198] Port "in_data_17[5]" does not have an associated HD.PARTPIN_LOCS, which will prevent the partial routing of the signal "in_data_17[5]". Without this partial route, timing analysis to/from this port will not be accurate, and no routing information for this port can be exported.
WARNING: [Route 35-198] Port "in_data_17[9]" does not have an associated HD.PARTPIN_LOCS, which will prevent the partial routing of the signal "in_data_17[9]". Without this partial route, timing analysis to/from this port will not be accurate, and no routing information for this port can be exported.
WARNING: [Route 35-198] Port "in_data_17[0]" does not have an associated HD.PARTPIN_LOCS, which will prevent the partial routing of the signal "in_data_17[0]". Without this partial route, timing analysis to/from this port will not be accurate, and no routing information for this port can be exported.
WARNING: [Route 35-198] Port "in_data_17[1]" does not have an associated HD.PARTPIN_LOCS, which will prevent the partial routing of the signal "in_data_17[1]". Without this partial route, timing analysis to/from this port will not be accurate, and no routing information for this port can be exported.
WARNING: [Route 35-198] Port "in_data_17[6]" does not have an associated HD.PARTPIN_LOCS, which will prevent the partial routing of the signal "in_data_17[6]". Without this partial route, timing analysis to/from this port will not be accurate, and no routing information for this port can be exported.
WARNING: [Route 35-198] Port "in_data_17[7]" does not have an associated HD.PARTPIN_LOCS, which will prevent the partial routing of the signal "in_data_17[7]". Without this partial route, timing analysis to/from this port will not be accurate, and no routing information for this port can be exported.
WARNING: [Route 35-198] Port "ap_rst" does not have an associated HD.PARTPIN_LOCS, which will prevent the partial routing of the signal "ap_rst". Without this partial route, timing analysis to/from this port will not be accurate, and no routing information for this port can be exported.
WARNING: [Route 35-198] Port "in_data_17[2]" does not have an associated HD.PARTPIN_LOCS, which will prevent the partial routing of the signal "in_data_17[2]". Without this partial route, timing analysis to/from this port will not be accurate, and no routing information for this port can be exported.
WARNING: [Route 35-198] Port "in_data_17[3]" does not have an associated HD.PARTPIN_LOCS, which will prevent the partial routing of the signal "in_data_17[3]". Without this partial route, timing analysis to/from this port will not be accurate, and no routing information for this port can be exported.
WARNING: [Route 35-198] Port "in_data_9[3]" does not have an associated HD.PARTPIN_LOCS, which will prevent the partial routing of the signal "in_data_9[3]". Without this partial route, timing analysis to/from this port will not be accurate, and no routing information for this port can be exported.
WARNING: [Route 35-198] Port "in_data_9[5]" does not have an associated HD.PARTPIN_LOCS, which will prevent the partial routing of the signal "in_data_9[5]". Without this partial route, timing analysis to/from this port will not be accurate, and no routing information for this port can be exported.
WARNING: [Route 35-198] Port "in_data_9[4]" does not have an associated HD.PARTPIN_LOCS, which will prevent the partial routing of the signal "in_data_9[4]". Without this partial route, timing analysis to/from this port will not be accurate, and no routing information for this port can be exported.
WARNING: [Route 35-198] Port "in_data_9[0]" does not have an associated HD.PARTPIN_LOCS, which will prevent the partial routing of the signal "in_data_9[0]". Without this partial route, timing analysis to/from this port will not be accurate, and no routing information for this port can be exported.
WARNING: [Route 35-198] Port "in_data_9[2]" does not have an associated HD.PARTPIN_LOCS, which will prevent the partial routing of the signal "in_data_9[2]". Without this partial route, timing analysis to/from this port will not be accurate, and no routing information for this port can be exported.
WARNING: [Route 35-198] Port "in_data_9[1]" does not have an associated HD.PARTPIN_LOCS, which will prevent the partial routing of the signal "in_data_9[1]". Without this partial route, timing analysis to/from this port will not be accurate, and no routing information for this port can be exported.
WARNING: [Route 35-198] Port "in_data_21[4]" does not have an associated HD.PARTPIN_LOCS, which will prevent the partial routing of the signal "in_data_21[4]". Without this partial route, timing analysis to/from this port will not be accurate, and no routing information for this port can be exported.
WARNING: [Route 35-198] Port "in_data_21[5]" does not have an associated HD.PARTPIN_LOCS, which will prevent the partial routing of the signal "in_data_21[5]". Without this partial route, timing analysis to/from this port will not be accurate, and no routing information for this port can be exported.
WARNING: [Route 35-198] Port "in_data_21[3]" does not have an associated HD.PARTPIN_LOCS, which will prevent the partial routing of the signal "in_data_21[3]". Without this partial route, timing analysis to/from this port will not be accurate, and no routing information for this port can be exported.
WARNING: [Route 35-198] Port "in_data_13[2]" does not have an associated HD.PARTPIN_LOCS, which will prevent the partial routing of the signal "in_data_13[2]". Without this partial route, timing analysis to/from this port will not be accurate, and no routing information for this port can be exported.
WARNING: [Route 35-198] Port "in_data_21[6]" does not have an associated HD.PARTPIN_LOCS, which will prevent the partial routing of the signal "in_data_21[6]". Without this partial route, timing analysis to/from this port will not be accurate, and no routing information for this port can be exported.
WARNING: [Route 35-198] Port "in_data_21[2]" does not have an associated HD.PARTPIN_LOCS, which will prevent the partial routing of the signal "in_data_21[2]". Without this partial route, timing analysis to/from this port will not be accurate, and no routing information for this port can be exported.
WARNING: [Route 35-198] Port "in_data_21[1]" does not have an associated HD.PARTPIN_LOCS, which will prevent the partial routing of the signal "in_data_21[1]". Without this partial route, timing analysis to/from this port will not be accurate, and no routing information for this port can be exported.
WARNING: [Route 35-198] Port "in_data_21[0]" does not have an associated HD.PARTPIN_LOCS, which will prevent the partial routing of the signal "in_data_21[0]". Without this partial route, timing analysis to/from this port will not be accurate, and no routing information for this port can be exported.
WARNING: [Route 35-198] Port "in_data_13[3]" does not have an associated HD.PARTPIN_LOCS, which will prevent the partial routing of the signal "in_data_13[3]". Without this partial route, timing analysis to/from this port will not be accurate, and no routing information for this port can be exported.
WARNING: [Route 35-198] Port "in_data_13[4]" does not have an associated HD.PARTPIN_LOCS, which will prevent the partial routing of the signal "in_data_13[4]". Without this partial route, timing analysis to/from this port will not be accurate, and no routing information for this port can be exported.
WARNING: [Route 35-198] Port "in_data_24[3]" does not have an associated HD.PARTPIN_LOCS, which will prevent the partial routing of the signal "in_data_24[3]". Without this partial route, timing analysis to/from this port will not be accurate, and no routing information for this port can be exported.
WARNING: [Route 35-198] Port "in_data_13[0]" does not have an associated HD.PARTPIN_LOCS, which will prevent the partial routing of the signal "in_data_13[0]". Without this partial route, timing analysis to/from this port will not be accurate, and no routing information for this port can be exported.
WARNING: [Route 35-198] Port "in_data_24[1]" does not have an associated HD.PARTPIN_LOCS, which will prevent the partial routing of the signal "in_data_24[1]". Without this partial route, timing analysis to/from this port will not be accurate, and no routing information for this port can be exported.
WARNING: [Route 35-198] Port "in_data_13[1]" does not have an associated HD.PARTPIN_LOCS, which will prevent the partial routing of the signal "in_data_13[1]". Without this partial route, timing analysis to/from this port will not be accurate, and no routing information for this port can be exported.
WARNING: [Route 35-198] Port "in_data_24[2]" does not have an associated HD.PARTPIN_LOCS, which will prevent the partial routing of the signal "in_data_24[2]". Without this partial route, timing analysis to/from this port will not be accurate, and no routing information for this port can be exported.
WARNING: [Route 35-198] Port "in_data_24[5]" does not have an associated HD.PARTPIN_LOCS, which will prevent the partial routing of the signal "in_data_24[5]". Without this partial route, timing analysis to/from this port will not be accurate, and no routing information for this port can be exported.
WARNING: [Route 35-198] Port "in_data_24[4]" does not have an associated HD.PARTPIN_LOCS, which will prevent the partial routing of the signal "in_data_24[4]". Without this partial route, timing analysis to/from this port will not be accurate, and no routing information for this port can be exported.
WARNING: [Route 35-198] Port "in_data_27[6]" does not have an associated HD.PARTPIN_LOCS, which will prevent the partial routing of the signal "in_data_27[6]". Without this partial route, timing analysis to/from this port will not be accurate, and no routing information for this port can be exported.
WARNING: [Route 35-198] Port "in_data_4[6]" does not have an associated HD.PARTPIN_LOCS, which will prevent the partial routing of the signal "in_data_4[6]". Without this partial route, timing analysis to/from this port will not be accurate, and no routing information for this port can be exported.
WARNING: [Route 35-198] Port "in_data_27[5]" does not have an associated HD.PARTPIN_LOCS, which will prevent the partial routing of the signal "in_data_27[5]". Without this partial route, timing analysis to/from this port will not be accurate, and no routing information for this port can be exported.
WARNING: [Route 35-198] Port "in_data_4[5]" does not have an associated HD.PARTPIN_LOCS, which will prevent the partial routing of the signal "in_data_4[5]". Without this partial route, timing analysis to/from this port will not be accurate, and no routing information for this port can be exported.
WARNING: [Route 35-198] Port "in_data_27[4]" does not have an associated HD.PARTPIN_LOCS, which will prevent the partial routing of the signal "in_data_27[4]". Without this partial route, timing analysis to/from this port will not be accurate, and no routing information for this port can be exported.
WARNING: [Route 35-198] Port "in_data_4[4]" does not have an associated HD.PARTPIN_LOCS, which will prevent the partial routing of the signal "in_data_4[4]". Without this partial route, timing analysis to/from this port will not be accurate, and no routing information for this port can be exported.
WARNING: [Route 35-198] Port "in_data_13[6]" does not have an associated HD.PARTPIN_LOCS, which will prevent the partial routing of the signal "in_data_13[6]". Without this partial route, timing analysis to/from this port will not be accurate, and no routing information for this port can be exported.
WARNING: [Route 35-198] Port "in_data_13[5]" does not have an associated HD.PARTPIN_LOCS, which will prevent the partial routing of the signal "in_data_13[5]". Without this partial route, timing analysis to/from this port will not be accurate, and no routing information for this port can be exported.
WARNING: [Route 35-198] Port "in_data_24[0]" does not have an associated HD.PARTPIN_LOCS, which will prevent the partial routing of the signal "in_data_24[0]". Without this partial route, timing analysis to/from this port will not be accurate, and no routing information for this port can be exported.
WARNING: [Route 35-198] Port "in_data_27[3]" does not have an associated HD.PARTPIN_LOCS, which will prevent the partial routing of the signal "in_data_27[3]". Without this partial route, timing analysis to/from this port will not be accurate, and no routing information for this port can be exported.
WARNING: [Route 35-198] Port "in_data_4[3]" does not have an associated HD.PARTPIN_LOCS, which will prevent the partial routing of the signal "in_data_4[3]". Without this partial route, timing analysis to/from this port will not be accurate, and no routing information for this port can be exported.
WARNING: [Route 35-198] Port "in_data_27[2]" does not have an associated HD.PARTPIN_LOCS, which will prevent the partial routing of the signal "in_data_27[2]". Without this partial route, timing analysis to/from this port will not be accurate, and no routing information for this port can be exported.
WARNING: [Route 35-198] Port "in_data_4[2]" does not have an associated HD.PARTPIN_LOCS, which will prevent the partial routing of the signal "in_data_4[2]". Without this partial route, timing analysis to/from this port will not be accurate, and no routing information for this port can be exported.
WARNING: [Route 35-198] Port "in_data_27[1]" does not have an associated HD.PARTPIN_LOCS, which will prevent the partial routing of the signal "in_data_27[1]". Without this partial route, timing analysis to/from this port will not be accurate, and no routing information for this port can be exported.
WARNING: [Route 35-198] Port "in_data_4[1]" does not have an associated HD.PARTPIN_LOCS, which will prevent the partial routing of the signal "in_data_4[1]". Without this partial route, timing analysis to/from this port will not be accurate, and no routing information for this port can be exported.
WARNING: [Route 35-198] Port "in_data_27[0]" does not have an associated HD.PARTPIN_LOCS, which will prevent the partial routing of the signal "in_data_27[0]". Without this partial route, timing analysis to/from this port will not be accurate, and no routing information for this port can be exported.
WARNING: [Route 35-198] Port "in_data_4[0]" does not have an associated HD.PARTPIN_LOCS, which will prevent the partial routing of the signal "in_data_4[0]". Without this partial route, timing analysis to/from this port will not be accurate, and no routing information for this port can be exported.
WARNING: [Route 35-198] Port "in_data_19[5]" does not have an associated HD.PARTPIN_LOCS, which will prevent the partial routing of the signal "in_data_19[5]". Without this partial route, timing analysis to/from this port will not be accurate, and no routing information for this port can be exported.
WARNING: [Route 35-198] Port "in_data_19[4]" does not have an associated HD.PARTPIN_LOCS, which will prevent the partial routing of the signal "in_data_19[4]". Without this partial route, timing analysis to/from this port will not be accurate, and no routing information for this port can be exported.
WARNING: [Route 35-198] Port "in_data_5[2]" does not have an associated HD.PARTPIN_LOCS, which will prevent the partial routing of the signal "in_data_5[2]". Without this partial route, timing analysis to/from this port will not be accurate, and no routing information for this port can be exported.
WARNING: [Route 35-198] Port "in_data_19[2]" does not have an associated HD.PARTPIN_LOCS, which will prevent the partial routing of the signal "in_data_19[2]". Without this partial route, timing analysis to/from this port will not be accurate, and no routing information for this port can be exported.
WARNING: [Route 35-198] Port "in_data_5[1]" does not have an associated HD.PARTPIN_LOCS, which will prevent the partial routing of the signal "in_data_5[1]". Without this partial route, timing analysis to/from this port will not be accurate, and no routing information for this port can be exported.
WARNING: [Route 35-198] Port "in_data_19[3]" does not have an associated HD.PARTPIN_LOCS, which will prevent the partial routing of the signal "in_data_19[3]". Without this partial route, timing analysis to/from this port will not be accurate, and no routing information for this port can be exported.
WARNING: [Route 35-198] Port "in_data_5[0]" does not have an associated HD.PARTPIN_LOCS, which will prevent the partial routing of the signal "in_data_5[0]". Without this partial route, timing analysis to/from this port will not be accurate, and no routing information for this port can be exported.
WARNING: [Route 35-198] Port "in_data_19[1]" does not have an associated HD.PARTPIN_LOCS, which will prevent the partial routing of the signal "in_data_19[1]". Without this partial route, timing analysis to/from this port will not be accurate, and no routing information for this port can be exported.
WARNING: [Route 35-198] Port "in_data_12[5]" does not have an associated HD.PARTPIN_LOCS, which will prevent the partial routing of the signal "in_data_12[5]". Without this partial route, timing analysis to/from this port will not be accurate, and no routing information for this port can be exported.
WARNING: [Route 35-198] Port "in_data_5[3]" does not have an associated HD.PARTPIN_LOCS, which will prevent the partial routing of the signal "in_data_5[3]". Without this partial route, timing analysis to/from this port will not be accurate, and no routing information for this port can be exported.
WARNING: [Route 35-198] Port "in_data_19[0]" does not have an associated HD.PARTPIN_LOCS, which will prevent the partial routing of the signal "in_data_19[0]". Without this partial route, timing analysis to/from this port will not be accurate, and no routing information for this port can be exported.
WARNING: [Route 35-198] Port "in_data_25[3]" does not have an associated HD.PARTPIN_LOCS, which will prevent the partial routing of the signal "in_data_25[3]". Without this partial route, timing analysis to/from this port will not be accurate, and no routing information for this port can be exported.
WARNING: [Route 35-198] Port "in_data_25[4]" does not have an associated HD.PARTPIN_LOCS, which will prevent the partial routing of the signal "in_data_25[4]". Without this partial route, timing analysis to/from this port will not be accurate, and no routing information for this port can be exported.
WARNING: [Route 35-198] Port "in_data_25[5]" does not have an associated HD.PARTPIN_LOCS, which will prevent the partial routing of the signal "in_data_25[5]". Without this partial route, timing analysis to/from this port will not be accurate, and no routing information for this port can be exported.
WARNING: [Route 35-198] Port "in_data_25[2]" does not have an associated HD.PARTPIN_LOCS, which will prevent the partial routing of the signal "in_data_25[2]". Without this partial route, timing analysis to/from this port will not be accurate, and no routing information for this port can be exported.
WARNING: [Route 35-198] Port "in_data_25[1]" does not have an associated HD.PARTPIN_LOCS, which will prevent the partial routing of the signal "in_data_25[1]". Without this partial route, timing analysis to/from this port will not be accurate, and no routing information for this port can be exported.
WARNING: [Route 35-198] Port "in_data_25[6]" does not have an associated HD.PARTPIN_LOCS, which will prevent the partial routing of the signal "in_data_25[6]". Without this partial route, timing analysis to/from this port will not be accurate, and no routing information for this port can be exported.
WARNING: [Route 35-198] Port "in_data_12[3]" does not have an associated HD.PARTPIN_LOCS, which will prevent the partial routing of the signal "in_data_12[3]". Without this partial route, timing analysis to/from this port will not be accurate, and no routing information for this port can be exported.
WARNING: [Route 35-198] Port "in_data_12[4]" does not have an associated HD.PARTPIN_LOCS, which will prevent the partial routing of the signal "in_data_12[4]". Without this partial route, timing analysis to/from this port will not be accurate, and no routing information for this port can be exported.
WARNING: [Route 35-198] Port "in_data_12[6]" does not have an associated HD.PARTPIN_LOCS, which will prevent the partial routing of the signal "in_data_12[6]". Without this partial route, timing analysis to/from this port will not be accurate, and no routing information for this port can be exported.
WARNING: [Route 35-198] Port "in_data_12[7]" does not have an associated HD.PARTPIN_LOCS, which will prevent the partial routing of the signal "in_data_12[7]". Without this partial route, timing analysis to/from this port will not be accurate, and no routing information for this port can be exported.
WARNING: [Route 35-198] Port "in_data_25[0]" does not have an associated HD.PARTPIN_LOCS, which will prevent the partial routing of the signal "in_data_25[0]". Without this partial route, timing analysis to/from this port will not be accurate, and no routing information for this port can be exported.
WARNING: [Route 35-198] Port "in_data_21[7]" does not have an associated HD.PARTPIN_LOCS, which will prevent the partial routing of the signal "in_data_21[7]". Without this partial route, timing analysis to/from this port will not be accurate, and no routing information for this port can be exported.
WARNING: [Route 35-198] Port "in_data_15[4]" does not have an associated HD.PARTPIN_LOCS, which will prevent the partial routing of the signal "in_data_15[4]". Without this partial route, timing analysis to/from this port will not be accurate, and no routing information for this port can be exported.
WARNING: [Route 35-198] Port "in_data_15[3]" does not have an associated HD.PARTPIN_LOCS, which will prevent the partial routing of the signal "in_data_15[3]". Without this partial route, timing analysis to/from this port will not be accurate, and no routing information for this port can be exported.
WARNING: [Route 35-198] Port "in_data_15[2]" does not have an associated HD.PARTPIN_LOCS, which will prevent the partial routing of the signal "in_data_15[2]". Without this partial route, timing analysis to/from this port will not be accurate, and no routing information for this port can be exported.
WARNING: [Route 35-198] Port "in_data_15[1]" does not have an associated HD.PARTPIN_LOCS, which will prevent the partial routing of the signal "in_data_15[1]". Without this partial route, timing analysis to/from this port will not be accurate, and no routing information for this port can be exported.
WARNING: [Route 35-198] Port "in_data_15[6]" does not have an associated HD.PARTPIN_LOCS, which will prevent the partial routing of the signal "in_data_15[6]". Without this partial route, timing analysis to/from this port will not be accurate, and no routing information for this port can be exported.
WARNING: [Route 35-198] Port "in_data_15[5]" does not have an associated HD.PARTPIN_LOCS, which will prevent the partial routing of the signal "in_data_15[5]". Without this partial route, timing analysis to/from this port will not be accurate, and no routing information for this port can be exported.
WARNING: [Route 35-198] Port "in_data_15[7]" does not have an associated HD.PARTPIN_LOCS, which will prevent the partial routing of the signal "in_data_15[7]". Without this partial route, timing analysis to/from this port will not be accurate, and no routing information for this port can be exported.
WARNING: [Route 35-198] Port "in_data_12[0]" does not have an associated HD.PARTPIN_LOCS, which will prevent the partial routing of the signal "in_data_12[0]". Without this partial route, timing analysis to/from this port will not be accurate, and no routing information for this port can be exported.
WARNING: [Route 35-198] Port "in_data_12[1]" does not have an associated HD.PARTPIN_LOCS, which will prevent the partial routing of the signal "in_data_12[1]". Without this partial route, timing analysis to/from this port will not be accurate, and no routing information for this port can be exported.
WARNING: [Route 35-198] Port "in_data_12[2]" does not have an associated HD.PARTPIN_LOCS, which will prevent the partial routing of the signal "in_data_12[2]". Without this partial route, timing analysis to/from this port will not be accurate, and no routing information for this port can be exported.
WARNING: [Route 35-198] Port "in_data_15[0]" does not have an associated HD.PARTPIN_LOCS, which will prevent the partial routing of the signal "in_data_15[0]". Without this partial route, timing analysis to/from this port will not be accurate, and no routing information for this port can be exported.
WARNING: [Route 35-198] Port "in_data_27[8]" does not have an associated HD.PARTPIN_LOCS, which will prevent the partial routing of the signal "in_data_27[8]". Without this partial route, timing analysis to/from this port will not be accurate, and no routing information for this port can be exported.
WARNING: [Route 35-198] Port "in_data_27[7]" does not have an associated HD.PARTPIN_LOCS, which will prevent the partial routing of the signal "in_data_27[7]". Without this partial route, timing analysis to/from this port will not be accurate, and no routing information for this port can be exported.
WARNING: [Route 35-198] Port "in_data_27[9]" does not have an associated HD.PARTPIN_LOCS, which will prevent the partial routing of the signal "in_data_27[9]". Without this partial route, timing analysis to/from this port will not be accurate, and no routing information for this port can be exported.
WARNING: [Route 35-198] Port "in_data_13[7]" does not have an associated HD.PARTPIN_LOCS, which will prevent the partial routing of the signal "in_data_13[7]". Without this partial route, timing analysis to/from this port will not be accurate, and no routing information for this port can be exported.
WARNING: [Route 35-198] Port "ap_ctrl_start" does not have an associated HD.PARTPIN_LOCS, which will prevent the partial routing of the signal "ap_ctrl_start". Without this partial route, timing analysis to/from this port will not be accurate, and no routing information for this port can be exported.
WARNING: [Route 35-198] Port "in_data_27[10]" does not have an associated HD.PARTPIN_LOCS, which will prevent the partial routing of the signal "in_data_27[10]". Without this partial route, timing analysis to/from this port will not be accurate, and no routing information for this port can be exported.
WARNING: [Route 35-198] Port "in_data_7[0]" does not have an associated HD.PARTPIN_LOCS, which will prevent the partial routing of the signal "in_data_7[0]". Without this partial route, timing analysis to/from this port will not be accurate, and no routing information for this port can be exported.
WARNING: [Route 35-198] Port "in_data_7[1]" does not have an associated HD.PARTPIN_LOCS, which will prevent the partial routing of the signal "in_data_7[1]". Without this partial route, timing analysis to/from this port will not be accurate, and no routing information for this port can be exported.
WARNING: [Route 35-198] Port "in_data_7[2]" does not have an associated HD.PARTPIN_LOCS, which will prevent the partial routing of the signal "in_data_7[2]". Without this partial route, timing analysis to/from this port will not be accurate, and no routing information for this port can be exported.
WARNING: [Route 35-198] Port "in_data_22[8]" does not have an associated HD.PARTPIN_LOCS, which will prevent the partial routing of the signal "in_data_22[8]". Without this partial route, timing analysis to/from this port will not be accurate, and no routing information for this port can be exported.
WARNING: [Route 35-198] Port "in_data_22[7]" does not have an associated HD.PARTPIN_LOCS, which will prevent the partial routing of the signal "in_data_22[7]". Without this partial route, timing analysis to/from this port will not be accurate, and no routing information for this port can be exported.
INFO: [Common 17-14] Message 'Route 35-198' appears 100 times and further instances of the messages will be disabled. Use the Tcl command set_msg_config to change the current settings.
WARNING: [Constraints 18-8777] Unable to split tiles. All required files are not available.
Post Restoration Checksum: NetGraph: 748c0799 | NumContArr: 173939c6 | Constraints: c2a8fa9d | Timing: c2a8fa9d
Phase 1 Build RT Design | Checksum: 211173699

Time (s): cpu = 00:00:38 ; elapsed = 00:00:33 . Memory (MB): peak = 3034.250 ; gain = 83.758 ; free physical = 90845 ; free virtual = 117087

Phase 2 Router Initialization

Phase 2.1 Fix Topology Constraints
Phase 2.1 Fix Topology Constraints | Checksum: 211173699

Time (s): cpu = 00:00:38 ; elapsed = 00:00:33 . Memory (MB): peak = 3034.250 ; gain = 83.758 ; free physical = 90844 ; free virtual = 117087

Phase 2.2 Pre Route Cleanup
Phase 2.2 Pre Route Cleanup | Checksum: 211173699

Time (s): cpu = 00:00:38 ; elapsed = 00:00:33 . Memory (MB): peak = 3034.250 ; gain = 83.758 ; free physical = 90844 ; free virtual = 117087
 Number of Nodes with overlaps = 0

Phase 2.3 Update Timing
Phase 2.3 Update Timing | Checksum: 20eb5522c

Time (s): cpu = 00:00:41 ; elapsed = 00:00:34 . Memory (MB): peak = 3062.266 ; gain = 111.773 ; free physical = 90813 ; free virtual = 117055
INFO: [Route 35-416] Intermediate Timing Summary | WNS=0.735  | TNS=0.000  | WHS=0.147  | THS=0.000  |


Phase 2.4 Soft Constraint Pins - Fast Budgeting
Phase 2.4 Soft Constraint Pins - Fast Budgeting | Checksum: 188c3cd0e

Time (s): cpu = 00:00:42 ; elapsed = 00:00:34 . Memory (MB): peak = 3086.328 ; gain = 135.836 ; free physical = 90811 ; free virtual = 117054

Router Utilization Summary
  Global Vertical Routing Utilization    = 0 %
  Global Horizontal Routing Utilization  = 0 %
  Routable Net Status*
  *Does not include unroutable nets such as driverless and loadless.
  Run report_route_status for detailed report.
  Number of Failed Nets               = 6133
    (Failed Nets is the sum of unrouted and partially routed nets)
  Number of Unrouted Nets             = 6133
  Number of Partially Routed Nets     = 0
  Number of Node Overlaps             = 0

Phase 2 Router Initialization | Checksum: 188c3cd0e

Time (s): cpu = 00:00:42 ; elapsed = 00:00:34 . Memory (MB): peak = 3086.328 ; gain = 135.836 ; free physical = 90798 ; free virtual = 117040

Phase 3 Global Routing
Phase 3 Global Routing | Checksum: 188c3cd0e

Time (s): cpu = 00:00:42 ; elapsed = 00:00:34 . Memory (MB): peak = 3086.328 ; gain = 135.836 ; free physical = 90798 ; free virtual = 117040

Phase 4 Initial Routing

Phase 4.1 Initial Net Routing Pass
Phase 4.1 Initial Net Routing Pass | Checksum: 1ba9ad213

Time (s): cpu = 00:00:44 ; elapsed = 00:00:35 . Memory (MB): peak = 3086.328 ; gain = 135.836 ; free physical = 90798 ; free virtual = 117040
Phase 4 Initial Routing | Checksum: 1ba9ad213

Time (s): cpu = 00:00:44 ; elapsed = 00:00:35 . Memory (MB): peak = 3086.328 ; gain = 135.836 ; free physical = 90798 ; free virtual = 117040

Phase 5 Rip-up And Reroute

Phase 5.1 Global Iteration 0
 Number of Nodes with overlaps = 1076
 Number of Nodes with overlaps = 218
 Number of Nodes with overlaps = 108
 Number of Nodes with overlaps = 46
 Number of Nodes with overlaps = 29
 Number of Nodes with overlaps = 21
 Number of Nodes with overlaps = 15
 Number of Nodes with overlaps = 4
 Number of Nodes with overlaps = 0
INFO: [Route 35-416] Intermediate Timing Summary | WNS=0.634  | TNS=0.000  | WHS=N/A    | THS=N/A    |

Phase 5.1 Global Iteration 0 | Checksum: 1da046fee

Time (s): cpu = 00:01:00 ; elapsed = 00:00:48 . Memory (MB): peak = 3086.328 ; gain = 135.836 ; free physical = 90785 ; free virtual = 117028
Phase 5 Rip-up And Reroute | Checksum: 1da046fee

Time (s): cpu = 00:01:00 ; elapsed = 00:00:48 . Memory (MB): peak = 3086.328 ; gain = 135.836 ; free physical = 90785 ; free virtual = 117028

Phase 6 Delay and Skew Optimization

Phase 6.1 Delay CleanUp
Phase 6.1 Delay CleanUp | Checksum: 1da046fee

Time (s): cpu = 00:01:01 ; elapsed = 00:00:48 . Memory (MB): peak = 3086.328 ; gain = 135.836 ; free physical = 90785 ; free virtual = 117028

Phase 6.2 Clock Skew Optimization
Phase 6.2 Clock Skew Optimization | Checksum: 1da046fee

Time (s): cpu = 00:01:01 ; elapsed = 00:00:48 . Memory (MB): peak = 3086.328 ; gain = 135.836 ; free physical = 90785 ; free virtual = 117028
Phase 6 Delay and Skew Optimization | Checksum: 1da046fee

Time (s): cpu = 00:01:01 ; elapsed = 00:00:48 . Memory (MB): peak = 3086.328 ; gain = 135.836 ; free physical = 90785 ; free virtual = 117028

Phase 7 Post Hold Fix

Phase 7.1 Hold Fix Iter
INFO: [Route 35-416] Intermediate Timing Summary | WNS=0.634  | TNS=0.000  | WHS=0.117  | THS=0.000  |

Phase 7.1 Hold Fix Iter | Checksum: 1dc9d57c2

Time (s): cpu = 00:01:01 ; elapsed = 00:00:48 . Memory (MB): peak = 3086.328 ; gain = 135.836 ; free physical = 90785 ; free virtual = 117028
Phase 7 Post Hold Fix | Checksum: 1dc9d57c2

Time (s): cpu = 00:01:01 ; elapsed = 00:00:48 . Memory (MB): peak = 3086.328 ; gain = 135.836 ; free physical = 90785 ; free virtual = 117028

Phase 8 Route finalize

Router Utilization Summary
  Global Vertical Routing Utilization    = 0.965103 %
  Global Horizontal Routing Utilization  = 1.51834 %
  Routable Net Status*
  *Does not include unroutable nets such as driverless and loadless.
  Run report_route_status for detailed report.
  Number of Failed Nets               = 0
    (Failed Nets is the sum of unrouted and partially routed nets)
  Number of Unrouted Nets             = 0
  Number of Partially Routed Nets     = 0
  Number of Node Overlaps             = 0

Phase 8 Route finalize | Checksum: 1dc9d57c2

Time (s): cpu = 00:01:01 ; elapsed = 00:00:48 . Memory (MB): peak = 3086.328 ; gain = 135.836 ; free physical = 90785 ; free virtual = 117028

Phase 9 Verifying routed nets

 Verification completed successfully
Phase 9 Verifying routed nets | Checksum: 1dc9d57c2

Time (s): cpu = 00:01:01 ; elapsed = 00:00:48 . Memory (MB): peak = 3086.328 ; gain = 135.836 ; free physical = 90785 ; free virtual = 117028

Phase 10 Depositing Routes
Phase 10 Depositing Routes | Checksum: 18bbdcd5a

Time (s): cpu = 00:01:02 ; elapsed = 00:00:49 . Memory (MB): peak = 3086.328 ; gain = 135.836 ; free physical = 90785 ; free virtual = 117028

Phase 11 Post Process Routing
Phase 11 Post Process Routing | Checksum: 18bbdcd5a

Time (s): cpu = 00:01:02 ; elapsed = 00:00:49 . Memory (MB): peak = 3086.328 ; gain = 135.836 ; free physical = 90785 ; free virtual = 117028

Phase 12 Post Router Timing
INFO: [Route 35-57] Estimated Timing Summary | WNS=0.634  | TNS=0.000  | WHS=0.117  | THS=0.000  |

INFO: [Route 35-327] The final timing numbers are based on the router estimated timing analysis. For a complete and accurate timing signoff, please run report_timing_summary.
Phase 12 Post Router Timing | Checksum: 18bbdcd5a

Time (s): cpu = 00:01:02 ; elapsed = 00:00:49 . Memory (MB): peak = 3086.328 ; gain = 135.836 ; free physical = 90785 ; free virtual = 117028
Total Elapsed time in route_design: 48.63 secs

Phase 13 Post-Route Event Processing
Phase 13 Post-Route Event Processing | Checksum: 22fc8aae4

Time (s): cpu = 00:01:02 ; elapsed = 00:00:49 . Memory (MB): peak = 3086.328 ; gain = 135.836 ; free physical = 90785 ; free virtual = 117028
INFO: [Route 35-16] Router Completed Successfully
Ending Routing Task | Checksum: 22fc8aae4

Time (s): cpu = 00:01:03 ; elapsed = 00:00:49 . Memory (MB): peak = 3086.328 ; gain = 135.836 ; free physical = 90785 ; free virtual = 117028

Routing Is Done.
INFO: [Common 17-83] Releasing license: Implementation
92 Infos, 107 Warnings, 0 Critical Warnings and 0 Errors encountered.
route_design completed successfully
route_design: Time (s): cpu = 00:01:03 ; elapsed = 00:00:49 . Memory (MB): peak = 3086.328 ; gain = 135.836 ; free physical = 90785 ; free virtual = 117028
INFO: [Vivado 12-24828] Executing command : report_drc -file bd_0_wrapper_drc_routed.rpt -pb bd_0_wrapper_drc_routed.pb -rpx bd_0_wrapper_drc_routed.rpx
Command: report_drc -file bd_0_wrapper_drc_routed.rpt -pb bd_0_wrapper_drc_routed.pb -rpx bd_0_wrapper_drc_routed.rpx
INFO: [IP_Flow 19-1839] IP Catalog is up to date.
INFO: [DRC 23-27] Running DRC with 8 threads
WARNING: [DRC 23-814] Not all possible (connectivity based) DRCs may have been run because this design is seen as Out of Context.
INFO: [Vivado_Tcl 2-168] The results of DRC are in file /home/jjh/RL_test/HLS_Optimization/synthetic_case_generation/project_tmp/solution_tmp/impl/verilog/project.runs/impl_1/bd_0_wrapper_drc_routed.rpt.
report_drc completed successfully
INFO: [Vivado 12-24828] Executing command : report_methodology -file bd_0_wrapper_methodology_drc_routed.rpt -pb bd_0_wrapper_methodology_drc_routed.pb -rpx bd_0_wrapper_methodology_drc_routed.rpx
Command: report_methodology -file bd_0_wrapper_methodology_drc_routed.rpt -pb bd_0_wrapper_methodology_drc_routed.pb -rpx bd_0_wrapper_methodology_drc_routed.rpx
INFO: [Timing 38-35] Done setting XDC timing constraints.
WARNING: [Timing 38-242] The property HD.CLK_SRC of clock port "ap_clk" is not set. In out-of-context mode, this prevents timing estimation for clock delay/skew
Resolution: Set the HD.CLK_SRC property of the out-of-context port to the location of the clock buffer instance in the top-level design
INFO: [DRC 23-133] Running Methodology with 8 threads
WARNING: [DRC 23-814] Not all possible (connectivity based) DRCs may have been run because this design is seen as Out of Context.
INFO: [Vivado_Tcl 2-1520] The results of Report Methodology are in file /home/jjh/RL_test/HLS_Optimization/synthetic_case_generation/project_tmp/solution_tmp/impl/verilog/project.runs/impl_1/bd_0_wrapper_methodology_drc_routed.rpt.
report_methodology completed successfully
INFO: [Vivado 12-24828] Executing command : report_timing_summary -max_paths 10 -routable_nets -report_unconstrained -file bd_0_wrapper_timing_summary_routed.rpt -pb bd_0_wrapper_timing_summary_routed.pb -rpx bd_0_wrapper_timing_summary_routed.rpx -warn_on_violation 
INFO: [Timing 38-35] Done setting XDC timing constraints.
INFO: [Timing 38-91] UpdateTimingParams: Speed grade: -1, Delay Type: min_max.
INFO: [Timing 38-191] Multithreading enabled for timing update using a maximum of 8 CPUs
INFO: [Vivado 12-24838] Running report commands "report_bus_skew, report_incremental_reuse, report_route_status" in parallel.
Running report generation with 3 threads.
INFO: [Vivado 12-24828] Executing command : report_incremental_reuse -file bd_0_wrapper_incremental_reuse_routed.rpt
INFO: [Vivado_Tcl 4-1062] Incremental flow is disabled. No incremental reuse Info to report.
INFO: [Vivado 12-24828] Executing command : report_route_status -file bd_0_wrapper_route_status.rpt -pb bd_0_wrapper_route_status.pb
INFO: [Vivado 12-24828] Executing command : report_bus_skew -warn_on_violation -file bd_0_wrapper_bus_skew_routed.rpt -pb bd_0_wrapper_bus_skew_routed.pb -rpx bd_0_wrapper_bus_skew_routed.rpx
INFO: [Timing 38-91] UpdateTimingParams: Speed grade: -1, Delay Type: min_max.
INFO: [Timing 38-191] Multithreading enabled for timing update using a maximum of 8 CPUs
INFO: [Vivado 12-24828] Executing command : report_power -file bd_0_wrapper_power_routed.rpt -pb bd_0_wrapper_power_summary_routed.pb -rpx bd_0_wrapper_power_routed.rpx
Command: report_power -file bd_0_wrapper_power_routed.rpt -pb bd_0_wrapper_power_summary_routed.pb -rpx bd_0_wrapper_power_routed.rpx
Running Vector-less Activity Propagation...

Finished Running Vector-less Activity Propagation
112 Infos, 110 Warnings, 0 Critical Warnings and 0 Errors encountered.
report_power completed successfully
INFO: [Vivado 12-24828] Executing command : report_clock_utilization -file bd_0_wrapper_clock_utilization_routed.rpt
generate_parallel_reports: Time (s): cpu = 00:00:27 ; elapsed = 00:00:09 . Memory (MB): peak = 3225.051 ; gain = 138.723 ; free physical = 90711 ; free virtual = 116957
INFO: [Timing 38-480] Writing timing data to binary archive.
Write ShapeDB Complete: Time (s): cpu = 00:00:00.12 ; elapsed = 00:00:00.03 . Memory (MB): peak = 3225.051 ; gain = 0.000 ; free physical = 90709 ; free virtual = 116956
Wrote PlaceDB: Time (s): cpu = 00:00:01 ; elapsed = 00:00:00.52 . Memory (MB): peak = 3225.051 ; gain = 0.000 ; free physical = 90687 ; free virtual = 116941
Wrote PulsedLatchDB: Time (s): cpu = 00:00:00 ; elapsed = 00:00:00 . Memory (MB): peak = 3225.051 ; gain = 0.000 ; free physical = 90687 ; free virtual = 116941
Writing XDEF routing.
Writing XDEF routing logical nets.
Writing XDEF routing special nets.
Wrote RouteStorage: Time (s): cpu = 00:00:00.13 ; elapsed = 00:00:00.1 . Memory (MB): peak = 3225.051 ; gain = 0.000 ; free physical = 90688 ; free virtual = 116943
Wrote Netlist Cache: Time (s): cpu = 00:00:00.01 ; elapsed = 00:00:00.01 . Memory (MB): peak = 3225.051 ; gain = 0.000 ; free physical = 90688 ; free virtual = 116944
Wrote Device Cache: Time (s): cpu = 00:00:00 ; elapsed = 00:00:00.01 . Memory (MB): peak = 3225.051 ; gain = 0.000 ; free physical = 90688 ; free virtual = 116944
Write Physdb Complete: Time (s): cpu = 00:00:01 ; elapsed = 00:00:00.65 . Memory (MB): peak = 3225.051 ; gain = 0.000 ; free physical = 90688 ; free virtual = 116944
INFO: [Common 17-1381] The checkpoint '/home/jjh/RL_test/HLS_Optimization/synthetic_case_generation/project_tmp/solution_tmp/impl/verilog/project.runs/impl_1/bd_0_wrapper_routed.dcp' has been generated.
INFO: [Common 17-206] Exiting Vivado at Mon Dec 22 19:31:30 2025...
[Mon Dec 22 19:31:51 2025] impl_1 finished
wait_on_runs: Time (s): cpu = 00:00:02 ; elapsed = 00:02:14 . Memory (MB): peak = 2746.410 ; gain = 0.000 ; free physical = 92717 ; free virtual = 118966
TIMESTAMP: HLS-REPORT: implementation open_run: 2025-12-22 19:31:51 KST
INFO: HLS-REPORT: Opening implementation design database: open_run impl_1
Netlist sorting complete. Time (s): cpu = 00:00:00.05 ; elapsed = 00:00:00.05 . Memory (MB): peak = 2746.410 ; gain = 0.000 ; free physical = 92716 ; free virtual = 118965
INFO: [Netlist 29-17] Analyzing 766 Unisim elements for replacement
INFO: [Netlist 29-28] Unisim Transformation completed in 0 CPU seconds
INFO: [Project 1-479] Netlist was created with Vivado 2025.1
INFO: [Project 1-570] Preparing netlist for logic optimization
Read ShapeDB Complete: Time (s): cpu = 00:00:00.03 ; elapsed = 00:00:00.02 . Memory (MB): peak = 2751.473 ; gain = 1.000 ; free physical = 92669 ; free virtual = 118918
INFO: [Timing 38-478] Restoring timing data from binary archive.
INFO: [Timing 38-479] Binary timing data restore complete.
INFO: [Project 1-856] Restoring constraints from binary archive.
INFO: [Project 1-853] Binary constraint restore complete.
INFO: [Designutils 20-5722] Start Reading Physical Databases.
Reading placement.
Read Netlist Cache: Time (s): cpu = 00:00:00.01 ; elapsed = 00:00:00.02 . Memory (MB): peak = 2884.566 ; gain = 0.000 ; free physical = 92575 ; free virtual = 118823
Reading placer database...
Read Device Cache: Time (s): cpu = 00:00:00.02 ; elapsed = 00:00:00.02 . Memory (MB): peak = 2884.566 ; gain = 0.000 ; free physical = 92575 ; free virtual = 118823
Read PlaceDB: Time (s): cpu = 00:00:00.44 ; elapsed = 00:00:00.45 . Memory (MB): peak = 2884.566 ; gain = 0.000 ; free physical = 92575 ; free virtual = 118823
Read PulsedLatchDB: Time (s): cpu = 00:00:00 ; elapsed = 00:00:00 . Memory (MB): peak = 2884.566 ; gain = 0.000 ; free physical = 92575 ; free virtual = 118823
Reading routing.
Read RouteStorage: Time (s): cpu = 00:00:00.17 ; elapsed = 00:00:00.11 . Memory (MB): peak = 2884.566 ; gain = 0.000 ; free physical = 92571 ; free virtual = 118820
Read Physdb Files: Time (s): cpu = 00:00:00.67 ; elapsed = 00:00:00.6 . Memory (MB): peak = 2884.566 ; gain = 0.000 ; free physical = 92571 ; free virtual = 118819
Restored from archive | CPU: 0.670000 secs | Memory: 8.941406 MB |
Finished XDEF File Restore: Time (s): cpu = 00:00:00.67 ; elapsed = 00:00:00.6 . Memory (MB): peak = 2884.566 ; gain = 0.000 ; free physical = 92571 ; free virtual = 118819
Netlist sorting complete. Time (s): cpu = 00:00:00 ; elapsed = 00:00:00 . Memory (MB): peak = 2884.566 ; gain = 0.000 ; free physical = 92571 ; free virtual = 118819
INFO: [Project 1-111] Unisim Transformation Summary:
No Unisim elements were transformed.

TIMESTAMP: HLS-REPORT: implementation generate_reports_vivado: 2025-12-22 19:31:54 KST
INFO: HLS-REPORT: Running report: report_utilization -file ./report/case_7_utilization_routed.rpt
INFO: HLS-REPORT: Running report: report_utilization -hierarchical -hierarchical_depth 5 -file ./report/case_7_utilization_hierarchical_routed.rpt
INFO: HLS-REPORT: Running report: report_timing_summary -file ./report/case_7_timing_routed.rpt
INFO: [Timing 38-91] UpdateTimingParams: Speed grade: -1, Delay Type: min_max.
INFO: [Timing 38-191] Multithreading enabled for timing update using a maximum of 8 CPUs
WARNING: [Timing 38-242] The property HD.CLK_SRC of clock port "ap_clk" is not set. In out-of-context mode, this prevents timing estimation for clock delay/skew
Resolution: Set the HD.CLK_SRC property of the out-of-context port to the location of the clock buffer instance in the top-level design
INFO: HLS-REPORT: Running report: report_power -file ./report/case_7_power_routed.rpt -xpe ./case_7_power.xpe
Command: report_power -file ./report/case_7_power_routed.rpt -xpe ./case_7_power.xpe
Running Vector-less Activity Propagation...

Finished Running Vector-less Activity Propagation
13 Infos, 2 Warnings, 0 Critical Warnings and 0 Errors encountered.
report_power completed successfully
INFO: HLS-REPORT: Running report: report_route_status -file ./report/case_7_status_routed.rpt
INFO: HLS-REPORT: Running report: report_timing -max_paths 10 -file ./report/case_7_timing_paths_routed.rpt
INFO: [Timing 38-91] UpdateTimingParams: Speed grade: -1, Delay Type: max.
INFO: [Timing 38-191] Multithreading enabled for timing update using a maximum of 8 CPUs
INFO: [Timing 38-78] ReportTimingParams: -max_paths 10 -nworst 1 -delay_type max -sort_by slack.
INFO: HLS-REPORT: Running report: report_design_analysis -file ./report/case_7_design_analysis_routed.rpt
INFO: HLS-REPORT: Running report: ::tclapp::xilinx::designutils::report_failfast -detailed_report impl -file ./report/case_7_failfast_routed.rpt
 -I- design metrics completed in 1 seconds
 -I- DONT_TOUCH metric completed in 0 seconds
 -I- MARK_DEBUG metric completed in 0 seconds
 -I- utilization metrics completed in 2 seconds
 -I- control set metrics completed in 0 seconds
 -I- methodology check metrics completed in 1 seconds
 -I- average fanout metrics completed in 1 seconds (0 modules)
 -I- non-FD high fanout nets completed in 0 seconds
 -I- path budgeting metrics completed in 1 seconds
#  +-----------------------------------------------------------------------------------------+
#  | Design Summary                                                                          |
#  | impl_1                                                                                  |
#  | xc7z020clg484-1                                                                         |
#  +-----------------------------------------------------------+-----------+--------+--------+
#  | Criteria                                                  | Guideline | Actual | Status |
#  +-----------------------------------------------------------+-----------+--------+--------+
#  | LUT                                                       | 70%       | 8.72%  | OK     |
#  | FD                                                        | 50%       | 1.24%  | OK     |
#  | LUTRAM+SRL                                                | 25%       | 0.00%  | OK     |
#  | MUXF7                                                     | 15%       | 0.00%  | OK     |
#  | DSP                                                       | 80%       | 11.82% | OK     |
#  | RAMB/FIFO                                                 | 80%       | 0.00%  | OK     |
#  | DSP+RAMB+URAM (Avg)                                       | 70%       | 11.82% | OK     |
#  | BUFGCE* + BUFGCTRL                                        | 24        | 0      | OK     |
#  | DONT_TOUCH (cells/nets)                                   | 0         | 0      | OK     |
#  | MARK_DEBUG (nets)                                         | 0         | 0      | OK     |
#  | Control Sets                                              | 998       | 41     | OK     |
#  | Average Fanout for modules > 100k cells                   | 4         | 3.04   | OK     |
#  | Max Average Fanout for modules > 100k cells               | 4         | 0      | OK     |
#  | Non-FD high fanout nets > 10k loads                       | 0         | 0      | OK     |
#  +-----------------------------------------------------------+-----------+--------+--------+
#  | TIMING-6 (No common primary clock between related clocks) | 0         | 0      | OK     |
#  | TIMING-7 (No common node between related clocks)          | 0         | 0      | OK     |
#  | TIMING-8 (No common period between related clocks)        | 0         | 0      | OK     |
#  | TIMING-14 (LUT on the clock tree)                         | 0         | 0      | OK     |
#  | TIMING-35 (No common node in paths with the same clock)   | 0         | 0      | OK     |
#  +-----------------------------------------------------------+-----------+--------+--------+
#  | Number of paths above max LUT budgeting (0.575ns)         | 0         | 0      | OK     |
#  | Number of paths above max Net budgeting (0.403ns)         | 0         | 0      | OK     |
#  +-----------------------------------------------------------+-----------+--------+--------+
 -I- Generated file /home/jjh/RL_test/HLS_Optimization/synthetic_case_generation/project_tmp/solution_tmp/impl/verilog/report/case_7_failfast_routed.rpt
 -I- Number of criteria to review: 0
 -I- This report should be run before placing the design and uses conservative guidelines beyond which runtime and timing closure will likely be more challenging
 -I- report_failfast completed in 6 seconds
TIMESTAMP: HLS-REPORT: implementation gen_data_dict_vivado: 2025-12-22 19:32:03 KST
TIMESTAMP: HLS-REPORT: impl extract_util_hier: 2025-12-22 19:32:03 KST
TIMESTAMP: HLS-REPORT: impl get_cell_hier_data: 2025-12-22 19:32:03 KST
TIMESTAMP: HLS-REPORT: impl get_timing_paths: 2025-12-22 19:32:03 KST
TIMESTAMP: HLS-REPORT: impl process timing paths: 2025-12-22 19:32:03 KST
TIMESTAMP: HLS-REPORT: impl get_all_vv_rpt_files: 2025-12-22 19:32:03 KST
TIMESTAMP: HLS-REPORT: implementation write_reports_vivado: 2025-12-22 19:32:03 KST
HLS EXTRACTION: impl area_totals:  13300 53200 106400 220 280 0 0
HLS EXTRACTION: impl area_current: 1495 4641 1321 26 0 0 0 0 0 0
HLS EXTRACTION: impl resources_dict: AVAIL_SLICE 13300 SLICE 1495 AVAIL_LUT 53200 LUT 4641 AVAIL_FF 106400 FF 1321 AVAIL_DSP 220 DSP 26 AVAIL_BRAM 280 BRAM 0 AVAIL_URAM 0 URAM 0 LATCH 0 SRL 0 AVAIL_CLB 0 CLB 0
INFO: HLS-REPORT: generated /home/jjh/RL_test/HLS_Optimization/synthetic_case_generation/project_tmp/solution_tmp/impl/verilog/report/vivado_impl.xml
INFO: HLS-REPORT: generated /home/jjh/RL_test/HLS_Optimization/synthetic_case_generation/project_tmp/solution_tmp/impl/report/verilog/case_7_export.rpt


Implementation tool: Xilinx Vivado v.2025.1
Project:             project_tmp
Solution:            solution_tmp
Device target:       xc7z020-clg484-1
Report date:         Mon Dec 22 19:32:03 KST 2025

#=== Post-Implementation Resource usage ===
SLICE:         1495
LUT:           4641
FF:            1321
DSP:             26
BRAM:             0
URAM:             0
LATCH:            0
SRL:              0
CLB:              0

#=== Final timing ===
CP required:                     10.000
CP achieved post-synthesis:      8.158
CP achieved post-implementation: 9.295
Timing met

TIMESTAMP: HLS-REPORT: implementation end: 2025-12-22 19:32:03 KST
INFO: HLS-REPORT: impl run complete: worst setup slack (WNS)=0.704816, worst hold slack (WHS)=0.121518, total pulse width slack(TPWS)=0.000000, number of unrouted nets=0
# hls_vivado_reports_finalize $report_options
TIMESTAMP: HLS-REPORT: all reports complete: 2025-12-22 19:32:03 KST
INFO: [Common 17-206] Exiting Vivado at Mon Dec 22 19:32:03 2025...
INFO: [HLS 200-802] Generated output file project_tmp/solution_tmp/impl/export.zip
WARNING: [HLS 200-484] The 'export_design -evaluate' command is deprecated and will be removed in a future release.
INFO: [HLS 200-2161] Finished Command export_design Elapsed time: 00:07:38; Allocated memory: 9.531 MB.
INFO: [HLS 200-112] Total CPU user time: 324.2 seconds. Total CPU system time: 16.8 seconds. Total elapsed time: 485.21 seconds; peak allocated memory: 343.281 MB.
INFO: [vitis-run 60-791] Total elapsed time: 0h 8m 7s
INFO: [vitis-run 60-1662] Stopping dispatch session having empty uuid.
