  **** HLS Build v2025.1 6135595
Sourcing Tcl script '/home/jjh/RL_test/HLS_Optimization/synthetic_case_generation/./script_tmp.tcl'
INFO: [HLS 200-1510] Running: open_project -reset project_tmp 
WARNING: [HLS 200-2182] The 'project_tmp' project will not automatically appear within Vitis IDE workspaces and is meant only for TCL batch use.  Please use open_component instead of open_project/open_solution to generate Vitis IDE compatible component files and directory structure.
Resolution: For help on HLS 200-2182 see docs.xilinx.com/access/sources/dita/topic?Doc_Version=2025.1%20English&url=ug1448-hls-guidance&resourceid=200-2182.html
INFO: [HLS 200-10] Opening and resetting solution '/home/jjh/RL_test/HLS_Optimization/synthetic_case_generation/project_tmp'.
INFO: [HLS 200-1510] Running: set_top case_4 
INFO: [HLS 200-1510] Running: add_files ./CASE/case_4//case_4.cc 
INFO: [HLS 200-10] Adding design file './CASE/case_4//case_4.cc' to the project
INFO: [HLS 200-1510] Running: open_solution solution_tmp 
INFO: [HLS 200-10] Creating and opening solution '/home/jjh/RL_test/HLS_Optimization/synthetic_case_generation/project_tmp/solution_tmp'.
INFO: [HLS 200-1505] Using default flow_target 'vivado'
Resolution: For help on HLS 200-1505 see docs.xilinx.com/access/sources/dita/topic?Doc_Version=2025.1%20English&url=ug1448-hls-guidance&resourceid=200-1505.html
INFO: [HLS 200-1510] Running: set_part xc7z020clg484-1 
INFO: [HLS 200-1611] Setting target device to 'xc7z020-clg484-1'
INFO: [HLS 200-1510] Running: create_clock -period 10 -name default 
INFO: [SYN 201-201] Setting up clock 'default' with a period of 10ns.
INFO: [HLS 200-1510] Running: source ./directive_tmp.tcl
INFO: [HLS 200-1510] Running: set_directive_bind_op -op mul -impl fabric case_4 m32 
INFO: [HLS 200-1510] Running: set_directive_bind_op -op mul -impl fabric case_4 m34 
INFO: [HLS 200-1510] Running: set_directive_bind_op -op mul -impl fabric case_4 m38 
INFO: [HLS 200-1510] Running: set_directive_bind_op -op mul -impl fabric case_4 m40 
INFO: [HLS 200-1510] Running: set_directive_bind_op -op mul -impl fabric case_4 m41 
INFO: [HLS 200-1510] Running: set_directive_bind_op -op mul -impl fabric case_4 m42 
INFO: [HLS 200-1510] Running: set_directive_bind_op -op mul -impl fabric case_4 m45 
INFO: [HLS 200-1510] Running: set_directive_bind_op -op mul -impl fabric case_4 m48 
INFO: [HLS 200-1510] Running: set_directive_bind_op -op mul -impl fabric case_4 m49 
INFO: [HLS 200-1510] Running: set_directive_bind_op -op mul -impl fabric case_4 m50 
INFO: [HLS 200-1510] Running: set_directive_bind_op -op mul -impl fabric case_4 m51 
INFO: [HLS 200-1510] Running: set_directive_bind_op -op mul -impl fabric case_4 m52 
INFO: [HLS 200-1510] Running: set_directive_bind_op -op mul -impl fabric case_4 m53 
INFO: [HLS 200-1510] Running: set_directive_bind_op -op mul -impl fabric case_4 m57 
INFO: [HLS 200-1510] Running: set_directive_bind_op -op mul -impl fabric case_4 m58 
INFO: [HLS 200-1510] Running: set_directive_bind_op -op mul -impl fabric case_4 m59 
INFO: [HLS 200-1510] Running: set_directive_bind_op -op mul -impl fabric case_4 m60 
INFO: [HLS 200-1510] Running: set_directive_bind_op -op mul -impl fabric case_4 m61 
INFO: [HLS 200-1510] Running: set_directive_bind_op -op mul -impl fabric case_4 m62 
INFO: [HLS 200-1510] Running: set_directive_bind_op -op mul -impl fabric case_4 m64 
INFO: [HLS 200-1510] Running: set_directive_bind_op -op mul -impl fabric case_4 m67 
INFO: [HLS 200-1510] Running: set_directive_bind_op -op mul -impl fabric case_4 m70 
INFO: [HLS 200-1510] Running: set_directive_bind_op -op mul -impl fabric case_4 m72 
INFO: [HLS 200-1510] Running: set_directive_bind_op -op mul -impl fabric case_4 m73 
INFO: [HLS 200-1510] Running: set_directive_bind_op -op mul -impl fabric case_4 m74 
INFO: [HLS 200-1510] Running: set_directive_bind_op -op mul -impl fabric case_4 m76 
INFO: [HLS 200-1510] Running: set_directive_bind_op -op mul -impl fabric case_4 m77 
INFO: [HLS 200-1510] Running: set_directive_bind_op -op mul -impl fabric case_4 m78 
INFO: [HLS 200-1510] Running: set_directive_bind_op -op mul -impl fabric case_4 m80 
INFO: [HLS 200-1510] Running: set_directive_bind_op -op mul -impl fabric case_4 m81 
INFO: [HLS 200-1510] Running: set_directive_bind_op -op mul -impl fabric case_4 m82 
INFO: [HLS 200-1510] Running: set_directive_bind_op -op mul -impl fabric case_4 m84 
INFO: [HLS 200-1510] Running: set_directive_bind_op -op mul -impl fabric case_4 m85 
INFO: [HLS 200-1510] Running: set_directive_bind_op -op mul -impl fabric case_4 m86 
INFO: [HLS 200-1510] Running: set_directive_bind_op -op mul -impl fabric case_4 m87 
INFO: [HLS 200-1510] Running: set_directive_bind_op -op mul -impl fabric case_4 m91 
INFO: [HLS 200-1510] Running: set_directive_bind_op -op mul -impl fabric case_4 m94 
INFO: [HLS 200-1510] Running: set_directive_bind_op -op mul -impl fabric case_4 m96 
INFO: [HLS 200-1510] Running: set_directive_bind_op -op mul -impl fabric case_4 m97 
INFO: [HLS 200-1510] Running: set_directive_bind_op -op mul -impl fabric case_4 m98 
INFO: [HLS 200-1510] Running: set_directive_bind_op -op mul -impl fabric case_4 m99 
INFO: [HLS 200-1510] Running: set_directive_bind_op -op mul -impl fabric case_4 m101 
INFO: [HLS 200-1510] Running: set_directive_bind_op -op mul -impl fabric case_4 m102 
INFO: [HLS 200-1510] Running: set_directive_bind_op -op mul -impl fabric case_4 m104 
INFO: [HLS 200-1510] Running: set_directive_bind_op -op mul -impl fabric case_4 m105 
INFO: [HLS 200-1510] Running: set_directive_bind_op -op mul -impl fabric case_4 m106 
INFO: [HLS 200-1510] Running: set_directive_bind_op -op mul -impl fabric case_4 m112 
INFO: [HLS 200-1510] Running: set_directive_bind_op -op mul -impl fabric case_4 m113 
INFO: [HLS 200-1510] Running: set_directive_bind_op -op mul -impl fabric case_4 m114 
INFO: [HLS 200-1510] Running: set_directive_bind_op -op mul -impl fabric case_4 m115 
INFO: [HLS 200-1510] Running: set_directive_bind_op -op mul -impl fabric case_4 m116 
INFO: [HLS 200-1510] Running: csynth_design 
INFO: [HLS 200-111] Finished File checks and directory preparation: CPU user time: 0.98 seconds. CPU system time: 0.07 seconds. Elapsed time: 1.05 seconds; current allocated memory: 250.746 MB.
INFO: [HLS 200-10] Analyzing design file 'CASE/case_4/case_4.cc' ... 
INFO: [HLS 200-111] Finished Source Code Analysis and Preprocessing: CPU user time: 6.8 seconds. CPU system time: 0.62 seconds. Elapsed time: 7.47 seconds; current allocated memory: 254.379 MB.
INFO: [HLS 200-777] Using interface defaults for 'Vivado' flow target.
INFO: [HLS 200-1995] There were 16,445 instructions in the design after the 'Compile/Link' phase of compilation. See the Design Size Report for more details (/home/jjh/RL_test/HLS_Optimization/synthetic_case_generation/project_tmp/solution_tmp/syn/report/csynth_design_size.rpt:2)
INFO: [HLS 200-1995] There were 753 instructions in the design after the 'Unroll/Inline (step 1)' phase of compilation. See the Design Size Report for more details (/home/jjh/RL_test/HLS_Optimization/synthetic_case_generation/project_tmp/solution_tmp/syn/report/csynth_design_size.rpt:2)
INFO: [HLS 200-1995] There were 713 instructions in the design after the 'Unroll/Inline (step 2)' phase of compilation. See the Design Size Report for more details (/home/jjh/RL_test/HLS_Optimization/synthetic_case_generation/project_tmp/solution_tmp/syn/report/csynth_design_size.rpt:2)
INFO: [HLS 200-1995] There were 713 instructions in the design after the 'Unroll/Inline (step 3)' phase of compilation. See the Design Size Report for more details (/home/jjh/RL_test/HLS_Optimization/synthetic_case_generation/project_tmp/solution_tmp/syn/report/csynth_design_size.rpt:2)
INFO: [HLS 200-1995] There were 713 instructions in the design after the 'Unroll/Inline (step 4)' phase of compilation. See the Design Size Report for more details (/home/jjh/RL_test/HLS_Optimization/synthetic_case_generation/project_tmp/solution_tmp/syn/report/csynth_design_size.rpt:2)
INFO: [HLS 200-1995] There were 721 instructions in the design after the 'Array/Struct (step 1)' phase of compilation. See the Design Size Report for more details (/home/jjh/RL_test/HLS_Optimization/synthetic_case_generation/project_tmp/solution_tmp/syn/report/csynth_design_size.rpt:2)
INFO: [HLS 200-1995] There were 721 instructions in the design after the 'Array/Struct (step 2)' phase of compilation. See the Design Size Report for more details (/home/jjh/RL_test/HLS_Optimization/synthetic_case_generation/project_tmp/solution_tmp/syn/report/csynth_design_size.rpt:2)
INFO: [HLS 200-1995] There were 721 instructions in the design after the 'Array/Struct (step 3)' phase of compilation. See the Design Size Report for more details (/home/jjh/RL_test/HLS_Optimization/synthetic_case_generation/project_tmp/solution_tmp/syn/report/csynth_design_size.rpt:2)
INFO: [HLS 200-1995] There were 721 instructions in the design after the 'Array/Struct (step 4)' phase of compilation. See the Design Size Report for more details (/home/jjh/RL_test/HLS_Optimization/synthetic_case_generation/project_tmp/solution_tmp/syn/report/csynth_design_size.rpt:2)
INFO: [HLS 200-1995] There were 721 instructions in the design after the 'Array/Struct (step 5)' phase of compilation. See the Design Size Report for more details (/home/jjh/RL_test/HLS_Optimization/synthetic_case_generation/project_tmp/solution_tmp/syn/report/csynth_design_size.rpt:2)
INFO: [HLS 200-1995] There were 721 instructions in the design after the 'Performance (step 1)' phase of compilation. See the Design Size Report for more details (/home/jjh/RL_test/HLS_Optimization/synthetic_case_generation/project_tmp/solution_tmp/syn/report/csynth_design_size.rpt:2)
INFO: [HLS 200-1995] There were 721 instructions in the design after the 'Performance (step 2)' phase of compilation. See the Design Size Report for more details (/home/jjh/RL_test/HLS_Optimization/synthetic_case_generation/project_tmp/solution_tmp/syn/report/csynth_design_size.rpt:2)
INFO: [HLS 200-1995] There were 721 instructions in the design after the 'Performance (step 3)' phase of compilation. See the Design Size Report for more details (/home/jjh/RL_test/HLS_Optimization/synthetic_case_generation/project_tmp/solution_tmp/syn/report/csynth_design_size.rpt:2)
INFO: [HLS 200-1995] There were 721 instructions in the design after the 'Performance (step 4)' phase of compilation. See the Design Size Report for more details (/home/jjh/RL_test/HLS_Optimization/synthetic_case_generation/project_tmp/solution_tmp/syn/report/csynth_design_size.rpt:2)
INFO: [HLS 200-1995] There were 769 instructions in the design after the 'HW Transforms (step 1)' phase of compilation. See the Design Size Report for more details (/home/jjh/RL_test/HLS_Optimization/synthetic_case_generation/project_tmp/solution_tmp/syn/report/csynth_design_size.rpt:2)
INFO: [HLS 200-1995] There were 770 instructions in the design after the 'HW Transforms (step 2)' phase of compilation. See the Design Size Report for more details (/home/jjh/RL_test/HLS_Optimization/synthetic_case_generation/project_tmp/solution_tmp/syn/report/csynth_design_size.rpt:2)
INFO: [HLS 214-248] Applying array_partition to 'in_data': Complete partitioning on dimension 1. (CASE/case_4/case_4.cc:10:0)
INFO: [HLS 214-248] Applying array_partition to 'out_data': Complete partitioning on dimension 1. (CASE/case_4/case_4.cc:10:0)
INFO: [HLS 200-111] Finished Compiling Optimization and Transform: CPU user time: 4.57 seconds. CPU system time: 0.51 seconds. Elapsed time: 8.71 seconds; current allocated memory: 263.672 MB.
INFO: [HLS 200-111] Finished Checking Pragmas: CPU user time: 0 seconds. CPU system time: 0 seconds. Elapsed time: 0 seconds; current allocated memory: 263.672 MB.
INFO: [HLS 200-10] Starting code transformations ...
INFO: [HLS 200-111] Finished Standard Transforms: CPU user time: 0.04 seconds. CPU system time: 0 seconds. Elapsed time: 0.05 seconds; current allocated memory: 264.680 MB.
INFO: [HLS 200-10] Checking synthesizability ...
INFO: [HLS 200-111] Finished Checking Synthesizability: CPU user time: 0.05 seconds. CPU system time: 0 seconds. Elapsed time: 0.05 seconds; current allocated memory: 265.516 MB.
INFO: [HLS 200-111] Finished Loop, function and other optimizations: CPU user time: 0.19 seconds. CPU system time: 0.02 seconds. Elapsed time: 0.21 seconds; current allocated memory: 288.484 MB.
INFO: [HLS 200-111] Finished Architecture Synthesis: CPU user time: 0.25 seconds. CPU system time: 0 seconds. Elapsed time: 0.24 seconds; current allocated memory: 288.484 MB.
INFO: [HLS 200-10] Starting hardware synthesis ...
INFO: [HLS 200-10] Synthesizing 'case_4' ...
INFO: [HLS 200-10] ----------------------------------------------------------------
INFO: [HLS 200-42] -- Implementing module 'case_4' 
INFO: [HLS 200-10] ----------------------------------------------------------------
INFO: [SCHED 204-11] Starting scheduling ...
WARNING: [HLS 200-871] Estimated clock period (9.275 ns) exceeds the target (target clock period: 10.000 ns, clock uncertainty: 2.700 ns, effective delay budget: 7.300 ns).
Resolution: For help on HLS 200-871 see docs.xilinx.com/access/sources/dita/topic?Doc_Version=2025.1%20English&url=ug1448-hls-guidance&resourceid=200-871.html
WARNING: [HLS 200-1016] The critical path in module 'case_4' consists of the following:
	'mul' operation 22 bit ('mul_ln243', CASE/case_4/case_4.cc:243) [509]  (9.275 ns)

Resolution: For help on HLS 200-1016 see docs.xilinx.com/access/sources/dita/topic?Doc_Version=2025.1%20English&url=ug1448-hls-guidance&resourceid=200-1016.html
INFO: [SCHED 204-11] Finished scheduling.
INFO: [HLS 200-111] Finished Scheduling: CPU user time: 0.35 seconds. CPU system time: 0.03 seconds. Elapsed time: 0.39 seconds; current allocated memory: 288.484 MB.
INFO: [BIND 205-100] Starting micro-architecture generation ...
INFO: [BIND 205-101] Performing variable lifetime analysis.
INFO: [BIND 205-101] Exploring resource sharing.
INFO: [BIND 205-101] Binding ...
INFO: [BIND 205-100] Finished micro-architecture generation.
INFO: [HLS 200-111] Finished Binding: CPU user time: 0.08 seconds. CPU system time: 0 seconds. Elapsed time: 0.08 seconds; current allocated memory: 288.484 MB.
INFO: [HLS 200-10] ----------------------------------------------------------------
INFO: [HLS 200-10] -- Generating RTL for module 'case_4' 
INFO: [HLS 200-10] ----------------------------------------------------------------
INFO: [RTGEN 206-500] Setting interface mode on port 'case_4/in_data_0' to 'ap_none'.
INFO: [RTGEN 206-500] Setting interface mode on port 'case_4/in_data_1' to 'ap_none'.
INFO: [RTGEN 206-500] Setting interface mode on port 'case_4/in_data_2' to 'ap_none'.
INFO: [RTGEN 206-500] Setting interface mode on port 'case_4/in_data_3' to 'ap_none'.
INFO: [RTGEN 206-500] Setting interface mode on port 'case_4/in_data_4' to 'ap_none'.
INFO: [RTGEN 206-500] Setting interface mode on port 'case_4/in_data_5' to 'ap_none'.
INFO: [RTGEN 206-500] Setting interface mode on port 'case_4/in_data_6' to 'ap_none'.
INFO: [RTGEN 206-500] Setting interface mode on port 'case_4/in_data_7' to 'ap_none'.
INFO: [RTGEN 206-500] Setting interface mode on port 'case_4/in_data_8' to 'ap_none'.
INFO: [RTGEN 206-500] Setting interface mode on port 'case_4/in_data_9' to 'ap_none'.
INFO: [RTGEN 206-500] Setting interface mode on port 'case_4/in_data_10' to 'ap_none'.
INFO: [RTGEN 206-500] Setting interface mode on port 'case_4/in_data_11' to 'ap_none'.
INFO: [RTGEN 206-500] Setting interface mode on port 'case_4/in_data_12' to 'ap_none'.
INFO: [RTGEN 206-500] Setting interface mode on port 'case_4/in_data_13' to 'ap_none'.
INFO: [RTGEN 206-500] Setting interface mode on port 'case_4/in_data_14' to 'ap_none'.
INFO: [RTGEN 206-500] Setting interface mode on port 'case_4/in_data_15' to 'ap_none'.
INFO: [RTGEN 206-500] Setting interface mode on port 'case_4/in_data_16' to 'ap_none'.
INFO: [RTGEN 206-500] Setting interface mode on port 'case_4/in_data_17' to 'ap_none'.
INFO: [RTGEN 206-500] Setting interface mode on port 'case_4/in_data_18' to 'ap_none'.
INFO: [RTGEN 206-500] Setting interface mode on port 'case_4/in_data_19' to 'ap_none'.
INFO: [RTGEN 206-500] Setting interface mode on port 'case_4/in_data_20' to 'ap_none'.
INFO: [RTGEN 206-500] Setting interface mode on port 'case_4/in_data_21' to 'ap_none'.
INFO: [RTGEN 206-500] Setting interface mode on port 'case_4/in_data_22' to 'ap_none'.
INFO: [RTGEN 206-500] Setting interface mode on port 'case_4/in_data_23' to 'ap_none'.
INFO: [RTGEN 206-500] Setting interface mode on port 'case_4/in_data_24' to 'ap_none'.
INFO: [RTGEN 206-500] Setting interface mode on port 'case_4/in_data_25' to 'ap_none'.
INFO: [RTGEN 206-500] Setting interface mode on port 'case_4/in_data_26' to 'ap_none'.
INFO: [RTGEN 206-500] Setting interface mode on port 'case_4/in_data_27' to 'ap_none'.
INFO: [RTGEN 206-500] Setting interface mode on port 'case_4/in_data_28' to 'ap_none'.
INFO: [RTGEN 206-500] Setting interface mode on port 'case_4/out_data_0' to 'ap_none'.
WARNING: [RTGEN 206-101] Port 'out_data_0' with mode 'ap_none' may require an associated data valid signal to correctly communicate with other blocks or a test bench; automatic C/RTL co-simulation may not be able to verify such a port.
INFO: [RTGEN 206-500] Setting interface mode on port 'case_4/out_data_1' to 'ap_none'.
WARNING: [RTGEN 206-101] Port 'out_data_1' with mode 'ap_none' may require an associated data valid signal to correctly communicate with other blocks or a test bench; automatic C/RTL co-simulation may not be able to verify such a port.
INFO: [RTGEN 206-500] Setting interface mode on port 'case_4/out_data_2' to 'ap_none'.
WARNING: [RTGEN 206-101] Port 'out_data_2' with mode 'ap_none' may require an associated data valid signal to correctly communicate with other blocks or a test bench; automatic C/RTL co-simulation may not be able to verify such a port.
INFO: [RTGEN 206-500] Setting interface mode on port 'case_4/out_data_3' to 'ap_none'.
WARNING: [RTGEN 206-101] Port 'out_data_3' with mode 'ap_none' may require an associated data valid signal to correctly communicate with other blocks or a test bench; automatic C/RTL co-simulation may not be able to verify such a port.
INFO: [RTGEN 206-500] Setting interface mode on port 'case_4/out_data_4' to 'ap_none'.
WARNING: [RTGEN 206-101] Port 'out_data_4' with mode 'ap_none' may require an associated data valid signal to correctly communicate with other blocks or a test bench; automatic C/RTL co-simulation may not be able to verify such a port.
INFO: [RTGEN 206-500] Setting interface mode on port 'case_4/out_data_5' to 'ap_none'.
WARNING: [RTGEN 206-101] Port 'out_data_5' with mode 'ap_none' may require an associated data valid signal to correctly communicate with other blocks or a test bench; automatic C/RTL co-simulation may not be able to verify such a port.
INFO: [RTGEN 206-500] Setting interface mode on port 'case_4/out_data_6' to 'ap_none'.
WARNING: [RTGEN 206-101] Port 'out_data_6' with mode 'ap_none' may require an associated data valid signal to correctly communicate with other blocks or a test bench; automatic C/RTL co-simulation may not be able to verify such a port.
INFO: [RTGEN 206-500] Setting interface mode on port 'case_4/out_data_7' to 'ap_none'.
WARNING: [RTGEN 206-101] Port 'out_data_7' with mode 'ap_none' may require an associated data valid signal to correctly communicate with other blocks or a test bench; automatic C/RTL co-simulation may not be able to verify such a port.
INFO: [RTGEN 206-500] Setting interface mode on port 'case_4/out_data_8' to 'ap_none'.
WARNING: [RTGEN 206-101] Port 'out_data_8' with mode 'ap_none' may require an associated data valid signal to correctly communicate with other blocks or a test bench; automatic C/RTL co-simulation may not be able to verify such a port.
INFO: [RTGEN 206-500] Setting interface mode on port 'case_4/out_data_9' to 'ap_none'.
WARNING: [RTGEN 206-101] Port 'out_data_9' with mode 'ap_none' may require an associated data valid signal to correctly communicate with other blocks or a test bench; automatic C/RTL co-simulation may not be able to verify such a port.
INFO: [RTGEN 206-500] Setting interface mode on port 'case_4/out_data_10' to 'ap_none'.
WARNING: [RTGEN 206-101] Port 'out_data_10' with mode 'ap_none' may require an associated data valid signal to correctly communicate with other blocks or a test bench; automatic C/RTL co-simulation may not be able to verify such a port.
INFO: [RTGEN 206-500] Setting interface mode on port 'case_4/out_data_11' to 'ap_none'.
WARNING: [RTGEN 206-101] Port 'out_data_11' with mode 'ap_none' may require an associated data valid signal to correctly communicate with other blocks or a test bench; automatic C/RTL co-simulation may not be able to verify such a port.
INFO: [RTGEN 206-500] Setting interface mode on port 'case_4/out_data_12' to 'ap_none'.
WARNING: [RTGEN 206-101] Port 'out_data_12' with mode 'ap_none' may require an associated data valid signal to correctly communicate with other blocks or a test bench; automatic C/RTL co-simulation may not be able to verify such a port.
INFO: [RTGEN 206-500] Setting interface mode on port 'case_4/out_data_13' to 'ap_none'.
WARNING: [RTGEN 206-101] Port 'out_data_13' with mode 'ap_none' may require an associated data valid signal to correctly communicate with other blocks or a test bench; automatic C/RTL co-simulation may not be able to verify such a port.
INFO: [RTGEN 206-500] Setting interface mode on port 'case_4/out_data_14' to 'ap_none'.
WARNING: [RTGEN 206-101] Port 'out_data_14' with mode 'ap_none' may require an associated data valid signal to correctly communicate with other blocks or a test bench; automatic C/RTL co-simulation may not be able to verify such a port.
INFO: [RTGEN 206-500] Setting interface mode on port 'case_4/out_data_15' to 'ap_none'.
WARNING: [RTGEN 206-101] Port 'out_data_15' with mode 'ap_none' may require an associated data valid signal to correctly communicate with other blocks or a test bench; automatic C/RTL co-simulation may not be able to verify such a port.
INFO: [RTGEN 206-500] Setting interface mode on port 'case_4/out_data_16' to 'ap_none'.
WARNING: [RTGEN 206-101] Port 'out_data_16' with mode 'ap_none' may require an associated data valid signal to correctly communicate with other blocks or a test bench; automatic C/RTL co-simulation may not be able to verify such a port.
INFO: [RTGEN 206-500] Setting interface mode on port 'case_4/out_data_17' to 'ap_none'.
WARNING: [RTGEN 206-101] Port 'out_data_17' with mode 'ap_none' may require an associated data valid signal to correctly communicate with other blocks or a test bench; automatic C/RTL co-simulation may not be able to verify such a port.
INFO: [RTGEN 206-500] Setting interface mode on port 'case_4/out_data_18' to 'ap_none'.
WARNING: [RTGEN 206-101] Port 'out_data_18' with mode 'ap_none' may require an associated data valid signal to correctly communicate with other blocks or a test bench; automatic C/RTL co-simulation may not be able to verify such a port.
INFO: [RTGEN 206-500] Setting interface mode on function 'case_4' to 'ap_ctrl_hs'.
WARNING: [RTGEN 206-101] Port 'case_4/in_data_0' has no fanin or fanout and is left dangling.
               Please use C simulation to confirm this function argument can be read from or written to.
WARNING: [RTGEN 206-101] Port 'case_4/in_data_1' has no fanin or fanout and is left dangling.
               Please use C simulation to confirm this function argument can be read from or written to.
WARNING: [RTGEN 206-101] Port 'case_4/in_data_3' has no fanin or fanout and is left dangling.
               Please use C simulation to confirm this function argument can be read from or written to.
WARNING: [RTGEN 206-101] Port 'case_4/in_data_6' has no fanin or fanout and is left dangling.
               Please use C simulation to confirm this function argument can be read from or written to.
WARNING: [RTGEN 206-101] Port 'case_4/in_data_9' has no fanin or fanout and is left dangling.
               Please use C simulation to confirm this function argument can be read from or written to.
WARNING: [RTGEN 206-101] Port 'case_4/in_data_11' has no fanin or fanout and is left dangling.
               Please use C simulation to confirm this function argument can be read from or written to.
WARNING: [RTGEN 206-101] Port 'case_4/in_data_13' has no fanin or fanout and is left dangling.
               Please use C simulation to confirm this function argument can be read from or written to.
WARNING: [RTGEN 206-101] Port 'case_4/in_data_15' has no fanin or fanout and is left dangling.
               Please use C simulation to confirm this function argument can be read from or written to.
WARNING: [RTGEN 206-101] Port 'case_4/in_data_21' has no fanin or fanout and is left dangling.
               Please use C simulation to confirm this function argument can be read from or written to.
INFO: [RTGEN 206-100] Generating core module 'mul_10s_5s_10_1_1': 1 instance(s).
INFO: [RTGEN 206-100] Generating core module 'mul_10s_8s_10_1_1': 1 instance(s).
INFO: [RTGEN 206-100] Generating core module 'mul_12ns_7s_19_1_1': 1 instance(s).
INFO: [RTGEN 206-100] Generating core module 'mul_12ns_9s_21_1_1': 1 instance(s).
INFO: [RTGEN 206-100] Generating core module 'mul_12s_5s_13_1_1': 1 instance(s).
INFO: [RTGEN 206-100] Generating core module 'mul_13s_13s_26_1_1': 1 instance(s).
INFO: [RTGEN 206-100] Generating core module 'mul_16ns_6s_22_1_1': 1 instance(s).
INFO: [RTGEN 206-100] Generating core module 'mul_2ns_2ns_4_1_1': 1 instance(s).
INFO: [RTGEN 206-100] Generating core module 'mul_2s_2s_2_1_1': 2 instance(s).
INFO: [RTGEN 206-100] Generating core module 'mul_3ns_3ns_6_1_1': 2 instance(s).
INFO: [RTGEN 206-100] Generating core module 'mul_3ns_3s_6_1_1': 1 instance(s).
INFO: [RTGEN 206-100] Generating core module 'mul_3ns_4ns_7_1_1': 1 instance(s).
INFO: [RTGEN 206-100] Generating core module 'mul_3ns_6ns_7_1_1': 1 instance(s).
INFO: [RTGEN 206-100] Generating core module 'mul_3s_2s_5_1_1': 1 instance(s).
INFO: [RTGEN 206-100] Generating core module 'mul_3s_3s_3_1_1': 4 instance(s).
INFO: [RTGEN 206-100] Generating core module 'mul_4ns_2s_6_1_1': 1 instance(s).
INFO: [RTGEN 206-100] Generating core module 'mul_5ns_5s_10_1_1': 1 instance(s).
INFO: [RTGEN 206-100] Generating core module 'mul_5s_5s_5_1_1': 2 instance(s).
INFO: [RTGEN 206-100] Generating core module 'mul_6ns_3s_9_1_1': 1 instance(s).
INFO: [RTGEN 206-100] Generating core module 'mul_6ns_6s_12_1_1': 1 instance(s).
INFO: [RTGEN 206-100] Generating core module 'mul_6ns_9ns_13_1_1': 2 instance(s).
INFO: [RTGEN 206-100] Generating core module 'mul_6s_2s_8_1_1': 1 instance(s).
INFO: [RTGEN 206-100] Generating core module 'mul_6s_5s_6_1_1': 1 instance(s).
INFO: [RTGEN 206-100] Generating core module 'mul_6s_6s_6_1_1': 1 instance(s).
INFO: [RTGEN 206-100] Generating core module 'mul_7ns_5s_12_1_1': 1 instance(s).
INFO: [RTGEN 206-100] Generating core module 'mul_7ns_6s_13_1_1': 1 instance(s).
INFO: [RTGEN 206-100] Generating core module 'mul_7ns_7ns_13_1_1': 1 instance(s).
INFO: [RTGEN 206-100] Generating core module 'mul_7s_5ns_7_1_1': 1 instance(s).
INFO: [RTGEN 206-100] Generating core module 'mul_7s_7s_7_1_1': 3 instance(s).
INFO: [RTGEN 206-100] Generating core module 'mul_8ns_3s_11_1_1': 1 instance(s).
INFO: [RTGEN 206-100] Generating core module 'mul_8ns_5ns_9_1_1': 1 instance(s).
INFO: [RTGEN 206-100] Generating core module 'mul_8ns_7s_15_1_1': 1 instance(s).
INFO: [RTGEN 206-100] Generating core module 'mul_8ns_8ns_13_1_1': 1 instance(s).
INFO: [RTGEN 206-100] Generating core module 'mul_8ns_8ns_16_1_1': 1 instance(s).
INFO: [RTGEN 206-100] Generating core module 'mul_8s_4s_12_1_1': 1 instance(s).
INFO: [RTGEN 206-100] Generating core module 'mul_8s_8s_8_1_1': 2 instance(s).
INFO: [RTGEN 206-100] Generating core module 'mul_9ns_13ns_19_1_1': 1 instance(s).
INFO: [RTGEN 206-100] Generating core module 'mul_9ns_5ns_11_1_1': 1 instance(s).
INFO: [RTGEN 206-100] Generating core module 'mul_9ns_6s_15_1_1': 1 instance(s).
INFO: [RTGEN 206-100] Generating core module 'mul_9ns_8ns_15_1_1': 1 instance(s).
INFO: [RTGEN 206-100] Generating core module 'mul_9ns_9ns_18_1_1': 1 instance(s).
INFO: [RTGEN 206-100] Generating core module 'mul_9ns_9s_18_1_1': 1 instance(s).
INFO: [RTGEN 206-100] Generating core module 'mul_9s_3s_9_1_1': 1 instance(s).
INFO: [RTGEN 206-100] Generating core module 'mul_9s_4s_12_1_1': 1 instance(s).
INFO: [RTGEN 206-100] Generating core module 'mul_9s_5s_9_1_1': 1 instance(s).
INFO: [RTGEN 206-100] Generating core module 'mul_9s_6s_15_1_1': 1 instance(s).
INFO: [RTGEN 206-100] Generating core module 'mul_9s_7s_16_1_1': 1 instance(s).
INFO: [RTGEN 206-100] Generating core module 'mul_9s_7s_9_1_1': 1 instance(s).
INFO: [RTGEN 206-100] Generating core module 'mul_9s_8s_16_1_1': 1 instance(s).
INFO: [RTGEN 206-100] Generating core module 'mul_9s_8s_9_1_1': 1 instance(s).
INFO: [RTGEN 206-100] Generating core module 'mul_9s_9s_9_1_1': 2 instance(s).
INFO: [RTGEN 206-100] Finished creating RTL model for 'case_4'.
INFO: [HLS 200-111] Finished Creating RTL model: CPU user time: 0.17 seconds. CPU system time: 0.01 seconds. Elapsed time: 0.17 seconds; current allocated memory: 288.484 MB.
INFO: [HLS 200-111] Finished Generating all RTL models: CPU user time: 0.42 seconds. CPU system time: 0.05 seconds. Elapsed time: 0.47 seconds; current allocated memory: 292.934 MB.
INFO: [HLS 200-111] Finished Updating report files: CPU user time: 0.74 seconds. CPU system time: 0.05 seconds. Elapsed time: 0.81 seconds; current allocated memory: 296.402 MB.
INFO: [VHDL 208-304] Generating VHDL RTL for case_4.
INFO: [VLOG 209-307] Generating Verilog RTL for case_4.
INFO: [HLS 200-789] **** Estimated Fmax: 107.82 MHz
INFO: [HLS 200-2161] Finished Command csynth_design Elapsed time: 00:00:19; Allocated memory: 46.508 MB.
INFO: [HLS 200-1510] Running: export_design -evaluate verilog -format ip_catalog 
INFO: [IMPL 213-8] Exporting RTL as a Vivado IP.

****** Vivado v2025.1 (64-bit)
  **** SW Build 6140274 on Wed May 21 22:58:25 MDT 2025
  **** IP Build 6138677 on Thu May 22 03:10:11 MDT 2025
  **** SharedData Build 6139179 on Tue May 20 17:58:58 MDT 2025
  **** Start of session at: Thu Dec 18 10:30:34 2025
    ** Copyright 1986-2022 Xilinx, Inc. All Rights Reserved.
    ** Copyright 2022-2025 Advanced Micro Devices, Inc. All Rights Reserved.

source run_ippack.tcl -notrace
INFO: calling package_hls_ip ip_types=vitis sysgen json_file=/home/jjh/RL_test/HLS_Optimization/synthetic_case_generation/project_tmp/solution_tmp/solution_tmp_data.json outdir=/home/jjh/RL_test/HLS_Optimization/synthetic_case_generation/project_tmp/solution_tmp/impl/ip srcdir=/home/jjh/RL_test/HLS_Optimization/synthetic_case_generation/project_tmp/solution_tmp ippack_options_dict= ippack_options_dict=
INFO: Copied 1 ipmisc file(s) to /home/jjh/RL_test/HLS_Optimization/synthetic_case_generation/project_tmp/solution_tmp/impl/ip/misc
INFO: Copied 52 verilog file(s) to /home/jjh/RL_test/HLS_Optimization/synthetic_case_generation/project_tmp/solution_tmp/impl/ip/hdl/verilog
INFO: Copied 52 vhdl file(s) to /home/jjh/RL_test/HLS_Optimization/synthetic_case_generation/project_tmp/solution_tmp/impl/ip/hdl/vhdl
INFO: Import ports from HDL: /home/jjh/RL_test/HLS_Optimization/synthetic_case_generation/project_tmp/solution_tmp/impl/ip/hdl/vhdl/case_4.vhd (case_4)
INFO: Add clock interface ap_clk
INFO: Add reset interface ap_rst
INFO: Add ap_ctrl interface ap_ctrl
INFO: Add data interface in_data_0
INFO: Add data interface in_data_1
INFO: Add data interface in_data_2
INFO: Add data interface in_data_3
INFO: Add data interface in_data_4
INFO: Add data interface in_data_5
INFO: Add data interface in_data_6
INFO: Add data interface in_data_7
INFO: Add data interface in_data_8
INFO: Add data interface in_data_9
INFO: Add data interface in_data_10
INFO: Add data interface in_data_11
INFO: Add data interface in_data_12
INFO: Add data interface in_data_13
INFO: Add data interface in_data_14
INFO: Add data interface in_data_15
INFO: Add data interface in_data_16
INFO: Add data interface in_data_17
INFO: Add data interface in_data_18
INFO: Add data interface in_data_19
INFO: Add data interface in_data_20
INFO: Add data interface in_data_21
INFO: Add data interface in_data_22
INFO: Add data interface in_data_23
INFO: Add data interface in_data_24
INFO: Add data interface in_data_25
INFO: Add data interface in_data_26
INFO: Add data interface in_data_27
INFO: Add data interface in_data_28
INFO: Add data interface out_data_0
INFO: [IP_Flow 19-234] Refreshing IP repositories
INFO: [IP_Flow 19-1704] No user IP repositories specified
INFO: [IP_Flow 19-2313] Loaded Vivado IP repository '/tools/Xilinx/2025.1/Vivado/data/ip'.
INFO: Add data interface out_data_1
INFO: Add data interface out_data_2
INFO: Add data interface out_data_3
INFO: Add data interface out_data_4
INFO: Add data interface out_data_5
INFO: Add data interface out_data_6
INFO: Add data interface out_data_7
INFO: Add data interface out_data_8
INFO: Add data interface out_data_9
INFO: Add data interface out_data_10
INFO: Add data interface out_data_11
INFO: Add data interface out_data_12
INFO: Add data interface out_data_13
INFO: Add data interface out_data_14
INFO: Add data interface out_data_15
INFO: Add data interface out_data_16
INFO: Add data interface out_data_17
INFO: Add data interface out_data_18
INFO: Calling post_process_vitis to specialize IP
INFO: Calling post_process_sysgen to specialize IP
Generating sysgen info xml from json file
INFO: Created IP /home/jjh/RL_test/HLS_Optimization/synthetic_case_generation/project_tmp/solution_tmp/impl/ip/component.xml
INFO: Created IP archive /home/jjh/RL_test/HLS_Optimization/synthetic_case_generation/project_tmp/solution_tmp/impl/ip/xilinx_com_hls_case_4_1_0.zip
INFO: [Common 17-206] Exiting Vivado at Thu Dec 18 10:30:40 2025...
INFO: [IMPL 213-8] Starting RTL evaluation using Vivado ...

****** Vivado v2025.1 (64-bit)
  **** SW Build 6140274 on Wed May 21 22:58:25 MDT 2025
  **** IP Build 6138677 on Thu May 22 03:10:11 MDT 2025
  **** SharedData Build 6139179 on Tue May 20 17:58:58 MDT 2025
  **** Start of session at: Thu Dec 18 10:31:03 2025
    ** Copyright 1986-2022 Xilinx, Inc. All Rights Reserved.
    ** Copyright 2022-2025 Advanced Micro Devices, Inc. All Rights Reserved.

source run_vivado.tcl
# source ./settings.tcl
## set top_module case_4
## set language verilog
## set family zynq
## set device xc7z020
## set package -clg484
## set speed -1
## set clock ap_clk
## set fsm_ext "off"
## set add_io_buffers false 
# source -notrace ./extraction.tcl
# set vivado_proj_name project
# set vivado_proj_dir .
# set target_device "${device}${package}${speed}"
# set target_clk_period_ns "10.000"
# set target_clk_freq_hz [expr {floor(1000 / $target_clk_period_ns) * 1000000}]
# set other_clks_freq_hz {}
# set ip_vlnv xilinx.com:hls:case_4:1.0
# set ip_repo_path ../ip
# set bd_design_name bd_0
# set bd_inst_name hls_inst
# set bd_props {}
# set has_synth true
# set synth_design_args {-directive sdx_optimization_effort_high}
# set synth_dcp ""
# set synth_props {}
# set has_impl 1
# set impl_props {}
# set has_subcore 0
# set report_options [dict create]
# dict set report_options report_level 2
# dict set report_options report_max_paths 10
# dict set report_options stdout_hls_reports 1
# dict set report_options stdout_vivado_reports 0
# dict set report_options hls_project project_tmp
# dict set report_options hls_solution solution_tmp
# dict set report_options has_synth $has_synth
# dict set report_options has_impl $has_impl
# dict set report_options vivado_reportbasename $top_module
# dict set report_options vivado_reportdir ./report
# dict set report_options hls_impl_dir ..
# dict set report_options hls_reportdir ../report/$language
# dict set report_options target_clk_period $target_clk_period_ns
# dict set report_options target_device $target_device
# dict set report_options language $language
# dict set report_options clock_name $clock
# dict set report_options error_if_impl_timing_fails false
# dict set report_options topmodule "case_4"
# dict set report_options funcmodules {}
# dict set report_options bindmodules {case_4_mul_8s_8s_8_1_1 case_4_mul_2s_2s_2_1_1 case_4_mul_9s_8s_9_1_1 case_4_mul_13s_13s_26_1_1 case_4_mul_9ns_13ns_19_1_1 case_4_mul_8ns_5ns_9_1_1 case_4_mul_3s_2s_5_1_1 case_4_mul_3ns_3ns_6_1_1 case_4_mul_8ns_8ns_16_1_1 case_4_mul_8ns_3s_11_1_1 case_4_mul_5s_5s_5_1_1 case_4_mul_9s_5s_9_1_1 case_4_mul_7s_7s_7_1_1 case_4_mul_4ns_2s_6_1_1 case_4_mul_8s_4s_12_1_1 case_4_mul_3ns_3s_6_1_1 case_4_mul_9ns_8ns_15_1_1 case_4_mul_8ns_8ns_13_1_1 case_4_mul_3s_3s_3_1_1 case_4_mul_9ns_5ns_11_1_1 case_4_mul_9s_9s_9_1_1 case_4_mul_9ns_9s_18_1_1 case_4_mul_6ns_9ns_13_1_1 case_4_mul_6ns_3s_9_1_1 case_4_mul_3ns_4ns_7_1_1 case_4_mul_9s_4s_12_1_1 case_4_mul_9ns_9ns_18_1_1 case_4_mul_5ns_5s_10_1_1 case_4_mul_6s_5s_6_1_1 case_4_mul_12ns_7s_19_1_1 case_4_mul_12ns_9s_21_1_1 case_4_mul_7s_5ns_7_1_1 case_4_mul_9s_3s_9_1_1 case_4_mul_7ns_5s_12_1_1 case_4_mul_12s_5s_13_1_1 case_4_mul_2ns_2ns_4_1_1 case_4_mul_8ns_7s_15_1_1 case_4_mul_9s_6s_15_1_1 case_4_mul_10s_5s_10_1_1 case_4_mul_7ns_7ns_13_1_1 case_4_mul_9s_7s_9_1_1 case_4_mul_6ns_6s_12_1_1 case_4_mul_6s_6s_6_1_1 case_4_mul_7ns_6s_13_1_1 case_4_mul_9ns_6s_15_1_1 case_4_mul_9s_8s_16_1_1 case_4_mul_3ns_6ns_7_1_1 case_4_mul_10s_8s_10_1_1 case_4_mul_6s_2s_8_1_1 case_4_mul_9s_7s_16_1_1 case_4_mul_16ns_6s_22_1_1}
# dict set report_options max_module_depth 5
# create_project $vivado_proj_name $vivado_proj_dir -part $target_device -force
# set_property target_language $language [current_project]
# if { ![file exists $ip_repo_path] } {
#   error "Cannot find packaged HLS IP"
# }
# set_property ip_repo_paths [file normalize $ip_repo_path] [current_project]
# update_ip_catalog
INFO: [IP_Flow 19-234] Refreshing IP repositories
INFO: [IP_Flow 19-1700] Loaded user IP repository '/home/jjh/RL_test/HLS_Optimization/synthetic_case_generation/project_tmp/solution_tmp/impl/ip'.
INFO: [IP_Flow 19-2313] Loaded Vivado IP repository '/tools/Xilinx/2025.1/Vivado/data/ip'.
# create_bd_design bd_0
Wrote  : </home/jjh/RL_test/HLS_Optimization/synthetic_case_generation/project_tmp/solution_tmp/impl/verilog/project.srcs/sources_1/bd/bd_0/bd_0.bd> 
# set cell_inst [create_bd_cell -type ip -vlnv $ip_vlnv $bd_inst_name]
# if { [llength $bd_props] } { 
#   set_property -dict $bd_props $cell_inst 
# }
# make_bd_pins_external $cell_inst
# make_bd_intf_pins_external $cell_inst
# set bd_clk_ports [get_bd_ports -filter {TYPE==clk}]
# if { $target_clk_freq_hz ne "" } { 
#   foreach bd_clk_port $bd_clk_ports {
#     # Remove "_0" suffix from BD ports & interfaces so they match IP ports 
#     set clk_name [regsub {_0$} [get_property name $bd_clk_port] {}]
#     set port_freq_hz $target_clk_freq_hz
#     if { [dict exists $other_clks_freq_hz $clk_name] } {
#         set port_freq_hz [dict get $other_clks_freq_hz $clk_name]
#     }
#     set_property CONFIG.FREQ_HZ $port_freq_hz $bd_clk_port
#   }
# }
# foreach bd_port [get_bd_intf_ports] {
#   set_property name [regsub {_0$} [get_property name $bd_port] {}] $bd_port
# }
# foreach bd_port [get_bd_ports -filter {INTF!=TRUE}] {
#   set_property name [regsub {_0$} [get_property name $bd_port] {}] $bd_port
# }
# set s_axi_addr_width_min 32
WARNING: [BD 5-233] No interface ports matched 'get_bd_intf_ports -filter {MODE == "Slave" && VLNV =~ "xilinx.com:interface:aximm_rtl:*"}'
# foreach bd_port [get_bd_intf_ports -filter {MODE == "Slave" && VLNV =~ "xilinx.com:interface:aximm_rtl:*"}] {
#   set bd_port_addr_width [get_property CONFIG.ADDR_WIDTH $bd_port]
#   if { $bd_port_addr_width < $s_axi_addr_width_min } {
#     puts "INFO: Updating $bd_port CONFIG.ADDR_WIDTH to $s_axi_addr_width_min"
#     set_property CONFIG.ADDR_WIDTH $s_axi_addr_width_min $bd_port
#   }
# }
# set_msg_config -id {[BD 41-1265]} -severity {CRITICAL WARNING} -new_severity {INFO}
# assign_bd_address
INFO: [BD 41-3093] Triggering Legacy Auto Assign Algorithm
Wrote  : </home/jjh/RL_test/HLS_Optimization/synthetic_case_generation/project_tmp/solution_tmp/impl/verilog/project.srcs/sources_1/bd/bd_0/bd_0.bd> 
Verilog Output written to : /home/jjh/RL_test/HLS_Optimization/synthetic_case_generation/project_tmp/solution_tmp/impl/verilog/project.gen/sources_1/bd/bd_0/synth/bd_0.v
Verilog Output written to : /home/jjh/RL_test/HLS_Optimization/synthetic_case_generation/project_tmp/solution_tmp/impl/verilog/project.gen/sources_1/bd/bd_0/sim/bd_0.v
Verilog Output written to : /home/jjh/RL_test/HLS_Optimization/synthetic_case_generation/project_tmp/solution_tmp/impl/verilog/project.gen/sources_1/bd/bd_0/hdl/bd_0_wrapper.v
# set toprtl [make_wrapper -files [get_files ${bd_design_name}.bd] -top]
# add_files -norecurse $toprtl
# set top_inst_name [file root [file tail $toprtl]]
# puts "Using BD top: $top_inst_name"
Using BD top: bd_0_wrapper
# set xdc_files [glob -nocomplain ./*.xdc]
# if { [llength $xdc_files] } {
#     add_files -fileset constrs_1 -norecurse $xdc_files
# }
# launch_runs synth_1 -scripts_only
INFO: [BD 41-1662] The design 'bd_0.bd' is already validated. Therefore parameter propagation will not be re-run.
Verilog Output written to : /home/jjh/RL_test/HLS_Optimization/synthetic_case_generation/project_tmp/solution_tmp/impl/verilog/project.gen/sources_1/bd/bd_0/synth/bd_0.v
Verilog Output written to : /home/jjh/RL_test/HLS_Optimization/synthetic_case_generation/project_tmp/solution_tmp/impl/verilog/project.gen/sources_1/bd/bd_0/sim/bd_0.v
Verilog Output written to : /home/jjh/RL_test/HLS_Optimization/synthetic_case_generation/project_tmp/solution_tmp/impl/verilog/project.gen/sources_1/bd/bd_0/hdl/bd_0_wrapper.v
INFO: [BD 41-1029] Generation completed for the IP Integrator block hls_inst .
Exporting to file /home/jjh/RL_test/HLS_Optimization/synthetic_case_generation/project_tmp/solution_tmp/impl/verilog/project.gen/sources_1/bd/bd_0/hw_handoff/bd_0.hwh
Generated Hardware Definition File /home/jjh/RL_test/HLS_Optimization/synthetic_case_generation/project_tmp/solution_tmp/impl/verilog/project.gen/sources_1/bd/bd_0/synth/bd_0.hwdef
WARNING: [Vivado 12-7122] Auto Incremental Compile:: No reference checkpoint was found in run synth_1. Auto-incremental flow will not be run, the standard flow will be run instead.
launch_runs: Time (s): cpu = 00:00:09 ; elapsed = 00:00:09 . Memory (MB): peak = 1679.043 ; gain = 48.023 ; free physical = 94049 ; free virtual = 119783
# foreach run [get_runs -filter {IS_SYNTHESIS == 1}] {
#   reset_run [get_runs $run]
# }
# set_property XPM_LIBRARIES {XPM_MEMORY XPM_FIFO} [current_project]
# hls_vivado_reports_setup $report_options
TIMESTAMP: HLS-REPORT: initialize report directories: 2025-12-18 10:31:20 KST
# if { $has_subcore } { report_ip_status }
# if { $has_synth || $has_impl } {
#   # synth properties setting
#   set_property -name {STEPS.SYNTH_DESIGN.ARGS.MORE OPTIONS} -value {-mode out_of_context} -objects [get_runs synth_1]
#   set ip_inst [get_ips -quiet ${bd_design_name}*${bd_inst_name}*]
#   if { ![llength $ip_inst] } {
#       error "Cannot find HLS IP instance: ${bd_design_name}*${bd_inst_name}*"
#   }
#   set synth_run [get_runs -filter {IS_SYNTHESIS == 1} ${ip_inst}*]
#   if { ![llength $synth_run] } {
#       error "Cannot find synth run for HLS IP: ${ip_inst}*"
#   }
# 
#   if { [llength $synth_design_args] } {
#       set_property -name {STEPS.SYNTH_DESIGN.ARGS.MORE OPTIONS} -value $synth_design_args -objects $synth_run
#   }
# 
#   if { [llength $synth_props] } {
#     set_property -dict $synth_props $synth_run
#   }
# 
#   # launch run synth
#   launch_runs synth_1
#   wait_on_run synth_1
#   # synth reports
#   hls_vivado_reports_synth synth_1 $report_options
#   if { $synth_dcp ne "" } {
#     file mkdir [file dirname $synth_dcp]
#     set run_dcp [glob -nocomplain [get_property DIRECTORY $synth_run]/*.dcp]
#     if { [llength $run_dcp] != 1 } { error "Cannot find single dcp file for run $synth_run" }
#     file copy -force $run_dcp $synth_dcp
#   }
# }
WARNING: [Vivado 12-7122] Auto Incremental Compile:: No reference checkpoint was found in run synth_1. Auto-incremental flow will not be run, the standard flow will be run instead.
[Thu Dec 18 10:31:20 2025] Launched bd_0_hls_inst_0_synth_1...
Run output will be captured here: /home/jjh/RL_test/HLS_Optimization/synthetic_case_generation/project_tmp/solution_tmp/impl/verilog/project.runs/bd_0_hls_inst_0_synth_1/runme.log
[Thu Dec 18 10:31:20 2025] Launched synth_1...
Run output will be captured here: /home/jjh/RL_test/HLS_Optimization/synthetic_case_generation/project_tmp/solution_tmp/impl/verilog/project.runs/synth_1/runme.log
[Thu Dec 18 10:31:20 2025] Waiting for synth_1 to finish...

*** Running vivado
    with args -log bd_0_wrapper.vds -m64 -product Vivado -mode batch -messageDb vivado.pb -notrace -source bd_0_wrapper.tcl


****** Vivado v2025.1 (64-bit)
  **** SW Build 6140274 on Wed May 21 22:58:25 MDT 2025
  **** IP Build 6138677 on Thu May 22 03:10:11 MDT 2025
  **** SharedData Build 6139179 on Tue May 20 17:58:58 MDT 2025
  **** Start of session at: Thu Dec 18 10:32:57 2025
    ** Copyright 1986-2022 Xilinx, Inc. All Rights Reserved.
    ** Copyright 2022-2025 Advanced Micro Devices, Inc. All Rights Reserved.

source bd_0_wrapper.tcl -notrace
INFO: [IP_Flow 19-234] Refreshing IP repositories
INFO: [IP_Flow 19-1700] Loaded user IP repository '/home/jjh/RL_test/HLS_Optimization/synthetic_case_generation/project_tmp/solution_tmp/impl/ip'.
INFO: [IP_Flow 19-2313] Loaded Vivado IP repository '/tools/Xilinx/2025.1/Vivado/data/ip'.
Command: synth_design -top bd_0_wrapper -part xc7z020clg484-1 -mode out_of_context
Starting synth_design
Attempting to get a license for feature 'Synthesis' and/or device 'xc7z020'
INFO: [Common 17-349] Got license for feature 'Synthesis' and/or device 'xc7z020'
INFO: [Device 21-403] Loading part xc7z020clg484-1
INFO: [Synth 8-7079] Multithreading enabled for synth_design using a maximum of 7 processes.
INFO: [Synth 8-7078] Launching helper process for spawning children vivado processes
INFO: [Synth 8-7075] Helper process launched with PID 3150567
---------------------------------------------------------------------------------
Starting RTL Elaboration : Time (s): cpu = 00:00:06 ; elapsed = 00:00:06 . Memory (MB): peak = 2145.492 ; gain = 440.711 ; free physical = 92705 ; free virtual = 118445
---------------------------------------------------------------------------------
INFO: [Synth 8-6157] synthesizing module 'bd_0_wrapper' [/home/jjh/RL_test/HLS_Optimization/synthetic_case_generation/project_tmp/solution_tmp/impl/verilog/project.gen/sources_1/bd/bd_0/hdl/bd_0_wrapper.v:13]
INFO: [Synth 8-6157] synthesizing module 'bd_0' [/home/jjh/RL_test/HLS_Optimization/synthetic_case_generation/project_tmp/solution_tmp/impl/verilog/project.gen/sources_1/bd/bd_0/synth/bd_0.v:13]
INFO: [Synth 8-6157] synthesizing module 'bd_0_hls_inst_0' [/home/jjh/RL_test/HLS_Optimization/synthetic_case_generation/project_tmp/solution_tmp/impl/verilog/project.runs/synth_1/.Xil/Vivado-3150427-woong-Super-Server/realtime/bd_0_hls_inst_0_stub.v:6]
INFO: [Synth 8-6155] done synthesizing module 'bd_0_hls_inst_0' (0#1) [/home/jjh/RL_test/HLS_Optimization/synthetic_case_generation/project_tmp/solution_tmp/impl/verilog/project.runs/synth_1/.Xil/Vivado-3150427-woong-Super-Server/realtime/bd_0_hls_inst_0_stub.v:6]
INFO: [Synth 8-6155] done synthesizing module 'bd_0' (0#1) [/home/jjh/RL_test/HLS_Optimization/synthetic_case_generation/project_tmp/solution_tmp/impl/verilog/project.gen/sources_1/bd/bd_0/synth/bd_0.v:13]
INFO: [Synth 8-6155] done synthesizing module 'bd_0_wrapper' (0#1) [/home/jjh/RL_test/HLS_Optimization/synthetic_case_generation/project_tmp/solution_tmp/impl/verilog/project.gen/sources_1/bd/bd_0/hdl/bd_0_wrapper.v:13]
---------------------------------------------------------------------------------
Finished RTL Elaboration : Time (s): cpu = 00:00:08 ; elapsed = 00:00:09 . Memory (MB): peak = 2225.430 ; gain = 520.648 ; free physical = 92634 ; free virtual = 118375
---------------------------------------------------------------------------------
---------------------------------------------------------------------------------
Start Handling Custom Attributes
---------------------------------------------------------------------------------
---------------------------------------------------------------------------------
Finished Handling Custom Attributes : Time (s): cpu = 00:00:08 ; elapsed = 00:00:09 . Memory (MB): peak = 2237.305 ; gain = 532.523 ; free physical = 92634 ; free virtual = 118375
---------------------------------------------------------------------------------
---------------------------------------------------------------------------------
Finished RTL Optimization Phase 1 : Time (s): cpu = 00:00:08 ; elapsed = 00:00:09 . Memory (MB): peak = 2237.305 ; gain = 532.523 ; free physical = 92634 ; free virtual = 118375
---------------------------------------------------------------------------------
Netlist sorting complete. Time (s): cpu = 00:00:00 ; elapsed = 00:00:00.01 . Memory (MB): peak = 2237.305 ; gain = 0.000 ; free physical = 92634 ; free virtual = 118375
INFO: [Project 1-570] Preparing netlist for logic optimization

Processing XDC Constraints
Initializing timing engine
Parsing XDC File [/home/jjh/RL_test/HLS_Optimization/synthetic_case_generation/project_tmp/solution_tmp/impl/verilog/project.gen/sources_1/bd/bd_0/ip/bd_0_hls_inst_0/bd_0_hls_inst_0/bd_0_hls_inst_0_in_context.xdc] for cell 'bd_0_i/hls_inst'
Finished Parsing XDC File [/home/jjh/RL_test/HLS_Optimization/synthetic_case_generation/project_tmp/solution_tmp/impl/verilog/project.gen/sources_1/bd/bd_0/ip/bd_0_hls_inst_0/bd_0_hls_inst_0/bd_0_hls_inst_0_in_context.xdc] for cell 'bd_0_i/hls_inst'
Parsing XDC File [/home/jjh/RL_test/HLS_Optimization/synthetic_case_generation/project_tmp/solution_tmp/impl/verilog/case_4.xdc]
Finished Parsing XDC File [/home/jjh/RL_test/HLS_Optimization/synthetic_case_generation/project_tmp/solution_tmp/impl/verilog/case_4.xdc]
Parsing XDC File [/home/jjh/RL_test/HLS_Optimization/synthetic_case_generation/project_tmp/solution_tmp/impl/verilog/project.runs/synth_1/dont_touch.xdc]
Finished Parsing XDC File [/home/jjh/RL_test/HLS_Optimization/synthetic_case_generation/project_tmp/solution_tmp/impl/verilog/project.runs/synth_1/dont_touch.xdc]
Completed Processing XDC Constraints

Netlist sorting complete. Time (s): cpu = 00:00:00 ; elapsed = 00:00:00 . Memory (MB): peak = 2286.230 ; gain = 0.000 ; free physical = 92645 ; free virtual = 118386
INFO: [Project 1-111] Unisim Transformation Summary:
No Unisim elements were transformed.

Constraint Validation Runtime : Time (s): cpu = 00:00:00.03 ; elapsed = 00:00:00.03 . Memory (MB): peak = 2286.266 ; gain = 0.000 ; free physical = 92645 ; free virtual = 118386
---------------------------------------------------------------------------------
Finished Constraint Validation : Time (s): cpu = 00:00:18 ; elapsed = 00:00:19 . Memory (MB): peak = 2286.266 ; gain = 581.484 ; free physical = 92680 ; free virtual = 118420
---------------------------------------------------------------------------------
---------------------------------------------------------------------------------
Start Loading Part and Timing Information
---------------------------------------------------------------------------------
Loading part: xc7z020clg484-1
---------------------------------------------------------------------------------
Finished Loading Part and Timing Information : Time (s): cpu = 00:00:18 ; elapsed = 00:00:19 . Memory (MB): peak = 2294.234 ; gain = 589.453 ; free physical = 92680 ; free virtual = 118420
---------------------------------------------------------------------------------
---------------------------------------------------------------------------------
Start Applying 'set_property' XDC Constraints
---------------------------------------------------------------------------------
---------------------------------------------------------------------------------
Finished applying 'set_property' XDC Constraints : Time (s): cpu = 00:00:18 ; elapsed = 00:00:19 . Memory (MB): peak = 2294.234 ; gain = 589.453 ; free physical = 92680 ; free virtual = 118420
---------------------------------------------------------------------------------
---------------------------------------------------------------------------------
Finished RTL Optimization Phase 2 : Time (s): cpu = 00:00:18 ; elapsed = 00:00:19 . Memory (MB): peak = 2294.234 ; gain = 589.453 ; free physical = 92680 ; free virtual = 118421
---------------------------------------------------------------------------------
---------------------------------------------------------------------------------
Start RTL Component Statistics 
---------------------------------------------------------------------------------
Detailed RTL Component Info : 
---------------------------------------------------------------------------------
Finished RTL Component Statistics 
---------------------------------------------------------------------------------
---------------------------------------------------------------------------------
Start Part Resource Summary
---------------------------------------------------------------------------------
Part Resources:
DSPs: 220 (col length:60)
BRAMs: 280 (col length: RAMB18 60 RAMB36 30)
---------------------------------------------------------------------------------
Finished Part Resource Summary
---------------------------------------------------------------------------------
---------------------------------------------------------------------------------
Start Cross Boundary and Area Optimization
---------------------------------------------------------------------------------
WARNING: [Synth 8-7080] Parallel synthesis criteria is not met
---------------------------------------------------------------------------------
Finished Cross Boundary and Area Optimization : Time (s): cpu = 00:00:21 ; elapsed = 00:00:21 . Memory (MB): peak = 2294.234 ; gain = 589.453 ; free physical = 92688 ; free virtual = 118430
---------------------------------------------------------------------------------
---------------------------------------------------------------------------------
Start Applying XDC Timing Constraints
---------------------------------------------------------------------------------
---------------------------------------------------------------------------------
Finished Applying XDC Timing Constraints : Time (s): cpu = 00:00:30 ; elapsed = 00:00:31 . Memory (MB): peak = 2387.234 ; gain = 682.453 ; free physical = 92593 ; free virtual = 118334
---------------------------------------------------------------------------------
---------------------------------------------------------------------------------
Start Timing Optimization
---------------------------------------------------------------------------------
---------------------------------------------------------------------------------
Finished Timing Optimization : Time (s): cpu = 00:00:30 ; elapsed = 00:00:31 . Memory (MB): peak = 2388.234 ; gain = 683.453 ; free physical = 92593 ; free virtual = 118334
---------------------------------------------------------------------------------
---------------------------------------------------------------------------------
Start Technology Mapping
---------------------------------------------------------------------------------
---------------------------------------------------------------------------------
Finished Technology Mapping : Time (s): cpu = 00:00:30 ; elapsed = 00:00:31 . Memory (MB): peak = 2397.250 ; gain = 692.469 ; free physical = 92584 ; free virtual = 118326
---------------------------------------------------------------------------------
---------------------------------------------------------------------------------
Start IO Insertion
---------------------------------------------------------------------------------
---------------------------------------------------------------------------------
Start Flattening Before IO Insertion
---------------------------------------------------------------------------------
---------------------------------------------------------------------------------
Finished Flattening Before IO Insertion
---------------------------------------------------------------------------------
---------------------------------------------------------------------------------
Start Final Netlist Cleanup
---------------------------------------------------------------------------------
---------------------------------------------------------------------------------
Finished Final Netlist Cleanup
---------------------------------------------------------------------------------
---------------------------------------------------------------------------------
Finished IO Insertion : Time (s): cpu = 00:00:36 ; elapsed = 00:00:37 . Memory (MB): peak = 2573.062 ; gain = 868.281 ; free physical = 92440 ; free virtual = 118181
---------------------------------------------------------------------------------
---------------------------------------------------------------------------------
Start Renaming Generated Instances
---------------------------------------------------------------------------------
---------------------------------------------------------------------------------
Finished Renaming Generated Instances : Time (s): cpu = 00:00:36 ; elapsed = 00:00:37 . Memory (MB): peak = 2573.062 ; gain = 868.281 ; free physical = 92440 ; free virtual = 118181
---------------------------------------------------------------------------------
---------------------------------------------------------------------------------
Start Rebuilding User Hierarchy
---------------------------------------------------------------------------------
---------------------------------------------------------------------------------
Finished Rebuilding User Hierarchy : Time (s): cpu = 00:00:36 ; elapsed = 00:00:37 . Memory (MB): peak = 2573.062 ; gain = 868.281 ; free physical = 92440 ; free virtual = 118181
---------------------------------------------------------------------------------
---------------------------------------------------------------------------------
Start Renaming Generated Ports
---------------------------------------------------------------------------------
---------------------------------------------------------------------------------
Finished Renaming Generated Ports : Time (s): cpu = 00:00:36 ; elapsed = 00:00:37 . Memory (MB): peak = 2573.062 ; gain = 868.281 ; free physical = 92440 ; free virtual = 118181
---------------------------------------------------------------------------------
---------------------------------------------------------------------------------
Start Handling Custom Attributes
---------------------------------------------------------------------------------
---------------------------------------------------------------------------------
Finished Handling Custom Attributes : Time (s): cpu = 00:00:36 ; elapsed = 00:00:37 . Memory (MB): peak = 2573.062 ; gain = 868.281 ; free physical = 92440 ; free virtual = 118181
---------------------------------------------------------------------------------
---------------------------------------------------------------------------------
Start Renaming Generated Nets
---------------------------------------------------------------------------------
---------------------------------------------------------------------------------
Finished Renaming Generated Nets : Time (s): cpu = 00:00:36 ; elapsed = 00:00:37 . Memory (MB): peak = 2573.062 ; gain = 868.281 ; free physical = 92440 ; free virtual = 118181
---------------------------------------------------------------------------------
---------------------------------------------------------------------------------
Start Writing Synthesis Report
---------------------------------------------------------------------------------

Report BlackBoxes: 
+------+----------------+----------+
|      |BlackBox name   |Instances |
+------+----------------+----------+
|1     |bd_0_hls_inst_0 |         1|
+------+----------------+----------+

Report Cell Usage: 
+------+--------------+------+
|      |Cell          |Count |
+------+--------------+------+
|1     |bd_0_hls_inst |     1|
+------+--------------+------+
---------------------------------------------------------------------------------
Finished Writing Synthesis Report : Time (s): cpu = 00:00:36 ; elapsed = 00:00:37 . Memory (MB): peak = 2573.062 ; gain = 868.281 ; free physical = 92440 ; free virtual = 118181
---------------------------------------------------------------------------------
Synthesis finished with 0 errors, 0 critical warnings and 1 warnings.
Synthesis Optimization Runtime : Time (s): cpu = 00:00:34 ; elapsed = 00:00:34 . Memory (MB): peak = 2573.062 ; gain = 819.320 ; free physical = 92440 ; free virtual = 118181
Synthesis Optimization Complete : Time (s): cpu = 00:00:36 ; elapsed = 00:00:37 . Memory (MB): peak = 2573.070 ; gain = 868.281 ; free physical = 92440 ; free virtual = 118181
INFO: [Project 1-571] Translating synthesized netlist
Netlist sorting complete. Time (s): cpu = 00:00:00 ; elapsed = 00:00:00.01 . Memory (MB): peak = 2573.070 ; gain = 0.000 ; free physical = 92440 ; free virtual = 118181
INFO: [Project 1-570] Preparing netlist for logic optimization
INFO: [Opt 31-138] Pushed 0 inverter(s) to 0 load pin(s).
Netlist sorting complete. Time (s): cpu = 00:00:00 ; elapsed = 00:00:00 . Memory (MB): peak = 2573.070 ; gain = 0.000 ; free physical = 92623 ; free virtual = 118365
INFO: [Project 1-111] Unisim Transformation Summary:
No Unisim elements were transformed.

Synth Design complete | Checksum: 2d7d5546
INFO: [Common 17-83] Releasing license: Synthesis
21 Infos, 1 Warnings, 0 Critical Warnings and 0 Errors encountered.
synth_design completed successfully
synth_design: Time (s): cpu = 00:00:50 ; elapsed = 00:00:47 . Memory (MB): peak = 2573.098 ; gain = 1043.988 ; free physical = 92622 ; free virtual = 118364
INFO: [Common 17-2834] synth_design peak Physical Memory [PSS] (MB): overall = 1492.093; main = 1492.093; forked = 170.790
INFO: [Common 17-2834] synth_design peak Virtual Memory [VSS] (MB): overall = 3305.348; main = 2573.066; forked = 960.109
INFO: [Common 17-1381] The checkpoint '/home/jjh/RL_test/HLS_Optimization/synthetic_case_generation/project_tmp/solution_tmp/impl/verilog/project.runs/synth_1/bd_0_wrapper.dcp' has been generated.
INFO: [Vivado 12-24828] Executing command : report_utilization -file bd_0_wrapper_utilization_synth.rpt -pb bd_0_wrapper_utilization_synth.pb
INFO: [Common 17-206] Exiting Vivado at Thu Dec 18 10:33:51 2025...
[Thu Dec 18 10:34:11 2025] synth_1 finished
wait_on_runs: Time (s): cpu = 00:02:38 ; elapsed = 00:02:51 . Memory (MB): peak = 1679.043 ; gain = 0.000 ; free physical = 94101 ; free virtual = 119841
TIMESTAMP: HLS-REPORT: synthesis open_run: 2025-12-18 10:34:11 KST
INFO: HLS-REPORT: Opening synthesis design database: open_run synth_1
Design is defaulting to impl run constrset: constrs_1
Design is defaulting to synth run part: xc7z020clg484-1
INFO: [Device 21-403] Loading part xc7z020clg484-1
INFO: [Project 1-5699] Read binary netlist with skipMacroContent - 1
INFO: [Project 1-454] Reading design checkpoint '/home/jjh/RL_test/HLS_Optimization/synthetic_case_generation/project_tmp/solution_tmp/impl/verilog/project.gen/sources_1/bd/bd_0/ip/bd_0_hls_inst_0/bd_0_hls_inst_0.dcp' for cell 'bd_0_i/hls_inst'
Netlist sorting complete. Time (s): cpu = 00:00:00.03 ; elapsed = 00:00:00.03 . Memory (MB): peak = 1838.402 ; gain = 0.000 ; free physical = 93907 ; free virtual = 119648
INFO: [Netlist 29-17] Analyzing 247 Unisim elements for replacement
INFO: [Netlist 29-28] Unisim Transformation completed in 0 CPU seconds
INFO: [Project 1-479] Netlist was created with Vivado 2025.1
INFO: [Project 1-570] Preparing netlist for logic optimization
Parsing XDC File [/home/jjh/RL_test/HLS_Optimization/synthetic_case_generation/project_tmp/solution_tmp/impl/verilog/case_4.xdc]
Finished Parsing XDC File [/home/jjh/RL_test/HLS_Optimization/synthetic_case_generation/project_tmp/solution_tmp/impl/verilog/case_4.xdc]
INFO: [Opt 31-138] Pushed 0 inverter(s) to 0 load pin(s).
Netlist sorting complete. Time (s): cpu = 00:00:00 ; elapsed = 00:00:00 . Memory (MB): peak = 1972.852 ; gain = 0.000 ; free physical = 93797 ; free virtual = 119537
INFO: [Project 1-111] Unisim Transformation Summary:
No Unisim elements were transformed.

open_run: Time (s): cpu = 00:00:06 ; elapsed = 00:00:07 . Memory (MB): peak = 1972.887 ; gain = 293.844 ; free physical = 93797 ; free virtual = 119537
TIMESTAMP: HLS-REPORT: synthesis generate_reports_vivado: 2025-12-18 10:34:17 KST
INFO: HLS-REPORT: Running report: report_utilization -file ./report/case_4_utilization_synth.rpt
INFO: HLS-REPORT: Running report: report_utilization -hierarchical -hierarchical_depth 5 -file ./report/case_4_utilization_hierarchical_synth.rpt
INFO: HLS-REPORT: Running report: report_timing_summary -file ./report/case_4_timing_synth.rpt
INFO: [Timing 38-35] Done setting XDC timing constraints.
INFO: [Timing 38-91] UpdateTimingParams: Speed grade: -1, Delay Type: min_max.
INFO: [Timing 38-191] Multithreading enabled for timing update using a maximum of 8 CPUs
WARNING: [Timing 38-242] The property HD.CLK_SRC of clock port "ap_clk" is not set. In out-of-context mode, this prevents timing estimation for clock delay/skew
Resolution: Set the HD.CLK_SRC property of the out-of-context port to the location of the clock buffer instance in the top-level design
report_timing_summary: Time (s): cpu = 00:00:10 ; elapsed = 00:00:10 . Memory (MB): peak = 2504.711 ; gain = 531.824 ; free physical = 93367 ; free virtual = 119108
INFO: HLS-REPORT: Running report: report_power -file ./report/case_4_power_synth.rpt -xpe ./case_4_power.xpe
Command: report_power -file ./report/case_4_power_synth.rpt -xpe ./case_4_power.xpe
Running Vector-less Activity Propagation...

Finished Running Vector-less Activity Propagation
12 Infos, 2 Warnings, 0 Critical Warnings and 0 Errors encountered.
report_power completed successfully
INFO: HLS-REPORT: Running report: report_timing -max_paths 10 -file ./report/case_4_timing_paths_synth.rpt
INFO: [Timing 38-91] UpdateTimingParams: Speed grade: -1, Delay Type: max.
INFO: [Timing 38-191] Multithreading enabled for timing update using a maximum of 8 CPUs
INFO: [Timing 38-78] ReportTimingParams: -max_paths 10 -nworst 1 -delay_type max -sort_by slack.
INFO: HLS-REPORT: Running report: report_design_analysis -file ./report/case_4_design_analysis_synth.rpt
INFO: [Implflow 30-839]  
INFO: HLS-REPORT: Running report: ::tclapp::xilinx::designutils::report_failfast -detailed_report synth -file ./report/case_4_failfast_synth.rpt
 -I- design metrics completed in 0 seconds
 -I- DONT_TOUCH metric completed in 0 seconds
 -I- MARK_DEBUG metric completed in 0 seconds
 -I- utilization metrics completed in 2 seconds
 -I- control set metrics completed in 0 seconds
 -I- methodology check metrics completed in 0 seconds
 -I- average fanout metrics completed in 0 seconds (0 modules)
 -I- non-FD high fanout nets completed in 1 seconds
 -I- path budgeting metrics completed in 0 seconds
#  +-----------------------------------------------------------------------------------------+
#  | Design Summary                                                                          |
#  | design_1                                                                                |
#  | xc7z020clg484-1                                                                         |
#  +-----------------------------------------------------------+-----------+--------+--------+
#  | Criteria                                                  | Guideline | Actual | Status |
#  +-----------------------------------------------------------+-----------+--------+--------+
#  | LUT                                                       | 70%       | 2.70%  | OK     |
#  | FD                                                        | 50%       | 0.45%  | OK     |
#  | LUTRAM+SRL                                                | 25%       | 0.00%  | OK     |
#  | MUXF7                                                     | 15%       | 0.00%  | OK     |
#  | DSP                                                       | 80%       | 2.73%  | OK     |
#  | RAMB/FIFO                                                 | 80%       | 0.00%  | OK     |
#  | DSP+RAMB+URAM (Avg)                                       | 70%       | 2.73%  | OK     |
#  | BUFGCE* + BUFGCTRL                                        | 24        | 0      | OK     |
#  | DONT_TOUCH (cells/nets)                                   | 0         | 0      | OK     |
#  | MARK_DEBUG (nets)                                         | 0         | 0      | OK     |
#  | Control Sets                                              | 998       | 14     | OK     |
#  | Average Fanout for modules > 100k cells                   | 4         | 2.69   | OK     |
#  | Max Average Fanout for modules > 100k cells               | 4         | 0      | OK     |
#  | Non-FD high fanout nets > 10k loads                       | 0         | 0      | OK     |
#  +-----------------------------------------------------------+-----------+--------+--------+
#  | TIMING-6 (No common primary clock between related clocks) | 0         | 0      | OK     |
#  | TIMING-7 (No common node between related clocks)          | 0         | 0      | OK     |
#  | TIMING-8 (No common period between related clocks)        | 0         | 0      | OK     |
#  | TIMING-14 (LUT on the clock tree)                         | 0         | 0      | OK     |
#  | TIMING-35 (No common node in paths with the same clock)   | 0         | 0      | OK     |
#  +-----------------------------------------------------------+-----------+--------+--------+
#  | Number of paths above max LUT budgeting (0.575ns)         | 0         | 0      | OK     |
#  | Number of paths above max Net budgeting (0.403ns)         | 0         | 0      | OK     |
#  +-----------------------------------------------------------+-----------+--------+--------+
 -I- Generated file /home/jjh/RL_test/HLS_Optimization/synthetic_case_generation/project_tmp/solution_tmp/impl/verilog/report/case_4_failfast_synth.rpt
 -I- Number of criteria to review: 0
 -I- This report should be run before placing the design and uses conservative guidelines beyond which runtime and timing closure will likely be more challenging
 -I- report_failfast completed in 3 seconds
TIMESTAMP: HLS-REPORT: synthesis gen_data_dict_vivado: 2025-12-18 10:34:32 KST
TIMESTAMP: HLS-REPORT: synth extract_util_hier: 2025-12-18 10:34:32 KST
TIMESTAMP: HLS-REPORT: synth get_cell_hier_data: 2025-12-18 10:34:32 KST
TIMESTAMP: HLS-REPORT: synth get_timing_paths: 2025-12-18 10:34:32 KST
TIMESTAMP: HLS-REPORT: synth process timing paths: 2025-12-18 10:34:32 KST
TIMESTAMP: HLS-REPORT: synth get_all_vv_rpt_files: 2025-12-18 10:34:32 KST
TIMESTAMP: HLS-REPORT: synthesis write_reports_vivado: 2025-12-18 10:34:32 KST
HLS EXTRACTION: synth area_totals:  0 53200 106400 220 280 0 0
HLS EXTRACTION: synth area_current: 0 1438 478 6 0 0 0 0 0 0
HLS EXTRACTION: synth resources_dict: AVAIL_LUT 53200 LUT 1438 AVAIL_FF 106400 FF 478 AVAIL_DSP 220 DSP 6 AVAIL_BRAM 280 BRAM 0 AVAIL_URAM 0 URAM 0 LATCH 0 SRL 0 AVAIL_CLB 0 CLB 0
INFO: HLS-REPORT: generated /home/jjh/RL_test/HLS_Optimization/synthetic_case_generation/project_tmp/solution_tmp/impl/verilog/report/vivado_syn.xml
INFO: HLS-REPORT: generated /home/jjh/RL_test/HLS_Optimization/synthetic_case_generation/project_tmp/solution_tmp/impl/report/verilog/case_4_export.rpt


Implementation tool: Xilinx Vivado v.2025.1
Project:             project_tmp
Solution:            solution_tmp
Device target:       xc7z020-clg484-1
Report date:         Thu Dec 18 10:34:32 KST 2025

#=== Post-Synthesis Resource usage ===
SLICE:            0
LUT:           1438
FF:             478
DSP:              6
BRAM:             0
URAM:             0
LATCH:            0
SRL:              0
CLB:              0

#=== Final timing ===
CP required:                     10.000
CP achieved post-synthesis:      7.172
Timing met

TIMESTAMP: HLS-REPORT: synthesis end: 2025-12-18 10:34:32 KST
# if { $has_impl } {
#   # launch run impl
#   if { [llength $impl_props] } {
#     set_property -dict $impl_props [get_runs impl_1]
#   }
#   launch_runs impl_1
#   wait_on_run impl_1
#   # impl reports
#   hls_vivado_reports_impl impl_1 $report_options
# }
INFO: [Timing 38-480] Writing timing data to binary archive.
Write ShapeDB Complete: Time (s): cpu = 00:00:00.02 ; elapsed = 00:00:00.01 . Memory (MB): peak = 2681.762 ; gain = 0.000 ; free physical = 93276 ; free virtual = 119017
WARNING: [Common 17-210] 'write_hwdef' is deprecated.
[Thu Dec 18 10:34:32 2025] Launched impl_1...
Run output will be captured here: /home/jjh/RL_test/HLS_Optimization/synthetic_case_generation/project_tmp/solution_tmp/impl/verilog/project.runs/impl_1/runme.log
[Thu Dec 18 10:34:32 2025] Waiting for impl_1 to finish...

*** Running vivado
    with args -log bd_0_wrapper.vdi -applog -m64 -product Vivado -messageDb vivado.pb -mode batch -source bd_0_wrapper.tcl -notrace


****** Vivado v2025.1 (64-bit)
  **** SW Build 6140274 on Wed May 21 22:58:25 MDT 2025
  **** IP Build 6138677 on Thu May 22 03:10:11 MDT 2025
  **** SharedData Build 6139179 on Tue May 20 17:58:58 MDT 2025
  **** Start of session at: Thu Dec 18 10:34:36 2025
    ** Copyright 1986-2022 Xilinx, Inc. All Rights Reserved.
    ** Copyright 2022-2025 Advanced Micro Devices, Inc. All Rights Reserved.

source bd_0_wrapper.tcl -notrace
Command: open_checkpoint /home/jjh/RL_test/HLS_Optimization/synthetic_case_generation/project_tmp/solution_tmp/impl/verilog/project.runs/impl_1/bd_0_wrapper.dcp
INFO: [Device 21-403] Loading part xc7z020clg484-1
Netlist sorting complete. Time (s): cpu = 00:00:00.02 ; elapsed = 00:00:00.02 . Memory (MB): peak = 1717.723 ; gain = 0.000 ; free physical = 92594 ; free virtual = 118335
INFO: [Netlist 29-17] Analyzing 247 Unisim elements for replacement
INFO: [Netlist 29-28] Unisim Transformation completed in 0 CPU seconds
INFO: [Project 1-479] Netlist was created with Vivado 2025.1
INFO: [Project 1-570] Preparing netlist for logic optimization
Read ShapeDB Complete: Time (s): cpu = 00:00:00.01 ; elapsed = 00:00:00.01 . Memory (MB): peak = 1782.535 ; gain = 1.000 ; free physical = 92500 ; free virtual = 118242
INFO: [Timing 38-478] Restoring timing data from binary archive.
INFO: [Timing 38-479] Binary timing data restore complete.
INFO: [Project 1-856] Restoring constraints from binary archive.
INFO: [Project 1-853] Binary constraint restore complete.
Netlist sorting complete. Time (s): cpu = 00:00:00 ; elapsed = 00:00:00 . Memory (MB): peak = 2313.035 ; gain = 0.000 ; free physical = 92011 ; free virtual = 117752
INFO: [Project 1-111] Unisim Transformation Summary:
No Unisim elements were transformed.

INFO: [Project 1-604] Checkpoint was created with Vivado v2025.1 (64-bit) build 6140274
open_checkpoint: Time (s): cpu = 00:00:29 ; elapsed = 00:00:19 . Memory (MB): peak = 2313.070 ; gain = 883.016 ; free physical = 92011 ; free virtual = 117752
INFO: [IP_Flow 19-234] Refreshing IP repositories
INFO: [IP_Flow 19-1700] Loaded user IP repository '/home/jjh/RL_test/HLS_Optimization/synthetic_case_generation/project_tmp/solution_tmp/impl/ip'.
INFO: [IP_Flow 19-2313] Loaded Vivado IP repository '/tools/Xilinx/2025.1/Vivado/data/ip'.
Command: opt_design
Attempting to get a license for feature 'Implementation' and/or device 'xc7z020'
INFO: [Common 17-349] Got license for feature 'Implementation' and/or device 'xc7z020'
Running DRC as a precondition to command opt_design

Starting DRC Task
INFO: [DRC 23-27] Running DRC with 8 threads
WARNING: [DRC 23-814] Not all possible (connectivity based) DRCs may have been run because this design is seen as Out of Context.
INFO: [Project 1-461] DRC finished with 0 Errors
INFO: [Project 1-462] Please refer to the DRC report (report_drc) for more information.

Time (s): cpu = 00:00:01 ; elapsed = 00:00:00.68 . Memory (MB): peak = 2454.910 ; gain = 135.938 ; free physical = 91932 ; free virtual = 117673

Starting Cache Timing Information Task
Ending Cache Timing Information Task | Checksum: 18adb7eb6

Time (s): cpu = 00:00:00.01 ; elapsed = 00:00:00.01 . Memory (MB): peak = 2454.910 ; gain = 0.000 ; free physical = 91932 ; free virtual = 117673

Starting Logic Optimization Task

Phase 1 Initialization

Phase 1.1 Core Generation And Design Setup
Phase 1.1 Core Generation And Design Setup | Checksum: 18adb7eb6

Time (s): cpu = 00:00:00 ; elapsed = 00:00:00.01 . Memory (MB): peak = 2704.809 ; gain = 0.000 ; free physical = 91622 ; free virtual = 117364

Phase 1.2 Setup Constraints And Sort Netlist
Phase 1.2 Setup Constraints And Sort Netlist | Checksum: 18adb7eb6

Time (s): cpu = 00:00:00 ; elapsed = 00:00:00.01 . Memory (MB): peak = 2704.809 ; gain = 0.000 ; free physical = 91622 ; free virtual = 117364
Phase 1 Initialization | Checksum: 18adb7eb6

Time (s): cpu = 00:00:00 ; elapsed = 00:00:00.01 . Memory (MB): peak = 2704.809 ; gain = 0.000 ; free physical = 91622 ; free virtual = 117364

Phase 2 Timer Update And Timing Data Collection

Phase 2.1 Timer Update
Phase 2.1 Timer Update | Checksum: 18adb7eb6

Time (s): cpu = 00:00:00.13 ; elapsed = 00:00:00.06 . Memory (MB): peak = 2704.809 ; gain = 0.000 ; free physical = 91622 ; free virtual = 117364

Phase 2.2 Timing Data Collection
Phase 2.2 Timing Data Collection | Checksum: 18adb7eb6

Time (s): cpu = 00:00:00.13 ; elapsed = 00:00:00.07 . Memory (MB): peak = 2704.809 ; gain = 0.000 ; free physical = 91622 ; free virtual = 117364
Phase 2 Timer Update And Timing Data Collection | Checksum: 18adb7eb6

Time (s): cpu = 00:00:00.14 ; elapsed = 00:00:00.07 . Memory (MB): peak = 2704.809 ; gain = 0.000 ; free physical = 91622 ; free virtual = 117364

Phase 3 Retarget
INFO: [Opt 31-1851] Number of loadless carry chains removed were: 0
INFO: [Opt 31-1834] Total Chains To Be Transformed Were: 0 AND Number of Transformed insts Created are: 0
INFO: [Opt 31-138] Pushed 0 inverter(s) to 0 load pin(s).
INFO: [Opt 31-49] Retargeted 0 cell(s).
Phase 3 Retarget | Checksum: 1127a973c

Time (s): cpu = 00:00:00.21 ; elapsed = 00:00:00.15 . Memory (MB): peak = 2704.809 ; gain = 0.000 ; free physical = 91622 ; free virtual = 117364
Retarget | Checksum: 1127a973c
INFO: [Opt 31-389] Phase Retarget created 0 cells and removed 1 cells

Phase 4 Constant propagation
INFO: [Opt 31-138] Pushed 0 inverter(s) to 0 load pin(s).
Phase 4 Constant propagation | Checksum: 9cbd9b48

Time (s): cpu = 00:00:00.25 ; elapsed = 00:00:00.19 . Memory (MB): peak = 2704.809 ; gain = 0.000 ; free physical = 91622 ; free virtual = 117364
Constant propagation | Checksum: 9cbd9b48
INFO: [Opt 31-389] Phase Constant propagation created 0 cells and removed 0 cells

Phase 5 Sweep
INFO: [Constraints 18-11670] Building netlist checker database with flags, 0x8
Done building netlist checker database: Time (s): cpu = 00:00:00 ; elapsed = 00:00:00 . Memory (MB): peak = 2704.809 ; gain = 0.000 ; free physical = 91622 ; free virtual = 117364
INFO: [Constraints 18-11670] Building netlist checker database with flags, 0x8
Done building netlist checker database: Time (s): cpu = 00:00:00 ; elapsed = 00:00:00 . Memory (MB): peak = 2704.809 ; gain = 0.000 ; free physical = 91622 ; free virtual = 117364
Phase 5 Sweep | Checksum: ca10ccc5

Time (s): cpu = 00:00:00.3 ; elapsed = 00:00:00.25 . Memory (MB): peak = 2704.809 ; gain = 0.000 ; free physical = 91622 ; free virtual = 117364
Sweep | Checksum: ca10ccc5
INFO: [Opt 31-389] Phase Sweep created 0 cells and removed 0 cells

Phase 6 BUFG optimization
Phase 6 BUFG optimization | Checksum: ca10ccc5

Time (s): cpu = 00:00:00.32 ; elapsed = 00:00:00.26 . Memory (MB): peak = 2736.824 ; gain = 32.016 ; free physical = 91622 ; free virtual = 117364
BUFG optimization | Checksum: ca10ccc5
INFO: [Opt 31-662] Phase BUFG optimization created 0 cells of which 0 are BUFGs and removed 0 cells.

Phase 7 Shift Register Optimization
INFO: [Opt 31-1064] SRL Remap converted 0 SRLs to 0 registers and converted 0 registers of register chains to 0 SRLs
Phase 7 Shift Register Optimization | Checksum: ca10ccc5

Time (s): cpu = 00:00:00.32 ; elapsed = 00:00:00.27 . Memory (MB): peak = 2736.824 ; gain = 32.016 ; free physical = 91622 ; free virtual = 117364
Shift Register Optimization | Checksum: ca10ccc5
INFO: [Opt 31-389] Phase Shift Register Optimization created 0 cells and removed 0 cells

Phase 8 Post Processing Netlist
Phase 8 Post Processing Netlist | Checksum: ca10ccc5

Time (s): cpu = 00:00:00.33 ; elapsed = 00:00:00.28 . Memory (MB): peak = 2736.824 ; gain = 32.016 ; free physical = 91622 ; free virtual = 117364
Post Processing Netlist | Checksum: ca10ccc5
INFO: [Opt 31-389] Phase Post Processing Netlist created 0 cells and removed 0 cells

Phase 9 Finalization

Phase 9.1 Finalizing Design Cores and Updating Shapes
Phase 9.1 Finalizing Design Cores and Updating Shapes | Checksum: bb31c1f3

Time (s): cpu = 00:00:00.47 ; elapsed = 00:00:00.41 . Memory (MB): peak = 2736.824 ; gain = 32.016 ; free physical = 91622 ; free virtual = 117364

Phase 9.2 Verifying Netlist Connectivity

Starting Connectivity Check Task

Time (s): cpu = 00:00:00 ; elapsed = 00:00:00.01 . Memory (MB): peak = 2736.824 ; gain = 0.000 ; free physical = 91622 ; free virtual = 117364
Phase 9.2 Verifying Netlist Connectivity | Checksum: bb31c1f3

Time (s): cpu = 00:00:00.48 ; elapsed = 00:00:00.42 . Memory (MB): peak = 2736.824 ; gain = 32.016 ; free physical = 91622 ; free virtual = 117364
Phase 9 Finalization | Checksum: bb31c1f3

Time (s): cpu = 00:00:00.48 ; elapsed = 00:00:00.42 . Memory (MB): peak = 2736.824 ; gain = 32.016 ; free physical = 91622 ; free virtual = 117364
Opt_design Change Summary
=========================


-------------------------------------------------------------------------------------------------------------------------
|  Phase                        |  #Cells created  |  #Cells Removed  |  #Constrained objects preventing optimizations  |
-------------------------------------------------------------------------------------------------------------------------
|  Retarget                     |               0  |               1  |                                              0  |
|  Constant propagation         |               0  |               0  |                                              0  |
|  Sweep                        |               0  |               0  |                                              0  |
|  BUFG optimization            |               0  |               0  |                                              0  |
|  Shift Register Optimization  |               0  |               0  |                                              0  |
|  Post Processing Netlist      |               0  |               0  |                                              0  |
-------------------------------------------------------------------------------------------------------------------------


Ending Logic Optimization Task | Checksum: bb31c1f3

Time (s): cpu = 00:00:00.48 ; elapsed = 00:00:00.42 . Memory (MB): peak = 2736.824 ; gain = 32.016 ; free physical = 91622 ; free virtual = 117364

Starting Power Optimization Task
INFO: [Pwropt 34-132] Skipping clock gating for clocks with a period < 2.00 ns.
Ending Power Optimization Task | Checksum: bb31c1f3

Time (s): cpu = 00:00:00.01 ; elapsed = 00:00:00.01 . Memory (MB): peak = 2736.824 ; gain = 0.000 ; free physical = 91622 ; free virtual = 117364

Starting Final Cleanup Task
Ending Final Cleanup Task | Checksum: bb31c1f3

Time (s): cpu = 00:00:00 ; elapsed = 00:00:00 . Memory (MB): peak = 2736.824 ; gain = 0.000 ; free physical = 91622 ; free virtual = 117364

Starting Netlist Obfuscation Task
Netlist sorting complete. Time (s): cpu = 00:00:00 ; elapsed = 00:00:00 . Memory (MB): peak = 2736.824 ; gain = 0.000 ; free physical = 91622 ; free virtual = 117364
Ending Netlist Obfuscation Task | Checksum: bb31c1f3

Time (s): cpu = 00:00:00 ; elapsed = 00:00:00.01 . Memory (MB): peak = 2736.824 ; gain = 0.000 ; free physical = 91622 ; free virtual = 117364
INFO: [Common 17-83] Releasing license: Implementation
34 Infos, 1 Warnings, 0 Critical Warnings and 0 Errors encountered.
opt_design completed successfully
INFO: [Vivado 12-24828] Executing command : report_drc -file bd_0_wrapper_drc_opted.rpt -pb bd_0_wrapper_drc_opted.pb -rpx bd_0_wrapper_drc_opted.rpx
Command: report_drc -file bd_0_wrapper_drc_opted.rpt -pb bd_0_wrapper_drc_opted.pb -rpx bd_0_wrapper_drc_opted.rpx
INFO: [IP_Flow 19-1839] IP Catalog is up to date.
INFO: [DRC 23-27] Running DRC with 8 threads
WARNING: [DRC 23-814] Not all possible (connectivity based) DRCs may have been run because this design is seen as Out of Context.
INFO: [Vivado_Tcl 2-168] The results of DRC are in file /home/jjh/RL_test/HLS_Optimization/synthetic_case_generation/project_tmp/solution_tmp/impl/verilog/project.runs/impl_1/bd_0_wrapper_drc_opted.rpt.
report_drc completed successfully
INFO: [Timing 38-35] Done setting XDC timing constraints.
INFO: [Timing 38-480] Writing timing data to binary archive.
Write ShapeDB Complete: Time (s): cpu = 00:00:00.02 ; elapsed = 00:00:00 . Memory (MB): peak = 2807.168 ; gain = 0.000 ; free physical = 91595 ; free virtual = 117336
INFO: [Common 17-1381] The checkpoint '/home/jjh/RL_test/HLS_Optimization/synthetic_case_generation/project_tmp/solution_tmp/impl/verilog/project.runs/impl_1/bd_0_wrapper_opt.dcp' has been generated.
Command: place_design
Attempting to get a license for feature 'Implementation' and/or device 'xc7z020'
INFO: [Common 17-349] Got license for feature 'Implementation' and/or device 'xc7z020'
INFO: [Common 17-83] Releasing license: Implementation
INFO: [DRC 23-27] Running DRC with 8 threads
WARNING: [DRC 23-814] Not all possible (connectivity based) DRCs may have been run because this design is seen as Out of Context.
INFO: [Vivado_Tcl 4-198] DRC finished with 0 Errors
INFO: [Vivado_Tcl 4-199] Please refer to the DRC report (report_drc) for more information.
Running DRC as a precondition to command place_design
INFO: [DRC 23-27] Running DRC with 8 threads
WARNING: [DRC 23-814] Not all possible (connectivity based) DRCs may have been run because this design is seen as Out of Context.
INFO: [Vivado_Tcl 4-198] DRC finished with 0 Errors
INFO: [Vivado_Tcl 4-199] Please refer to the DRC report (report_drc) for more information.
INFO: [Place 30-611] Multithreading enabled for place_design using a maximum of 8 CPUs

Starting Placer Task

Phase 1 Placer Initialization

Phase 1.1 Placer Initialization Netlist Sorting
Netlist sorting complete. Time (s): cpu = 00:00:00 ; elapsed = 00:00:00 . Memory (MB): peak = 2825.051 ; gain = 0.000 ; free physical = 91561 ; free virtual = 117303
Phase 1.1 Placer Initialization Netlist Sorting | Checksum: 6194c9c6

Time (s): cpu = 00:00:00 ; elapsed = 00:00:00.01 . Memory (MB): peak = 2825.051 ; gain = 0.000 ; free physical = 91561 ; free virtual = 117303
Netlist sorting complete. Time (s): cpu = 00:00:00 ; elapsed = 00:00:00 . Memory (MB): peak = 2825.051 ; gain = 0.000 ; free physical = 91561 ; free virtual = 117303

Phase 1.2 IO Placement/ Clock Placement/ Build Placer Device
Phase 1.2 IO Placement/ Clock Placement/ Build Placer Device | Checksum: 5af7db24

Time (s): cpu = 00:00:00.54 ; elapsed = 00:00:00.26 . Memory (MB): peak = 2881.078 ; gain = 56.027 ; free physical = 91560 ; free virtual = 117302

Phase 1.3 Build Placer Netlist Model
Phase 1.3 Build Placer Netlist Model | Checksum: fd81d160

Time (s): cpu = 00:00:01 ; elapsed = 00:00:00.77 . Memory (MB): peak = 2920.121 ; gain = 95.070 ; free physical = 91560 ; free virtual = 117302

Phase 1.4 Constrain Clocks/Macros
Phase 1.4 Constrain Clocks/Macros | Checksum: fd81d160

Time (s): cpu = 00:00:01 ; elapsed = 00:00:00.78 . Memory (MB): peak = 2920.121 ; gain = 95.070 ; free physical = 91560 ; free virtual = 117302
Phase 1 Placer Initialization | Checksum: fd81d160

Time (s): cpu = 00:00:01 ; elapsed = 00:00:00.79 . Memory (MB): peak = 2920.121 ; gain = 95.070 ; free physical = 91560 ; free virtual = 117302

Phase 2 Global Placement

Phase 2.1 Floorplanning
Phase 2.1 Floorplanning | Checksum: 112df799b

Time (s): cpu = 00:00:02 ; elapsed = 00:00:00.98 . Memory (MB): peak = 2920.121 ; gain = 95.070 ; free physical = 91603 ; free virtual = 117345

Phase 2.2 Update Timing before SLR Path Opt
Phase 2.2 Update Timing before SLR Path Opt | Checksum: 7ea6fb64

Time (s): cpu = 00:00:02 ; elapsed = 00:00:01 . Memory (MB): peak = 2920.121 ; gain = 95.070 ; free physical = 91603 ; free virtual = 117345

Phase 2.3 Post-Processing in Floorplanning
Phase 2.3 Post-Processing in Floorplanning | Checksum: 7ea6fb64

Time (s): cpu = 00:00:02 ; elapsed = 00:00:01 . Memory (MB): peak = 2920.121 ; gain = 95.070 ; free physical = 91603 ; free virtual = 117345

Phase 2.4 Global Place Phase1
Phase 2.4 Global Place Phase1 | Checksum: 1335d559d

Time (s): cpu = 00:00:17 ; elapsed = 00:00:05 . Memory (MB): peak = 2920.121 ; gain = 95.070 ; free physical = 91658 ; free virtual = 117400

Phase 2.5 Global Place Phase2

Phase 2.5.1 UpdateTiming Before Physical Synthesis
Phase 2.5.1 UpdateTiming Before Physical Synthesis | Checksum: 1335d559d

Time (s): cpu = 00:00:17 ; elapsed = 00:00:05 . Memory (MB): peak = 2920.121 ; gain = 95.070 ; free physical = 91656 ; free virtual = 117398

Phase 2.5.2 Physical Synthesis In Placer
INFO: [Physopt 32-1035] Found 0 LUTNM shape to break, 81 LUT instances to create LUTNM shape
INFO: [Physopt 32-1044] Break lutnm for timing: one critical 0, two critical 0, total 0, new lutff created 0
INFO: [Physopt 32-1138] End 1 Pass. Optimized 30 nets or LUTs. Breaked 0 LUT, combined 30 existing LUTs and moved 0 existing LUT
INFO: [Physopt 32-65] No nets found for high-fanout optimization.
INFO: [Physopt 32-232] Optimized 0 net. Created 0 new instance.
INFO: [Physopt 32-775] End 1 Pass. Optimized 0 net or cell. Created 0 new cell, deleted 0 existing cell and moved 0 existing cell
INFO: [Physopt 32-670] No setup violation found.  DSP Register Optimization was not performed.
INFO: [Physopt 32-670] No setup violation found.  Shift Register to Pipeline Optimization was not performed.
INFO: [Physopt 32-670] No setup violation found.  Shift Register Optimization was not performed.
INFO: [Physopt 32-670] No setup violation found.  BRAM Register Optimization was not performed.
INFO: [Physopt 32-670] No setup violation found.  URAM Register Optimization was not performed.
INFO: [Physopt 32-949] No candidate nets found for dynamic/static region interface net replication
INFO: [Physopt 32-775] End 1 Pass. Optimized 0 net or cell. Created 0 new cell, deleted 0 existing cell and moved 0 existing cell
Netlist sorting complete. Time (s): cpu = 00:00:00 ; elapsed = 00:00:00 . Memory (MB): peak = 2920.121 ; gain = 0.000 ; free physical = 91656 ; free virtual = 117398

Summary of Physical Synthesis Optimizations
============================================


-----------------------------------------------------------------------------------------------------------------------------------------------------------
|  Optimization                                     |  Added Cells  |  Removed Cells  |  Optimized Cells/Nets  |  Dont Touch  |  Iterations  |  Elapsed   |
-----------------------------------------------------------------------------------------------------------------------------------------------------------
|  LUT Combining                                    |            0  |             30  |                    30  |           0  |           1  |  00:00:00  |
|  Retime                                           |            0  |              0  |                     0  |           0  |           1  |  00:00:00  |
|  Very High Fanout                                 |            0  |              0  |                     0  |           0  |           1  |  00:00:00  |
|  DSP Register                                     |            0  |              0  |                     0  |           0  |           0  |  00:00:00  |
|  Shift Register to Pipeline                       |            0  |              0  |                     0  |           0  |           0  |  00:00:00  |
|  Shift Register                                   |            0  |              0  |                     0  |           0  |           0  |  00:00:00  |
|  BRAM Register                                    |            0  |              0  |                     0  |           0  |           0  |  00:00:00  |
|  URAM Register                                    |            0  |              0  |                     0  |           0  |           0  |  00:00:00  |
|  Dynamic/Static Region Interface Net Replication  |            0  |              0  |                     0  |           0  |           1  |  00:00:00  |
|  Total                                            |            0  |             30  |                    30  |           0  |           4  |  00:00:00  |
-----------------------------------------------------------------------------------------------------------------------------------------------------------


Phase 2.5.2 Physical Synthesis In Placer | Checksum: d0868a05

Time (s): cpu = 00:00:18 ; elapsed = 00:00:06 . Memory (MB): peak = 2920.121 ; gain = 95.070 ; free physical = 91656 ; free virtual = 117398
Phase 2.5 Global Place Phase2 | Checksum: 133b250e7

Time (s): cpu = 00:00:21 ; elapsed = 00:00:06 . Memory (MB): peak = 2920.121 ; gain = 95.070 ; free physical = 91655 ; free virtual = 117397
Phase 2 Global Placement | Checksum: 133b250e7

Time (s): cpu = 00:00:21 ; elapsed = 00:00:06 . Memory (MB): peak = 2920.121 ; gain = 95.070 ; free physical = 91655 ; free virtual = 117397

Phase 3 Detail Placement

Phase 3.1 Commit Multi Column Macros
Phase 3.1 Commit Multi Column Macros | Checksum: a3c6aea7

Time (s): cpu = 00:00:21 ; elapsed = 00:00:06 . Memory (MB): peak = 2920.121 ; gain = 95.070 ; free physical = 91655 ; free virtual = 117397

Phase 3.2 Commit Most Macros & LUTRAMs
Phase 3.2 Commit Most Macros & LUTRAMs | Checksum: 777734c2

Time (s): cpu = 00:00:22 ; elapsed = 00:00:07 . Memory (MB): peak = 2920.121 ; gain = 95.070 ; free physical = 91655 ; free virtual = 117397

Phase 3.3 Area Swap Optimization
Phase 3.3 Area Swap Optimization | Checksum: f2e38589

Time (s): cpu = 00:00:22 ; elapsed = 00:00:07 . Memory (MB): peak = 2920.121 ; gain = 95.070 ; free physical = 91655 ; free virtual = 117397

Phase 3.4 Pipeline Register Optimization
Phase 3.4 Pipeline Register Optimization | Checksum: 131d29e3b

Time (s): cpu = 00:00:22 ; elapsed = 00:00:07 . Memory (MB): peak = 2920.121 ; gain = 95.070 ; free physical = 91655 ; free virtual = 117397

Phase 3.5 Small Shape Detail Placement
Phase 3.5 Small Shape Detail Placement | Checksum: 1a61e8779

Time (s): cpu = 00:00:23 ; elapsed = 00:00:07 . Memory (MB): peak = 2920.121 ; gain = 95.070 ; free physical = 91654 ; free virtual = 117396

Phase 3.6 Re-assign LUT pins
Phase 3.6 Re-assign LUT pins | Checksum: 1219f8586

Time (s): cpu = 00:00:23 ; elapsed = 00:00:07 . Memory (MB): peak = 2920.121 ; gain = 95.070 ; free physical = 91654 ; free virtual = 117396

Phase 3.7 Pipeline Register Optimization
Phase 3.7 Pipeline Register Optimization | Checksum: e2d09cb4

Time (s): cpu = 00:00:23 ; elapsed = 00:00:07 . Memory (MB): peak = 2920.121 ; gain = 95.070 ; free physical = 91654 ; free virtual = 117396
Phase 3 Detail Placement | Checksum: e2d09cb4

Time (s): cpu = 00:00:23 ; elapsed = 00:00:07 . Memory (MB): peak = 2920.121 ; gain = 95.070 ; free physical = 91654 ; free virtual = 117396

Phase 4 Post Placement Optimization and Clean-Up

Phase 4.1 Post Commit Optimization
INFO: [Timing 38-35] Done setting XDC timing constraints.

Phase 4.1.1 Post Placement Optimization
Post Placement Optimization Initialization | Checksum: 1aac5d8e7

Phase 4.1.1.1 BUFG Insertion

Starting Physical Synthesis Task

Phase 1 Physical Synthesis Initialization
INFO: [Physopt 32-721] Multithreading enabled for phys_opt_design using a maximum of 8 CPUs
INFO: [Physopt 32-619] Estimated Timing Summary | WNS=1.637 | TNS=0.000 |
Phase 1 Physical Synthesis Initialization | Checksum: 1eb068eab

Time (s): cpu = 00:00:00.07 ; elapsed = 00:00:00.04 . Memory (MB): peak = 2920.121 ; gain = 0.000 ; free physical = 91656 ; free virtual = 117397
INFO: [Place 46-56] BUFG insertion identified 0 candidate nets. Inserted BUFG: 0, Replicated BUFG Driver: 0, Skipped due to Placement/Routing Conflicts: 0, Skipped due to Timing Degradation: 0, Skipped due to netlist editing failed: 0.
Ending Physical Synthesis Task | Checksum: 1284061d9

Time (s): cpu = 00:00:00.1 ; elapsed = 00:00:00.06 . Memory (MB): peak = 2920.121 ; gain = 0.000 ; free physical = 91656 ; free virtual = 117398
Phase 4.1.1.1 BUFG Insertion | Checksum: 1aac5d8e7

Time (s): cpu = 00:00:24 ; elapsed = 00:00:08 . Memory (MB): peak = 2920.121 ; gain = 95.070 ; free physical = 91656 ; free virtual = 117398

Phase 4.1.1.2 Post Placement Timing Optimization
INFO: [Place 30-746] Post Placement Timing Summary WNS=1.637. For the most accurate timing information please run report_timing.
Phase 4.1.1.2 Post Placement Timing Optimization | Checksum: 1a52645b1

Time (s): cpu = 00:00:25 ; elapsed = 00:00:08 . Memory (MB): peak = 2920.121 ; gain = 95.070 ; free physical = 91656 ; free virtual = 117398

Time (s): cpu = 00:00:25 ; elapsed = 00:00:08 . Memory (MB): peak = 2920.121 ; gain = 95.070 ; free physical = 91656 ; free virtual = 117398
Phase 4.1 Post Commit Optimization | Checksum: 1a52645b1

Time (s): cpu = 00:00:25 ; elapsed = 00:00:08 . Memory (MB): peak = 2920.121 ; gain = 95.070 ; free physical = 91656 ; free virtual = 117398

Phase 4.2 Post Placement Cleanup
Phase 4.2 Post Placement Cleanup | Checksum: 1a52645b1

Time (s): cpu = 00:00:25 ; elapsed = 00:00:08 . Memory (MB): peak = 2920.121 ; gain = 95.070 ; free physical = 91656 ; free virtual = 117398

Phase 4.3 Placer Reporting

Phase 4.3.1 Print Estimated Congestion
INFO: [Place 30-612] Post-Placement Estimated Congestion 
 ____________________________________________________
|           | Global Congestion | Short Congestion  |
| Direction | Region Size       | Region Size       |
|___________|___________________|___________________|
|      North|                1x1|                1x1|
|___________|___________________|___________________|
|      South|                1x1|                1x1|
|___________|___________________|___________________|
|       East|                1x1|                1x1|
|___________|___________________|___________________|
|       West|                1x1|                1x1|
|___________|___________________|___________________|

Phase 4.3.1 Print Estimated Congestion | Checksum: 1a52645b1

Time (s): cpu = 00:00:25 ; elapsed = 00:00:08 . Memory (MB): peak = 2920.121 ; gain = 95.070 ; free physical = 91656 ; free virtual = 117398
Phase 4.3 Placer Reporting | Checksum: 1a52645b1

Time (s): cpu = 00:00:25 ; elapsed = 00:00:08 . Memory (MB): peak = 2920.121 ; gain = 95.070 ; free physical = 91656 ; free virtual = 117398

Phase 4.4 Final Placement Cleanup
Netlist sorting complete. Time (s): cpu = 00:00:00 ; elapsed = 00:00:00 . Memory (MB): peak = 2920.121 ; gain = 0.000 ; free physical = 91656 ; free virtual = 117398

Time (s): cpu = 00:00:25 ; elapsed = 00:00:08 . Memory (MB): peak = 2920.121 ; gain = 95.070 ; free physical = 91656 ; free virtual = 117398
Phase 4 Post Placement Optimization and Clean-Up | Checksum: 1c4128860

Time (s): cpu = 00:00:25 ; elapsed = 00:00:08 . Memory (MB): peak = 2920.121 ; gain = 95.070 ; free physical = 91656 ; free virtual = 117398
Ending Placer Task | Checksum: ed8fac5b

Time (s): cpu = 00:00:25 ; elapsed = 00:00:08 . Memory (MB): peak = 2920.121 ; gain = 95.070 ; free physical = 91656 ; free virtual = 117398
69 Infos, 4 Warnings, 0 Critical Warnings and 0 Errors encountered.
place_design completed successfully
place_design: Time (s): cpu = 00:00:27 ; elapsed = 00:00:09 . Memory (MB): peak = 2920.121 ; gain = 112.953 ; free physical = 91656 ; free virtual = 117398
INFO: [Vivado 12-24838] Running report commands "report_control_sets, report_io, report_utilization" in parallel.
Running report generation with 3 threads.
INFO: [Vivado 12-24828] Executing command : report_control_sets -verbose -file bd_0_wrapper_control_sets_placed.rpt
report_control_sets: Time (s): cpu = 00:00:00.11 ; elapsed = 00:00:00.13 . Memory (MB): peak = 2920.121 ; gain = 0.000 ; free physical = 91655 ; free virtual = 117397
INFO: [Vivado 12-24828] Executing command : report_utilization -file bd_0_wrapper_utilization_placed.rpt -pb bd_0_wrapper_utilization_placed.pb
INFO: [Vivado 12-24828] Executing command : report_io -file bd_0_wrapper_io_placed.rpt
report_io: Time (s): cpu = 00:00:00.27 ; elapsed = 00:00:00.34 . Memory (MB): peak = 2920.121 ; gain = 0.000 ; free physical = 91651 ; free virtual = 117393
INFO: [Timing 38-480] Writing timing data to binary archive.
Write ShapeDB Complete: Time (s): cpu = 00:00:00.05 ; elapsed = 00:00:00.02 . Memory (MB): peak = 2920.121 ; gain = 0.000 ; free physical = 91651 ; free virtual = 117393
Wrote PlaceDB: Time (s): cpu = 00:00:00.47 ; elapsed = 00:00:00.16 . Memory (MB): peak = 2920.121 ; gain = 0.000 ; free physical = 91647 ; free virtual = 117391
Wrote PulsedLatchDB: Time (s): cpu = 00:00:00 ; elapsed = 00:00:00 . Memory (MB): peak = 2920.121 ; gain = 0.000 ; free physical = 91647 ; free virtual = 117391
Writing XDEF routing.
Writing XDEF routing logical nets.
Writing XDEF routing special nets.
Wrote RouteStorage: Time (s): cpu = 00:00:00.09 ; elapsed = 00:00:00.09 . Memory (MB): peak = 2920.121 ; gain = 0.000 ; free physical = 91647 ; free virtual = 117391
Wrote Netlist Cache: Time (s): cpu = 00:00:00.01 ; elapsed = 00:00:00.01 . Memory (MB): peak = 2920.121 ; gain = 0.000 ; free physical = 91647 ; free virtual = 117391
Wrote Device Cache: Time (s): cpu = 00:00:00 ; elapsed = 00:00:00.01 . Memory (MB): peak = 2920.121 ; gain = 0.000 ; free physical = 91647 ; free virtual = 117392
Write Physdb Complete: Time (s): cpu = 00:00:00.58 ; elapsed = 00:00:00.27 . Memory (MB): peak = 2920.121 ; gain = 0.000 ; free physical = 91647 ; free virtual = 117392
INFO: [Common 17-1381] The checkpoint '/home/jjh/RL_test/HLS_Optimization/synthetic_case_generation/project_tmp/solution_tmp/impl/verilog/project.runs/impl_1/bd_0_wrapper_placed.dcp' has been generated.
Command: phys_opt_design
Attempting to get a license for feature 'Implementation' and/or device 'xc7z020'
INFO: [Common 17-349] Got license for feature 'Implementation' and/or device 'xc7z020'

Starting Initial Update Timing Task
WARNING: [Timing 38-242] The property HD.CLK_SRC of clock port "ap_clk" is not set. In out-of-context mode, this prevents timing estimation for clock delay/skew
Resolution: Set the HD.CLK_SRC property of the out-of-context port to the location of the clock buffer instance in the top-level design

Time (s): cpu = 00:00:00.43 ; elapsed = 00:00:00.22 . Memory (MB): peak = 2920.121 ; gain = 0.000 ; free physical = 91638 ; free virtual = 117381
INFO: [Vivado_Tcl 4-2279] Estimated Timing Summary | WNS= 1.637 | TNS= 0.000 | 
INFO: [Vivado_Tcl 4-383] Design worst setup slack (WNS) is greater than or equal to 0.000 ns. All physical synthesis setup optimizations will be skipped.
INFO: [Vivado_Tcl 4-232] No setup violation found. The netlist was not modified.
INFO: [Common 17-83] Releasing license: Implementation
80 Infos, 5 Warnings, 0 Critical Warnings and 0 Errors encountered.
phys_opt_design completed successfully
INFO: [Timing 38-480] Writing timing data to binary archive.
Write ShapeDB Complete: Time (s): cpu = 00:00:00.03 ; elapsed = 00:00:00.01 . Memory (MB): peak = 2920.121 ; gain = 0.000 ; free physical = 91638 ; free virtual = 117381
Wrote PlaceDB: Time (s): cpu = 00:00:00.48 ; elapsed = 00:00:00.16 . Memory (MB): peak = 2920.121 ; gain = 0.000 ; free physical = 91637 ; free virtual = 117382
Wrote PulsedLatchDB: Time (s): cpu = 00:00:00 ; elapsed = 00:00:00 . Memory (MB): peak = 2920.121 ; gain = 0.000 ; free physical = 91637 ; free virtual = 117382
Writing XDEF routing.
Writing XDEF routing logical nets.
Writing XDEF routing special nets.
Wrote RouteStorage: Time (s): cpu = 00:00:00.02 ; elapsed = 00:00:00.03 . Memory (MB): peak = 2920.121 ; gain = 0.000 ; free physical = 91636 ; free virtual = 117382
Wrote Netlist Cache: Time (s): cpu = 00:00:00.01 ; elapsed = 00:00:00 . Memory (MB): peak = 2920.121 ; gain = 0.000 ; free physical = 91636 ; free virtual = 117382
Wrote Device Cache: Time (s): cpu = 00:00:00.01 ; elapsed = 00:00:00.01 . Memory (MB): peak = 2920.121 ; gain = 0.000 ; free physical = 91636 ; free virtual = 117382
Write Physdb Complete: Time (s): cpu = 00:00:00.52 ; elapsed = 00:00:00.21 . Memory (MB): peak = 2920.121 ; gain = 0.000 ; free physical = 91635 ; free virtual = 117382
INFO: [Common 17-1381] The checkpoint '/home/jjh/RL_test/HLS_Optimization/synthetic_case_generation/project_tmp/solution_tmp/impl/verilog/project.runs/impl_1/bd_0_wrapper_physopt.dcp' has been generated.
Command: route_design
Attempting to get a license for feature 'Implementation' and/or device 'xc7z020'
INFO: [Common 17-349] Got license for feature 'Implementation' and/or device 'xc7z020'


Starting Routing Task
INFO: [Route 35-254] Multithreading enabled for route_design using a maximum of 8 CPUs

Phase 1 Build RT Design
Checksum: PlaceDB: 362cf79 ConstDB: 0 ShapeSum: d43369f2 RouteDB: 15f972f0
WARNING: [Route 35-198] Port "in_data_14[6]" does not have an associated HD.PARTPIN_LOCS, which will prevent the partial routing of the signal "in_data_14[6]". Without this partial route, timing analysis to/from this port will not be accurate, and no routing information for this port can be exported.
WARNING: [Route 35-198] Port "in_data_8[6]" does not have an associated HD.PARTPIN_LOCS, which will prevent the partial routing of the signal "in_data_8[6]". Without this partial route, timing analysis to/from this port will not be accurate, and no routing information for this port can be exported.
WARNING: [Route 35-198] Port "in_data_8[8]" does not have an associated HD.PARTPIN_LOCS, which will prevent the partial routing of the signal "in_data_8[8]". Without this partial route, timing analysis to/from this port will not be accurate, and no routing information for this port can be exported.
WARNING: [Route 35-198] Port "in_data_14[3]" does not have an associated HD.PARTPIN_LOCS, which will prevent the partial routing of the signal "in_data_14[3]". Without this partial route, timing analysis to/from this port will not be accurate, and no routing information for this port can be exported.
WARNING: [Route 35-198] Port "in_data_14[5]" does not have an associated HD.PARTPIN_LOCS, which will prevent the partial routing of the signal "in_data_14[5]". Without this partial route, timing analysis to/from this port will not be accurate, and no routing information for this port can be exported.
WARNING: [Route 35-198] Port "in_data_14[2]" does not have an associated HD.PARTPIN_LOCS, which will prevent the partial routing of the signal "in_data_14[2]". Without this partial route, timing analysis to/from this port will not be accurate, and no routing information for this port can be exported.
WARNING: [Route 35-198] Port "in_data_14[4]" does not have an associated HD.PARTPIN_LOCS, which will prevent the partial routing of the signal "in_data_14[4]". Without this partial route, timing analysis to/from this port will not be accurate, and no routing information for this port can be exported.
WARNING: [Route 35-198] Port "in_data_8[7]" does not have an associated HD.PARTPIN_LOCS, which will prevent the partial routing of the signal "in_data_8[7]". Without this partial route, timing analysis to/from this port will not be accurate, and no routing information for this port can be exported.
WARNING: [Route 35-198] Port "in_data_14[1]" does not have an associated HD.PARTPIN_LOCS, which will prevent the partial routing of the signal "in_data_14[1]". Without this partial route, timing analysis to/from this port will not be accurate, and no routing information for this port can be exported.
WARNING: [Route 35-198] Port "in_data_8[4]" does not have an associated HD.PARTPIN_LOCS, which will prevent the partial routing of the signal "in_data_8[4]". Without this partial route, timing analysis to/from this port will not be accurate, and no routing information for this port can be exported.
WARNING: [Route 35-198] Port "in_data_8[5]" does not have an associated HD.PARTPIN_LOCS, which will prevent the partial routing of the signal "in_data_8[5]". Without this partial route, timing analysis to/from this port will not be accurate, and no routing information for this port can be exported.
WARNING: [Route 35-198] Port "in_data_8[3]" does not have an associated HD.PARTPIN_LOCS, which will prevent the partial routing of the signal "in_data_8[3]". Without this partial route, timing analysis to/from this port will not be accurate, and no routing information for this port can be exported.
WARNING: [Route 35-198] Port "in_data_14[7]" does not have an associated HD.PARTPIN_LOCS, which will prevent the partial routing of the signal "in_data_14[7]". Without this partial route, timing analysis to/from this port will not be accurate, and no routing information for this port can be exported.
WARNING: [Route 35-198] Port "in_data_14[8]" does not have an associated HD.PARTPIN_LOCS, which will prevent the partial routing of the signal "in_data_14[8]". Without this partial route, timing analysis to/from this port will not be accurate, and no routing information for this port can be exported.
WARNING: [Route 35-198] Port "in_data_14[9]" does not have an associated HD.PARTPIN_LOCS, which will prevent the partial routing of the signal "in_data_14[9]". Without this partial route, timing analysis to/from this port will not be accurate, and no routing information for this port can be exported.
WARNING: [Route 35-198] Port "in_data_14[0]" does not have an associated HD.PARTPIN_LOCS, which will prevent the partial routing of the signal "in_data_14[0]". Without this partial route, timing analysis to/from this port will not be accurate, and no routing information for this port can be exported.
WARNING: [Route 35-198] Port "in_data_8[11]" does not have an associated HD.PARTPIN_LOCS, which will prevent the partial routing of the signal "in_data_8[11]". Without this partial route, timing analysis to/from this port will not be accurate, and no routing information for this port can be exported.
WARNING: [Route 35-197] Clock port "ap_clk" does not have an associated HD.CLK_SRC. Without this constraint, timing analysis may not be accurate and upstream checks cannot be done to ensure correct clock placement.
WARNING: [Route 35-198] Port "ap_rst" does not have an associated HD.PARTPIN_LOCS, which will prevent the partial routing of the signal "ap_rst". Without this partial route, timing analysis to/from this port will not be accurate, and no routing information for this port can be exported.
WARNING: [Route 35-198] Port "in_data_8[12]" does not have an associated HD.PARTPIN_LOCS, which will prevent the partial routing of the signal "in_data_8[12]". Without this partial route, timing analysis to/from this port will not be accurate, and no routing information for this port can be exported.
WARNING: [Route 35-198] Port "in_data_8[9]" does not have an associated HD.PARTPIN_LOCS, which will prevent the partial routing of the signal "in_data_8[9]". Without this partial route, timing analysis to/from this port will not be accurate, and no routing information for this port can be exported.
WARNING: [Route 35-198] Port "in_data_8[10]" does not have an associated HD.PARTPIN_LOCS, which will prevent the partial routing of the signal "in_data_8[10]". Without this partial route, timing analysis to/from this port will not be accurate, and no routing information for this port can be exported.
WARNING: [Route 35-198] Port "in_data_8[0]" does not have an associated HD.PARTPIN_LOCS, which will prevent the partial routing of the signal "in_data_8[0]". Without this partial route, timing analysis to/from this port will not be accurate, and no routing information for this port can be exported.
WARNING: [Route 35-198] Port "in_data_14[12]" does not have an associated HD.PARTPIN_LOCS, which will prevent the partial routing of the signal "in_data_14[12]". Without this partial route, timing analysis to/from this port will not be accurate, and no routing information for this port can be exported.
WARNING: [Route 35-198] Port "in_data_14[10]" does not have an associated HD.PARTPIN_LOCS, which will prevent the partial routing of the signal "in_data_14[10]". Without this partial route, timing analysis to/from this port will not be accurate, and no routing information for this port can be exported.
WARNING: [Route 35-198] Port "in_data_8[2]" does not have an associated HD.PARTPIN_LOCS, which will prevent the partial routing of the signal "in_data_8[2]". Without this partial route, timing analysis to/from this port will not be accurate, and no routing information for this port can be exported.
WARNING: [Route 35-198] Port "in_data_8[1]" does not have an associated HD.PARTPIN_LOCS, which will prevent the partial routing of the signal "in_data_8[1]". Without this partial route, timing analysis to/from this port will not be accurate, and no routing information for this port can be exported.
WARNING: [Route 35-198] Port "in_data_14[11]" does not have an associated HD.PARTPIN_LOCS, which will prevent the partial routing of the signal "in_data_14[11]". Without this partial route, timing analysis to/from this port will not be accurate, and no routing information for this port can be exported.
WARNING: [Route 35-198] Port "in_data_17[12]" does not have an associated HD.PARTPIN_LOCS, which will prevent the partial routing of the signal "in_data_17[12]". Without this partial route, timing analysis to/from this port will not be accurate, and no routing information for this port can be exported.
WARNING: [Route 35-198] Port "in_data_17[11]" does not have an associated HD.PARTPIN_LOCS, which will prevent the partial routing of the signal "in_data_17[11]". Without this partial route, timing analysis to/from this port will not be accurate, and no routing information for this port can be exported.
WARNING: [Route 35-198] Port "in_data_17[13]" does not have an associated HD.PARTPIN_LOCS, which will prevent the partial routing of the signal "in_data_17[13]". Without this partial route, timing analysis to/from this port will not be accurate, and no routing information for this port can be exported.
WARNING: [Route 35-198] Port "in_data_20[10]" does not have an associated HD.PARTPIN_LOCS, which will prevent the partial routing of the signal "in_data_20[10]". Without this partial route, timing analysis to/from this port will not be accurate, and no routing information for this port can be exported.
WARNING: [Route 35-198] Port "in_data_17[9]" does not have an associated HD.PARTPIN_LOCS, which will prevent the partial routing of the signal "in_data_17[9]". Without this partial route, timing analysis to/from this port will not be accurate, and no routing information for this port can be exported.
WARNING: [Route 35-198] Port "in_data_17[8]" does not have an associated HD.PARTPIN_LOCS, which will prevent the partial routing of the signal "in_data_17[8]". Without this partial route, timing analysis to/from this port will not be accurate, and no routing information for this port can be exported.
WARNING: [Route 35-198] Port "in_data_17[10]" does not have an associated HD.PARTPIN_LOCS, which will prevent the partial routing of the signal "in_data_17[10]". Without this partial route, timing analysis to/from this port will not be accurate, and no routing information for this port can be exported.
WARNING: [Route 35-198] Port "in_data_20[9]" does not have an associated HD.PARTPIN_LOCS, which will prevent the partial routing of the signal "in_data_20[9]". Without this partial route, timing analysis to/from this port will not be accurate, and no routing information for this port can be exported.
WARNING: [Route 35-198] Port "in_data_20[8]" does not have an associated HD.PARTPIN_LOCS, which will prevent the partial routing of the signal "in_data_20[8]". Without this partial route, timing analysis to/from this port will not be accurate, and no routing information for this port can be exported.
WARNING: [Route 35-198] Port "in_data_17[7]" does not have an associated HD.PARTPIN_LOCS, which will prevent the partial routing of the signal "in_data_17[7]". Without this partial route, timing analysis to/from this port will not be accurate, and no routing information for this port can be exported.
WARNING: [Route 35-198] Port "in_data_17[6]" does not have an associated HD.PARTPIN_LOCS, which will prevent the partial routing of the signal "in_data_17[6]". Without this partial route, timing analysis to/from this port will not be accurate, and no routing information for this port can be exported.
WARNING: [Route 35-198] Port "in_data_17[5]" does not have an associated HD.PARTPIN_LOCS, which will prevent the partial routing of the signal "in_data_17[5]". Without this partial route, timing analysis to/from this port will not be accurate, and no routing information for this port can be exported.
WARNING: [Route 35-198] Port "in_data_17[4]" does not have an associated HD.PARTPIN_LOCS, which will prevent the partial routing of the signal "in_data_17[4]". Without this partial route, timing analysis to/from this port will not be accurate, and no routing information for this port can be exported.
WARNING: [Route 35-198] Port "in_data_20[7]" does not have an associated HD.PARTPIN_LOCS, which will prevent the partial routing of the signal "in_data_20[7]". Without this partial route, timing analysis to/from this port will not be accurate, and no routing information for this port can be exported.
WARNING: [Route 35-198] Port "in_data_20[6]" does not have an associated HD.PARTPIN_LOCS, which will prevent the partial routing of the signal "in_data_20[6]". Without this partial route, timing analysis to/from this port will not be accurate, and no routing information for this port can be exported.
WARNING: [Route 35-198] Port "in_data_20[5]" does not have an associated HD.PARTPIN_LOCS, which will prevent the partial routing of the signal "in_data_20[5]". Without this partial route, timing analysis to/from this port will not be accurate, and no routing information for this port can be exported.
WARNING: [Route 35-198] Port "in_data_20[4]" does not have an associated HD.PARTPIN_LOCS, which will prevent the partial routing of the signal "in_data_20[4]". Without this partial route, timing analysis to/from this port will not be accurate, and no routing information for this port can be exported.
WARNING: [Route 35-198] Port "in_data_17[3]" does not have an associated HD.PARTPIN_LOCS, which will prevent the partial routing of the signal "in_data_17[3]". Without this partial route, timing analysis to/from this port will not be accurate, and no routing information for this port can be exported.
WARNING: [Route 35-198] Port "in_data_17[2]" does not have an associated HD.PARTPIN_LOCS, which will prevent the partial routing of the signal "in_data_17[2]". Without this partial route, timing analysis to/from this port will not be accurate, and no routing information for this port can be exported.
WARNING: [Route 35-198] Port "in_data_17[1]" does not have an associated HD.PARTPIN_LOCS, which will prevent the partial routing of the signal "in_data_17[1]". Without this partial route, timing analysis to/from this port will not be accurate, and no routing information for this port can be exported.
WARNING: [Route 35-198] Port "in_data_17[0]" does not have an associated HD.PARTPIN_LOCS, which will prevent the partial routing of the signal "in_data_17[0]". Without this partial route, timing analysis to/from this port will not be accurate, and no routing information for this port can be exported.
WARNING: [Route 35-198] Port "in_data_20[3]" does not have an associated HD.PARTPIN_LOCS, which will prevent the partial routing of the signal "in_data_20[3]". Without this partial route, timing analysis to/from this port will not be accurate, and no routing information for this port can be exported.
WARNING: [Route 35-198] Port "in_data_20[2]" does not have an associated HD.PARTPIN_LOCS, which will prevent the partial routing of the signal "in_data_20[2]". Without this partial route, timing analysis to/from this port will not be accurate, and no routing information for this port can be exported.
WARNING: [Route 35-198] Port "in_data_20[1]" does not have an associated HD.PARTPIN_LOCS, which will prevent the partial routing of the signal "in_data_20[1]". Without this partial route, timing analysis to/from this port will not be accurate, and no routing information for this port can be exported.
WARNING: [Route 35-198] Port "in_data_20[0]" does not have an associated HD.PARTPIN_LOCS, which will prevent the partial routing of the signal "in_data_20[0]". Without this partial route, timing analysis to/from this port will not be accurate, and no routing information for this port can be exported.
WARNING: [Route 35-198] Port "in_data_23[4]" does not have an associated HD.PARTPIN_LOCS, which will prevent the partial routing of the signal "in_data_23[4]". Without this partial route, timing analysis to/from this port will not be accurate, and no routing information for this port can be exported.
WARNING: [Route 35-198] Port "in_data_23[3]" does not have an associated HD.PARTPIN_LOCS, which will prevent the partial routing of the signal "in_data_23[3]". Without this partial route, timing analysis to/from this port will not be accurate, and no routing information for this port can be exported.
WARNING: [Route 35-198] Port "in_data_23[1]" does not have an associated HD.PARTPIN_LOCS, which will prevent the partial routing of the signal "in_data_23[1]". Without this partial route, timing analysis to/from this port will not be accurate, and no routing information for this port can be exported.
WARNING: [Route 35-198] Port "in_data_19[4]" does not have an associated HD.PARTPIN_LOCS, which will prevent the partial routing of the signal "in_data_19[4]". Without this partial route, timing analysis to/from this port will not be accurate, and no routing information for this port can be exported.
WARNING: [Route 35-198] Port "in_data_19[5]" does not have an associated HD.PARTPIN_LOCS, which will prevent the partial routing of the signal "in_data_19[5]". Without this partial route, timing analysis to/from this port will not be accurate, and no routing information for this port can be exported.
WARNING: [Route 35-198] Port "in_data_23[2]" does not have an associated HD.PARTPIN_LOCS, which will prevent the partial routing of the signal "in_data_23[2]". Without this partial route, timing analysis to/from this port will not be accurate, and no routing information for this port can be exported.
WARNING: [Route 35-198] Port "in_data_27[0]" does not have an associated HD.PARTPIN_LOCS, which will prevent the partial routing of the signal "in_data_27[0]". Without this partial route, timing analysis to/from this port will not be accurate, and no routing information for this port can be exported.
WARNING: [Route 35-198] Port "in_data_27[1]" does not have an associated HD.PARTPIN_LOCS, which will prevent the partial routing of the signal "in_data_27[1]". Without this partial route, timing analysis to/from this port will not be accurate, and no routing information for this port can be exported.
WARNING: [Route 35-198] Port "in_data_27[2]" does not have an associated HD.PARTPIN_LOCS, which will prevent the partial routing of the signal "in_data_27[2]". Without this partial route, timing analysis to/from this port will not be accurate, and no routing information for this port can be exported.
WARNING: [Route 35-198] Port "in_data_19[3]" does not have an associated HD.PARTPIN_LOCS, which will prevent the partial routing of the signal "in_data_19[3]". Without this partial route, timing analysis to/from this port will not be accurate, and no routing information for this port can be exported.
WARNING: [Route 35-198] Port "in_data_23[0]" does not have an associated HD.PARTPIN_LOCS, which will prevent the partial routing of the signal "in_data_23[0]". Without this partial route, timing analysis to/from this port will not be accurate, and no routing information for this port can be exported.
WARNING: [Route 35-198] Port "in_data_19[6]" does not have an associated HD.PARTPIN_LOCS, which will prevent the partial routing of the signal "in_data_19[6]". Without this partial route, timing analysis to/from this port will not be accurate, and no routing information for this port can be exported.
WARNING: [Route 35-198] Port "in_data_23[6]" does not have an associated HD.PARTPIN_LOCS, which will prevent the partial routing of the signal "in_data_23[6]". Without this partial route, timing analysis to/from this port will not be accurate, and no routing information for this port can be exported.
WARNING: [Route 35-198] Port "in_data_19[0]" does not have an associated HD.PARTPIN_LOCS, which will prevent the partial routing of the signal "in_data_19[0]". Without this partial route, timing analysis to/from this port will not be accurate, and no routing information for this port can be exported.
WARNING: [Route 35-198] Port "in_data_19[1]" does not have an associated HD.PARTPIN_LOCS, which will prevent the partial routing of the signal "in_data_19[1]". Without this partial route, timing analysis to/from this port will not be accurate, and no routing information for this port can be exported.
WARNING: [Route 35-198] Port "in_data_23[5]" does not have an associated HD.PARTPIN_LOCS, which will prevent the partial routing of the signal "in_data_23[5]". Without this partial route, timing analysis to/from this port will not be accurate, and no routing information for this port can be exported.
WARNING: [Route 35-198] Port "in_data_19[2]" does not have an associated HD.PARTPIN_LOCS, which will prevent the partial routing of the signal "in_data_19[2]". Without this partial route, timing analysis to/from this port will not be accurate, and no routing information for this port can be exported.
WARNING: [Route 35-198] Port "in_data_12[4]" does not have an associated HD.PARTPIN_LOCS, which will prevent the partial routing of the signal "in_data_12[4]". Without this partial route, timing analysis to/from this port will not be accurate, and no routing information for this port can be exported.
WARNING: [Route 35-198] Port "in_data_23[7]" does not have an associated HD.PARTPIN_LOCS, which will prevent the partial routing of the signal "in_data_23[7]". Without this partial route, timing analysis to/from this port will not be accurate, and no routing information for this port can be exported.
WARNING: [Route 35-198] Port "in_data_19[7]" does not have an associated HD.PARTPIN_LOCS, which will prevent the partial routing of the signal "in_data_19[7]". Without this partial route, timing analysis to/from this port will not be accurate, and no routing information for this port can be exported.
WARNING: [Route 35-198] Port "in_data_12[3]" does not have an associated HD.PARTPIN_LOCS, which will prevent the partial routing of the signal "in_data_12[3]". Without this partial route, timing analysis to/from this port will not be accurate, and no routing information for this port can be exported.
WARNING: [Route 35-198] Port "in_data_12[2]" does not have an associated HD.PARTPIN_LOCS, which will prevent the partial routing of the signal "in_data_12[2]". Without this partial route, timing analysis to/from this port will not be accurate, and no routing information for this port can be exported.
WARNING: [Route 35-198] Port "in_data_12[1]" does not have an associated HD.PARTPIN_LOCS, which will prevent the partial routing of the signal "in_data_12[1]". Without this partial route, timing analysis to/from this port will not be accurate, and no routing information for this port can be exported.
WARNING: [Route 35-198] Port "in_data_12[0]" does not have an associated HD.PARTPIN_LOCS, which will prevent the partial routing of the signal "in_data_12[0]". Without this partial route, timing analysis to/from this port will not be accurate, and no routing information for this port can be exported.
WARNING: [Route 35-198] Port "in_data_22[1]" does not have an associated HD.PARTPIN_LOCS, which will prevent the partial routing of the signal "in_data_22[1]". Without this partial route, timing analysis to/from this port will not be accurate, and no routing information for this port can be exported.
WARNING: [Route 35-198] Port "in_data_22[0]" does not have an associated HD.PARTPIN_LOCS, which will prevent the partial routing of the signal "in_data_22[0]". Without this partial route, timing analysis to/from this port will not be accurate, and no routing information for this port can be exported.
WARNING: [Route 35-198] Port "in_data_16[0]" does not have an associated HD.PARTPIN_LOCS, which will prevent the partial routing of the signal "in_data_16[0]". Without this partial route, timing analysis to/from this port will not be accurate, and no routing information for this port can be exported.
WARNING: [Route 35-198] Port "in_data_16[1]" does not have an associated HD.PARTPIN_LOCS, which will prevent the partial routing of the signal "in_data_16[1]". Without this partial route, timing analysis to/from this port will not be accurate, and no routing information for this port can be exported.
WARNING: [Route 35-198] Port "in_data_24[0]" does not have an associated HD.PARTPIN_LOCS, which will prevent the partial routing of the signal "in_data_24[0]". Without this partial route, timing analysis to/from this port will not be accurate, and no routing information for this port can be exported.
WARNING: [Route 35-198] Port "in_data_24[1]" does not have an associated HD.PARTPIN_LOCS, which will prevent the partial routing of the signal "in_data_24[1]". Without this partial route, timing analysis to/from this port will not be accurate, and no routing information for this port can be exported.
WARNING: [Route 35-198] Port "in_data_24[2]" does not have an associated HD.PARTPIN_LOCS, which will prevent the partial routing of the signal "in_data_24[2]". Without this partial route, timing analysis to/from this port will not be accurate, and no routing information for this port can be exported.
WARNING: [Route 35-198] Port "in_data_24[3]" does not have an associated HD.PARTPIN_LOCS, which will prevent the partial routing of the signal "in_data_24[3]". Without this partial route, timing analysis to/from this port will not be accurate, and no routing information for this port can be exported.
WARNING: [Route 35-198] Port "in_data_26[1]" does not have an associated HD.PARTPIN_LOCS, which will prevent the partial routing of the signal "in_data_26[1]". Without this partial route, timing analysis to/from this port will not be accurate, and no routing information for this port can be exported.
WARNING: [Route 35-198] Port "in_data_26[0]" does not have an associated HD.PARTPIN_LOCS, which will prevent the partial routing of the signal "in_data_26[0]". Without this partial route, timing analysis to/from this port will not be accurate, and no routing information for this port can be exported.
WARNING: [Route 35-198] Port "in_data_26[2]" does not have an associated HD.PARTPIN_LOCS, which will prevent the partial routing of the signal "in_data_26[2]". Without this partial route, timing analysis to/from this port will not be accurate, and no routing information for this port can be exported.
WARNING: [Route 35-198] Port "in_data_26[4]" does not have an associated HD.PARTPIN_LOCS, which will prevent the partial routing of the signal "in_data_26[4]". Without this partial route, timing analysis to/from this port will not be accurate, and no routing information for this port can be exported.
WARNING: [Route 35-198] Port "in_data_26[3]" does not have an associated HD.PARTPIN_LOCS, which will prevent the partial routing of the signal "in_data_26[3]". Without this partial route, timing analysis to/from this port will not be accurate, and no routing information for this port can be exported.
WARNING: [Route 35-198] Port "in_data_10[6]" does not have an associated HD.PARTPIN_LOCS, which will prevent the partial routing of the signal "in_data_10[6]". Without this partial route, timing analysis to/from this port will not be accurate, and no routing information for this port can be exported.
WARNING: [Route 35-198] Port "in_data_10[8]" does not have an associated HD.PARTPIN_LOCS, which will prevent the partial routing of the signal "in_data_10[8]". Without this partial route, timing analysis to/from this port will not be accurate, and no routing information for this port can be exported.
WARNING: [Route 35-198] Port "in_data_10[7]" does not have an associated HD.PARTPIN_LOCS, which will prevent the partial routing of the signal "in_data_10[7]". Without this partial route, timing analysis to/from this port will not be accurate, and no routing information for this port can be exported.
WARNING: [Route 35-198] Port "in_data_10[2]" does not have an associated HD.PARTPIN_LOCS, which will prevent the partial routing of the signal "in_data_10[2]". Without this partial route, timing analysis to/from this port will not be accurate, and no routing information for this port can be exported.
WARNING: [Route 35-198] Port "in_data_10[1]" does not have an associated HD.PARTPIN_LOCS, which will prevent the partial routing of the signal "in_data_10[1]". Without this partial route, timing analysis to/from this port will not be accurate, and no routing information for this port can be exported.
WARNING: [Route 35-198] Port "in_data_10[0]" does not have an associated HD.PARTPIN_LOCS, which will prevent the partial routing of the signal "in_data_10[0]". Without this partial route, timing analysis to/from this port will not be accurate, and no routing information for this port can be exported.
WARNING: [Route 35-198] Port "in_data_10[3]" does not have an associated HD.PARTPIN_LOCS, which will prevent the partial routing of the signal "in_data_10[3]". Without this partial route, timing analysis to/from this port will not be accurate, and no routing information for this port can be exported.
WARNING: [Route 35-198] Port "in_data_10[5]" does not have an associated HD.PARTPIN_LOCS, which will prevent the partial routing of the signal "in_data_10[5]". Without this partial route, timing analysis to/from this port will not be accurate, and no routing information for this port can be exported.
WARNING: [Route 35-198] Port "in_data_10[4]" does not have an associated HD.PARTPIN_LOCS, which will prevent the partial routing of the signal "in_data_10[4]". Without this partial route, timing analysis to/from this port will not be accurate, and no routing information for this port can be exported.
WARNING: [Route 35-198] Port "in_data_7[0]" does not have an associated HD.PARTPIN_LOCS, which will prevent the partial routing of the signal "in_data_7[0]". Without this partial route, timing analysis to/from this port will not be accurate, and no routing information for this port can be exported.
WARNING: [Route 35-198] Port "in_data_7[1]" does not have an associated HD.PARTPIN_LOCS, which will prevent the partial routing of the signal "in_data_7[1]". Without this partial route, timing analysis to/from this port will not be accurate, and no routing information for this port can be exported.
INFO: [Common 17-14] Message 'Route 35-198' appears 100 times and further instances of the messages will be disabled. Use the Tcl command set_msg_config to change the current settings.
WARNING: [Constraints 18-8777] Unable to split tiles. All required files are not available.
Post Restoration Checksum: NetGraph: c91e940f | NumContArr: d525ecba | Constraints: c2a8fa9d | Timing: c2a8fa9d
Phase 1 Build RT Design | Checksum: 323967603

Time (s): cpu = 00:00:37 ; elapsed = 00:00:33 . Memory (MB): peak = 2968.879 ; gain = 48.758 ; free physical = 91502 ; free virtual = 117247

Phase 2 Router Initialization

Phase 2.1 Fix Topology Constraints
Phase 2.1 Fix Topology Constraints | Checksum: 323967603

Time (s): cpu = 00:00:37 ; elapsed = 00:00:33 . Memory (MB): peak = 2968.879 ; gain = 48.758 ; free physical = 91502 ; free virtual = 117247

Phase 2.2 Pre Route Cleanup
Phase 2.2 Pre Route Cleanup | Checksum: 323967603

Time (s): cpu = 00:00:37 ; elapsed = 00:00:33 . Memory (MB): peak = 2968.879 ; gain = 48.758 ; free physical = 91502 ; free virtual = 117247
 Number of Nodes with overlaps = 0

Phase 2.3 Update Timing
Phase 2.3 Update Timing | Checksum: 21b2088ff

Time (s): cpu = 00:00:38 ; elapsed = 00:00:33 . Memory (MB): peak = 2996.895 ; gain = 76.773 ; free physical = 91471 ; free virtual = 117215
INFO: [Route 35-416] Intermediate Timing Summary | WNS=1.798  | TNS=0.000  | WHS=0.151  | THS=0.000  |


Phase 2.4 Soft Constraint Pins - Fast Budgeting
Phase 2.4 Soft Constraint Pins - Fast Budgeting | Checksum: 28c07d049

Time (s): cpu = 00:00:38 ; elapsed = 00:00:33 . Memory (MB): peak = 3012.895 ; gain = 92.773 ; free physical = 91471 ; free virtual = 117215

Router Utilization Summary
  Global Vertical Routing Utilization    = 0 %
  Global Horizontal Routing Utilization  = 0 %
  Routable Net Status*
  *Does not include unroutable nets such as driverless and loadless.
  Run report_route_status for detailed report.
  Number of Failed Nets               = 1810
    (Failed Nets is the sum of unrouted and partially routed nets)
  Number of Unrouted Nets             = 1810
  Number of Partially Routed Nets     = 0
  Number of Node Overlaps             = 0

Phase 2 Router Initialization | Checksum: 28c07d049

Time (s): cpu = 00:00:38 ; elapsed = 00:00:33 . Memory (MB): peak = 3012.895 ; gain = 92.773 ; free physical = 91471 ; free virtual = 117215

Phase 3 Global Routing
Phase 3 Global Routing | Checksum: 28c07d049

Time (s): cpu = 00:00:38 ; elapsed = 00:00:34 . Memory (MB): peak = 3012.895 ; gain = 92.773 ; free physical = 91471 ; free virtual = 117215

Phase 4 Initial Routing

Phase 4.1 Initial Net Routing Pass
Phase 4.1 Initial Net Routing Pass | Checksum: 2c37c6298

Time (s): cpu = 00:00:39 ; elapsed = 00:00:34 . Memory (MB): peak = 3012.895 ; gain = 92.773 ; free physical = 91471 ; free virtual = 117215
Phase 4 Initial Routing | Checksum: 2c37c6298

Time (s): cpu = 00:00:39 ; elapsed = 00:00:34 . Memory (MB): peak = 3012.895 ; gain = 92.773 ; free physical = 91471 ; free virtual = 117215

Phase 5 Rip-up And Reroute

Phase 5.1 Global Iteration 0
 Number of Nodes with overlaps = 181
 Number of Nodes with overlaps = 5
 Number of Nodes with overlaps = 0
INFO: [Route 35-416] Intermediate Timing Summary | WNS=1.640  | TNS=0.000  | WHS=N/A    | THS=N/A    |

Phase 5.1 Global Iteration 0 | Checksum: 22c802874

Time (s): cpu = 00:00:40 ; elapsed = 00:00:34 . Memory (MB): peak = 3012.895 ; gain = 92.773 ; free physical = 91470 ; free virtual = 117215
Phase 5 Rip-up And Reroute | Checksum: 22c802874

Time (s): cpu = 00:00:40 ; elapsed = 00:00:34 . Memory (MB): peak = 3012.895 ; gain = 92.773 ; free physical = 91470 ; free virtual = 117215

Phase 6 Delay and Skew Optimization

Phase 6.1 Delay CleanUp
Phase 6.1 Delay CleanUp | Checksum: 22c802874

Time (s): cpu = 00:00:40 ; elapsed = 00:00:34 . Memory (MB): peak = 3012.895 ; gain = 92.773 ; free physical = 91470 ; free virtual = 117215

Phase 6.2 Clock Skew Optimization
Phase 6.2 Clock Skew Optimization | Checksum: 22c802874

Time (s): cpu = 00:00:40 ; elapsed = 00:00:34 . Memory (MB): peak = 3012.895 ; gain = 92.773 ; free physical = 91470 ; free virtual = 117215
Phase 6 Delay and Skew Optimization | Checksum: 22c802874

Time (s): cpu = 00:00:40 ; elapsed = 00:00:34 . Memory (MB): peak = 3012.895 ; gain = 92.773 ; free physical = 91470 ; free virtual = 117215

Phase 7 Post Hold Fix

Phase 7.1 Hold Fix Iter
INFO: [Route 35-416] Intermediate Timing Summary | WNS=1.640  | TNS=0.000  | WHS=0.157  | THS=0.000  |

Phase 7.1 Hold Fix Iter | Checksum: 20fdff667

Time (s): cpu = 00:00:40 ; elapsed = 00:00:34 . Memory (MB): peak = 3012.895 ; gain = 92.773 ; free physical = 91470 ; free virtual = 117215
Phase 7 Post Hold Fix | Checksum: 20fdff667

Time (s): cpu = 00:00:40 ; elapsed = 00:00:34 . Memory (MB): peak = 3012.895 ; gain = 92.773 ; free physical = 91470 ; free virtual = 117215

Phase 8 Route finalize

Router Utilization Summary
  Global Vertical Routing Utilization    = 0.223879 %
  Global Horizontal Routing Utilization  = 0.269016 %
  Routable Net Status*
  *Does not include unroutable nets such as driverless and loadless.
  Run report_route_status for detailed report.
  Number of Failed Nets               = 0
    (Failed Nets is the sum of unrouted and partially routed nets)
  Number of Unrouted Nets             = 0
  Number of Partially Routed Nets     = 0
  Number of Node Overlaps             = 0

Phase 8 Route finalize | Checksum: 20fdff667

Time (s): cpu = 00:00:41 ; elapsed = 00:00:35 . Memory (MB): peak = 3012.895 ; gain = 92.773 ; free physical = 91469 ; free virtual = 117213

Phase 9 Verifying routed nets

 Verification completed successfully
Phase 9 Verifying routed nets | Checksum: 20fdff667

Time (s): cpu = 00:00:41 ; elapsed = 00:00:35 . Memory (MB): peak = 3012.895 ; gain = 92.773 ; free physical = 91469 ; free virtual = 117213

Phase 10 Depositing Routes
Phase 10 Depositing Routes | Checksum: 2543c8841

Time (s): cpu = 00:00:41 ; elapsed = 00:00:35 . Memory (MB): peak = 3012.895 ; gain = 92.773 ; free physical = 91469 ; free virtual = 117213

Phase 11 Post Process Routing
Phase 11 Post Process Routing | Checksum: 2543c8841

Time (s): cpu = 00:00:41 ; elapsed = 00:00:35 . Memory (MB): peak = 3012.895 ; gain = 92.773 ; free physical = 91469 ; free virtual = 117213

Phase 12 Post Router Timing
INFO: [Route 35-57] Estimated Timing Summary | WNS=1.640  | TNS=0.000  | WHS=0.157  | THS=0.000  |

INFO: [Route 35-327] The final timing numbers are based on the router estimated timing analysis. For a complete and accurate timing signoff, please run report_timing_summary.
Phase 12 Post Router Timing | Checksum: 2543c8841

Time (s): cpu = 00:00:41 ; elapsed = 00:00:35 . Memory (MB): peak = 3012.895 ; gain = 92.773 ; free physical = 91469 ; free virtual = 117213
Total Elapsed time in route_design: 34.73 secs

Phase 13 Post-Route Event Processing
Phase 13 Post-Route Event Processing | Checksum: 1b6062f80

Time (s): cpu = 00:00:41 ; elapsed = 00:00:35 . Memory (MB): peak = 3012.895 ; gain = 92.773 ; free physical = 91469 ; free virtual = 117213
INFO: [Route 35-16] Router Completed Successfully
Ending Routing Task | Checksum: 1b6062f80

Time (s): cpu = 00:00:41 ; elapsed = 00:00:35 . Memory (MB): peak = 3012.895 ; gain = 92.773 ; free physical = 91469 ; free virtual = 117213

Routing Is Done.
INFO: [Common 17-83] Releasing license: Implementation
92 Infos, 107 Warnings, 0 Critical Warnings and 0 Errors encountered.
route_design completed successfully
route_design: Time (s): cpu = 00:00:41 ; elapsed = 00:00:35 . Memory (MB): peak = 3012.895 ; gain = 92.773 ; free physical = 91469 ; free virtual = 117213
INFO: [Vivado 12-24828] Executing command : report_drc -file bd_0_wrapper_drc_routed.rpt -pb bd_0_wrapper_drc_routed.pb -rpx bd_0_wrapper_drc_routed.rpx
Command: report_drc -file bd_0_wrapper_drc_routed.rpt -pb bd_0_wrapper_drc_routed.pb -rpx bd_0_wrapper_drc_routed.rpx
INFO: [IP_Flow 19-1839] IP Catalog is up to date.
INFO: [DRC 23-27] Running DRC with 8 threads
WARNING: [DRC 23-814] Not all possible (connectivity based) DRCs may have been run because this design is seen as Out of Context.
INFO: [Vivado_Tcl 2-168] The results of DRC are in file /home/jjh/RL_test/HLS_Optimization/synthetic_case_generation/project_tmp/solution_tmp/impl/verilog/project.runs/impl_1/bd_0_wrapper_drc_routed.rpt.
report_drc completed successfully
INFO: [Vivado 12-24828] Executing command : report_methodology -file bd_0_wrapper_methodology_drc_routed.rpt -pb bd_0_wrapper_methodology_drc_routed.pb -rpx bd_0_wrapper_methodology_drc_routed.rpx
Command: report_methodology -file bd_0_wrapper_methodology_drc_routed.rpt -pb bd_0_wrapper_methodology_drc_routed.pb -rpx bd_0_wrapper_methodology_drc_routed.rpx
INFO: [Timing 38-35] Done setting XDC timing constraints.
WARNING: [Timing 38-242] The property HD.CLK_SRC of clock port "ap_clk" is not set. In out-of-context mode, this prevents timing estimation for clock delay/skew
Resolution: Set the HD.CLK_SRC property of the out-of-context port to the location of the clock buffer instance in the top-level design
INFO: [DRC 23-133] Running Methodology with 8 threads
WARNING: [DRC 23-814] Not all possible (connectivity based) DRCs may have been run because this design is seen as Out of Context.
INFO: [Vivado_Tcl 2-1520] The results of Report Methodology are in file /home/jjh/RL_test/HLS_Optimization/synthetic_case_generation/project_tmp/solution_tmp/impl/verilog/project.runs/impl_1/bd_0_wrapper_methodology_drc_routed.rpt.
report_methodology completed successfully
INFO: [Vivado 12-24828] Executing command : report_timing_summary -max_paths 10 -routable_nets -report_unconstrained -file bd_0_wrapper_timing_summary_routed.rpt -pb bd_0_wrapper_timing_summary_routed.pb -rpx bd_0_wrapper_timing_summary_routed.rpx -warn_on_violation 
INFO: [Timing 38-35] Done setting XDC timing constraints.
INFO: [Timing 38-91] UpdateTimingParams: Speed grade: -1, Delay Type: min_max.
INFO: [Timing 38-191] Multithreading enabled for timing update using a maximum of 8 CPUs
INFO: [Vivado 12-24838] Running report commands "report_bus_skew, report_incremental_reuse, report_route_status" in parallel.
Running report generation with 3 threads.
INFO: [Vivado 12-24828] Executing command : report_incremental_reuse -file bd_0_wrapper_incremental_reuse_routed.rpt
INFO: [Vivado_Tcl 4-1062] Incremental flow is disabled. No incremental reuse Info to report.
INFO: [Vivado 12-24828] Executing command : report_route_status -file bd_0_wrapper_route_status.rpt -pb bd_0_wrapper_route_status.pb
INFO: [Vivado 12-24828] Executing command : report_bus_skew -warn_on_violation -file bd_0_wrapper_bus_skew_routed.rpt -pb bd_0_wrapper_bus_skew_routed.pb -rpx bd_0_wrapper_bus_skew_routed.rpx
INFO: [Timing 38-91] UpdateTimingParams: Speed grade: -1, Delay Type: min_max.
INFO: [Timing 38-191] Multithreading enabled for timing update using a maximum of 8 CPUs
INFO: [Vivado 12-24828] Executing command : report_power -file bd_0_wrapper_power_routed.rpt -pb bd_0_wrapper_power_summary_routed.pb -rpx bd_0_wrapper_power_routed.rpx
Command: report_power -file bd_0_wrapper_power_routed.rpt -pb bd_0_wrapper_power_summary_routed.pb -rpx bd_0_wrapper_power_routed.rpx
Running Vector-less Activity Propagation...

Finished Running Vector-less Activity Propagation
112 Infos, 110 Warnings, 0 Critical Warnings and 0 Errors encountered.
report_power completed successfully
INFO: [Vivado 12-24828] Executing command : report_clock_utilization -file bd_0_wrapper_clock_utilization_routed.rpt
generate_parallel_reports: Time (s): cpu = 00:00:23 ; elapsed = 00:00:07 . Memory (MB): peak = 3149.191 ; gain = 136.297 ; free physical = 91376 ; free virtual = 117122
INFO: [Timing 38-480] Writing timing data to binary archive.
Write ShapeDB Complete: Time (s): cpu = 00:00:00.03 ; elapsed = 00:00:00.01 . Memory (MB): peak = 3149.191 ; gain = 0.000 ; free physical = 91376 ; free virtual = 117122
Wrote PlaceDB: Time (s): cpu = 00:00:00.49 ; elapsed = 00:00:00.16 . Memory (MB): peak = 3149.191 ; gain = 0.000 ; free physical = 91374 ; free virtual = 117122
Wrote PulsedLatchDB: Time (s): cpu = 00:00:00 ; elapsed = 00:00:00 . Memory (MB): peak = 3149.191 ; gain = 0.000 ; free physical = 91374 ; free virtual = 117122
Writing XDEF routing.
Writing XDEF routing logical nets.
Writing XDEF routing special nets.
Wrote RouteStorage: Time (s): cpu = 00:00:00.06 ; elapsed = 00:00:00.05 . Memory (MB): peak = 3149.191 ; gain = 0.000 ; free physical = 91374 ; free virtual = 117123
Wrote Netlist Cache: Time (s): cpu = 00:00:00 ; elapsed = 00:00:00 . Memory (MB): peak = 3149.191 ; gain = 0.000 ; free physical = 91373 ; free virtual = 117122
Wrote Device Cache: Time (s): cpu = 00:00:00.01 ; elapsed = 00:00:00.01 . Memory (MB): peak = 3149.191 ; gain = 0.000 ; free physical = 91373 ; free virtual = 117123
Write Physdb Complete: Time (s): cpu = 00:00:00.57 ; elapsed = 00:00:00.23 . Memory (MB): peak = 3149.191 ; gain = 0.000 ; free physical = 91373 ; free virtual = 117123
INFO: [Common 17-1381] The checkpoint '/home/jjh/RL_test/HLS_Optimization/synthetic_case_generation/project_tmp/solution_tmp/impl/verilog/project.runs/impl_1/bd_0_wrapper_routed.dcp' has been generated.
INFO: [Common 17-206] Exiting Vivado at Thu Dec 18 10:35:58 2025...
[Thu Dec 18 10:36:13 2025] impl_1 finished
wait_on_runs: Time (s): cpu = 00:00:02 ; elapsed = 00:01:41 . Memory (MB): peak = 2681.762 ; gain = 0.000 ; free physical = 93321 ; free virtual = 119069
TIMESTAMP: HLS-REPORT: implementation open_run: 2025-12-18 10:36:13 KST
INFO: HLS-REPORT: Opening implementation design database: open_run impl_1
Netlist sorting complete. Time (s): cpu = 00:00:00.02 ; elapsed = 00:00:00.03 . Memory (MB): peak = 2681.762 ; gain = 0.000 ; free physical = 93318 ; free virtual = 119065
INFO: [Netlist 29-17] Analyzing 247 Unisim elements for replacement
INFO: [Netlist 29-28] Unisim Transformation completed in 0 CPU seconds
INFO: [Project 1-479] Netlist was created with Vivado 2025.1
INFO: [Project 1-570] Preparing netlist for logic optimization
Read ShapeDB Complete: Time (s): cpu = 00:00:00.01 ; elapsed = 00:00:00.01 . Memory (MB): peak = 2681.762 ; gain = 0.000 ; free physical = 93296 ; free virtual = 119043
INFO: [Timing 38-478] Restoring timing data from binary archive.
INFO: [Timing 38-479] Binary timing data restore complete.
INFO: [Project 1-856] Restoring constraints from binary archive.
INFO: [Project 1-853] Binary constraint restore complete.
INFO: [Designutils 20-5722] Start Reading Physical Databases.
Reading placement.
Read Netlist Cache: Time (s): cpu = 00:00:00 ; elapsed = 00:00:00 . Memory (MB): peak = 2749.871 ; gain = 0.000 ; free physical = 93233 ; free virtual = 118980
Reading placer database...
Read Device Cache: Time (s): cpu = 00:00:00.02 ; elapsed = 00:00:00.02 . Memory (MB): peak = 2749.871 ; gain = 0.000 ; free physical = 93233 ; free virtual = 118980
Read PlaceDB: Time (s): cpu = 00:00:00.14 ; elapsed = 00:00:00.14 . Memory (MB): peak = 2749.871 ; gain = 0.000 ; free physical = 93232 ; free virtual = 118979
Read PulsedLatchDB: Time (s): cpu = 00:00:00 ; elapsed = 00:00:00 . Memory (MB): peak = 2749.871 ; gain = 0.000 ; free physical = 93232 ; free virtual = 118979
Reading routing.
Read RouteStorage: Time (s): cpu = 00:00:00.05 ; elapsed = 00:00:00.04 . Memory (MB): peak = 2749.871 ; gain = 0.000 ; free physical = 93232 ; free virtual = 118979
Read Physdb Files: Time (s): cpu = 00:00:00.22 ; elapsed = 00:00:00.2 . Memory (MB): peak = 2749.871 ; gain = 0.000 ; free physical = 93232 ; free virtual = 118979
Restored from archive | CPU: 0.220000 secs | Memory: 2.793549 MB |
Finished XDEF File Restore: Time (s): cpu = 00:00:00.22 ; elapsed = 00:00:00.2 . Memory (MB): peak = 2749.871 ; gain = 0.000 ; free physical = 93232 ; free virtual = 118979
Netlist sorting complete. Time (s): cpu = 00:00:00 ; elapsed = 00:00:00 . Memory (MB): peak = 2749.871 ; gain = 0.000 ; free physical = 93232 ; free virtual = 118980
INFO: [Project 1-111] Unisim Transformation Summary:
No Unisim elements were transformed.

TIMESTAMP: HLS-REPORT: implementation generate_reports_vivado: 2025-12-18 10:36:15 KST
INFO: HLS-REPORT: Running report: report_utilization -file ./report/case_4_utilization_routed.rpt
INFO: HLS-REPORT: Running report: report_utilization -hierarchical -hierarchical_depth 5 -file ./report/case_4_utilization_hierarchical_routed.rpt
INFO: HLS-REPORT: Running report: report_timing_summary -file ./report/case_4_timing_routed.rpt
INFO: [Timing 38-91] UpdateTimingParams: Speed grade: -1, Delay Type: min_max.
INFO: [Timing 38-191] Multithreading enabled for timing update using a maximum of 8 CPUs
WARNING: [Timing 38-242] The property HD.CLK_SRC of clock port "ap_clk" is not set. In out-of-context mode, this prevents timing estimation for clock delay/skew
Resolution: Set the HD.CLK_SRC property of the out-of-context port to the location of the clock buffer instance in the top-level design
INFO: HLS-REPORT: Running report: report_power -file ./report/case_4_power_routed.rpt -xpe ./case_4_power.xpe
Command: report_power -file ./report/case_4_power_routed.rpt -xpe ./case_4_power.xpe
Running Vector-less Activity Propagation...

Finished Running Vector-less Activity Propagation
13 Infos, 2 Warnings, 0 Critical Warnings and 0 Errors encountered.
report_power completed successfully
INFO: HLS-REPORT: Running report: report_route_status -file ./report/case_4_status_routed.rpt
INFO: HLS-REPORT: Running report: report_timing -max_paths 10 -file ./report/case_4_timing_paths_routed.rpt
INFO: [Timing 38-91] UpdateTimingParams: Speed grade: -1, Delay Type: max.
INFO: [Timing 38-191] Multithreading enabled for timing update using a maximum of 8 CPUs
INFO: [Timing 38-78] ReportTimingParams: -max_paths 10 -nworst 1 -delay_type max -sort_by slack.
INFO: HLS-REPORT: Running report: report_design_analysis -file ./report/case_4_design_analysis_routed.rpt
INFO: HLS-REPORT: Running report: ::tclapp::xilinx::designutils::report_failfast -detailed_report impl -file ./report/case_4_failfast_routed.rpt
 -I- design metrics completed in 0 seconds
 -I- DONT_TOUCH metric completed in 0 seconds
 -I- MARK_DEBUG metric completed in 0 seconds
 -I- utilization metrics completed in 2 seconds
 -I- control set metrics completed in 0 seconds
 -I- methodology check metrics completed in 0 seconds
 -I- average fanout metrics completed in 1 seconds (0 modules)
 -I- non-FD high fanout nets completed in 0 seconds
 -I- path budgeting metrics completed in 0 seconds
#  +-----------------------------------------------------------------------------------------+
#  | Design Summary                                                                          |
#  | impl_1                                                                                  |
#  | xc7z020clg484-1                                                                         |
#  +-----------------------------------------------------------+-----------+--------+--------+
#  | Criteria                                                  | Guideline | Actual | Status |
#  +-----------------------------------------------------------+-----------+--------+--------+
#  | LUT                                                       | 70%       | 2.65%  | OK     |
#  | FD                                                        | 50%       | 0.45%  | OK     |
#  | LUTRAM+SRL                                                | 25%       | 0.00%  | OK     |
#  | MUXF7                                                     | 15%       | 0.00%  | OK     |
#  | DSP                                                       | 80%       | 2.73%  | OK     |
#  | RAMB/FIFO                                                 | 80%       | 0.00%  | OK     |
#  | DSP+RAMB+URAM (Avg)                                       | 70%       | 2.73%  | OK     |
#  | BUFGCE* + BUFGCTRL                                        | 24        | 0      | OK     |
#  | DONT_TOUCH (cells/nets)                                   | 0         | 0      | OK     |
#  | MARK_DEBUG (nets)                                         | 0         | 0      | OK     |
#  | Control Sets                                              | 998       | 14     | OK     |
#  | Average Fanout for modules > 100k cells                   | 4         | 2.69   | OK     |
#  | Max Average Fanout for modules > 100k cells               | 4         | 0      | OK     |
#  | Non-FD high fanout nets > 10k loads                       | 0         | 0      | OK     |
#  +-----------------------------------------------------------+-----------+--------+--------+
#  | TIMING-6 (No common primary clock between related clocks) | 0         | 0      | OK     |
#  | TIMING-7 (No common node between related clocks)          | 0         | 0      | OK     |
#  | TIMING-8 (No common period between related clocks)        | 0         | 0      | OK     |
#  | TIMING-14 (LUT on the clock tree)                         | 0         | 0      | OK     |
#  | TIMING-35 (No common node in paths with the same clock)   | 0         | 0      | OK     |
#  +-----------------------------------------------------------+-----------+--------+--------+
#  | Number of paths above max LUT budgeting (0.575ns)         | 0         | 0      | OK     |
#  | Number of paths above max Net budgeting (0.403ns)         | 0         | 0      | OK     |
#  +-----------------------------------------------------------+-----------+--------+--------+
 -I- Generated file /home/jjh/RL_test/HLS_Optimization/synthetic_case_generation/project_tmp/solution_tmp/impl/verilog/report/case_4_failfast_routed.rpt
 -I- Number of criteria to review: 0
 -I- This report should be run before placing the design and uses conservative guidelines beyond which runtime and timing closure will likely be more challenging
 -I- report_failfast completed in 3 seconds
TIMESTAMP: HLS-REPORT: implementation gen_data_dict_vivado: 2025-12-18 10:36:20 KST
TIMESTAMP: HLS-REPORT: impl extract_util_hier: 2025-12-18 10:36:20 KST
TIMESTAMP: HLS-REPORT: impl get_cell_hier_data: 2025-12-18 10:36:20 KST
TIMESTAMP: HLS-REPORT: impl get_timing_paths: 2025-12-18 10:36:20 KST
TIMESTAMP: HLS-REPORT: impl process timing paths: 2025-12-18 10:36:20 KST
TIMESTAMP: HLS-REPORT: impl get_all_vv_rpt_files: 2025-12-18 10:36:20 KST
TIMESTAMP: HLS-REPORT: implementation write_reports_vivado: 2025-12-18 10:36:20 KST
HLS EXTRACTION: impl area_totals:  13300 53200 106400 220 280 0 0
HLS EXTRACTION: impl area_current: 459 1408 478 6 0 0 0 0 0 0
HLS EXTRACTION: impl resources_dict: AVAIL_SLICE 13300 SLICE 459 AVAIL_LUT 53200 LUT 1408 AVAIL_FF 106400 FF 478 AVAIL_DSP 220 DSP 6 AVAIL_BRAM 280 BRAM 0 AVAIL_URAM 0 URAM 0 LATCH 0 SRL 0 AVAIL_CLB 0 CLB 0
INFO: HLS-REPORT: generated /home/jjh/RL_test/HLS_Optimization/synthetic_case_generation/project_tmp/solution_tmp/impl/verilog/report/vivado_impl.xml
INFO: HLS-REPORT: generated /home/jjh/RL_test/HLS_Optimization/synthetic_case_generation/project_tmp/solution_tmp/impl/report/verilog/case_4_export.rpt


Implementation tool: Xilinx Vivado v.2025.1
Project:             project_tmp
Solution:            solution_tmp
Device target:       xc7z020-clg484-1
Report date:         Thu Dec 18 10:36:20 KST 2025

#=== Post-Implementation Resource usage ===
SLICE:          459
LUT:           1408
FF:             478
DSP:              6
BRAM:             0
URAM:             0
LATCH:            0
SRL:              0
CLB:              0

#=== Final timing ===
CP required:                     10.000
CP achieved post-synthesis:      7.172
CP achieved post-implementation: 8.324
Timing met

TIMESTAMP: HLS-REPORT: implementation end: 2025-12-18 10:36:20 KST
INFO: HLS-REPORT: impl run complete: worst setup slack (WNS)=1.675972, worst hold slack (WHS)=0.157652, total pulse width slack(TPWS)=0.000000, number of unrouted nets=0
# hls_vivado_reports_finalize $report_options
TIMESTAMP: HLS-REPORT: all reports complete: 2025-12-18 10:36:20 KST
INFO: [Common 17-206] Exiting Vivado at Thu Dec 18 10:36:20 2025...
INFO: [HLS 200-802] Generated output file project_tmp/solution_tmp/impl/export.zip
WARNING: [HLS 200-484] The 'export_design -evaluate' command is deprecated and will be removed in a future release.
INFO: [HLS 200-2161] Finished Command export_design Elapsed time: 00:06:07; Allocated memory: 6.410 MB.
INFO: [HLS 200-112] Total CPU user time: 257.71 seconds. Total CPU system time: 15.57 seconds. Total elapsed time: 389.75 seconds; peak allocated memory: 302.812 MB.
INFO: [vitis-run 60-791] Total elapsed time: 0h 6m 31s
INFO: [vitis-run 60-1662] Stopping dispatch session having empty uuid.
