

================================================================
== Vitis HLS Report for 'case_11'
================================================================
* Date:           Tue Dec 23 15:16:01 2025

* Version:        2025.1 (Build 6135595 on May 21 2025)
* Project:        project_tmp
* Solution:       solution_tmp (Vivado IP Flow Target)
* Product family: zynq
* Target device:  xc7z020-clg484-1


================================================================
== Performance Estimates
================================================================
+ Timing: 
    * Summary: 
    +--------+----------+----------+------------+
    |  Clock |  Target  | Estimated| Uncertainty|
    +--------+----------+----------+------------+
    |ap_clk  |  10.00 ns|  7.230 ns|     2.70 ns|
    +--------+----------+----------+------------+

+ Latency: 
    * Summary: 
    +---------+---------+----------+----------+-----+-----+---------+
    |  Latency (cycles) |  Latency (absolute) |  Interval | Pipeline|
    |   min   |   max   |    min   |    max   | min | max |   Type  |
    +---------+---------+----------+----------+-----+-----+---------+
    |       25|       25|  0.250 us|  0.250 us|   26|   26|       no|
    +---------+---------+----------+----------+-----+-----+---------+

    + Detail: 
        * Instance: 
        N/A

        * Loop: 
        N/A

============================================================
+ Verbose Summary: Synthesis Manager
============================================================
InlineROM: 1
ExposeGlobal: 0
============================================================
+ Verbose Summary: CDFG Model
============================================================
IsTopModel: 1
ResetActiveHigh: 1
IsCombinational: 0
IsDatapathOnly: 0
HasWiredReturn: 1
HasMFsm: 0
HasVarLatency: 1
IsPipeline: 0
IsRtlPipelined: 0
IsInstanceOverlapped: 0
IsDontTouch: 0
HasImplIP: 0
IsGatedGlobalClock: 0


============================================================
+ Verbose Summary: Schedule
============================================================
* Number of FSM states : 26
* Pipeline : 0
* Dataflow Pipeline: 0

* FSM state transitions: 
1 --> 2 
2 --> 3 
3 --> 4 
4 --> 5 
5 --> 6 
6 --> 7 
7 --> 8 
8 --> 9 
9 --> 10 
10 --> 11 
11 --> 12 
12 --> 13 
13 --> 14 
14 --> 15 
15 --> 16 
16 --> 17 
17 --> 18 
18 --> 19 
19 --> 20 
20 --> 21 
21 --> 22 
22 --> 23 
23 --> 24 
24 --> 25 
25 --> 26 
26 --> 

* FSM state operations: 

State 1 <SV = 0> <Delay = 3.78>
ST_1 : Operation 27 [1/1] (0.00ns)   --->   "%in_data_6_read = read i16 @_ssdm_op_Read.ap_none.i16P0A, i16 %in_data_6" [CASE/case_11/case_11.cc:34]   --->   Operation 27 'read' 'in_data_6_read' <Predicate = true> <Delay = 0.00>
ST_1 : Operation 28 [1/1] (0.00ns)   --->   "%in7 = trunc i16 %in_data_6_read" [CASE/case_11/case_11.cc:34]   --->   Operation 28 'trunc' 'in7' <Predicate = true> <Delay = 0.00>
ST_1 : Operation 29 [1/1] (0.00ns)   --->   "%in_data_15_read = read i16 @_ssdm_op_Read.ap_none.i16P0A, i16 %in_data_15" [CASE/case_11/case_11.cc:52]   --->   Operation 29 'read' 'in_data_15_read' <Predicate = true> <Delay = 0.00>
ST_1 : Operation 30 [1/1] (0.00ns)   --->   "%in16 = trunc i16 %in_data_15_read" [CASE/case_11/case_11.cc:52]   --->   Operation 30 'trunc' 'in16' <Predicate = true> <Delay = 0.00>
ST_1 : Operation 31 [1/1] (3.78ns)   --->   "%mul_ln229 = mul i6 %in7, i6 %in16" [CASE/case_11/case_11.cc:229]   --->   Operation 31 'mul' 'mul_ln229' <Predicate = true> <Delay = 3.78> <CoreInst = "Multiplier">   --->   Core 3 'Multiplier' <Latency = 0> <II = 1> <Delay = 3.78> <FuncUnit> <Opcode : 'mul'> <InPorts = 2> <OutPorts = 1>
ST_1 : Operation 32 [1/1] (0.00ns)   --->   "%trunc_ln239_1 = trunc i16 %in_data_15_read" [CASE/case_11/case_11.cc:239]   --->   Operation 32 'trunc' 'trunc_ln239_1' <Predicate = true> <Delay = 0.00>

State 2 <SV = 1> <Delay = 3.78>
ST_2 : Operation 33 [1/1] (0.00ns)   --->   "%in_data_9_read = read i16 @_ssdm_op_Read.ap_none.i16P0A, i16 %in_data_9" [CASE/case_11/case_11.cc:40]   --->   Operation 33 'read' 'in_data_9_read' <Predicate = true> <Delay = 0.00>
ST_2 : Operation 34 [1/1] (0.00ns)   --->   "%trunc_ln229 = trunc i16 %in_data_9_read" [CASE/case_11/case_11.cc:229]   --->   Operation 34 'trunc' 'trunc_ln229' <Predicate = true> <Delay = 0.00>
ST_2 : Operation 35 [1/1] (3.78ns)   --->   "%m27 = mul i6 %mul_ln229, i6 %trunc_ln229" [CASE/case_11/case_11.cc:229]   --->   Operation 35 'mul' 'm27' <Predicate = true> <Delay = 3.78> <CoreInst = "Multiplier">   --->   Core 3 'Multiplier' <Latency = 0> <II = 1> <Delay = 3.78> <FuncUnit> <Opcode : 'mul'> <InPorts = 2> <OutPorts = 1>
ST_2 : Operation 36 [1/1] (0.00ns)   --->   "%trunc_ln230 = trunc i16 %in_data_9_read" [CASE/case_11/case_11.cc:230]   --->   Operation 36 'trunc' 'trunc_ln230' <Predicate = true> <Delay = 0.00>

State 3 <SV = 2> <Delay = 5.60>
ST_3 : Operation 37 [1/1] (0.00ns)   --->   "%in_data_5_read = read i16 @_ssdm_op_Read.ap_none.i16P0A, i16 %in_data_5" [CASE/case_11/case_11.cc:32]   --->   Operation 37 'read' 'in_data_5_read' <Predicate = true> <Delay = 0.00>
ST_3 : Operation 38 [1/1] (0.00ns)   --->   "%in_data_18_read = read i16 @_ssdm_op_Read.ap_none.i16P0A, i16 %in_data_18" [CASE/case_11/case_11.cc:58]   --->   Operation 38 'read' 'in_data_18_read' <Predicate = true> <Delay = 0.00>
ST_3 : Operation 39 [1/1] (0.00ns)   --->   "%in19 = trunc i16 %in_data_18_read" [CASE/case_11/case_11.cc:58]   --->   Operation 39 'trunc' 'in19' <Predicate = true> <Delay = 0.00>
ST_3 : Operation 40 [1/1] (0.00ns)   --->   "%in_data_22_read = read i16 @_ssdm_op_Read.ap_none.i16P0A, i16 %in_data_22" [CASE/case_11/case_11.cc:66]   --->   Operation 40 'read' 'in_data_22_read' <Predicate = true> <Delay = 0.00>
ST_3 : Operation 41 [1/1] (0.00ns)   --->   "%in23 = trunc i16 %in_data_22_read" [CASE/case_11/case_11.cc:66]   --->   Operation 41 'trunc' 'in23' <Predicate = true> <Delay = 0.00>
ST_3 : Operation 42 [1/1] (0.00ns)   --->   "%trunc_ln227 = trunc i16 %in_data_5_read" [CASE/case_11/case_11.cc:227]   --->   Operation 42 'trunc' 'trunc_ln227' <Predicate = true> <Delay = 0.00>
ST_3 : Operation 43 [1/1] (0.00ns)   --->   "%sext_ln227_1 = sext i5 %in19" [CASE/case_11/case_11.cc:227]   --->   Operation 43 'sext' 'sext_ln227_1' <Predicate = true> <Delay = 0.00>
ST_3 : Operation 44 [1/1] (1.87ns)   --->   "%m25 = add i7 %trunc_ln227, i7 %sext_ln227_1" [CASE/case_11/case_11.cc:227]   --->   Operation 44 'add' 'm25' <Predicate = true> <Delay = 1.87> <CoreInst = "Adder">   --->   Core 1 'Adder' <Latency = 0> <II = 1> <Delay = 1.87> <FuncUnit> <Opcode : 'add' 'sub'> <InPorts = 2> <OutPorts = 1>
ST_3 : Operation 45 [1/1] (0.00ns)   --->   "%sext_ln231 = sext i6 %m27" [CASE/case_11/case_11.cc:231]   --->   Operation 45 'sext' 'sext_ln231' <Predicate = true> <Delay = 0.00>
ST_3 : Operation 46 [1/1] (0.00ns)   --->   "%sext_ln231_1 = sext i14 %in23" [CASE/case_11/case_11.cc:231]   --->   Operation 46 'sext' 'sext_ln231_1' <Predicate = true> <Delay = 0.00>
ST_3 : Operation 47 [1/1] (5.60ns)   --->   "%m29 = mul i16 %sext_ln231_1, i16 %sext_ln231" [CASE/case_11/case_11.cc:231]   --->   Operation 47 'mul' 'm29' <Predicate = true> <Delay = 5.60> <CoreInst = "Multiplier">   --->   Core 3 'Multiplier' <Latency = 0> <II = 1> <Delay = 5.60> <FuncUnit> <Opcode : 'mul'> <InPorts = 2> <OutPorts = 1>
ST_3 : Operation 48 [1/1] (0.00ns)   --->   "%trunc_ln237 = trunc i16 %m29" [CASE/case_11/case_11.cc:237]   --->   Operation 48 'trunc' 'trunc_ln237' <Predicate = true> <Delay = 0.00>
ST_3 : Operation 49 [1/1] (0.00ns)   --->   "%trunc_ln238 = trunc i16 %in_data_22_read" [CASE/case_11/case_11.cc:238]   --->   Operation 49 'trunc' 'trunc_ln238' <Predicate = true> <Delay = 0.00>
ST_3 : Operation 50 [1/1] (0.00ns)   --->   "%trunc_ln239 = trunc i7 %m25" [CASE/case_11/case_11.cc:239]   --->   Operation 50 'trunc' 'trunc_ln239' <Predicate = true> <Delay = 0.00>
ST_3 : Operation 51 [1/1] (3.49ns)   --->   "%m37 = mul i5 %trunc_ln239, i5 %trunc_ln239_1" [CASE/case_11/case_11.cc:239]   --->   Operation 51 'mul' 'm37' <Predicate = true> <Delay = 3.49> <CoreInst = "Multiplier">   --->   Core 3 'Multiplier' <Latency = 0> <II = 1> <Delay = 3.49> <FuncUnit> <Opcode : 'mul'> <InPorts = 2> <OutPorts = 1>
ST_3 : Operation 52 [1/1] (0.00ns)   --->   "%trunc_ln245 = trunc i16 %m29" [CASE/case_11/case_11.cc:245]   --->   Operation 52 'trunc' 'trunc_ln245' <Predicate = true> <Delay = 0.00>
ST_3 : Operation 53 [1/1] (0.00ns)   --->   "%trunc_ln246 = trunc i16 %m29" [CASE/case_11/case_11.cc:246]   --->   Operation 53 'trunc' 'trunc_ln246' <Predicate = true> <Delay = 0.00>
ST_3 : Operation 54 [1/1] (0.00ns)   --->   "%trunc_ln250 = trunc i16 %m29" [CASE/case_11/case_11.cc:250]   --->   Operation 54 'trunc' 'trunc_ln250' <Predicate = true> <Delay = 0.00>
ST_3 : Operation 55 [1/1] (0.00ns)   --->   "%trunc_ln254 = trunc i16 %m29" [CASE/case_11/case_11.cc:254]   --->   Operation 55 'trunc' 'trunc_ln254' <Predicate = true> <Delay = 0.00>

State 4 <SV = 3> <Delay = 6.67>
ST_4 : Operation 56 [1/1] (0.00ns)   --->   "%in_data_7_read = read i16 @_ssdm_op_Read.ap_none.i16P0A, i16 %in_data_7" [CASE/case_11/case_11.cc:36]   --->   Operation 56 'read' 'in_data_7_read' <Predicate = true> <Delay = 0.00>
ST_4 : Operation 57 [1/1] (0.00ns)   --->   "%in_data_8_read = read i16 @_ssdm_op_Read.ap_none.i16P0A, i16 %in_data_8" [CASE/case_11/case_11.cc:38]   --->   Operation 57 'read' 'in_data_8_read' <Predicate = true> <Delay = 0.00>
ST_4 : Operation 58 [1/1] (0.00ns)   --->   "%in9 = trunc i16 %in_data_8_read" [CASE/case_11/case_11.cc:38]   --->   Operation 58 'trunc' 'in9' <Predicate = true> <Delay = 0.00>
ST_4 : Operation 59 [1/1] (0.00ns)   --->   "%in_data_23_read = read i16 @_ssdm_op_Read.ap_none.i16P0A, i16 %in_data_23" [CASE/case_11/case_11.cc:68]   --->   Operation 59 'read' 'in_data_23_read' <Predicate = true> <Delay = 0.00>
ST_4 : Operation 60 [1/1] (0.00ns)   --->   "%in24 = trunc i16 %in_data_23_read" [CASE/case_11/case_11.cc:68]   --->   Operation 60 'trunc' 'in24' <Predicate = true> <Delay = 0.00>
ST_4 : Operation 61 [1/1] (0.00ns)   --->   "%sext_ln227 = sext i5 %in19" [CASE/case_11/case_11.cc:227]   --->   Operation 61 'sext' 'sext_ln227' <Predicate = true> <Delay = 0.00>
ST_4 : Operation 62 [1/1] (0.00ns)   --->   "%trunc_ln230_1 = trunc i16 %in_data_7_read" [CASE/case_11/case_11.cc:230]   --->   Operation 62 'trunc' 'trunc_ln230_1' <Predicate = true> <Delay = 0.00>
ST_4 : Operation 63 [1/1] (1.78ns)   --->   "%m28 = add i5 %trunc_ln230, i5 %trunc_ln230_1" [CASE/case_11/case_11.cc:230]   --->   Operation 63 'add' 'm28' <Predicate = true> <Delay = 1.78> <CoreInst = "Adder">   --->   Core 1 'Adder' <Latency = 0> <II = 1> <Delay = 1.78> <FuncUnit> <Opcode : 'add' 'sub'> <InPorts = 2> <OutPorts = 1>
ST_4 : Operation 64 [1/1] (2.25ns) (grouped into DSP with root node m51)   --->   "%m31 = add i9 %in9, i9 %sext_ln227" [CASE/case_11/case_11.cc:233]   --->   Operation 64 'add' 'm31' <Predicate = true> <Delay = 2.25> <CoreInst = "DSP48">   --->   Core 116 'DSP48' <Latency = 3> <II = 1> <Delay = 2.15> <IPBlock> <Opcode : 'add' 'sub' 'mul' 'select'> <InPorts = 0> <OutPorts = 1> <Sync> <CReg>
ST_4 : Operation 65 [1/1] (0.00ns)   --->   "%sext_ln234 = sext i5 %m28" [CASE/case_11/case_11.cc:234]   --->   Operation 65 'sext' 'sext_ln234' <Predicate = true> <Delay = 0.00>
ST_4 : Operation 66 [1/1] (3.74ns)   --->   "%m32 = mul i7 %in24, i7 %sext_ln234" [CASE/case_11/case_11.cc:234]   --->   Operation 66 'mul' 'm32' <Predicate = true> <Delay = 3.74> <CoreInst = "Multiplier">   --->   Core 3 'Multiplier' <Latency = 0> <II = 1> <Delay = 3.74> <FuncUnit> <Opcode : 'mul'> <InPorts = 2> <OutPorts = 1>
ST_4 : Operation 67 [1/1] (5.62ns)   --->   "%m35 = mul i12 %trunc_ln237, i12 %trunc_ln238" [CASE/case_11/case_11.cc:238]   --->   Operation 67 'mul' 'm35' <Predicate = true> <Delay = 5.62> <CoreInst = "Multiplier">   --->   Core 3 'Multiplier' <Latency = 0> <II = 1> <Delay = 5.62> <FuncUnit> <Opcode : 'mul'> <InPorts = 2> <OutPorts = 1>
ST_4 : Operation 68 [1/1] (0.00ns)   --->   "%trunc_ln241_1 = trunc i16 %in_data_23_read" [CASE/case_11/case_11.cc:241]   --->   Operation 68 'trunc' 'trunc_ln241_1' <Predicate = true> <Delay = 0.00>
ST_4 : Operation 69 [1/1] (0.00ns)   --->   "%sext_ln242 = sext i7 %m25" [CASE/case_11/case_11.cc:242]   --->   Operation 69 'sext' 'sext_ln242' <Predicate = true> <Delay = 0.00>
ST_4 : Operation 70 [1/1] (5.62ns)   --->   "%m40 = mul i12 %trunc_ln237, i12 %sext_ln242" [CASE/case_11/case_11.cc:242]   --->   Operation 70 'mul' 'm40' <Predicate = true> <Delay = 5.62> <CoreInst = "Multiplier">   --->   Core 3 'Multiplier' <Latency = 0> <II = 1> <Delay = 5.62> <FuncUnit> <Opcode : 'mul'> <InPorts = 2> <OutPorts = 1>
ST_4 : Operation 71 [1/1] (0.00ns)   --->   "%trunc_ln243 = trunc i16 %in_data_23_read" [CASE/case_11/case_11.cc:243]   --->   Operation 71 'trunc' 'trunc_ln243' <Predicate = true> <Delay = 0.00>
ST_4 : Operation 72 [1/1] (3.49ns)   --->   "%m41 = mul i5 %trunc_ln243, i5 %trunc_ln239" [CASE/case_11/case_11.cc:243]   --->   Operation 72 'mul' 'm41' <Predicate = true> <Delay = 3.49> <CoreInst = "Multiplier">   --->   Core 3 'Multiplier' <Latency = 0> <II = 1> <Delay = 3.49> <FuncUnit> <Opcode : 'mul'> <InPorts = 2> <OutPorts = 1>
ST_4 : Operation 73 [1/1] (0.00ns)   --->   "%trunc_ln294_1 = trunc i12 %m35" [CASE/case_11/case_11.cc:294]   --->   Operation 73 'trunc' 'trunc_ln294_1' <Predicate = true> <Delay = 0.00>
ST_4 : Operation 74 [1/1] (0.00ns)   --->   "%trunc_ln253 = trunc i12 %m40" [CASE/case_11/case_11.cc:253]   --->   Operation 74 'trunc' 'trunc_ln253' <Predicate = true> <Delay = 0.00>
ST_4 : Operation 75 [4/4] (1.05ns) (root node of the DSP)   --->   "%m51 = mul i9 %trunc_ln253, i9 %m31" [CASE/case_11/case_11.cc:257]   --->   Operation 75 'mul' 'm51' <Predicate = true> <Delay = 1.05> <CoreInst = "DSP48">   --->   Core 116 'DSP48' <Latency = 3> <II = 1> <Delay = 2.15> <IPBlock> <Opcode : 'add' 'sub' 'mul' 'select'> <InPorts = 0> <OutPorts = 1> <Sync> <CReg>
ST_4 : Operation 76 [1/1] (0.00ns)   --->   "%sext_ln385 = sext i5 %m41" [CASE/case_11/case_11.cc:385]   --->   Operation 76 'sext' 'sext_ln385' <Predicate = true> <Delay = 0.00>
ST_4 : Operation 77 [1/1] (0.00ns)   --->   "%write_ln385 = write void @_ssdm_op_Write.ap_none.i16P0A, i16 %out_data_1, i16 %sext_ln385" [CASE/case_11/case_11.cc:385]   --->   Operation 77 'write' 'write_ln385' <Predicate = true> <Delay = 0.00>

State 5 <SV = 4> <Delay = 6.68>
ST_5 : Operation 78 [1/1] (0.00ns)   --->   "%in_data_14_read = read i16 @_ssdm_op_Read.ap_none.i16P0A, i16 %in_data_14" [CASE/case_11/case_11.cc:50]   --->   Operation 78 'read' 'in_data_14_read' <Predicate = true> <Delay = 0.00>
ST_5 : Operation 79 [1/1] (0.00ns)   --->   "%in15 = trunc i16 %in_data_14_read" [CASE/case_11/case_11.cc:50]   --->   Operation 79 'trunc' 'in15' <Predicate = true> <Delay = 0.00>
ST_5 : Operation 80 [1/1] (0.00ns)   --->   "%in_data_17_read = read i16 @_ssdm_op_Read.ap_none.i16P0A, i16 %in_data_17" [CASE/case_11/case_11.cc:56]   --->   Operation 80 'read' 'in_data_17_read' <Predicate = true> <Delay = 0.00>
ST_5 : Operation 81 [1/1] (0.00ns)   --->   "%in18 = trunc i16 %in_data_17_read" [CASE/case_11/case_11.cc:56]   --->   Operation 81 'trunc' 'in18' <Predicate = true> <Delay = 0.00>
ST_5 : Operation 82 [1/1] (0.00ns)   --->   "%in_data_20_read = read i16 @_ssdm_op_Read.ap_none.i16P0A, i16 %in_data_20" [CASE/case_11/case_11.cc:62]   --->   Operation 82 'read' 'in_data_20_read' <Predicate = true> <Delay = 0.00>
ST_5 : Operation 83 [1/1] (0.00ns)   --->   "%in21 = trunc i16 %in_data_20_read" [CASE/case_11/case_11.cc:62]   --->   Operation 83 'trunc' 'in21' <Predicate = true> <Delay = 0.00>
ST_5 : Operation 84 [1/1] (0.00ns)   --->   "%in22 = read i16 @_ssdm_op_Read.ap_none.i16P0A, i16 %in_data_21" [CASE/case_11/case_11.cc:64]   --->   Operation 84 'read' 'in22' <Predicate = true> <Delay = 0.00>
ST_5 : Operation 85 [1/1] (0.00ns)   --->   "%sext_ln232 = sext i3 %in15" [CASE/case_11/case_11.cc:232]   --->   Operation 85 'sext' 'sext_ln232' <Predicate = true> <Delay = 0.00>
ST_5 : Operation 86 [1/1] (0.00ns)   --->   "%sext_ln232_1 = sext i11 %in18" [CASE/case_11/case_11.cc:232]   --->   Operation 86 'sext' 'sext_ln232_1' <Predicate = true> <Delay = 0.00>
ST_5 : Operation 87 [1/1] (5.63ns)   --->   "%m30 = mul i14 %sext_ln232_1, i14 %sext_ln232" [CASE/case_11/case_11.cc:232]   --->   Operation 87 'mul' 'm30' <Predicate = true> <Delay = 5.63> <CoreInst = "Multiplier">   --->   Core 3 'Multiplier' <Latency = 0> <II = 1> <Delay = 5.63> <FuncUnit> <Opcode : 'mul'> <InPorts = 2> <OutPorts = 1>
ST_5 : Operation 88 [1/1] (0.00ns)   --->   "%trunc_ln235 = trunc i16 %in22" [CASE/case_11/case_11.cc:235]   --->   Operation 88 'trunc' 'trunc_ln235' <Predicate = true> <Delay = 0.00>
ST_5 : Operation 89 [1/1] (0.00ns)   --->   "%trunc_ln235_1 = trunc i16 %in_data_17_read" [CASE/case_11/case_11.cc:235]   --->   Operation 89 'trunc' 'trunc_ln235_1' <Predicate = true> <Delay = 0.00>
ST_5 : Operation 90 [1/1] (3.74ns)   --->   "%m33 = mul i7 %trunc_ln235, i7 %trunc_ln235_1" [CASE/case_11/case_11.cc:235]   --->   Operation 90 'mul' 'm33' <Predicate = true> <Delay = 3.74> <CoreInst = "Multiplier">   --->   Core 3 'Multiplier' <Latency = 0> <II = 1> <Delay = 3.74> <FuncUnit> <Opcode : 'mul'> <InPorts = 2> <OutPorts = 1>
ST_5 : Operation 91 [1/1] (0.00ns)   --->   "%sext_ln238 = sext i11 %in21" [CASE/case_11/case_11.cc:238]   --->   Operation 91 'sext' 'sext_ln238' <Predicate = true> <Delay = 0.00>
ST_5 : Operation 92 [1/1] (2.25ns) (grouped into DSP with root node m38)   --->   "%m36 = add i12 %m35, i12 %sext_ln238" [CASE/case_11/case_11.cc:238]   --->   Operation 92 'add' 'm36' <Predicate = true> <Delay = 2.25> <CoreInst = "DSP48">   --->   Core 116 'DSP48' <Latency = 3> <II = 1> <Delay = 2.15> <IPBlock> <Opcode : 'add' 'sub' 'mul' 'select'> <InPorts = 0> <OutPorts = 1> <Sync> <CReg>
ST_5 : Operation 93 [1/1] (0.00ns)   --->   "%trunc_ln240 = trunc i14 %m30" [CASE/case_11/case_11.cc:240]   --->   Operation 93 'trunc' 'trunc_ln240' <Predicate = true> <Delay = 0.00>
ST_5 : Operation 94 [4/4] (1.05ns) (root node of the DSP)   --->   "%m38 = mul i12 %trunc_ln240, i12 %m36" [CASE/case_11/case_11.cc:240]   --->   Operation 94 'mul' 'm38' <Predicate = true> <Delay = 1.05> <CoreInst = "DSP48">   --->   Core 116 'DSP48' <Latency = 3> <II = 1> <Delay = 2.15> <IPBlock> <Opcode : 'add' 'sub' 'mul' 'select'> <InPorts = 0> <OutPorts = 1> <Sync> <CReg>
ST_5 : Operation 95 [1/1] (0.00ns)   --->   "%trunc_ln241 = trunc i7 %m33" [CASE/case_11/case_11.cc:241]   --->   Operation 95 'trunc' 'trunc_ln241' <Predicate = true> <Delay = 0.00>
ST_5 : Operation 96 [1/1] (1.62ns)   --->   "%m39 = mul i3 %trunc_ln241_1, i3 %trunc_ln241" [CASE/case_11/case_11.cc:241]   --->   Operation 96 'mul' 'm39' <Predicate = true> <Delay = 1.62> <CoreInst = "Multiplier">   --->   Core 3 'Multiplier' <Latency = 0> <II = 1> <Delay = 1.62> <FuncUnit> <Opcode : 'mul'> <InPorts = 2> <OutPorts = 1>
ST_5 : Operation 97 [1/1] (0.00ns)   --->   "%trunc_ln244 = trunc i16 %in22" [CASE/case_11/case_11.cc:244]   --->   Operation 97 'trunc' 'trunc_ln244' <Predicate = true> <Delay = 0.00>
ST_5 : Operation 98 [1/1] (0.00ns)   --->   "%sext_ln246 = sext i7 %m32" [CASE/case_11/case_11.cc:246]   --->   Operation 98 'sext' 'sext_ln246' <Predicate = true> <Delay = 0.00>
ST_5 : Operation 99 [1/1] (5.60ns)   --->   "%m44 = mul i14 %trunc_ln246, i14 %sext_ln246" [CASE/case_11/case_11.cc:246]   --->   Operation 99 'mul' 'm44' <Predicate = true> <Delay = 5.60> <CoreInst = "Multiplier">   --->   Core 3 'Multiplier' <Latency = 0> <II = 1> <Delay = 5.60> <FuncUnit> <Opcode : 'mul'> <InPorts = 2> <OutPorts = 1>
ST_5 : Operation 100 [1/1] (0.00ns)   --->   "%trunc_ln294 = trunc i16 %in_data_20_read" [CASE/case_11/case_11.cc:294]   --->   Operation 100 'trunc' 'trunc_ln294' <Predicate = true> <Delay = 0.00>
ST_5 : Operation 101 [1/1] (0.00ns)   --->   "%trunc_ln250_1 = trunc i14 %m30" [CASE/case_11/case_11.cc:250]   --->   Operation 101 'trunc' 'trunc_ln250_1' <Predicate = true> <Delay = 0.00>
ST_5 : Operation 102 [3/4] (1.05ns) (root node of the DSP)   --->   "%m51 = mul i9 %trunc_ln253, i9 %m31" [CASE/case_11/case_11.cc:257]   --->   Operation 102 'mul' 'm51' <Predicate = true> <Delay = 1.05> <CoreInst = "DSP48">   --->   Core 116 'DSP48' <Latency = 3> <II = 1> <Delay = 2.15> <IPBlock> <Opcode : 'add' 'sub' 'mul' 'select'> <InPorts = 0> <OutPorts = 1> <Sync> <CReg>
ST_5 : Operation 103 [1/1] (0.00ns)   --->   "%trunc_ln267 = trunc i14 %m44" [CASE/case_11/case_11.cc:267]   --->   Operation 103 'trunc' 'trunc_ln267' <Predicate = true> <Delay = 0.00>
ST_5 : Operation 104 [1/1] (0.00ns)   --->   "%sext_ln384 = sext i3 %m39" [CASE/case_11/case_11.cc:384]   --->   Operation 104 'sext' 'sext_ln384' <Predicate = true> <Delay = 0.00>
ST_5 : Operation 105 [1/1] (0.00ns)   --->   "%write_ln384 = write void @_ssdm_op_Write.ap_none.i16P0A, i16 %out_data_0, i16 %sext_ln384" [CASE/case_11/case_11.cc:384]   --->   Operation 105 'write' 'write_ln384' <Predicate = true> <Delay = 0.00>

State 6 <SV = 5> <Delay = 5.60>
ST_6 : Operation 106 [3/4] (1.05ns) (root node of the DSP)   --->   "%m38 = mul i12 %trunc_ln240, i12 %m36" [CASE/case_11/case_11.cc:240]   --->   Operation 106 'mul' 'm38' <Predicate = true> <Delay = 1.05> <CoreInst = "DSP48">   --->   Core 116 'DSP48' <Latency = 3> <II = 1> <Delay = 2.15> <IPBlock> <Opcode : 'add' 'sub' 'mul' 'select'> <InPorts = 0> <OutPorts = 1> <Sync> <CReg>
ST_6 : Operation 107 [1/1] (3.74ns)   --->   "%m43 = mul i7 %trunc_ln245, i7 %m33" [CASE/case_11/case_11.cc:245]   --->   Operation 107 'mul' 'm43' <Predicate = true> <Delay = 3.74> <CoreInst = "Multiplier">   --->   Core 3 'Multiplier' <Latency = 0> <II = 1> <Delay = 3.74> <FuncUnit> <Opcode : 'mul'> <InPorts = 2> <OutPorts = 1>
ST_6 : Operation 108 [1/1] (0.00ns)   --->   "%sext_ln249 = sext i5 %m37" [CASE/case_11/case_11.cc:249]   --->   Operation 108 'sext' 'sext_ln249' <Predicate = true> <Delay = 0.00>
ST_6 : Operation 109 [1/1] (0.00ns)   --->   "%sext_ln249_1 = sext i7 %m32" [CASE/case_11/case_11.cc:249]   --->   Operation 109 'sext' 'sext_ln249_1' <Predicate = true> <Delay = 0.00>
ST_6 : Operation 110 [1/1] (3.74ns)   --->   "%m47 = mul i11 %sext_ln249_1, i11 %sext_ln249" [CASE/case_11/case_11.cc:249]   --->   Operation 110 'mul' 'm47' <Predicate = true> <Delay = 3.74> <CoreInst = "Multiplier">   --->   Core 3 'Multiplier' <Latency = 0> <II = 1> <Delay = 3.74> <FuncUnit> <Opcode : 'mul'> <InPorts = 2> <OutPorts = 1>
ST_6 : Operation 111 [1/1] (4.52ns)   --->   "%m48 = mul i10 %trunc_ln250, i10 %trunc_ln250_1" [CASE/case_11/case_11.cc:250]   --->   Operation 111 'mul' 'm48' <Predicate = true> <Delay = 4.52> <CoreInst = "Multiplier">   --->   Core 3 'Multiplier' <Latency = 0> <II = 1> <Delay = 4.52> <FuncUnit> <Opcode : 'mul'> <InPorts = 2> <OutPorts = 1>
ST_6 : Operation 112 [2/4] (1.05ns) (root node of the DSP)   --->   "%m51 = mul i9 %trunc_ln253, i9 %m31" [CASE/case_11/case_11.cc:257]   --->   Operation 112 'mul' 'm51' <Predicate = true> <Delay = 1.05> <CoreInst = "DSP48">   --->   Core 116 'DSP48' <Latency = 3> <II = 1> <Delay = 2.15> <IPBlock> <Opcode : 'add' 'sub' 'mul' 'select'> <InPorts = 0> <OutPorts = 1> <Sync> <CReg>
ST_6 : Operation 113 [1/1] (0.00ns)   --->   "%trunc_ln257 = trunc i11 %m47" [CASE/case_11/case_11.cc:257]   --->   Operation 113 'trunc' 'trunc_ln257' <Predicate = true> <Delay = 0.00>
ST_6 : Operation 114 [1/1] (0.00ns)   --->   "%trunc_ln258 = trunc i10 %m48" [CASE/case_11/case_11.cc:258]   --->   Operation 114 'trunc' 'trunc_ln258' <Predicate = true> <Delay = 0.00>
ST_6 : Operation 115 [1/1] (0.00ns)   --->   "%sext_ln263 = sext i12 %m40" [CASE/case_11/case_11.cc:263]   --->   Operation 115 'sext' 'sext_ln263' <Predicate = true> <Delay = 0.00>
ST_6 : Operation 116 [1/1] (5.60ns)   --->   "%m61 = mul i14 %m44, i14 %sext_ln263" [CASE/case_11/case_11.cc:263]   --->   Operation 116 'mul' 'm61' <Predicate = true> <Delay = 5.60> <CoreInst = "Multiplier">   --->   Core 3 'Multiplier' <Latency = 0> <II = 1> <Delay = 5.60> <FuncUnit> <Opcode : 'mul'> <InPorts = 2> <OutPorts = 1>
ST_6 : Operation 117 [1/1] (0.00ns)   --->   "%trunc_ln266 = trunc i14 %m61" [CASE/case_11/case_11.cc:266]   --->   Operation 117 'trunc' 'trunc_ln266' <Predicate = true> <Delay = 0.00>
ST_6 : Operation 118 [1/1] (0.00ns)   --->   "%trunc_ln279 = trunc i14 %m61" [CASE/case_11/case_11.cc:279]   --->   Operation 118 'trunc' 'trunc_ln279' <Predicate = true> <Delay = 0.00>
ST_6 : Operation 119 [1/1] (0.00ns)   --->   "%sext_ln386 = sext i7 %m43" [CASE/case_11/case_11.cc:386]   --->   Operation 119 'sext' 'sext_ln386' <Predicate = true> <Delay = 0.00>
ST_6 : Operation 120 [1/1] (0.00ns)   --->   "%write_ln386 = write void @_ssdm_op_Write.ap_none.i16P0A, i16 %out_data_2, i16 %sext_ln386" [CASE/case_11/case_11.cc:386]   --->   Operation 120 'write' 'write_ln386' <Predicate = true> <Delay = 0.00>

State 7 <SV = 6> <Delay = 5.63>
ST_7 : Operation 121 [1/1] (0.00ns)   --->   "%in_data_12_read = read i16 @_ssdm_op_Read.ap_none.i16P0A, i16 %in_data_12" [CASE/case_11/case_11.cc:46]   --->   Operation 121 'read' 'in_data_12_read' <Predicate = true> <Delay = 0.00>
ST_7 : Operation 122 [1/1] (0.00ns)   --->   "%sext_ln236 = sext i7 %in24" [CASE/case_11/case_11.cc:236]   --->   Operation 122 'sext' 'sext_ln236' <Predicate = true> <Delay = 0.00>
ST_7 : Operation 123 [1/1] (0.00ns)   --->   "%trunc_ln236 = trunc i16 %in_data_12_read" [CASE/case_11/case_11.cc:236]   --->   Operation 123 'trunc' 'trunc_ln236' <Predicate = true> <Delay = 0.00>
ST_7 : Operation 124 [1/1] (0.00ns)   --->   "%zext_ln236 = zext i12 %trunc_ln236" [CASE/case_11/case_11.cc:236]   --->   Operation 124 'zext' 'zext_ln236' <Predicate = true> <Delay = 0.00>
ST_7 : Operation 125 [1/1] (5.62ns)   --->   "%mul_ln236 = mul i13 %zext_ln236, i13 %sext_ln236" [CASE/case_11/case_11.cc:236]   --->   Operation 125 'mul' 'mul_ln236' <Predicate = true> <Delay = 5.62> <CoreInst = "Multiplier">   --->   Core 3 'Multiplier' <Latency = 0> <II = 1> <Delay = 5.62> <FuncUnit> <Opcode : 'mul'> <InPorts = 2> <OutPorts = 1>
ST_7 : Operation 126 [1/1] (0.00ns)   --->   "%m34 = trunc i13 %mul_ln236" [CASE/case_11/case_11.cc:265]   --->   Operation 126 'trunc' 'm34' <Predicate = true> <Delay = 0.00>
ST_7 : Operation 127 [2/4] (1.05ns) (root node of the DSP)   --->   "%m38 = mul i12 %trunc_ln240, i12 %m36" [CASE/case_11/case_11.cc:240]   --->   Operation 127 'mul' 'm38' <Predicate = true> <Delay = 1.05> <CoreInst = "DSP48">   --->   Core 116 'DSP48' <Latency = 3> <II = 1> <Delay = 2.15> <IPBlock> <Opcode : 'add' 'sub' 'mul' 'select'> <InPorts = 0> <OutPorts = 1> <Sync> <CReg>
ST_7 : Operation 128 [1/1] (0.00ns)   --->   "%trunc_ln248 = trunc i13 %mul_ln236" [CASE/case_11/case_11.cc:248]   --->   Operation 128 'trunc' 'trunc_ln248' <Predicate = true> <Delay = 0.00>
ST_7 : Operation 129 [1/1] (0.00ns)   --->   "%sext_ln251 = sext i10 %m48" [CASE/case_11/case_11.cc:251]   --->   Operation 129 'sext' 'sext_ln251' <Predicate = true> <Delay = 0.00>
ST_7 : Operation 130 [1/1] (0.00ns)   --->   "%sext_ln251_1 = sext i11 %m47" [CASE/case_11/case_11.cc:251]   --->   Operation 130 'sext' 'sext_ln251_1' <Predicate = true> <Delay = 0.00>
ST_7 : Operation 131 [1/1] (5.63ns)   --->   "%m49 = mul i12 %sext_ln251_1, i12 %sext_ln251" [CASE/case_11/case_11.cc:251]   --->   Operation 131 'mul' 'm49' <Predicate = true> <Delay = 5.63> <CoreInst = "Multiplier">   --->   Core 3 'Multiplier' <Latency = 0> <II = 1> <Delay = 5.63> <FuncUnit> <Opcode : 'mul'> <InPorts = 2> <OutPorts = 1>
ST_7 : Operation 132 [1/1] (0.00ns)   --->   "%m50 = shl i7 %m32, i7 1" [CASE/case_11/case_11.cc:252]   --->   Operation 132 'shl' 'm50' <Predicate = true> <Delay = 0.00>
ST_7 : Operation 133 [1/4] (0.00ns) (root node of the DSP)   --->   "%m51 = mul i9 %trunc_ln253, i9 %m31" [CASE/case_11/case_11.cc:257]   --->   Operation 133 'mul' 'm51' <Predicate = true> <Delay = 0.00> <CoreInst = "DSP48">   --->   Core 116 'DSP48' <Latency = 3> <II = 1> <Delay = 2.15> <IPBlock> <Opcode : 'add' 'sub' 'mul' 'select'> <InPorts = 0> <OutPorts = 1> <Sync> <CReg>
ST_7 : Operation 134 [1/1] (0.00ns)   --->   "%sext_ln255 = sext i7 %m50" [CASE/case_11/case_11.cc:255]   --->   Operation 134 'sext' 'sext_ln255' <Predicate = true> <Delay = 0.00>
ST_7 : Operation 135 [1/1] (0.00ns)   --->   "%sext_ln255_1 = sext i11 %m47" [CASE/case_11/case_11.cc:255]   --->   Operation 135 'sext' 'sext_ln255_1' <Predicate = true> <Delay = 0.00>
ST_7 : Operation 136 [1/1] (5.63ns)   --->   "%m53 = mul i15 %sext_ln255_1, i15 %sext_ln255" [CASE/case_11/case_11.cc:255]   --->   Operation 136 'mul' 'm53' <Predicate = true> <Delay = 5.63> <CoreInst = "Multiplier">   --->   Core 3 'Multiplier' <Latency = 0> <II = 1> <Delay = 5.63> <FuncUnit> <Opcode : 'mul'> <InPorts = 2> <OutPorts = 1>
ST_7 : Operation 137 [1/1] (4.35ns)   --->   "%m55 = mul i9 %m51, i9 %trunc_ln257" [CASE/case_11/case_11.cc:257]   --->   Operation 137 'mul' 'm55' <Predicate = true> <Delay = 4.35> <CoreInst = "Multiplier">   --->   Core 3 'Multiplier' <Latency = 0> <II = 1> <Delay = 4.35> <FuncUnit> <Opcode : 'mul'> <InPorts = 2> <OutPorts = 1>
ST_7 : Operation 138 [1/1] (0.00ns)   --->   "%trunc_ln277 = trunc i9 %m55" [CASE/case_11/case_11.cc:277]   --->   Operation 138 'trunc' 'trunc_ln277' <Predicate = true> <Delay = 0.00>
ST_7 : Operation 139 [1/1] (0.00ns)   --->   "%trunc_ln277_1 = trunc i9 %m51" [CASE/case_11/case_11.cc:277]   --->   Operation 139 'trunc' 'trunc_ln277_1' <Predicate = true> <Delay = 0.00>
ST_7 : Operation 140 [1/1] (0.00ns)   --->   "%sext_ln269 = sext i10 %m48" [CASE/case_11/case_11.cc:269]   --->   Operation 140 'sext' 'sext_ln269' <Predicate = true> <Delay = 0.00>
ST_7 : Operation 141 [1/1] (5.60ns)   --->   "%m67 = mul i14 %m61, i14 %sext_ln269" [CASE/case_11/case_11.cc:269]   --->   Operation 141 'mul' 'm67' <Predicate = true> <Delay = 5.60> <CoreInst = "Multiplier">   --->   Core 3 'Multiplier' <Latency = 0> <II = 1> <Delay = 5.60> <FuncUnit> <Opcode : 'mul'> <InPorts = 2> <OutPorts = 1>
ST_7 : Operation 142 [1/1] (0.00ns)   --->   "%sext_ln387 = sext i12 %m49" [CASE/case_11/case_11.cc:387]   --->   Operation 142 'sext' 'sext_ln387' <Predicate = true> <Delay = 0.00>
ST_7 : Operation 143 [1/1] (0.00ns)   --->   "%sext_ln389 = sext i15 %m53" [CASE/case_11/case_11.cc:389]   --->   Operation 143 'sext' 'sext_ln389' <Predicate = true> <Delay = 0.00>
ST_7 : Operation 144 [1/1] (0.00ns)   --->   "%sext_ln392 = sext i14 %m67" [CASE/case_11/case_11.cc:392]   --->   Operation 144 'sext' 'sext_ln392' <Predicate = true> <Delay = 0.00>
ST_7 : Operation 145 [1/1] (0.00ns)   --->   "%write_ln387 = write void @_ssdm_op_Write.ap_none.i16P0A, i16 %out_data_3, i16 %sext_ln387" [CASE/case_11/case_11.cc:387]   --->   Operation 145 'write' 'write_ln387' <Predicate = true> <Delay = 0.00>
ST_7 : Operation 146 [1/1] (0.00ns)   --->   "%write_ln389 = write void @_ssdm_op_Write.ap_none.i16P0A, i16 %out_data_5, i16 %sext_ln389" [CASE/case_11/case_11.cc:389]   --->   Operation 146 'write' 'write_ln389' <Predicate = true> <Delay = 0.00>
ST_7 : Operation 147 [1/1] (0.00ns)   --->   "%write_ln392 = write void @_ssdm_op_Write.ap_none.i16P0A, i16 %out_data_8, i16 %sext_ln392" [CASE/case_11/case_11.cc:392]   --->   Operation 147 'write' 'write_ln392' <Predicate = true> <Delay = 0.00>

State 8 <SV = 7> <Delay = 6.25>
ST_8 : Operation 148 [1/4] (0.00ns) (root node of the DSP)   --->   "%m38 = mul i12 %trunc_ln240, i12 %m36" [CASE/case_11/case_11.cc:240]   --->   Operation 148 'mul' 'm38' <Predicate = true> <Delay = 0.00> <CoreInst = "DSP48">   --->   Core 116 'DSP48' <Latency = 3> <II = 1> <Delay = 2.15> <IPBlock> <Opcode : 'add' 'sub' 'mul' 'select'> <InPorts = 0> <OutPorts = 1> <Sync> <CReg>
ST_8 : Operation 149 [1/1] (5.62ns)   --->   "%m42 = mul i12 %trunc_ln244, i12 %m38" [CASE/case_11/case_11.cc:265]   --->   Operation 149 'mul' 'm42' <Predicate = true> <Delay = 5.62> <CoreInst = "Multiplier">   --->   Core 3 'Multiplier' <Latency = 0> <II = 1> <Delay = 5.62> <FuncUnit> <Opcode : 'mul'> <InPorts = 2> <OutPorts = 1>
ST_8 : Operation 150 [1/1] (0.00ns)   --->   "%sext_ln248 = sext i5 %m37" [CASE/case_11/case_11.cc:248]   --->   Operation 150 'sext' 'sext_ln248' <Predicate = true> <Delay = 0.00>
ST_8 : Operation 151 [1/1] (1.73ns)   --->   "%m46 = add i10 %trunc_ln248, i10 %sext_ln248" [CASE/case_11/case_11.cc:271]   --->   Operation 151 'add' 'm46' <Predicate = true> <Delay = 1.73> <CoreInst = "Adder">   --->   Core 1 'Adder' <Latency = 0> <II = 1> <Delay = 1.73> <FuncUnit> <Opcode : 'add' 'sub'> <InPorts = 2> <OutPorts = 1>
ST_8 : Operation 152 [1/1] (0.00ns)   --->   "%trunc_ln254_1 = trunc i10 %m46" [CASE/case_11/case_11.cc:254]   --->   Operation 152 'trunc' 'trunc_ln254_1' <Predicate = true> <Delay = 0.00>
ST_8 : Operation 153 [1/1] (4.35ns)   --->   "%m52 = mul i9 %trunc_ln254_1, i9 %trunc_ln254" [CASE/case_11/case_11.cc:254]   --->   Operation 153 'mul' 'm52' <Predicate = true> <Delay = 4.35> <CoreInst = "Multiplier">   --->   Core 3 'Multiplier' <Latency = 0> <II = 1> <Delay = 4.35> <FuncUnit> <Opcode : 'mul'> <InPorts = 2> <OutPorts = 1>
ST_8 : Operation 154 [1/1] (0.00ns)   --->   "%trunc_ln256 = trunc i12 %m42" [CASE/case_11/case_11.cc:256]   --->   Operation 154 'trunc' 'trunc_ln256' <Predicate = true> <Delay = 0.00>
ST_8 : Operation 155 [1/1] (0.00ns)   --->   "%sext_ln256 = sext i5 %m37" [CASE/case_11/case_11.cc:256]   --->   Operation 155 'sext' 'sext_ln256' <Predicate = true> <Delay = 0.00>
ST_8 : Operation 156 [1/1] (0.00ns)   --->   "%trunc_ln258_1 = trunc i12 %m38" [CASE/case_11/case_11.cc:258]   --->   Operation 156 'trunc' 'trunc_ln258_1' <Predicate = true> <Delay = 0.00>
ST_8 : Operation 157 [1/1] (3.78ns)   --->   "%m56 = mul i6 %trunc_ln258_1, i6 %trunc_ln258" [CASE/case_11/case_11.cc:258]   --->   Operation 157 'mul' 'm56' <Predicate = true> <Delay = 3.78> <CoreInst = "Multiplier">   --->   Core 3 'Multiplier' <Latency = 0> <II = 1> <Delay = 3.78> <FuncUnit> <Opcode : 'mul'> <InPorts = 2> <OutPorts = 1>
ST_8 : Operation 158 [1/1] (0.00ns)   --->   "%sext_ln265 = sext i9 %m55" [CASE/case_11/case_11.cc:265]   --->   Operation 158 'sext' 'sext_ln265' <Predicate = true> <Delay = 0.00>
ST_8 : Operation 159 [1/1] (5.62ns)   --->   "%m57 = mul i12 %m34, i12 %sext_ln265" [CASE/case_11/case_11.cc:265]   --->   Operation 159 'mul' 'm57' <Predicate = true> <Delay = 5.62> <CoreInst = "Multiplier">   --->   Core 3 'Multiplier' <Latency = 0> <II = 1> <Delay = 5.62> <FuncUnit> <Opcode : 'mul'> <InPorts = 2> <OutPorts = 1>
ST_8 : Operation 160 [1/1] (4.35ns)   --->   "%m58 = mul i9 %trunc_ln254_1, i9 %trunc_ln253" [CASE/case_11/case_11.cc:260]   --->   Operation 160 'mul' 'm58' <Predicate = true> <Delay = 4.35> <CoreInst = "Multiplier">   --->   Core 3 'Multiplier' <Latency = 0> <II = 1> <Delay = 4.35> <FuncUnit> <Opcode : 'mul'> <InPorts = 2> <OutPorts = 1>
ST_8 : Operation 161 [1/1] (3.78ns)   --->   "%m60 = mul i6 %trunc_ln258_1, i6 %sext_ln256" [CASE/case_11/case_11.cc:262]   --->   Operation 161 'mul' 'm60' <Predicate = true> <Delay = 3.78> <CoreInst = "Multiplier">   --->   Core 3 'Multiplier' <Latency = 0> <II = 1> <Delay = 3.78> <FuncUnit> <Opcode : 'mul'> <InPorts = 2> <OutPorts = 1>
ST_8 : Operation 162 [1/1] (0.00ns)   --->   "%sext_ln271 = sext i9 %m55" [CASE/case_11/case_11.cc:271]   --->   Operation 162 'sext' 'sext_ln271' <Predicate = true> <Delay = 0.00>
ST_8 : Operation 163 [1/1] (0.00ns)   --->   "%trunc_ln266_1 = trunc i6 %m60" [CASE/case_11/case_11.cc:266]   --->   Operation 163 'trunc' 'trunc_ln266_1' <Predicate = true> <Delay = 0.00>
ST_8 : Operation 164 [1/1] (4.17ns)   --->   "%m66 = mul i8 %trunc_ln277_1, i8 %trunc_ln277" [CASE/case_11/case_11.cc:277]   --->   Operation 164 'mul' 'm66' <Predicate = true> <Delay = 4.17> <CoreInst = "Multiplier">   --->   Core 3 'Multiplier' <Latency = 0> <II = 1> <Delay = 4.17> <FuncUnit> <Opcode : 'mul'> <InPorts = 2> <OutPorts = 1>
ST_8 : Operation 165 [1/1] (0.00ns)   --->   "%trunc_ln270 = trunc i8 %m66" [CASE/case_11/case_11.cc:270]   --->   Operation 165 'trunc' 'trunc_ln270' <Predicate = true> <Delay = 0.00>
ST_8 : Operation 166 [1/1] (4.52ns)   --->   "%mul_ln271 = mul i10 %m46, i10 %sext_ln271" [CASE/case_11/case_11.cc:271]   --->   Operation 166 'mul' 'mul_ln271' <Predicate = true> <Delay = 4.52> <CoreInst = "Multiplier">   --->   Core 3 'Multiplier' <Latency = 0> <II = 1> <Delay = 4.52> <FuncUnit> <Opcode : 'mul'> <InPorts = 2> <OutPorts = 1>
ST_8 : Operation 167 [1/1] (0.00ns)   --->   "%trunc_ln276 = trunc i12 %m57" [CASE/case_11/case_11.cc:276]   --->   Operation 167 'trunc' 'trunc_ln276' <Predicate = true> <Delay = 0.00>
ST_8 : Operation 168 [1/1] (0.00ns)   --->   "%sext_ln388 = sext i9 %m52" [CASE/case_11/case_11.cc:388]   --->   Operation 168 'sext' 'sext_ln388' <Predicate = true> <Delay = 0.00>
ST_8 : Operation 169 [1/1] (0.00ns)   --->   "%write_ln388 = write void @_ssdm_op_Write.ap_none.i16P0A, i16 %out_data_4, i16 %sext_ln388" [CASE/case_11/case_11.cc:388]   --->   Operation 169 'write' 'write_ln388' <Predicate = true> <Delay = 0.00>

State 9 <SV = 8> <Delay = 5.62>
ST_9 : Operation 170 [1/1] (1.82ns)   --->   "%m54 = add i6 %trunc_ln256, i6 %sext_ln256" [CASE/case_11/case_11.cc:256]   --->   Operation 170 'add' 'm54' <Predicate = true> <Delay = 1.82> <CoreInst = "Adder">   --->   Core 1 'Adder' <Latency = 0> <II = 1> <Delay = 1.82> <FuncUnit> <Opcode : 'add' 'sub'> <InPorts = 2> <OutPorts = 1>
ST_9 : Operation 171 [1/1] (5.62ns)   --->   "%m63 = mul i12 %m42, i12 %m57" [CASE/case_11/case_11.cc:265]   --->   Operation 171 'mul' 'm63' <Predicate = true> <Delay = 5.62> <CoreInst = "Multiplier">   --->   Core 3 'Multiplier' <Latency = 0> <II = 1> <Delay = 5.62> <FuncUnit> <Opcode : 'mul'> <InPorts = 2> <OutPorts = 1>
ST_9 : Operation 172 [1/1] (3.49ns)   --->   "%m64 = mul i5 %trunc_ln266_1, i5 %trunc_ln266" [CASE/case_11/case_11.cc:266]   --->   Operation 172 'mul' 'm64' <Predicate = true> <Delay = 3.49> <CoreInst = "Multiplier">   --->   Core 3 'Multiplier' <Latency = 0> <II = 1> <Delay = 3.49> <FuncUnit> <Opcode : 'mul'> <InPorts = 2> <OutPorts = 1>
ST_9 : Operation 173 [1/1] (0.00ns)   --->   "%trunc_ln267_1 = trunc i12 %m63" [CASE/case_11/case_11.cc:267]   --->   Operation 173 'trunc' 'trunc_ln267_1' <Predicate = true> <Delay = 0.00>
ST_9 : Operation 174 [1/1] (0.00ns)   --->   "%sext_ln270 = sext i6 %m60" [CASE/case_11/case_11.cc:270]   --->   Operation 174 'sext' 'sext_ln270' <Predicate = true> <Delay = 0.00>
ST_9 : Operation 175 [1/1] (3.74ns)   --->   "%m68 = mul i7 %trunc_ln270, i7 %sext_ln270" [CASE/case_11/case_11.cc:270]   --->   Operation 175 'mul' 'm68' <Predicate = true> <Delay = 3.74> <CoreInst = "Multiplier">   --->   Core 3 'Multiplier' <Latency = 0> <II = 1> <Delay = 3.74> <FuncUnit> <Opcode : 'mul'> <InPorts = 2> <OutPorts = 1>
ST_9 : Operation 176 [1/1] (4.52ns)   --->   "%m69 = mul i10 %mul_ln271, i10 %m46" [CASE/case_11/case_11.cc:271]   --->   Operation 176 'mul' 'm69' <Predicate = true> <Delay = 4.52> <CoreInst = "Multiplier">   --->   Core 3 'Multiplier' <Latency = 0> <II = 1> <Delay = 4.52> <FuncUnit> <Opcode : 'mul'> <InPorts = 2> <OutPorts = 1>
ST_9 : Operation 177 [1/1] (0.00ns)   --->   "%trunc_ln273 = trunc i12 %m63" [CASE/case_11/case_11.cc:273]   --->   Operation 177 'trunc' 'trunc_ln273' <Predicate = true> <Delay = 0.00>
ST_9 : Operation 178 [1/1] (0.00ns)   --->   "%sext_ln275 = sext i6 %m56" [CASE/case_11/case_11.cc:275]   --->   Operation 178 'sext' 'sext_ln275' <Predicate = true> <Delay = 0.00>
ST_9 : Operation 179 [1/1] (3.78ns)   --->   "%m73 = mul i12 %sext_ln275, i12 %sext_ln275" [CASE/case_11/case_11.cc:275]   --->   Operation 179 'mul' 'm73' <Predicate = true> <Delay = 3.78> <CoreInst = "Multiplier">   --->   Core 3 'Multiplier' <Latency = 0> <II = 1> <Delay = 3.78> <FuncUnit> <Opcode : 'mul'> <InPorts = 2> <OutPorts = 1>
ST_9 : Operation 180 [1/1] (0.00ns)   --->   "%trunc_ln277_2 = trunc i12 %m73" [CASE/case_11/case_11.cc:277]   --->   Operation 180 'trunc' 'trunc_ln277_2' <Predicate = true> <Delay = 0.00>
ST_9 : Operation 181 [1/1] (0.00ns)   --->   "%trunc_ln278 = trunc i12 %m73" [CASE/case_11/case_11.cc:278]   --->   Operation 181 'trunc' 'trunc_ln278' <Predicate = true> <Delay = 0.00>
ST_9 : Operation 182 [1/1] (0.00ns)   --->   "%trunc_ln290 = trunc i10 %m69" [CASE/case_11/case_11.cc:290]   --->   Operation 182 'trunc' 'trunc_ln290' <Predicate = true> <Delay = 0.00>
ST_9 : Operation 183 [1/1] (0.00ns)   --->   "%trunc_ln291_1 = trunc i12 %m73" [CASE/case_11/case_11.cc:291]   --->   Operation 183 'trunc' 'trunc_ln291_1' <Predicate = true> <Delay = 0.00>
ST_9 : Operation 184 [1/1] (0.00ns)   --->   "%sext_ln390 = sext i6 %m54" [CASE/case_11/case_11.cc:390]   --->   Operation 184 'sext' 'sext_ln390' <Predicate = true> <Delay = 0.00>
ST_9 : Operation 185 [1/1] (0.00ns)   --->   "%sext_ln391 = sext i5 %m64" [CASE/case_11/case_11.cc:391]   --->   Operation 185 'sext' 'sext_ln391' <Predicate = true> <Delay = 0.00>
ST_9 : Operation 186 [1/1] (0.00ns)   --->   "%write_ln390 = write void @_ssdm_op_Write.ap_none.i16P0A, i16 %out_data_6, i16 %sext_ln390" [CASE/case_11/case_11.cc:390]   --->   Operation 186 'write' 'write_ln390' <Predicate = true> <Delay = 0.00>
ST_9 : Operation 187 [1/1] (0.00ns)   --->   "%write_ln391 = write void @_ssdm_op_Write.ap_none.i16P0A, i16 %out_data_7, i16 %sext_ln391" [CASE/case_11/case_11.cc:391]   --->   Operation 187 'write' 'write_ln391' <Predicate = true> <Delay = 0.00>

State 10 <SV = 9> <Delay = 7.04>
ST_10 : Operation 188 [1/1] (1.65ns) (grouped into DSP with root node m92)   --->   "%add_ln294 = add i9 %trunc_ln294_1, i9 %trunc_ln294" [CASE/case_11/case_11.cc:294]   --->   Operation 188 'add' 'add_ln294' <Predicate = true> <Delay = 1.65> <CoreInst = "DSP48">   --->   Core 116 'DSP48' <Latency = 3> <II = 1> <Delay = 2.15> <IPBlock> <Opcode : 'add' 'sub' 'mul' 'select'> <InPorts = 0> <OutPorts = 1> <Sync> <CReg>
ST_10 : Operation 189 [1/1] (3.74ns)   --->   "%m65 = mul i7 %trunc_ln267_1, i7 %trunc_ln267" [CASE/case_11/case_11.cc:267]   --->   Operation 189 'mul' 'm65' <Predicate = true> <Delay = 3.74> <CoreInst = "Multiplier">   --->   Core 3 'Multiplier' <Latency = 0> <II = 1> <Delay = 3.74> <FuncUnit> <Opcode : 'mul'> <InPorts = 2> <OutPorts = 1>
ST_10 : Operation 190 [1/1] (0.00ns)   --->   "%sext_ln272 = sext i10 %m69" [CASE/case_11/case_11.cc:272]   --->   Operation 190 'sext' 'sext_ln272' <Predicate = true> <Delay = 0.00>
ST_10 : Operation 191 [1/1] (0.00ns)   --->   "%sext_ln272_1 = sext i7 %m65" [CASE/case_11/case_11.cc:272]   --->   Operation 191 'sext' 'sext_ln272_1' <Predicate = true> <Delay = 0.00>
ST_10 : Operation 192 [1/1] (2.25ns) (grouped into DSP with root node m78)   --->   "%add_ln272 = add i11 %sext_ln272, i11 %sext_ln272_1" [CASE/case_11/case_11.cc:272]   --->   Operation 192 'add' 'add_ln272' <Predicate = true> <Delay = 2.25> <CoreInst = "DSP48">   --->   Core 116 'DSP48' <Latency = 3> <II = 1> <Delay = 2.15> <IPBlock> <Opcode : 'add' 'sub' 'mul' 'select'> <InPorts = 0> <OutPorts = 1> <Sync> <CReg>
ST_10 : Operation 193 [1/1] (0.00ns)   --->   "%sext_ln290 = sext i7 %m68" [CASE/case_11/case_11.cc:290]   --->   Operation 193 'sext' 'sext_ln290' <Predicate = true> <Delay = 0.00>
ST_10 : Operation 194 [1/1] (0.00ns)   --->   "%sext_ln273_1 = sext i7 %m68" [CASE/case_11/case_11.cc:273]   --->   Operation 194 'sext' 'sext_ln273_1' <Predicate = true> <Delay = 0.00>
ST_10 : Operation 195 [1/1] (5.63ns)   --->   "%m71 = mul i11 %trunc_ln273, i11 %sext_ln273_1" [CASE/case_11/case_11.cc:273]   --->   Operation 195 'mul' 'm71' <Predicate = true> <Delay = 5.63> <CoreInst = "Multiplier">   --->   Core 3 'Multiplier' <Latency = 0> <II = 1> <Delay = 5.63> <FuncUnit> <Opcode : 'mul'> <InPorts = 2> <OutPorts = 1>
ST_10 : Operation 196 [1/1] (0.00ns)   --->   "%sext_ln294 = sext i7 %m68" [CASE/case_11/case_11.cc:294]   --->   Operation 196 'sext' 'sext_ln294' <Predicate = true> <Delay = 0.00>
ST_10 : Operation 197 [1/1] (4.35ns)   --->   "%mul_ln294 = mul i9 %trunc_ln257, i9 %sext_ln294" [CASE/case_11/case_11.cc:294]   --->   Operation 197 'mul' 'mul_ln294' <Predicate = true> <Delay = 4.35> <CoreInst = "Multiplier">   --->   Core 3 'Multiplier' <Latency = 0> <II = 1> <Delay = 4.35> <FuncUnit> <Opcode : 'mul'> <InPorts = 2> <OutPorts = 1>
ST_10 : Operation 198 [3/3] (1.05ns) (grouped into DSP with root node m92)   --->   "%mul_ln294_1 = mul i9 %mul_ln294, i9 %add_ln294" [CASE/case_11/case_11.cc:294]   --->   Operation 198 'mul' 'mul_ln294_1' <Predicate = true> <Delay = 1.05> <CoreInst = "DSP48">   --->   Core 116 'DSP48' <Latency = 3> <II = 1> <Delay = 2.15> <IPBlock> <Opcode : 'add' 'sub' 'mul' 'select'> <InPorts = 0> <OutPorts = 1> <Sync> <CReg>
ST_10 : Operation 199 [1/1] (4.17ns)   --->   "%m75 = mul i8 %trunc_ln277_2, i8 %m66" [CASE/case_11/case_11.cc:277]   --->   Operation 199 'mul' 'm75' <Predicate = true> <Delay = 4.17> <CoreInst = "Multiplier">   --->   Core 3 'Multiplier' <Latency = 0> <II = 1> <Delay = 4.17> <FuncUnit> <Opcode : 'mul'> <InPorts = 2> <OutPorts = 1>
ST_10 : Operation 200 [1/1] (0.00ns)   --->   "%sext_ln279 = sext i7 %m68" [CASE/case_11/case_11.cc:279]   --->   Operation 200 'sext' 'sext_ln279' <Predicate = true> <Delay = 0.00>
ST_10 : Operation 201 [1/1] (5.62ns)   --->   "%m77 = mul i12 %trunc_ln279, i12 %sext_ln279" [CASE/case_11/case_11.cc:279]   --->   Operation 201 'mul' 'm77' <Predicate = true> <Delay = 5.62> <CoreInst = "Multiplier">   --->   Core 3 'Multiplier' <Latency = 0> <II = 1> <Delay = 5.62> <FuncUnit> <Opcode : 'mul'> <InPorts = 2> <OutPorts = 1>
ST_10 : Operation 202 [4/4] (1.05ns) (root node of the DSP)   --->   "%m78 = mul i11 %add_ln272, i11 %m71" [CASE/case_11/case_11.cc:280]   --->   Operation 202 'mul' 'm78' <Predicate = true> <Delay = 1.05> <CoreInst = "DSP48">   --->   Core 116 'DSP48' <Latency = 3> <II = 1> <Delay = 2.15> <IPBlock> <Opcode : 'add' 'sub' 'mul' 'select'> <InPorts = 0> <OutPorts = 1> <Sync> <CReg>
ST_10 : Operation 203 [1/1] (0.00ns)   --->   "%trunc_ln281 = trunc i7 %m65" [CASE/case_11/case_11.cc:281]   --->   Operation 203 'trunc' 'trunc_ln281' <Predicate = true> <Delay = 0.00>
ST_10 : Operation 204 [1/1] (0.00ns)   --->   "%trunc_ln282 = trunc i11 %m71" [CASE/case_11/case_11.cc:282]   --->   Operation 204 'trunc' 'trunc_ln282' <Predicate = true> <Delay = 0.00>
ST_10 : Operation 205 [1/1] (4.17ns)   --->   "%mul_ln290 = mul i8 %trunc_ln290, i8 %sext_ln290" [CASE/case_11/case_11.cc:290]   --->   Operation 205 'mul' 'mul_ln290' <Predicate = true> <Delay = 4.17> <CoreInst = "Multiplier">   --->   Core 3 'Multiplier' <Latency = 0> <II = 1> <Delay = 4.17> <FuncUnit> <Opcode : 'mul'> <InPorts = 2> <OutPorts = 1>
ST_10 : Operation 206 [1/1] (0.00ns)   --->   "%trunc_ln286_1 = trunc i8 %mul_ln290" [CASE/case_11/case_11.cc:286]   --->   Operation 206 'trunc' 'trunc_ln286_1' <Predicate = true> <Delay = 0.00>
ST_10 : Operation 207 [1/1] (0.00ns)   --->   "%trunc_ln290_1 = trunc i11 %m71" [CASE/case_11/case_11.cc:290]   --->   Operation 207 'trunc' 'trunc_ln290_1' <Predicate = true> <Delay = 0.00>
ST_10 : Operation 208 [1/1] (0.00ns)   --->   "%trunc_ln297 = trunc i8 %m75" [CASE/case_11/case_11.cc:297]   --->   Operation 208 'trunc' 'trunc_ln297' <Predicate = true> <Delay = 0.00>
ST_10 : Operation 209 [1/1] (0.00ns)   --->   "%trunc_ln299 = trunc i8 %m75" [CASE/case_11/case_11.cc:299]   --->   Operation 209 'trunc' 'trunc_ln299' <Predicate = true> <Delay = 0.00>
ST_10 : Operation 210 [1/1] (0.00ns)   --->   "%sext_ln393 = sext i12 %m77" [CASE/case_11/case_11.cc:393]   --->   Operation 210 'sext' 'sext_ln393' <Predicate = true> <Delay = 0.00>
ST_10 : Operation 211 [1/1] (0.00ns)   --->   "%write_ln393 = write void @_ssdm_op_Write.ap_none.i16P0A, i16 %out_data_9, i16 %sext_ln393" [CASE/case_11/case_11.cc:393]   --->   Operation 211 'write' 'write_ln393' <Predicate = true> <Delay = 0.00>

State 11 <SV = 10> <Delay = 5.90>
ST_11 : Operation 212 [2/3] (1.05ns) (grouped into DSP with root node m92)   --->   "%mul_ln294_1 = mul i9 %mul_ln294, i9 %add_ln294" [CASE/case_11/case_11.cc:294]   --->   Operation 212 'mul' 'mul_ln294_1' <Predicate = true> <Delay = 1.05> <CoreInst = "DSP48">   --->   Core 116 'DSP48' <Latency = 3> <II = 1> <Delay = 2.15> <IPBlock> <Opcode : 'add' 'sub' 'mul' 'select'> <InPorts = 0> <OutPorts = 1> <Sync> <CReg>
ST_11 : Operation 213 [1/1] (0.00ns)   --->   "%sext_ln276 = sext i7 %m50" [CASE/case_11/case_11.cc:276]   --->   Operation 213 'sext' 'sext_ln276' <Predicate = true> <Delay = 0.00>
ST_11 : Operation 214 [1/1] (1.73ns)   --->   "%m74 = add i10 %trunc_ln276, i10 %sext_ln276" [CASE/case_11/case_11.cc:276]   --->   Operation 214 'add' 'm74' <Predicate = true> <Delay = 1.73> <CoreInst = "Adder">   --->   Core 1 'Adder' <Latency = 0> <II = 1> <Delay = 1.73> <FuncUnit> <Opcode : 'add' 'sub'> <InPorts = 2> <OutPorts = 1>
ST_11 : Operation 215 [1/1] (0.00ns)   --->   "%trunc_ln278_1 = trunc i10 %m74" [CASE/case_11/case_11.cc:278]   --->   Operation 215 'trunc' 'trunc_ln278_1' <Predicate = true> <Delay = 0.00>
ST_11 : Operation 216 [3/4] (1.05ns) (root node of the DSP)   --->   "%m78 = mul i11 %add_ln272, i11 %m71" [CASE/case_11/case_11.cc:280]   --->   Operation 216 'mul' 'm78' <Predicate = true> <Delay = 1.05> <CoreInst = "DSP48">   --->   Core 116 'DSP48' <Latency = 3> <II = 1> <Delay = 2.15> <IPBlock> <Opcode : 'add' 'sub' 'mul' 'select'> <InPorts = 0> <OutPorts = 1> <Sync> <CReg>
ST_11 : Operation 217 [1/1] (1.87ns)   --->   "%m80 = add i7 %trunc_ln282, i7 %trunc_ln270" [CASE/case_11/case_11.cc:282]   --->   Operation 217 'add' 'm80' <Predicate = true> <Delay = 1.87> <CoreInst = "Adder">   --->   Core 1 'Adder' <Latency = 0> <II = 1> <Delay = 1.87> <FuncUnit> <Opcode : 'add' 'sub'> <InPorts = 2> <OutPorts = 1>
ST_11 : Operation 218 [1/1] (0.00ns)   --->   "%sext_ln283 = sext i9 %m58" [CASE/case_11/case_11.cc:283]   --->   Operation 218 'sext' 'sext_ln283' <Predicate = true> <Delay = 0.00>
ST_11 : Operation 219 [1/1] (0.00ns)   --->   "%sext_ln283_1 = sext i7 %m65" [CASE/case_11/case_11.cc:283]   --->   Operation 219 'sext' 'sext_ln283_1' <Predicate = true> <Delay = 0.00>
ST_11 : Operation 220 [1/1] (4.35ns)   --->   "%m81 = mul i10 %sext_ln283, i10 %sext_ln283_1" [CASE/case_11/case_11.cc:283]   --->   Operation 220 'mul' 'm81' <Predicate = true> <Delay = 4.35> <CoreInst = "Multiplier">   --->   Core 3 'Multiplier' <Latency = 0> <II = 1> <Delay = 4.35> <FuncUnit> <Opcode : 'mul'> <InPorts = 2> <OutPorts = 1>
ST_11 : Operation 221 [1/1] (0.00ns)   --->   "%trunc_ln300 = trunc i10 %m74" [CASE/case_11/case_11.cc:300]   --->   Operation 221 'trunc' 'trunc_ln300' <Predicate = true> <Delay = 0.00>
ST_11 : Operation 222 [1/1] (4.17ns)   --->   "%mul_ln300 = mul i8 %m75, i8 %trunc_ln300" [CASE/case_11/case_11.cc:300]   --->   Operation 222 'mul' 'mul_ln300' <Predicate = true> <Delay = 4.17> <CoreInst = "Multiplier">   --->   Core 3 'Multiplier' <Latency = 0> <II = 1> <Delay = 4.17> <FuncUnit> <Opcode : 'mul'> <InPorts = 2> <OutPorts = 1>
ST_11 : Operation 223 [1/1] (0.00ns)   --->   "%trunc_ln286 = trunc i8 %mul_ln300" [CASE/case_11/case_11.cc:286]   --->   Operation 223 'trunc' 'trunc_ln286' <Predicate = true> <Delay = 0.00>
ST_11 : Operation 224 [1/1] (4.17ns)   --->   "%m88 = mul i8 %trunc_ln290_1, i8 %mul_ln290" [CASE/case_11/case_11.cc:290]   --->   Operation 224 'mul' 'm88' <Predicate = true> <Delay = 4.17> <CoreInst = "Multiplier">   --->   Core 3 'Multiplier' <Latency = 0> <II = 1> <Delay = 4.17> <FuncUnit> <Opcode : 'mul'> <InPorts = 2> <OutPorts = 1>
ST_11 : Operation 225 [1/1] (0.00ns)   --->   "%trunc_ln291 = trunc i8 %mul_ln300" [CASE/case_11/case_11.cc:291]   --->   Operation 225 'trunc' 'trunc_ln291' <Predicate = true> <Delay = 0.00>
ST_11 : Operation 226 [1/1] (0.00ns)   --->   "%trunc_ln292 = trunc i8 %m88" [CASE/case_11/case_11.cc:292]   --->   Operation 226 'trunc' 'trunc_ln292' <Predicate = true> <Delay = 0.00>
ST_11 : Operation 227 [1/1] (0.00ns)   --->   "%trunc_ln329 = trunc i8 %m88" [CASE/case_11/case_11.cc:329]   --->   Operation 227 'trunc' 'trunc_ln329' <Predicate = true> <Delay = 0.00>
ST_11 : Operation 228 [1/1] (0.00ns)   --->   "%sext_ln394 = sext i7 %m80" [CASE/case_11/case_11.cc:394]   --->   Operation 228 'sext' 'sext_ln394' <Predicate = true> <Delay = 0.00>
ST_11 : Operation 229 [1/1] (0.00ns)   --->   "%write_ln394 = write void @_ssdm_op_Write.ap_none.i16P0A, i16 %out_data_10, i16 %sext_ln394" [CASE/case_11/case_11.cc:394]   --->   Operation 229 'write' 'write_ln394' <Predicate = true> <Delay = 0.00>

State 12 <SV = 11> <Delay = 7.23>
ST_12 : Operation 230 [1/3] (0.00ns) (grouped into DSP with root node m92)   --->   "%mul_ln294_1 = mul i9 %mul_ln294, i9 %add_ln294" [CASE/case_11/case_11.cc:294]   --->   Operation 230 'mul' 'mul_ln294_1' <Predicate = true> <Delay = 0.00> <CoreInst = "DSP48">   --->   Core 116 'DSP48' <Latency = 3> <II = 1> <Delay = 2.15> <IPBlock> <Opcode : 'add' 'sub' 'mul' 'select'> <InPorts = 0> <OutPorts = 1> <Sync> <CReg>
ST_12 : Operation 231 [1/1] (1.87ns)   --->   "%m76 = add i7 %trunc_ln278, i7 %trunc_ln278_1" [CASE/case_11/case_11.cc:278]   --->   Operation 231 'add' 'm76' <Predicate = true> <Delay = 1.87> <CoreInst = "Adder">   --->   Core 1 'Adder' <Latency = 0> <II = 1> <Delay = 1.87> <FuncUnit> <Opcode : 'add' 'sub'> <InPorts = 2> <OutPorts = 1>
ST_12 : Operation 232 [2/4] (1.05ns) (root node of the DSP)   --->   "%m78 = mul i11 %add_ln272, i11 %m71" [CASE/case_11/case_11.cc:280]   --->   Operation 232 'mul' 'm78' <Predicate = true> <Delay = 1.05> <CoreInst = "DSP48">   --->   Core 116 'DSP48' <Latency = 3> <II = 1> <Delay = 2.15> <IPBlock> <Opcode : 'add' 'sub' 'mul' 'select'> <InPorts = 0> <OutPorts = 1> <Sync> <CReg>
ST_12 : Operation 233 [1/1] (3.49ns)   --->   "%m79 = mul i5 %trunc_ln281, i5 %trunc_ln281" [CASE/case_11/case_11.cc:281]   --->   Operation 233 'mul' 'm79' <Predicate = true> <Delay = 3.49> <CoreInst = "Multiplier">   --->   Core 3 'Multiplier' <Latency = 0> <II = 1> <Delay = 3.49> <FuncUnit> <Opcode : 'mul'> <InPorts = 2> <OutPorts = 1>
ST_12 : Operation 234 [1/1] (3.78ns)   --->   "%m84 = mul i6 %trunc_ln286, i6 %trunc_ln286_1" [CASE/case_11/case_11.cc:286]   --->   Operation 234 'mul' 'm84' <Predicate = true> <Delay = 3.78> <CoreInst = "Multiplier">   --->   Core 3 'Multiplier' <Latency = 0> <II = 1> <Delay = 3.78> <FuncUnit> <Opcode : 'mul'> <InPorts = 2> <OutPorts = 1>
ST_12 : Operation 235 [1/1] (3.74ns)   --->   "%m86 = mul i7 %trunc_ln278, i7 %trunc_ln278_1" [CASE/case_11/case_11.cc:288]   --->   Operation 235 'mul' 'm86' <Predicate = true> <Delay = 3.74> <CoreInst = "Multiplier">   --->   Core 3 'Multiplier' <Latency = 0> <II = 1> <Delay = 3.74> <FuncUnit> <Opcode : 'mul'> <InPorts = 2> <OutPorts = 1>
ST_12 : Operation 236 [1/1] (0.00ns)   --->   "%sext_ln289 = sext i5 %m79" [CASE/case_11/case_11.cc:289]   --->   Operation 236 'sext' 'sext_ln289' <Predicate = true> <Delay = 0.00>
ST_12 : Operation 237 [1/1] (3.74ns)   --->   "%m87 = mul i7 %trunc_ln278, i7 %sext_ln289" [CASE/case_11/case_11.cc:289]   --->   Operation 237 'mul' 'm87' <Predicate = true> <Delay = 3.74> <CoreInst = "Multiplier">   --->   Core 3 'Multiplier' <Latency = 0> <II = 1> <Delay = 3.74> <FuncUnit> <Opcode : 'mul'> <InPorts = 2> <OutPorts = 1>
ST_12 : Operation 238 [1/1] (3.49ns)   --->   "%m89 = mul i5 %trunc_ln291, i5 %trunc_ln291_1" [CASE/case_11/case_11.cc:291]   --->   Operation 238 'mul' 'm89' <Predicate = true> <Delay = 3.49> <CoreInst = "Multiplier">   --->   Core 3 'Multiplier' <Latency = 0> <II = 1> <Delay = 3.49> <FuncUnit> <Opcode : 'mul'> <InPorts = 2> <OutPorts = 1>
ST_12 : Operation 239 [1/1] (3.74ns)   --->   "%m90 = mul i7 %trunc_ln292, i7 %trunc_ln270" [CASE/case_11/case_11.cc:292]   --->   Operation 239 'mul' 'm90' <Predicate = true> <Delay = 3.74> <CoreInst = "Multiplier">   --->   Core 3 'Multiplier' <Latency = 0> <II = 1> <Delay = 3.74> <FuncUnit> <Opcode : 'mul'> <InPorts = 2> <OutPorts = 1>
ST_12 : Operation 240 [1/1] (0.00ns)   --->   "%sext_ln294_1 = sext i5 %m89" [CASE/case_11/case_11.cc:294]   --->   Operation 240 'sext' 'sext_ln294_1' <Predicate = true> <Delay = 0.00>
ST_12 : Operation 241 [2/2] (2.10ns) (root node of the DSP)   --->   "%m92 = add i9 %mul_ln294_1, i9 %sext_ln294_1" [CASE/case_11/case_11.cc:307]   --->   Operation 241 'add' 'm92' <Predicate = true> <Delay = 2.10> <CoreInst = "DSP48">   --->   Core 116 'DSP48' <Latency = 3> <II = 1> <Delay = 2.15> <IPBlock> <Opcode : 'add' 'sub' 'mul' 'select'> <InPorts = 0> <OutPorts = 1> <Sync> <CReg>
ST_12 : Operation 242 [1/1] (0.00ns)   --->   "%sext_ln296 = sext i7 %m76" [CASE/case_11/case_11.cc:296]   --->   Operation 242 'sext' 'sext_ln296' <Predicate = true> <Delay = 0.00>
ST_12 : Operation 243 [1/1] (0.00ns)   --->   "%sext_ln296_1 = sext i10 %m81" [CASE/case_11/case_11.cc:296]   --->   Operation 243 'sext' 'sext_ln296_1' <Predicate = true> <Delay = 0.00>
ST_12 : Operation 244 [1/1] (4.52ns)   --->   "%m94 = mul i15 %sext_ln296_1, i15 %sext_ln296" [CASE/case_11/case_11.cc:296]   --->   Operation 244 'mul' 'm94' <Predicate = true> <Delay = 4.52> <CoreInst = "Multiplier">   --->   Core 3 'Multiplier' <Latency = 0> <II = 1> <Delay = 4.52> <FuncUnit> <Opcode : 'mul'> <InPorts = 2> <OutPorts = 1>
ST_12 : Operation 245 [1/1] (0.00ns)   --->   "%sext_ln396 = sext i15 %m94" [CASE/case_11/case_11.cc:396]   --->   Operation 245 'sext' 'sext_ln396' <Predicate = true> <Delay = 0.00>
ST_12 : Operation 246 [1/1] (0.00ns)   --->   "%write_ln396 = write void @_ssdm_op_Write.ap_none.i16P0A, i16 %out_data_12, i16 %sext_ln396" [CASE/case_11/case_11.cc:396]   --->   Operation 246 'write' 'write_ln396' <Predicate = true> <Delay = 0.00>

State 13 <SV = 12> <Delay = 6.45>
ST_13 : Operation 247 [1/1] (0.00ns)   --->   "%sext_ln273 = sext i12 %m63" [CASE/case_11/case_11.cc:273]   --->   Operation 247 'sext' 'sext_ln273' <Predicate = true> <Delay = 0.00>
ST_13 : Operation 248 [1/4] (0.00ns) (root node of the DSP)   --->   "%m78 = mul i11 %add_ln272, i11 %m71" [CASE/case_11/case_11.cc:280]   --->   Operation 248 'mul' 'm78' <Predicate = true> <Delay = 0.00> <CoreInst = "DSP48">   --->   Core 116 'DSP48' <Latency = 3> <II = 1> <Delay = 2.15> <IPBlock> <Opcode : 'add' 'sub' 'mul' 'select'> <InPorts = 0> <OutPorts = 1> <Sync> <CReg>
ST_13 : Operation 249 [1/1] (0.00ns)   --->   "%sext_ln287 = sext i6 %m84" [CASE/case_11/case_11.cc:287]   --->   Operation 249 'sext' 'sext_ln287' <Predicate = true> <Delay = 0.00>
ST_13 : Operation 250 [1/1] (5.62ns)   --->   "%mul_ln287 = mul i18 %sext_ln273, i18 %sext_ln287" [CASE/case_11/case_11.cc:287]   --->   Operation 250 'mul' 'mul_ln287' <Predicate = true> <Delay = 5.62> <CoreInst = "Multiplier">   --->   Core 3 'Multiplier' <Latency = 0> <II = 1> <Delay = 5.62> <FuncUnit> <Opcode : 'mul'> <InPorts = 2> <OutPorts = 1>
ST_13 : Operation 251 [1/1] (0.00ns)   --->   "%m85 = trunc i18 %mul_ln287" [CASE/case_11/case_11.cc:287]   --->   Operation 251 'trunc' 'm85' <Predicate = true> <Delay = 0.00>
ST_13 : Operation 252 [1/1] (0.00ns)   --->   "%sext_ln320 = sext i8 %m88" [CASE/case_11/case_11.cc:320]   --->   Operation 252 'sext' 'sext_ln320' <Predicate = true> <Delay = 0.00>
ST_13 : Operation 253 [1/1] (0.00ns)   --->   "%trunc_ln293 = trunc i11 %m78" [CASE/case_11/case_11.cc:293]   --->   Operation 253 'trunc' 'trunc_ln293' <Predicate = true> <Delay = 0.00>
ST_13 : Operation 254 [1/1] (4.35ns)   --->   "%m91 = mul i9 %trunc_ln293, i9 %sext_ln320" [CASE/case_11/case_11.cc:293]   --->   Operation 254 'mul' 'm91' <Predicate = true> <Delay = 4.35> <CoreInst = "Multiplier">   --->   Core 3 'Multiplier' <Latency = 0> <II = 1> <Delay = 4.35> <FuncUnit> <Opcode : 'mul'> <InPorts = 2> <OutPorts = 1>
ST_13 : Operation 255 [1/2] (2.10ns) (root node of the DSP)   --->   "%m92 = add i9 %mul_ln294_1, i9 %sext_ln294_1" [CASE/case_11/case_11.cc:307]   --->   Operation 255 'add' 'm92' <Predicate = true> <Delay = 2.10> <CoreInst = "DSP48">   --->   Core 116 'DSP48' <Latency = 3> <II = 1> <Delay = 2.15> <IPBlock> <Opcode : 'add' 'sub' 'mul' 'select'> <InPorts = 0> <OutPorts = 1> <Sync> <CReg>
ST_13 : Operation 256 [1/1] (0.00ns)   --->   "%trunc_ln297_1 = trunc i18 %mul_ln287" [CASE/case_11/case_11.cc:297]   --->   Operation 256 'trunc' 'trunc_ln297_1' <Predicate = true> <Delay = 0.00>
ST_13 : Operation 257 [1/1] (3.78ns)   --->   "%m99 = mul i6 %m84, i6 %trunc_ln286" [CASE/case_11/case_11.cc:301]   --->   Operation 257 'mul' 'm99' <Predicate = true> <Delay = 3.78> <CoreInst = "Multiplier">   --->   Core 3 'Multiplier' <Latency = 0> <II = 1> <Delay = 3.78> <FuncUnit> <Opcode : 'mul'> <InPorts = 2> <OutPorts = 1>
ST_13 : Operation 258 [1/1] (0.00ns)   --->   "%trunc_ln302 = trunc i9 %m91" [CASE/case_11/case_11.cc:302]   --->   Operation 258 'trunc' 'trunc_ln302' <Predicate = true> <Delay = 0.00>
ST_13 : Operation 259 [1/1] (0.00ns)   --->   "%trunc_ln305 = trunc i18 %mul_ln287" [CASE/case_11/case_11.cc:305]   --->   Operation 259 'trunc' 'trunc_ln305' <Predicate = true> <Delay = 0.00>
ST_13 : Operation 260 [1/1] (0.00ns)   --->   "%sext_ln307 = sext i6 %m84" [CASE/case_11/case_11.cc:307]   --->   Operation 260 'sext' 'sext_ln307' <Predicate = true> <Delay = 0.00>
ST_13 : Operation 261 [1/1] (4.35ns)   --->   "%m105 = mul i9 %m92, i9 %sext_ln307" [CASE/case_11/case_11.cc:307]   --->   Operation 261 'mul' 'm105' <Predicate = true> <Delay = 4.35> <CoreInst = "Multiplier">   --->   Core 3 'Multiplier' <Latency = 0> <II = 1> <Delay = 4.35> <FuncUnit> <Opcode : 'mul'> <InPorts = 2> <OutPorts = 1>
ST_13 : Operation 262 [1/1] (0.00ns)   --->   "%trunc_ln316 = trunc i9 %m92" [CASE/case_11/case_11.cc:316]   --->   Operation 262 'trunc' 'trunc_ln316' <Predicate = true> <Delay = 0.00>

State 14 <SV = 13> <Delay = 6.26>
ST_14 : Operation 263 [1/1] (0.00ns)   --->   "%sext_ln295 = sext i12 %m85" [CASE/case_11/case_11.cc:295]   --->   Operation 263 'sext' 'sext_ln295' <Predicate = true> <Delay = 0.00>
ST_14 : Operation 264 [1/1] (0.00ns)   --->   "%sext_ln295_1 = sext i10 %m74" [CASE/case_11/case_11.cc:295]   --->   Operation 264 'sext' 'sext_ln295_1' <Predicate = true> <Delay = 0.00>
ST_14 : Operation 265 [1/1] (5.62ns)   --->   "%mul_ln295 = mul i16 %sext_ln295, i16 %sext_ln295_1" [CASE/case_11/case_11.cc:295]   --->   Operation 265 'mul' 'mul_ln295' <Predicate = true> <Delay = 5.62> <CoreInst = "Multiplier">   --->   Core 3 'Multiplier' <Latency = 0> <II = 1> <Delay = 5.62> <FuncUnit> <Opcode : 'mul'> <InPorts = 2> <OutPorts = 1>
ST_14 : Operation 266 [1/1] (3.78ns)   --->   "%m95 = mul i6 %trunc_ln297_1, i6 %trunc_ln297" [CASE/case_11/case_11.cc:297]   --->   Operation 266 'mul' 'm95' <Predicate = true> <Delay = 3.78> <CoreInst = "Multiplier">   --->   Core 3 'Multiplier' <Latency = 0> <II = 1> <Delay = 3.78> <FuncUnit> <Opcode : 'mul'> <InPorts = 2> <OutPorts = 1>
ST_14 : Operation 267 [1/1] (5.63ns)   --->   "%m96 = mul i11 %m78, i11 %m78" [CASE/case_11/case_11.cc:298]   --->   Operation 267 'mul' 'm96' <Predicate = true> <Delay = 5.63> <CoreInst = "Multiplier">   --->   Core 3 'Multiplier' <Latency = 0> <II = 1> <Delay = 5.63> <FuncUnit> <Opcode : 'mul'> <InPorts = 2> <OutPorts = 1>
ST_14 : Operation 268 [1/1] (0.00ns)   --->   "%trunc_ln299_1 = trunc i6 %m95" [CASE/case_11/case_11.cc:299]   --->   Operation 268 'trunc' 'trunc_ln299_1' <Predicate = true> <Delay = 0.00>
ST_14 : Operation 269 [1/1] (0.00ns)   --->   "%sext_ln300 = sext i7 %m86" [CASE/case_11/case_11.cc:300]   --->   Operation 269 'sext' 'sext_ln300' <Predicate = true> <Delay = 0.00>
ST_14 : Operation 270 [1/1] (1.91ns)   --->   "%m98 = add i8 %mul_ln300, i8 %sext_ln300" [CASE/case_11/case_11.cc:300]   --->   Operation 270 'add' 'm98' <Predicate = true> <Delay = 1.91> <CoreInst = "Adder">   --->   Core 1 'Adder' <Latency = 0> <II = 1> <Delay = 1.91> <FuncUnit> <Opcode : 'add' 'sub'> <InPorts = 2> <OutPorts = 1>
ST_14 : Operation 271 [1/1] (0.00ns)   --->   "%sext_ln306 = sext i8 %m98" [CASE/case_11/case_11.cc:306]   --->   Operation 271 'sext' 'sext_ln306' <Predicate = true> <Delay = 0.00>
ST_14 : Operation 272 [1/1] (4.35ns)   --->   "%mul_ln306 = mul i9 %m91, i9 %sext_ln306" [CASE/case_11/case_11.cc:306]   --->   Operation 272 'mul' 'mul_ln306' <Predicate = true> <Delay = 4.35> <CoreInst = "Multiplier">   --->   Core 3 'Multiplier' <Latency = 0> <II = 1> <Delay = 4.35> <FuncUnit> <Opcode : 'mul'> <InPorts = 2> <OutPorts = 1>
ST_14 : Operation 273 [1/1] (0.00ns)   --->   "%trunc_ln306 = trunc i11 %m96" [CASE/case_11/case_11.cc:306]   --->   Operation 273 'trunc' 'trunc_ln306' <Predicate = true> <Delay = 0.00>
ST_14 : Operation 274 [1/1] (0.00ns)   --->   "%trunc_ln316_1 = trunc i11 %m96" [CASE/case_11/case_11.cc:316]   --->   Operation 274 'trunc' 'trunc_ln316_1' <Predicate = true> <Delay = 0.00>
ST_14 : Operation 275 [1/1] (0.00ns)   --->   "%trunc_ln323 = trunc i9 %mul_ln306" [CASE/case_11/case_11.cc:323]   --->   Operation 275 'trunc' 'trunc_ln323' <Predicate = true> <Delay = 0.00>
ST_14 : Operation 276 [1/1] (0.00ns)   --->   "%trunc_ln332 = trunc i9 %mul_ln306" [CASE/case_11/case_11.cc:332]   --->   Operation 276 'trunc' 'trunc_ln332' <Predicate = true> <Delay = 0.00>
ST_14 : Operation 277 [1/1] (0.00ns)   --->   "%trunc_ln338_1 = trunc i8 %m98" [CASE/case_11/case_11.cc:338]   --->   Operation 277 'trunc' 'trunc_ln338_1' <Predicate = true> <Delay = 0.00>
ST_14 : Operation 278 [1/1] (0.00ns)   --->   "%write_ln395 = write void @_ssdm_op_Write.ap_none.i16P0A, i16 %out_data_11, i16 %mul_ln295" [CASE/case_11/case_11.cc:395]   --->   Operation 278 'write' 'write_ln395' <Predicate = true> <Delay = 0.00>

State 15 <SV = 14> <Delay = 4.68>
ST_15 : Operation 279 [1/1] (0.00ns)   --->   "%sext_ln302 = sext i7 %m90" [CASE/case_11/case_11.cc:302]   --->   Operation 279 'sext' 'sext_ln302' <Predicate = true> <Delay = 0.00>
ST_15 : Operation 280 [1/1] (2.25ns) (grouped into DSP with root node mul_ln327)   --->   "%add_ln302 = add i8 %trunc_ln302, i8 %sext_ln302" [CASE/case_11/case_11.cc:302]   --->   Operation 280 'add' 'add_ln302' <Predicate = true> <Delay = 2.25> <CoreInst = "DSP48">   --->   Core 116 'DSP48' <Latency = 3> <II = 1> <Delay = 2.15> <IPBlock> <Opcode : 'add' 'sub' 'mul' 'select'> <InPorts = 0> <OutPorts = 1> <Sync> <CReg>
ST_15 : Operation 281 [1/1] (0.00ns)   --->   "%sext_ln314 = sext i6 %m95" [CASE/case_11/case_11.cc:314]   --->   Operation 281 'sext' 'sext_ln314' <Predicate = true> <Delay = 0.00>
ST_15 : Operation 282 [1/1] (3.74ns)   --->   "%mul_ln314 = mul i7 %m87, i7 %sext_ln314" [CASE/case_11/case_11.cc:314]   --->   Operation 282 'mul' 'mul_ln314' <Predicate = true> <Delay = 3.74> <CoreInst = "Multiplier">   --->   Core 3 'Multiplier' <Latency = 0> <II = 1> <Delay = 3.74> <FuncUnit> <Opcode : 'mul'> <InPorts = 2> <OutPorts = 1>
ST_15 : Operation 283 [1/1] (4.35ns)   --->   "%m104 = mul i9 %mul_ln306, i9 %trunc_ln306" [CASE/case_11/case_11.cc:306]   --->   Operation 283 'mul' 'm104' <Predicate = true> <Delay = 4.35> <CoreInst = "Multiplier">   --->   Core 3 'Multiplier' <Latency = 0> <II = 1> <Delay = 4.35> <FuncUnit> <Opcode : 'mul'> <InPorts = 2> <OutPorts = 1>
ST_15 : Operation 284 [1/1] (0.00ns)   --->   "%trunc_ln312 = trunc i7 %mul_ln314" [CASE/case_11/case_11.cc:312]   --->   Operation 284 'trunc' 'trunc_ln312' <Predicate = true> <Delay = 0.00>
ST_15 : Operation 285 [1/1] (1.82ns)   --->   "%m114 = add i6 %trunc_ln316, i6 %trunc_ln316_1" [CASE/case_11/case_11.cc:316]   --->   Operation 285 'add' 'm114' <Predicate = true> <Delay = 1.82> <CoreInst = "Adder">   --->   Core 1 'Adder' <Latency = 0> <II = 1> <Delay = 1.82> <FuncUnit> <Opcode : 'add' 'sub'> <InPorts = 2> <OutPorts = 1>
ST_15 : Operation 286 [1/1] (0.00ns)   --->   "%sext_ln327 = sext i6 %m114" [CASE/case_11/case_11.cc:327]   --->   Operation 286 'sext' 'sext_ln327' <Predicate = true> <Delay = 0.00>
ST_15 : Operation 287 [4/4] (1.05ns) (root node of the DSP)   --->   "%mul_ln327 = mul i8 %add_ln302, i8 %sext_ln327" [CASE/case_11/case_11.cc:327]   --->   Operation 287 'mul' 'mul_ln327' <Predicate = true> <Delay = 1.05> <CoreInst = "DSP48">   --->   Core 116 'DSP48' <Latency = 3> <II = 1> <Delay = 2.15> <IPBlock> <Opcode : 'add' 'sub' 'mul' 'select'> <InPorts = 0> <OutPorts = 1> <Sync> <CReg>
ST_15 : Operation 288 [1/1] (2.34ns)   --->   "%mul_ln319 = mul i4 %trunc_ln299, i4 %trunc_ln299_1" [CASE/case_11/case_11.cc:319]   --->   Operation 288 'mul' 'mul_ln319' <Predicate = true> <Delay = 2.34> <CoreInst = "Multiplier">   --->   Core 3 'Multiplier' <Latency = 0> <II = 1> <Delay = 2.34> <FuncUnit> <Opcode : 'mul'> <InPorts = 2> <OutPorts = 1>
ST_15 : Operation 289 [1/1] (2.34ns)   --->   "%m117 = mul i4 %mul_ln319, i4 %trunc_ln299_1" [CASE/case_11/case_11.cc:319]   --->   Operation 289 'mul' 'm117' <Predicate = true> <Delay = 2.34> <CoreInst = "Multiplier">   --->   Core 3 'Multiplier' <Latency = 0> <II = 1> <Delay = 2.34> <FuncUnit> <Opcode : 'mul'> <InPorts = 2> <OutPorts = 1>
ST_15 : Operation 290 [1/1] (0.00ns)   --->   "%trunc_ln355 = trunc i9 %m104" [CASE/case_11/case_11.cc:355]   --->   Operation 290 'trunc' 'trunc_ln355' <Predicate = true> <Delay = 0.00>
ST_15 : Operation 291 [1/1] (0.00ns)   --->   "%trunc_ln355_1 = trunc i7 %mul_ln314" [CASE/case_11/case_11.cc:355]   --->   Operation 291 'trunc' 'trunc_ln355_1' <Predicate = true> <Delay = 0.00>

State 16 <SV = 15> <Delay = 6.26>
ST_16 : Operation 292 [1/1] (0.00ns)   --->   "%sext_ln308 = sext i9 %m104" [CASE/case_11/case_11.cc:308]   --->   Operation 292 'sext' 'sext_ln308' <Predicate = true> <Delay = 0.00>
ST_16 : Operation 293 [1/1] (0.00ns)   --->   "%sext_ln308_1 = sext i9 %m105" [CASE/case_11/case_11.cc:308]   --->   Operation 293 'sext' 'sext_ln308_1' <Predicate = true> <Delay = 0.00>
ST_16 : Operation 294 [1/1] (4.35ns)   --->   "%m106 = mul i14 %sext_ln308, i14 %sext_ln308_1" [CASE/case_11/case_11.cc:308]   --->   Operation 294 'mul' 'm106' <Predicate = true> <Delay = 4.35> <CoreInst = "Multiplier">   --->   Core 3 'Multiplier' <Latency = 0> <II = 1> <Delay = 4.35> <FuncUnit> <Opcode : 'mul'> <InPorts = 2> <OutPorts = 1>
ST_16 : Operation 295 [1/1] (1.91ns)   --->   "%add_ln309 = add i9 %sext_ln306, i9 %sext_ln320" [CASE/case_11/case_11.cc:309]   --->   Operation 295 'add' 'add_ln309' <Predicate = true> <Delay = 1.91> <CoreInst = "Adder">   --->   Core 1 'Adder' <Latency = 0> <II = 1> <Delay = 1.91> <FuncUnit> <Opcode : 'add' 'sub'> <InPorts = 2> <OutPorts = 1>
ST_16 : Operation 296 [1/1] (0.00ns)   --->   "%trunc_ln320 = trunc i14 %m106" [CASE/case_11/case_11.cc:320]   --->   Operation 296 'trunc' 'trunc_ln320' <Predicate = true> <Delay = 0.00>
ST_16 : Operation 297 [1/1] (0.00ns)   --->   "%sext_ln330 = sext i9 %add_ln309" [CASE/case_11/case_11.cc:330]   --->   Operation 297 'sext' 'sext_ln330' <Predicate = true> <Delay = 0.00>
ST_16 : Operation 298 [1/1] (0.00ns)   --->   "%sext_ln330_1 = sext i6 %m99" [CASE/case_11/case_11.cc:330]   --->   Operation 298 'sext' 'sext_ln330_1' <Predicate = true> <Delay = 0.00>
ST_16 : Operation 299 [1/1] (4.35ns)   --->   "%mul_ln330 = mul i10 %sext_ln330, i10 %sext_ln330_1" [CASE/case_11/case_11.cc:330]   --->   Operation 299 'mul' 'mul_ln330' <Predicate = true> <Delay = 4.35> <CoreInst = "Multiplier">   --->   Core 3 'Multiplier' <Latency = 0> <II = 1> <Delay = 4.35> <FuncUnit> <Opcode : 'mul'> <InPorts = 2> <OutPorts = 1>
ST_16 : Operation 300 [1/1] (3.74ns)   --->   "%m112 = mul i7 %mul_ln314, i7 %m90" [CASE/case_11/case_11.cc:314]   --->   Operation 300 'mul' 'm112' <Predicate = true> <Delay = 3.74> <CoreInst = "Multiplier">   --->   Core 3 'Multiplier' <Latency = 0> <II = 1> <Delay = 3.74> <FuncUnit> <Opcode : 'mul'> <InPorts = 2> <OutPorts = 1>
ST_16 : Operation 301 [1/1] (0.00ns)   --->   "%sext_ln315 = sext i6 %m99" [CASE/case_11/case_11.cc:315]   --->   Operation 301 'sext' 'sext_ln315' <Predicate = true> <Delay = 0.00>
ST_16 : Operation 302 [1/1] (1.87ns)   --->   "%add_ln315 = add i8 %sext_ln302, i8 %sext_ln315" [CASE/case_11/case_11.cc:315]   --->   Operation 302 'add' 'add_ln315' <Predicate = true> <Delay = 1.87> <CoreInst = "Adder">   --->   Core 1 'Adder' <Latency = 0> <II = 1> <Delay = 1.87> <FuncUnit> <Opcode : 'add' 'sub'> <InPorts = 2> <OutPorts = 1>
ST_16 : Operation 303 [3/4] (1.05ns) (root node of the DSP)   --->   "%mul_ln327 = mul i8 %add_ln302, i8 %sext_ln327" [CASE/case_11/case_11.cc:327]   --->   Operation 303 'mul' 'mul_ln327' <Predicate = true> <Delay = 1.05> <CoreInst = "DSP48">   --->   Core 116 'DSP48' <Latency = 3> <II = 1> <Delay = 2.15> <IPBlock> <Opcode : 'add' 'sub' 'mul' 'select'> <InPorts = 0> <OutPorts = 1> <Sync> <CReg>
ST_16 : Operation 304 [1/1] (0.00ns)   --->   "%trunc_ln318 = trunc i14 %m106" [CASE/case_11/case_11.cc:318]   --->   Operation 304 'trunc' 'trunc_ln318' <Predicate = true> <Delay = 0.00>
ST_16 : Operation 305 [1/1] (1.63ns)   --->   "%m116 = add i11 %trunc_ln318, i11 %m96" [CASE/case_11/case_11.cc:318]   --->   Operation 305 'add' 'm116' <Predicate = true> <Delay = 1.63> <CoreInst = "Adder">   --->   Core 1 'Adder' <Latency = 0> <II = 1> <Delay = 1.63> <FuncUnit> <Opcode : 'add' 'sub'> <InPorts = 2> <OutPorts = 1>
ST_16 : Operation 306 [1/1] (0.00ns)   --->   "%trunc_ln332_1 = trunc i9 %add_ln309" [CASE/case_11/case_11.cc:332]   --->   Operation 306 'trunc' 'trunc_ln332_1' <Predicate = true> <Delay = 0.00>
ST_16 : Operation 307 [1/1] (0.00ns)   --->   "%trunc_ln328 = trunc i7 %m112" [CASE/case_11/case_11.cc:328]   --->   Operation 307 'trunc' 'trunc_ln328' <Predicate = true> <Delay = 0.00>
ST_16 : Operation 308 [1/1] (0.00ns)   --->   "%trunc_ln355_2 = trunc i8 %add_ln315" [CASE/case_11/case_11.cc:355]   --->   Operation 308 'trunc' 'trunc_ln355_2' <Predicate = true> <Delay = 0.00>
ST_16 : Operation 309 [1/1] (0.00ns)   --->   "%trunc_ln338 = trunc i11 %m116" [CASE/case_11/case_11.cc:338]   --->   Operation 309 'trunc' 'trunc_ln338' <Predicate = true> <Delay = 0.00>
ST_16 : Operation 310 [1/1] (2.34ns)   --->   "%mul_ln355 = mul i4 %trunc_ln355_2, i4 %trunc_ln355_1" [CASE/case_11/case_11.cc:355]   --->   Operation 310 'mul' 'mul_ln355' <Predicate = true> <Delay = 2.34> <CoreInst = "Multiplier">   --->   Core 3 'Multiplier' <Latency = 0> <II = 1> <Delay = 2.34> <FuncUnit> <Opcode : 'mul'> <InPorts = 2> <OutPorts = 1>

State 17 <SV = 16> <Delay = 6.26>
ST_17 : Operation 311 [1/1] (4.35ns)   --->   "%mul_ln320 = mul i9 %trunc_ln320, i9 %sext_ln320" [CASE/case_11/case_11.cc:320]   --->   Operation 311 'mul' 'mul_ln320' <Predicate = true> <Delay = 4.35> <CoreInst = "Multiplier">   --->   Core 3 'Multiplier' <Latency = 0> <II = 1> <Delay = 4.35> <FuncUnit> <Opcode : 'mul'> <InPorts = 2> <OutPorts = 1>
ST_17 : Operation 312 [1/1] (0.00ns)   --->   "%trunc_ln312_1 = trunc i9 %mul_ln320" [CASE/case_11/case_11.cc:312]   --->   Operation 312 'trunc' 'trunc_ln312_1' <Predicate = true> <Delay = 0.00>
ST_17 : Operation 313 [1/1] (0.00ns)   --->   "%sext_ln330_2 = sext i6 %m114" [CASE/case_11/case_11.cc:330]   --->   Operation 313 'sext' 'sext_ln330_2' <Predicate = true> <Delay = 0.00>
ST_17 : Operation 314 [2/4] (1.05ns) (root node of the DSP)   --->   "%mul_ln327 = mul i8 %add_ln302, i8 %sext_ln327" [CASE/case_11/case_11.cc:327]   --->   Operation 314 'mul' 'mul_ln327' <Predicate = true> <Delay = 1.05> <CoreInst = "DSP48">   --->   Core 116 'DSP48' <Latency = 3> <II = 1> <Delay = 2.15> <IPBlock> <Opcode : 'add' 'sub' 'mul' 'select'> <InPorts = 0> <OutPorts = 1> <Sync> <CReg>
ST_17 : Operation 315 [1/1] (0.00ns)   --->   "%sext_ln328 = sext i4 %m117" [CASE/case_11/case_11.cc:328]   --->   Operation 315 'sext' 'sext_ln328' <Predicate = true> <Delay = 0.00>
ST_17 : Operation 316 [1/1] (3.78ns)   --->   "%m126 = mul i6 %trunc_ln328, i6 %sext_ln328" [CASE/case_11/case_11.cc:328]   --->   Operation 316 'mul' 'm126' <Predicate = true> <Delay = 3.78> <CoreInst = "Multiplier">   --->   Core 3 'Multiplier' <Latency = 0> <II = 1> <Delay = 3.78> <FuncUnit> <Opcode : 'mul'> <InPorts = 2> <OutPorts = 1>
ST_17 : Operation 317 [1/1] (0.00ns)   --->   "%trunc_ln329_1 = trunc i9 %mul_ln320" [CASE/case_11/case_11.cc:329]   --->   Operation 317 'trunc' 'trunc_ln329_1' <Predicate = true> <Delay = 0.00>
ST_17 : Operation 318 [1/1] (4.52ns)   --->   "%m128 = mul i10 %mul_ln330, i10 %sext_ln330_2" [CASE/case_11/case_11.cc:330]   --->   Operation 318 'mul' 'm128' <Predicate = true> <Delay = 4.52> <CoreInst = "Multiplier">   --->   Core 3 'Multiplier' <Latency = 0> <II = 1> <Delay = 4.52> <FuncUnit> <Opcode : 'mul'> <InPorts = 2> <OutPorts = 1>
ST_17 : Operation 319 [1/1] (0.00ns)   --->   "%trunc_ln333 = trunc i9 %mul_ln320" [CASE/case_11/case_11.cc:333]   --->   Operation 319 'trunc' 'trunc_ln333' <Predicate = true> <Delay = 0.00>
ST_17 : Operation 320 [1/1] (1.91ns)   --->   "%m131 = add i8 %trunc_ln333, i8 %add_ln315" [CASE/case_11/case_11.cc:333]   --->   Operation 320 'add' 'm131' <Predicate = true> <Delay = 1.91> <CoreInst = "Adder">   --->   Core 1 'Adder' <Latency = 0> <II = 1> <Delay = 1.91> <FuncUnit> <Opcode : 'add' 'sub'> <InPorts = 2> <OutPorts = 1>
ST_17 : Operation 321 [1/1] (0.00ns)   --->   "%trunc_ln337_2 = trunc i10 %m128" [CASE/case_11/case_11.cc:337]   --->   Operation 321 'trunc' 'trunc_ln337_2' <Predicate = true> <Delay = 0.00>
ST_17 : Operation 322 [1/1] (2.25ns) (grouped into DSP with root node m136)   --->   "%add_ln338 = add i7 %trunc_ln305, i7 %sext_ln314" [CASE/case_11/case_11.cc:338]   --->   Operation 322 'add' 'add_ln338' <Predicate = true> <Delay = 2.25> <CoreInst = "DSP48">   --->   Core 116 'DSP48' <Latency = 3> <II = 1> <Delay = 2.15> <IPBlock> <Opcode : 'add' 'sub' 'mul' 'select'> <InPorts = 0> <OutPorts = 1> <Sync> <CReg>
ST_17 : Operation 323 [1/1] (3.74ns)   --->   "%mul_ln338 = mul i7 %trunc_ln338_1, i7 %trunc_ln338" [CASE/case_11/case_11.cc:338]   --->   Operation 323 'mul' 'mul_ln338' <Predicate = true> <Delay = 3.74> <CoreInst = "Multiplier">   --->   Core 3 'Multiplier' <Latency = 0> <II = 1> <Delay = 3.74> <FuncUnit> <Opcode : 'mul'> <InPorts = 2> <OutPorts = 1>
ST_17 : Operation 324 [4/4] (1.05ns) (root node of the DSP)   --->   "%m136 = mul i7 %mul_ln338, i7 %add_ln338" [CASE/case_11/case_11.cc:354]   --->   Operation 324 'mul' 'm136' <Predicate = true> <Delay = 1.05> <CoreInst = "DSP48">   --->   Core 116 'DSP48' <Latency = 3> <II = 1> <Delay = 2.15> <IPBlock> <Opcode : 'add' 'sub' 'mul' 'select'> <InPorts = 0> <OutPorts = 1> <Sync> <CReg>
ST_17 : Operation 325 [1/1] (0.00ns)   --->   "%trunc_ln355_3 = trunc i8 %m131" [CASE/case_11/case_11.cc:355]   --->   Operation 325 'trunc' 'trunc_ln355_3' <Predicate = true> <Delay = 0.00>

State 18 <SV = 17> <Delay = 6.79>
ST_18 : Operation 326 [1/1] (0.00ns)   --->   "%sext_ln317 = sext i6 %m114" [CASE/case_11/case_11.cc:317]   --->   Operation 326 'sext' 'sext_ln317' <Predicate = true> <Delay = 0.00>
ST_18 : Operation 327 [1/4] (0.00ns) (root node of the DSP)   --->   "%mul_ln327 = mul i8 %add_ln302, i8 %sext_ln327" [CASE/case_11/case_11.cc:327]   --->   Operation 327 'mul' 'mul_ln327' <Predicate = true> <Delay = 0.00> <CoreInst = "DSP48">   --->   Core 116 'DSP48' <Latency = 3> <II = 1> <Delay = 2.15> <IPBlock> <Opcode : 'add' 'sub' 'mul' 'select'> <InPorts = 0> <OutPorts = 1> <Sync> <CReg>
ST_18 : Operation 328 [1/1] (4.35ns)   --->   "%m118 = mul i9 %mul_ln320, i9 %m105" [CASE/case_11/case_11.cc:320]   --->   Operation 328 'mul' 'm118' <Predicate = true> <Delay = 4.35> <CoreInst = "Multiplier">   --->   Core 3 'Multiplier' <Latency = 0> <II = 1> <Delay = 4.35> <FuncUnit> <Opcode : 'mul'> <InPorts = 2> <OutPorts = 1>
ST_18 : Operation 329 [1/1] (0.00ns)   --->   "%sext_ln322 = sext i11 %m116" [CASE/case_11/case_11.cc:322]   --->   Operation 329 'sext' 'sext_ln322' <Predicate = true> <Delay = 0.00>
ST_18 : Operation 330 [1/1] (5.63ns)   --->   "%mul_ln322 = mul i17 %sext_ln322, i17 %sext_ln317" [CASE/case_11/case_11.cc:322]   --->   Operation 330 'mul' 'mul_ln322' <Predicate = true> <Delay = 5.63> <CoreInst = "Multiplier">   --->   Core 3 'Multiplier' <Latency = 0> <II = 1> <Delay = 5.63> <FuncUnit> <Opcode : 'mul'> <InPorts = 2> <OutPorts = 1>
ST_18 : Operation 331 [1/1] (0.00ns)   --->   "%m123 = trunc i17 %mul_ln322" [CASE/case_11/case_11.cc:325]   --->   Operation 331 'trunc' 'm123' <Predicate = true> <Delay = 0.00>
ST_18 : Operation 332 [1/1] (4.17ns)   --->   "%m125 = mul i8 %mul_ln327, i8 %trunc_ln323" [CASE/case_11/case_11.cc:327]   --->   Operation 332 'mul' 'm125' <Predicate = true> <Delay = 4.17> <CoreInst = "Multiplier">   --->   Core 3 'Multiplier' <Latency = 0> <II = 1> <Delay = 4.17> <FuncUnit> <Opcode : 'mul'> <InPorts = 2> <OutPorts = 1>
ST_18 : Operation 333 [1/1] (3.78ns)   --->   "%mul_ln329 = mul i6 %trunc_ln329, i6 %trunc_ln329_1" [CASE/case_11/case_11.cc:329]   --->   Operation 333 'mul' 'mul_ln329' <Predicate = true> <Delay = 3.78> <CoreInst = "Multiplier">   --->   Core 3 'Multiplier' <Latency = 0> <II = 1> <Delay = 3.78> <FuncUnit> <Opcode : 'mul'> <InPorts = 2> <OutPorts = 1>
ST_18 : Operation 334 [1/1] (0.00ns)   --->   "%m132 = trunc i17 %mul_ln322" [CASE/case_11/case_11.cc:334]   --->   Operation 334 'trunc' 'm132' <Predicate = true> <Delay = 0.00>
ST_18 : Operation 335 [1/1] (0.00ns)   --->   "%sext_ln335 = sext i6 %m126" [CASE/case_11/case_11.cc:335]   --->   Operation 335 'sext' 'sext_ln335' <Predicate = true> <Delay = 0.00>
ST_18 : Operation 336 [1/1] (4.52ns)   --->   "%m133 = mul i10 %m128, i10 %sext_ln335" [CASE/case_11/case_11.cc:335]   --->   Operation 336 'mul' 'm133' <Predicate = true> <Delay = 4.52> <CoreInst = "Multiplier">   --->   Core 3 'Multiplier' <Latency = 0> <II = 1> <Delay = 4.52> <FuncUnit> <Opcode : 'mul'> <InPorts = 2> <OutPorts = 1>
ST_18 : Operation 337 [1/1] (0.00ns)   --->   "%trunc_ln337 = trunc i10 %m133" [CASE/case_11/case_11.cc:337]   --->   Operation 337 'trunc' 'trunc_ln337' <Predicate = true> <Delay = 0.00>
ST_18 : Operation 338 [1/1] (0.00ns)   --->   "%trunc_ln337_1 = trunc i10 %m133" [CASE/case_11/case_11.cc:337]   --->   Operation 338 'trunc' 'trunc_ln337_1' <Predicate = true> <Delay = 0.00>
ST_18 : Operation 339 [3/4] (1.05ns) (root node of the DSP)   --->   "%m136 = mul i7 %mul_ln338, i7 %add_ln338" [CASE/case_11/case_11.cc:354]   --->   Operation 339 'mul' 'm136' <Predicate = true> <Delay = 1.05> <CoreInst = "DSP48">   --->   Core 116 'DSP48' <Latency = 3> <II = 1> <Delay = 2.15> <IPBlock> <Opcode : 'add' 'sub' 'mul' 'select'> <InPorts = 0> <OutPorts = 1> <Sync> <CReg>
ST_18 : Operation 340 [1/1] (0.00ns)   --->   "%trunc_ln345 = trunc i8 %mul_ln327" [CASE/case_11/case_11.cc:345]   --->   Operation 340 'trunc' 'trunc_ln345' <Predicate = true> <Delay = 0.00>
ST_18 : Operation 341 [1/1] (0.00ns)   --->   "%trunc_ln345_1 = trunc i17 %mul_ln322" [CASE/case_11/case_11.cc:345]   --->   Operation 341 'trunc' 'trunc_ln345_1' <Predicate = true> <Delay = 0.00>
ST_18 : Operation 342 [1/1] (0.00ns)   --->   "%trunc_ln344 = trunc i17 %mul_ln322" [CASE/case_11/case_11.cc:344]   --->   Operation 342 'trunc' 'trunc_ln344' <Predicate = true> <Delay = 0.00>
ST_18 : Operation 343 [1/1] (3.49ns)   --->   "%mul_ln344 = mul i5 %trunc_ln312_1, i5 %trunc_ln312" [CASE/case_11/case_11.cc:344]   --->   Operation 343 'mul' 'mul_ln344' <Predicate = true> <Delay = 3.49> <CoreInst = "Multiplier">   --->   Core 3 'Multiplier' <Latency = 0> <II = 1> <Delay = 3.49> <FuncUnit> <Opcode : 'mul'> <InPorts = 2> <OutPorts = 1>
ST_18 : Operation 344 [1/1] (2.25ns) (grouped into DSP with root node m142)   --->   "%add_ln344 = add i5 %mul_ln344, i5 %trunc_ln332" [CASE/case_11/case_11.cc:344]   --->   Operation 344 'add' 'add_ln344' <Predicate = true> <Delay = 2.25> <CoreInst = "DSP48">   --->   Core 116 'DSP48' <Latency = 3> <II = 1> <Delay = 2.15> <IPBlock> <Opcode : 'add' 'sub' 'mul' 'select'> <InPorts = 0> <OutPorts = 1> <Sync> <CReg>
ST_18 : Operation 345 [4/4] (1.05ns) (root node of the DSP)   --->   "%m142 = mul i5 %trunc_ln344, i5 %add_ln344" [CASE/case_11/case_11.cc:353]   --->   Operation 345 'mul' 'm142' <Predicate = true> <Delay = 1.05> <CoreInst = "DSP48">   --->   Core 116 'DSP48' <Latency = 3> <II = 1> <Delay = 2.15> <IPBlock> <Opcode : 'add' 'sub' 'mul' 'select'> <InPorts = 0> <OutPorts = 1> <Sync> <CReg>
ST_18 : Operation 346 [1/1] (0.00ns)   --->   "%trunc_ln360 = trunc i17 %mul_ln322" [CASE/case_11/case_11.cc:360]   --->   Operation 346 'trunc' 'trunc_ln360' <Predicate = true> <Delay = 0.00>
ST_18 : Operation 347 [1/1] (2.34ns)   --->   "%mul_ln355_1 = mul i4 %trunc_ln355, i4 %trunc_ln355_3" [CASE/case_11/case_11.cc:355]   --->   Operation 347 'mul' 'mul_ln355_1' <Predicate = true> <Delay = 2.34> <CoreInst = "Multiplier">   --->   Core 3 'Multiplier' <Latency = 0> <II = 1> <Delay = 2.34> <FuncUnit> <Opcode : 'mul'> <InPorts = 2> <OutPorts = 1>
ST_18 : Operation 348 [1/1] (2.34ns)   --->   "%m153 = mul i4 %mul_ln355_1, i4 %mul_ln355" [CASE/case_11/case_11.cc:355]   --->   Operation 348 'mul' 'm153' <Predicate = true> <Delay = 2.34> <CoreInst = "Multiplier">   --->   Core 3 'Multiplier' <Latency = 0> <II = 1> <Delay = 2.34> <FuncUnit> <Opcode : 'mul'> <InPorts = 2> <OutPorts = 1>
ST_18 : Operation 349 [1/1] (0.00ns)   --->   "%trunc_ln380 = trunc i17 %mul_ln322" [CASE/case_11/case_11.cc:380]   --->   Operation 349 'trunc' 'trunc_ln380' <Predicate = true> <Delay = 0.00>
ST_18 : Operation 350 [1/1] (0.00ns)   --->   "%trunc_ln367_1 = trunc i8 %m125" [CASE/case_11/case_11.cc:367]   --->   Operation 350 'trunc' 'trunc_ln367_1' <Predicate = true> <Delay = 0.00>
ST_18 : Operation 351 [1/1] (0.00ns)   --->   "%sext_ln397 = sext i9 %m118" [CASE/case_11/case_11.cc:397]   --->   Operation 351 'sext' 'sext_ln397' <Predicate = true> <Delay = 0.00>
ST_18 : Operation 352 [1/1] (0.00ns)   --->   "%write_ln397 = write void @_ssdm_op_Write.ap_none.i16P0A, i16 %out_data_13, i16 %sext_ln397" [CASE/case_11/case_11.cc:397]   --->   Operation 352 'write' 'write_ln397' <Predicate = true> <Delay = 0.00>

State 19 <SV = 18> <Delay = 7.04>
ST_19 : Operation 353 [1/1] (0.00ns)   --->   "%sext_ln340 = sext i6 %m114" [CASE/case_11/case_11.cc:340]   --->   Operation 353 'sext' 'sext_ln340' <Predicate = true> <Delay = 0.00>
ST_19 : Operation 354 [1/1] (3.78ns)   --->   "%m127 = mul i6 %mul_ln329, i6 %trunc_ln297_1" [CASE/case_11/case_11.cc:329]   --->   Operation 354 'mul' 'm127' <Predicate = true> <Delay = 3.78> <CoreInst = "Multiplier">   --->   Core 3 'Multiplier' <Latency = 0> <II = 1> <Delay = 3.78> <FuncUnit> <Opcode : 'mul'> <InPorts = 2> <OutPorts = 1>
ST_19 : Operation 355 [1/1] (3.74ns)   --->   "%mul_ln340 = mul i7 %m123, i7 %sext_ln340" [CASE/case_11/case_11.cc:340]   --->   Operation 355 'mul' 'mul_ln340' <Predicate = true> <Delay = 3.74> <CoreInst = "Multiplier">   --->   Core 3 'Multiplier' <Latency = 0> <II = 1> <Delay = 3.74> <FuncUnit> <Opcode : 'mul'> <InPorts = 2> <OutPorts = 1>
ST_19 : Operation 356 [1/1] (3.74ns)   --->   "%mul_ln332 = mul i7 %trunc_ln332_1, i7 %m123" [CASE/case_11/case_11.cc:332]   --->   Operation 356 'mul' 'mul_ln332' <Predicate = true> <Delay = 3.74> <CoreInst = "Multiplier">   --->   Core 3 'Multiplier' <Latency = 0> <II = 1> <Delay = 3.74> <FuncUnit> <Opcode : 'mul'> <InPorts = 2> <OutPorts = 1>
ST_19 : Operation 357 [1/1] (1.91ns)   --->   "%m135 = add i8 %trunc_ln337, i8 %trunc_ln337_2" [CASE/case_11/case_11.cc:337]   --->   Operation 357 'add' 'm135' <Predicate = true> <Delay = 1.91> <CoreInst = "Adder">   --->   Core 1 'Adder' <Latency = 0> <II = 1> <Delay = 1.91> <FuncUnit> <Opcode : 'add' 'sub'> <InPorts = 2> <OutPorts = 1>
ST_19 : Operation 358 [2/4] (1.05ns) (root node of the DSP)   --->   "%m136 = mul i7 %mul_ln338, i7 %add_ln338" [CASE/case_11/case_11.cc:354]   --->   Operation 358 'mul' 'm136' <Predicate = true> <Delay = 1.05> <CoreInst = "DSP48">   --->   Core 116 'DSP48' <Latency = 3> <II = 1> <Delay = 2.15> <IPBlock> <Opcode : 'add' 'sub' 'mul' 'select'> <InPorts = 0> <OutPorts = 1> <Sync> <CReg>
ST_19 : Operation 359 [1/1] (1.73ns)   --->   "%add_ln345 = add i4 %trunc_ln345_1, i4 %trunc_ln345" [CASE/case_11/case_11.cc:345]   --->   Operation 359 'add' 'add_ln345' <Predicate = true> <Delay = 1.73> <CoreInst = "Adder">   --->   Core 1 'Adder' <Latency = 0> <II = 1> <Delay = 1.73> <FuncUnit> <Opcode : 'add' 'sub'> <InPorts = 2> <OutPorts = 1>
ST_19 : Operation 360 [1/1] (0.00ns)   --->   "%sext_ln342 = sext i11 %m116" [CASE/case_11/case_11.cc:342]   --->   Operation 360 'sext' 'sext_ln342' <Predicate = true> <Delay = 0.00>
ST_19 : Operation 361 [1/1] (5.61ns)   --->   "%m140 = mul i13 %m132, i13 %sext_ln342" [CASE/case_11/case_11.cc:342]   --->   Operation 361 'mul' 'm140' <Predicate = true> <Delay = 5.61> <CoreInst = "Multiplier">   --->   Core 3 'Multiplier' <Latency = 0> <II = 1> <Delay = 5.61> <FuncUnit> <Opcode : 'mul'> <InPorts = 2> <OutPorts = 1>
ST_19 : Operation 362 [3/4] (1.05ns) (root node of the DSP)   --->   "%m142 = mul i5 %trunc_ln344, i5 %add_ln344" [CASE/case_11/case_11.cc:353]   --->   Operation 362 'mul' 'm142' <Predicate = true> <Delay = 1.05> <CoreInst = "DSP48">   --->   Core 116 'DSP48' <Latency = 3> <II = 1> <Delay = 2.15> <IPBlock> <Opcode : 'add' 'sub' 'mul' 'select'> <InPorts = 0> <OutPorts = 1> <Sync> <CReg>
ST_19 : Operation 363 [1/1] (0.00ns)   --->   "%trunc_ln347 = trunc i6 %m127" [CASE/case_11/case_11.cc:347]   --->   Operation 363 'trunc' 'trunc_ln347' <Predicate = true> <Delay = 0.00>
ST_19 : Operation 364 [1/1] (2.34ns)   --->   "%m145 = mul i4 %trunc_ln345_1, i4 %trunc_ln347" [CASE/case_11/case_11.cc:347]   --->   Operation 364 'mul' 'm145' <Predicate = true> <Delay = 2.34> <CoreInst = "Multiplier">   --->   Core 3 'Multiplier' <Latency = 0> <II = 1> <Delay = 2.34> <FuncUnit> <Opcode : 'mul'> <InPorts = 2> <OutPorts = 1>
ST_19 : Operation 365 [1/1] (1.91ns)   --->   "%m146 = add i8 %m135, i8 %m125" [CASE/case_11/case_11.cc:348]   --->   Operation 365 'add' 'm146' <Predicate = true> <Delay = 1.91> <CoreInst = "Adder">   --->   Core 1 'Adder' <Latency = 0> <II = 1> <Delay = 1.91> <FuncUnit> <Opcode : 'add' 'sub'> <InPorts = 2> <OutPorts = 1>
ST_19 : Operation 366 [1/1] (0.00ns)   --->   "%trunc_ln349 = trunc i8 %m135" [CASE/case_11/case_11.cc:349]   --->   Operation 366 'trunc' 'trunc_ln349' <Predicate = true> <Delay = 0.00>
ST_19 : Operation 367 [1/1] (1.87ns)   --->   "%m147 = add i7 %trunc_ln349, i7 %m123" [CASE/case_11/case_11.cc:349]   --->   Operation 367 'add' 'm147' <Predicate = true> <Delay = 1.87> <CoreInst = "Adder">   --->   Core 1 'Adder' <Latency = 0> <II = 1> <Delay = 1.87> <FuncUnit> <Opcode : 'add' 'sub'> <InPorts = 2> <OutPorts = 1>
ST_19 : Operation 368 [1/1] (4.17ns)   --->   "%mul_ln358 = mul i8 %m131, i8 %trunc_ln337_2" [CASE/case_11/case_11.cc:358]   --->   Operation 368 'mul' 'mul_ln358' <Predicate = true> <Delay = 4.17> <CoreInst = "Multiplier">   --->   Core 3 'Multiplier' <Latency = 0> <II = 1> <Delay = 4.17> <FuncUnit> <Opcode : 'mul'> <InPorts = 2> <OutPorts = 1>
ST_19 : Operation 369 [1/1] (2.25ns) (grouped into DSP with root node m150)   --->   "%m149 = add i7 %mul_ln340, i7 %trunc_ln337_1" [CASE/case_11/case_11.cc:351]   --->   Operation 369 'add' 'm149' <Predicate = true> <Delay = 2.25> <CoreInst = "DSP48">   --->   Core 116 'DSP48' <Latency = 3> <II = 1> <Delay = 2.15> <IPBlock> <Opcode : 'add' 'sub' 'mul' 'select'> <InPorts = 0> <OutPorts = 1> <Sync> <CReg>
ST_19 : Operation 370 [1/1] (0.00ns)   --->   "%trunc_ln352 = trunc i8 %mul_ln358" [CASE/case_11/case_11.cc:352]   --->   Operation 370 'trunc' 'trunc_ln352' <Predicate = true> <Delay = 0.00>
ST_19 : Operation 371 [4/4] (1.05ns) (root node of the DSP)   --->   "%m150 = mul i7 %trunc_ln352, i7 %m149" [CASE/case_11/case_11.cc:371]   --->   Operation 371 'mul' 'm150' <Predicate = true> <Delay = 1.05> <CoreInst = "DSP48">   --->   Core 116 'DSP48' <Latency = 3> <II = 1> <Delay = 2.15> <IPBlock> <Opcode : 'add' 'sub' 'mul' 'select'> <InPorts = 0> <OutPorts = 1> <Sync> <CReg>
ST_19 : Operation 372 [1/1] (0.00ns)   --->   "%trunc_ln353 = trunc i7 %mul_ln340" [CASE/case_11/case_11.cc:353]   --->   Operation 372 'trunc' 'trunc_ln353' <Predicate = true> <Delay = 0.00>
ST_19 : Operation 373 [1/1] (0.00ns)   --->   "%trunc_ln380_2 = trunc i4 %m145" [CASE/case_11/case_11.cc:380]   --->   Operation 373 'trunc' 'trunc_ln380_2' <Predicate = true> <Delay = 0.00>
ST_19 : Operation 374 [1/1] (2.25ns) (grouped into DSP with root node mul_ln367_1)   --->   "%add_ln367 = add i7 %mul_ln340, i7 %sext_ln340" [CASE/case_11/case_11.cc:367]   --->   Operation 374 'add' 'add_ln367' <Predicate = true> <Delay = 2.25> <CoreInst = "DSP48">   --->   Core 116 'DSP48' <Latency = 3> <II = 1> <Delay = 2.15> <IPBlock> <Opcode : 'add' 'sub' 'mul' 'select'> <InPorts = 0> <OutPorts = 1> <Sync> <CReg>
ST_19 : Operation 375 [4/4] (1.05ns) (root node of the DSP)   --->   "%mul_ln367_1 = mul i7 %add_ln367, i7 %trunc_ln367_1" [CASE/case_11/case_11.cc:367]   --->   Operation 375 'mul' 'mul_ln367_1' <Predicate = true> <Delay = 1.05> <CoreInst = "DSP48">   --->   Core 116 'DSP48' <Latency = 3> <II = 1> <Delay = 2.15> <IPBlock> <Opcode : 'add' 'sub' 'mul' 'select'> <InPorts = 0> <OutPorts = 1> <Sync> <CReg>
ST_19 : Operation 376 [1/1] (0.00ns)   --->   "%sext_ln399 = sext i13 %m140" [CASE/case_11/case_11.cc:399]   --->   Operation 376 'sext' 'sext_ln399' <Predicate = true> <Delay = 0.00>
ST_19 : Operation 377 [1/1] (0.00ns)   --->   "%sext_ln400 = sext i8 %m146" [CASE/case_11/case_11.cc:400]   --->   Operation 377 'sext' 'sext_ln400' <Predicate = true> <Delay = 0.00>
ST_19 : Operation 378 [1/1] (0.00ns)   --->   "%sext_ln401 = sext i7 %m147" [CASE/case_11/case_11.cc:401]   --->   Operation 378 'sext' 'sext_ln401' <Predicate = true> <Delay = 0.00>
ST_19 : Operation 379 [1/1] (0.00ns)   --->   "%write_ln399 = write void @_ssdm_op_Write.ap_none.i16P0A, i16 %out_data_15, i16 %sext_ln399" [CASE/case_11/case_11.cc:399]   --->   Operation 379 'write' 'write_ln399' <Predicate = true> <Delay = 0.00>
ST_19 : Operation 380 [1/1] (0.00ns)   --->   "%write_ln400 = write void @_ssdm_op_Write.ap_none.i16P0A, i16 %out_data_16, i16 %sext_ln400" [CASE/case_11/case_11.cc:400]   --->   Operation 380 'write' 'write_ln400' <Predicate = true> <Delay = 0.00>
ST_19 : Operation 381 [1/1] (0.00ns)   --->   "%write_ln401 = write void @_ssdm_op_Write.ap_none.i16P0A, i16 %out_data_17, i16 %sext_ln401" [CASE/case_11/case_11.cc:401]   --->   Operation 381 'write' 'write_ln401' <Predicate = true> <Delay = 0.00>

State 20 <SV = 19> <Delay = 5.62>
ST_20 : Operation 382 [1/1] (3.74ns)   --->   "%m130 = mul i7 %mul_ln332, i7 %m112" [CASE/case_11/case_11.cc:332]   --->   Operation 382 'mul' 'm130' <Predicate = true> <Delay = 3.74> <CoreInst = "Multiplier">   --->   Core 3 'Multiplier' <Latency = 0> <II = 1> <Delay = 3.74> <FuncUnit> <Opcode : 'mul'> <InPorts = 2> <OutPorts = 1>
ST_20 : Operation 383 [1/4] (0.00ns) (root node of the DSP)   --->   "%m136 = mul i7 %mul_ln338, i7 %add_ln338" [CASE/case_11/case_11.cc:354]   --->   Operation 383 'mul' 'm136' <Predicate = true> <Delay = 0.00> <CoreInst = "DSP48">   --->   Core 116 'DSP48' <Latency = 3> <II = 1> <Delay = 2.15> <IPBlock> <Opcode : 'add' 'sub' 'mul' 'select'> <InPorts = 0> <OutPorts = 1> <Sync> <CReg>
ST_20 : Operation 384 [2/4] (1.05ns) (root node of the DSP)   --->   "%m142 = mul i5 %trunc_ln344, i5 %add_ln344" [CASE/case_11/case_11.cc:353]   --->   Operation 384 'mul' 'm142' <Predicate = true> <Delay = 1.05> <CoreInst = "DSP48">   --->   Core 116 'DSP48' <Latency = 3> <II = 1> <Delay = 2.15> <IPBlock> <Opcode : 'add' 'sub' 'mul' 'select'> <InPorts = 0> <OutPorts = 1> <Sync> <CReg>
ST_20 : Operation 385 [1/1] (0.00ns)   --->   "%sext_ln360_1 = sext i6 %m127" [CASE/case_11/case_11.cc:360]   --->   Operation 385 'sext' 'sext_ln360_1' <Predicate = true> <Delay = 0.00>
ST_20 : Operation 386 [1/1] (5.62ns)   --->   "%m144 = mul i12 %trunc_ln360, i12 %sext_ln360_1" [CASE/case_11/case_11.cc:360]   --->   Operation 386 'mul' 'm144' <Predicate = true> <Delay = 5.62> <CoreInst = "Multiplier">   --->   Core 3 'Multiplier' <Latency = 0> <II = 1> <Delay = 5.62> <FuncUnit> <Opcode : 'mul'> <InPorts = 2> <OutPorts = 1>
ST_20 : Operation 387 [3/4] (1.05ns) (root node of the DSP)   --->   "%m150 = mul i7 %trunc_ln352, i7 %m149" [CASE/case_11/case_11.cc:371]   --->   Operation 387 'mul' 'm150' <Predicate = true> <Delay = 1.05> <CoreInst = "DSP48">   --->   Core 116 'DSP48' <Latency = 3> <II = 1> <Delay = 2.15> <IPBlock> <Opcode : 'add' 'sub' 'mul' 'select'> <InPorts = 0> <OutPorts = 1> <Sync> <CReg>
ST_20 : Operation 388 [1/1] (3.74ns)   --->   "%m152 = mul i7 %trunc_ln337_1, i7 %m136" [CASE/case_11/case_11.cc:354]   --->   Operation 388 'mul' 'm152' <Predicate = true> <Delay = 3.74> <CoreInst = "Multiplier">   --->   Core 3 'Multiplier' <Latency = 0> <II = 1> <Delay = 3.74> <FuncUnit> <Opcode : 'mul'> <InPorts = 2> <OutPorts = 1>
ST_20 : Operation 389 [1/1] (0.00ns)   --->   "%trunc_ln356 = trunc i7 %m136" [CASE/case_11/case_11.cc:356]   --->   Operation 389 'trunc' 'trunc_ln356' <Predicate = true> <Delay = 0.00>
ST_20 : Operation 390 [1/1] (0.00ns)   --->   "%sext_ln356 = sext i4 %m145" [CASE/case_11/case_11.cc:356]   --->   Operation 390 'sext' 'sext_ln356' <Predicate = true> <Delay = 0.00>
ST_20 : Operation 391 [3/3] (1.05ns) (grouped into DSP with root node m167)   --->   "%m154 = mul i6 %trunc_ln356, i6 %sext_ln356" [CASE/case_11/case_11.cc:356]   --->   Operation 391 'mul' 'm154' <Predicate = true> <Delay = 1.05> <CoreInst = "DSP48">   --->   Core 116 'DSP48' <Latency = 3> <II = 1> <Delay = 2.15> <IPBlock> <Opcode : 'add' 'sub' 'mul' 'select'> <InPorts = 0> <OutPorts = 1> <Sync> <CReg>
ST_20 : Operation 392 [1/1] (0.00ns)   --->   "%trunc_ln362 = trunc i7 %m152" [CASE/case_11/case_11.cc:362]   --->   Operation 392 'trunc' 'trunc_ln362' <Predicate = true> <Delay = 0.00>
ST_20 : Operation 393 [1/1] (0.00ns)   --->   "%trunc_ln362_1 = trunc i12 %m144" [CASE/case_11/case_11.cc:362]   --->   Operation 393 'trunc' 'trunc_ln362_1' <Predicate = true> <Delay = 0.00>
ST_20 : Operation 394 [1/1] (0.00ns)   --->   "%trunc_ln367 = trunc i12 %m144" [CASE/case_11/case_11.cc:367]   --->   Operation 394 'trunc' 'trunc_ln367' <Predicate = true> <Delay = 0.00>
ST_20 : Operation 395 [1/1] (0.00ns)   --->   "%trunc_ln363 = trunc i12 %m144" [CASE/case_11/case_11.cc:363]   --->   Operation 395 'trunc' 'trunc_ln363' <Predicate = true> <Delay = 0.00>
ST_20 : Operation 396 [3/4] (1.05ns) (root node of the DSP)   --->   "%mul_ln367_1 = mul i7 %add_ln367, i7 %trunc_ln367_1" [CASE/case_11/case_11.cc:367]   --->   Operation 396 'mul' 'mul_ln367_1' <Predicate = true> <Delay = 1.05> <CoreInst = "DSP48">   --->   Core 116 'DSP48' <Latency = 3> <II = 1> <Delay = 2.15> <IPBlock> <Opcode : 'add' 'sub' 'mul' 'select'> <InPorts = 0> <OutPorts = 1> <Sync> <CReg>
ST_20 : Operation 397 [1/1] (0.00ns)   --->   "%trunc_ln372_1 = trunc i7 %m152" [CASE/case_11/case_11.cc:372]   --->   Operation 397 'trunc' 'trunc_ln372_1' <Predicate = true> <Delay = 0.00>
ST_20 : Operation 398 [1/1] (0.00ns)   --->   "%sext_ln398 = sext i7 %m130" [CASE/case_11/case_11.cc:398]   --->   Operation 398 'sext' 'sext_ln398' <Predicate = true> <Delay = 0.00>
ST_20 : Operation 399 [1/1] (0.00ns)   --->   "%write_ln398 = write void @_ssdm_op_Write.ap_none.i16P0A, i16 %out_data_14, i16 %sext_ln398" [CASE/case_11/case_11.cc:398]   --->   Operation 399 'write' 'write_ln398' <Predicate = true> <Delay = 0.00>

State 21 <SV = 20> <Delay = 5.58>
ST_21 : Operation 400 [1/4] (0.00ns) (root node of the DSP)   --->   "%m142 = mul i5 %trunc_ln344, i5 %add_ln344" [CASE/case_11/case_11.cc:353]   --->   Operation 400 'mul' 'm142' <Predicate = true> <Delay = 0.00> <CoreInst = "DSP48">   --->   Core 116 'DSP48' <Latency = 3> <II = 1> <Delay = 2.15> <IPBlock> <Opcode : 'add' 'sub' 'mul' 'select'> <InPorts = 0> <OutPorts = 1> <Sync> <CReg>
ST_21 : Operation 401 [1/1] (0.00ns)   --->   "%trunc_ln345_2 = trunc i5 %m142" [CASE/case_11/case_11.cc:345]   --->   Operation 401 'trunc' 'trunc_ln345_2' <Predicate = true> <Delay = 0.00>
ST_21 : Operation 402 [1/1] (2.34ns)   --->   "%m143 = mul i4 %trunc_ln345_2, i4 %add_ln345" [CASE/case_11/case_11.cc:345]   --->   Operation 402 'mul' 'm143' <Predicate = true> <Delay = 2.34> <CoreInst = "Multiplier">   --->   Core 3 'Multiplier' <Latency = 0> <II = 1> <Delay = 2.34> <FuncUnit> <Opcode : 'mul'> <InPorts = 2> <OutPorts = 1>
ST_21 : Operation 403 [2/4] (1.05ns) (root node of the DSP)   --->   "%m150 = mul i7 %trunc_ln352, i7 %m149" [CASE/case_11/case_11.cc:371]   --->   Operation 403 'mul' 'm150' <Predicate = true> <Delay = 1.05> <CoreInst = "DSP48">   --->   Core 116 'DSP48' <Latency = 3> <II = 1> <Delay = 2.15> <IPBlock> <Opcode : 'add' 'sub' 'mul' 'select'> <InPorts = 0> <OutPorts = 1> <Sync> <CReg>
ST_21 : Operation 404 [1/1] (3.49ns)   --->   "%m151 = mul i5 %trunc_ln353, i5 %m142" [CASE/case_11/case_11.cc:353]   --->   Operation 404 'mul' 'm151' <Predicate = true> <Delay = 3.49> <CoreInst = "Multiplier">   --->   Core 3 'Multiplier' <Latency = 0> <II = 1> <Delay = 3.49> <FuncUnit> <Opcode : 'mul'> <InPorts = 2> <OutPorts = 1>
ST_21 : Operation 405 [2/3] (1.05ns) (grouped into DSP with root node m167)   --->   "%m154 = mul i6 %trunc_ln356, i6 %sext_ln356" [CASE/case_11/case_11.cc:356]   --->   Operation 405 'mul' 'm154' <Predicate = true> <Delay = 1.05> <CoreInst = "DSP48">   --->   Core 116 'DSP48' <Latency = 3> <II = 1> <Delay = 2.15> <IPBlock> <Opcode : 'add' 'sub' 'mul' 'select'> <InPorts = 0> <OutPorts = 1> <Sync> <CReg>
ST_21 : Operation 406 [1/1] (0.00ns)   --->   "%sext_ln358 = sext i7 %m152" [CASE/case_11/case_11.cc:358]   --->   Operation 406 'sext' 'sext_ln358' <Predicate = true> <Delay = 0.00>
ST_21 : Operation 407 [1/1] (4.52ns)   --->   "%mul_ln363 = mul i10 %trunc_ln363, i10 %m133" [CASE/case_11/case_11.cc:363]   --->   Operation 407 'mul' 'mul_ln363' <Predicate = true> <Delay = 4.52> <CoreInst = "Multiplier">   --->   Core 3 'Multiplier' <Latency = 0> <II = 1> <Delay = 4.52> <FuncUnit> <Opcode : 'mul'> <InPorts = 2> <OutPorts = 1>
ST_21 : Operation 408 [1/1] (0.00ns)   --->   "%m157 = trunc i10 %mul_ln363" [CASE/case_11/case_11.cc:359]   --->   Operation 408 'trunc' 'm157' <Predicate = true> <Delay = 0.00>
ST_21 : Operation 409 [1/1] (0.00ns)   --->   "%trunc_ln380_1 = trunc i4 %m143" [CASE/case_11/case_11.cc:380]   --->   Operation 409 'trunc' 'trunc_ln380_1' <Predicate = true> <Delay = 0.00>
ST_21 : Operation 410 [1/1] (1.62ns)   --->   "%mul_ln380 = mul i3 %trunc_ln380, i3 %trunc_ln380_1" [CASE/case_11/case_11.cc:380]   --->   Operation 410 'mul' 'mul_ln380' <Predicate = true> <Delay = 1.62> <CoreInst = "Multiplier">   --->   Core 3 'Multiplier' <Latency = 0> <II = 1> <Delay = 1.62> <FuncUnit> <Opcode : 'mul'> <InPorts = 2> <OutPorts = 1>
ST_21 : Operation 411 [1/1] (1.62ns)   --->   "%mul_ln380_1 = mul i3 %mul_ln380, i3 %trunc_ln380_2" [CASE/case_11/case_11.cc:380]   --->   Operation 411 'mul' 'mul_ln380_1' <Predicate = true> <Delay = 1.62> <CoreInst = "Multiplier">   --->   Core 3 'Multiplier' <Latency = 0> <II = 1> <Delay = 1.62> <FuncUnit> <Opcode : 'mul'> <InPorts = 2> <OutPorts = 1>
ST_21 : Operation 412 [2/4] (1.05ns) (root node of the DSP)   --->   "%mul_ln367_1 = mul i7 %add_ln367, i7 %trunc_ln367_1" [CASE/case_11/case_11.cc:367]   --->   Operation 412 'mul' 'mul_ln367_1' <Predicate = true> <Delay = 1.05> <CoreInst = "DSP48">   --->   Core 116 'DSP48' <Latency = 3> <II = 1> <Delay = 2.15> <IPBlock> <Opcode : 'add' 'sub' 'mul' 'select'> <InPorts = 0> <OutPorts = 1> <Sync> <CReg>
ST_21 : Operation 413 [1/1] (0.00ns)   --->   "%trunc_ln373 = trunc i10 %mul_ln363" [CASE/case_11/case_11.cc:373]   --->   Operation 413 'trunc' 'trunc_ln373' <Predicate = true> <Delay = 0.00>
ST_21 : Operation 414 [1/1] (0.00ns)   --->   "%sext_ln374 = sext i4 %m153" [CASE/case_11/case_11.cc:374]   --->   Operation 414 'sext' 'sext_ln374' <Predicate = true> <Delay = 0.00>
ST_21 : Operation 415 [1/1] (3.74ns)   --->   "%mul_ln374 = mul i8 %sext_ln358, i8 %sext_ln374" [CASE/case_11/case_11.cc:374]   --->   Operation 415 'mul' 'mul_ln374' <Predicate = true> <Delay = 3.74> <CoreInst = "Multiplier">   --->   Core 3 'Multiplier' <Latency = 0> <II = 1> <Delay = 3.74> <FuncUnit> <Opcode : 'mul'> <InPorts = 2> <OutPorts = 1>

State 22 <SV = 21> <Delay = 5.84>
ST_22 : Operation 416 [1/4] (0.00ns) (root node of the DSP)   --->   "%m150 = mul i7 %trunc_ln352, i7 %m149" [CASE/case_11/case_11.cc:371]   --->   Operation 416 'mul' 'm150' <Predicate = true> <Delay = 0.00> <CoreInst = "DSP48">   --->   Core 116 'DSP48' <Latency = 3> <II = 1> <Delay = 2.15> <IPBlock> <Opcode : 'add' 'sub' 'mul' 'select'> <InPorts = 0> <OutPorts = 1> <Sync> <CReg>
ST_22 : Operation 417 [1/3] (0.00ns) (grouped into DSP with root node m167)   --->   "%m154 = mul i6 %trunc_ln356, i6 %sext_ln356" [CASE/case_11/case_11.cc:356]   --->   Operation 417 'mul' 'm154' <Predicate = true> <Delay = 0.00> <CoreInst = "DSP48">   --->   Core 116 'DSP48' <Latency = 3> <II = 1> <Delay = 2.15> <IPBlock> <Opcode : 'add' 'sub' 'mul' 'select'> <InPorts = 0> <OutPorts = 1> <Sync> <CReg>
ST_22 : Operation 418 [1/1] (0.00ns)   --->   "%sext_ln360 = sext i4 %m143" [CASE/case_11/case_11.cc:360]   --->   Operation 418 'sext' 'sext_ln360' <Predicate = true> <Delay = 0.00>
ST_22 : Operation 419 [1/1] (5.62ns)   --->   "%m158 = mul i12 %m144, i12 %sext_ln360" [CASE/case_11/case_11.cc:360]   --->   Operation 419 'mul' 'm158' <Predicate = true> <Delay = 5.62> <CoreInst = "Multiplier">   --->   Core 3 'Multiplier' <Latency = 0> <II = 1> <Delay = 5.62> <FuncUnit> <Opcode : 'mul'> <InPorts = 2> <OutPorts = 1>
ST_22 : Operation 420 [1/1] (0.00ns)   --->   "%trunc_ln362_2 = trunc i7 %m150" [CASE/case_11/case_11.cc:362]   --->   Operation 420 'trunc' 'trunc_ln362_2' <Predicate = true> <Delay = 0.00>
ST_22 : Operation 421 [1/1] (1.62ns)   --->   "%mul_ln362 = mul i3 %trunc_ln362, i3 %trunc_ln362_2" [CASE/case_11/case_11.cc:362]   --->   Operation 421 'mul' 'mul_ln362' <Predicate = true> <Delay = 1.62> <CoreInst = "Multiplier">   --->   Core 3 'Multiplier' <Latency = 0> <II = 1> <Delay = 1.62> <FuncUnit> <Opcode : 'mul'> <InPorts = 2> <OutPorts = 1>
ST_22 : Operation 422 [1/1] (1.62ns)   --->   "%m160 = mul i3 %mul_ln362, i3 %trunc_ln362_1" [CASE/case_11/case_11.cc:362]   --->   Operation 422 'mul' 'm160' <Predicate = true> <Delay = 1.62> <CoreInst = "Multiplier">   --->   Core 3 'Multiplier' <Latency = 0> <II = 1> <Delay = 1.62> <FuncUnit> <Opcode : 'mul'> <InPorts = 2> <OutPorts = 1>
ST_22 : Operation 423 [1/1] (4.52ns)   --->   "%m161 = mul i10 %mul_ln363, i10 %trunc_ln363" [CASE/case_11/case_11.cc:363]   --->   Operation 423 'mul' 'm161' <Predicate = true> <Delay = 4.52> <CoreInst = "Multiplier">   --->   Core 3 'Multiplier' <Latency = 0> <II = 1> <Delay = 4.52> <FuncUnit> <Opcode : 'mul'> <InPorts = 2> <OutPorts = 1>
ST_22 : Operation 424 [1/1] (0.00ns)   --->   "%sext_ln367 = sext i4 %m153" [CASE/case_11/case_11.cc:367]   --->   Operation 424 'sext' 'sext_ln367' <Predicate = true> <Delay = 0.00>
ST_22 : Operation 425 [1/1] (3.74ns)   --->   "%mul_ln367 = mul i7 %trunc_ln367, i7 %sext_ln367" [CASE/case_11/case_11.cc:367]   --->   Operation 425 'mul' 'mul_ln367' <Predicate = true> <Delay = 3.74> <CoreInst = "Multiplier">   --->   Core 3 'Multiplier' <Latency = 0> <II = 1> <Delay = 3.74> <FuncUnit> <Opcode : 'mul'> <InPorts = 2> <OutPorts = 1>
ST_22 : Operation 426 [1/4] (0.00ns) (root node of the DSP)   --->   "%mul_ln367_1 = mul i7 %add_ln367, i7 %trunc_ln367_1" [CASE/case_11/case_11.cc:367]   --->   Operation 426 'mul' 'mul_ln367_1' <Predicate = true> <Delay = 0.00> <CoreInst = "DSP48">   --->   Core 116 'DSP48' <Latency = 3> <II = 1> <Delay = 2.15> <IPBlock> <Opcode : 'add' 'sub' 'mul' 'select'> <InPorts = 0> <OutPorts = 1> <Sync> <CReg>
ST_22 : Operation 427 [1/1] (0.00ns)   --->   "%sext_ln377_1 = sext i5 %m151" [CASE/case_11/case_11.cc:377]   --->   Operation 427 'sext' 'sext_ln377_1' <Predicate = true> <Delay = 0.00>
ST_22 : Operation 428 [1/1] (4.35ns)   --->   "%mul_ln377 = mul i9 %m157, i9 %sext_ln377_1" [CASE/case_11/case_11.cc:377]   --->   Operation 428 'mul' 'mul_ln377' <Predicate = true> <Delay = 4.35> <CoreInst = "Multiplier">   --->   Core 3 'Multiplier' <Latency = 0> <II = 1> <Delay = 4.35> <FuncUnit> <Opcode : 'mul'> <InPorts = 2> <OutPorts = 1>
ST_22 : Operation 429 [1/1] (0.00ns)   --->   "%trunc_ln369 = trunc i7 %mul_ln367" [CASE/case_11/case_11.cc:369]   --->   Operation 429 'trunc' 'trunc_ln369' <Predicate = true> <Delay = 0.00>
ST_22 : Operation 430 [2/2] (2.10ns) (root node of the DSP)   --->   "%m167 = add i6 %trunc_ln369, i6 %m154" [CASE/case_11/case_11.cc:369]   --->   Operation 430 'add' 'm167' <Predicate = true> <Delay = 2.10> <CoreInst = "DSP48">   --->   Core 116 'DSP48' <Latency = 3> <II = 1> <Delay = 2.15> <IPBlock> <Opcode : 'add' 'sub' 'mul' 'select'> <InPorts = 0> <OutPorts = 1> <Sync> <CReg>
ST_22 : Operation 431 [1/1] (0.00ns)   --->   "%trunc_ln371 = trunc i9 %mul_ln377" [CASE/case_11/case_11.cc:371]   --->   Operation 431 'trunc' 'trunc_ln371' <Predicate = true> <Delay = 0.00>
ST_22 : Operation 432 [1/1] (0.00ns)   --->   "%trunc_ln372 = trunc i3 %m160" [CASE/case_11/case_11.cc:372]   --->   Operation 432 'trunc' 'trunc_ln372' <Predicate = true> <Delay = 0.00>
ST_22 : Operation 433 [1/1] (1.34ns)   --->   "%m170 = mul i2 %trunc_ln372, i2 %trunc_ln372_1" [CASE/case_11/case_11.cc:372]   --->   Operation 433 'mul' 'm170' <Predicate = true> <Delay = 1.34> <CoreInst = "Multiplier">   --->   Core 3 'Multiplier' <Latency = 0> <II = 1> <Delay = 1.34> <FuncUnit> <Opcode : 'mul'> <InPorts = 2> <OutPorts = 1>
ST_22 : Operation 434 [1/1] (4.17ns)   --->   "%m172 = mul i8 %mul_ln374, i8 %mul_ln358" [CASE/case_11/case_11.cc:374]   --->   Operation 434 'mul' 'm172' <Predicate = true> <Delay = 4.17> <CoreInst = "Multiplier">   --->   Core 3 'Multiplier' <Latency = 0> <II = 1> <Delay = 4.17> <FuncUnit> <Opcode : 'mul'> <InPorts = 2> <OutPorts = 1>
ST_22 : Operation 435 [1/1] (0.00ns)   --->   "%trunc_ln375 = trunc i9 %mul_ln377" [CASE/case_11/case_11.cc:375]   --->   Operation 435 'trunc' 'trunc_ln375' <Predicate = true> <Delay = 0.00>
ST_22 : Operation 436 [1/1] (1.65ns)   --->   "%m178 = add i3 %m160, i3 %mul_ln380_1" [CASE/case_11/case_11.cc:380]   --->   Operation 436 'add' 'm178' <Predicate = true> <Delay = 1.65> <CoreInst = "Adder">   --->   Core 1 'Adder' <Latency = 0> <II = 1> <Delay = 1.65> <FuncUnit> <Opcode : 'add' 'sub'> <InPorts = 2> <OutPorts = 1>
ST_22 : Operation 437 [3/3] (1.05ns) (grouped into DSP with root node m180)   --->   "%mul_ln382 = mul i7 %mul_ln367_1, i7 %mul_ln367" [CASE/case_11/case_11.cc:382]   --->   Operation 437 'mul' 'mul_ln382' <Predicate = true> <Delay = 1.05> <CoreInst = "DSP48">   --->   Core 116 'DSP48' <Latency = 3> <II = 1> <Delay = 2.15> <IPBlock> <Opcode : 'add' 'sub' 'mul' 'select'> <InPorts = 0> <OutPorts = 1> <Sync> <CReg>
ST_22 : Operation 438 [1/1] (0.00ns)   --->   "%sext_ln402 = sext i12 %m158" [CASE/case_11/case_11.cc:402]   --->   Operation 438 'sext' 'sext_ln402' <Predicate = true> <Delay = 0.00>
ST_22 : Operation 439 [1/1] (0.00ns)   --->   "%sext_ln406 = sext i3 %m178" [CASE/case_11/case_11.cc:406]   --->   Operation 439 'sext' 'sext_ln406' <Predicate = true> <Delay = 0.00>
ST_22 : Operation 440 [1/1] (0.00ns)   --->   "%write_ln402 = write void @_ssdm_op_Write.ap_none.i16P0A, i16 %out_data_18, i16 %sext_ln402" [CASE/case_11/case_11.cc:402]   --->   Operation 440 'write' 'write_ln402' <Predicate = true> <Delay = 0.00>
ST_22 : Operation 441 [1/1] (0.00ns)   --->   "%write_ln406 = write void @_ssdm_op_Write.ap_none.i16P0A, i16 %out_data_22, i16 %sext_ln406" [CASE/case_11/case_11.cc:406]   --->   Operation 441 'write' 'write_ln406' <Predicate = true> <Delay = 0.00>

State 23 <SV = 22> <Delay = 5.84>
ST_23 : Operation 442 [1/1] (0.00ns)   --->   "%sext_ln364 = sext i5 %m151" [CASE/case_11/case_11.cc:364]   --->   Operation 442 'sext' 'sext_ln364' <Predicate = true> <Delay = 0.00>
ST_23 : Operation 443 [1/1] (0.00ns)   --->   "%sext_ln364_1 = sext i10 %m161" [CASE/case_11/case_11.cc:364]   --->   Operation 443 'sext' 'sext_ln364_1' <Predicate = true> <Delay = 0.00>
ST_23 : Operation 444 [1/1] (4.52ns)   --->   "%m162 = mul i14 %sext_ln364_1, i14 %sext_ln364" [CASE/case_11/case_11.cc:364]   --->   Operation 444 'mul' 'm162' <Predicate = true> <Delay = 4.52> <CoreInst = "Multiplier">   --->   Core 3 'Multiplier' <Latency = 0> <II = 1> <Delay = 4.52> <FuncUnit> <Opcode : 'mul'> <InPorts = 2> <OutPorts = 1>
ST_23 : Operation 445 [1/2] (2.10ns) (root node of the DSP)   --->   "%m167 = add i6 %trunc_ln369, i6 %m154" [CASE/case_11/case_11.cc:369]   --->   Operation 445 'add' 'm167' <Predicate = true> <Delay = 2.10> <CoreInst = "DSP48">   --->   Core 116 'DSP48' <Latency = 3> <II = 1> <Delay = 2.15> <IPBlock> <Opcode : 'add' 'sub' 'mul' 'select'> <InPorts = 0> <OutPorts = 1> <Sync> <CReg>
ST_23 : Operation 446 [1/1] (0.00ns)   --->   "%sext_ln371 = sext i6 %m167" [CASE/case_11/case_11.cc:371]   --->   Operation 446 'sext' 'sext_ln371' <Predicate = true> <Delay = 0.00>
ST_23 : Operation 447 [1/1] (3.74ns)   --->   "%mul_ln371 = mul i7 %trunc_ln371, i7 %sext_ln371" [CASE/case_11/case_11.cc:371]   --->   Operation 447 'mul' 'mul_ln371' <Predicate = true> <Delay = 3.74> <CoreInst = "Multiplier">   --->   Core 3 'Multiplier' <Latency = 0> <II = 1> <Delay = 3.74> <FuncUnit> <Opcode : 'mul'> <InPorts = 2> <OutPorts = 1>
ST_23 : Operation 448 [1/1] (0.00ns)   --->   "%sext_ln377 = sext i8 %m172" [CASE/case_11/case_11.cc:377]   --->   Operation 448 'sext' 'sext_ln377' <Predicate = true> <Delay = 0.00>
ST_23 : Operation 449 [1/1] (4.17ns)   --->   "%mul_ln377_1 = mul i9 %sext_ln377, i9 %sext_ln377_1" [CASE/case_11/case_11.cc:377]   --->   Operation 449 'mul' 'mul_ln377_1' <Predicate = true> <Delay = 4.17> <CoreInst = "Multiplier">   --->   Core 3 'Multiplier' <Latency = 0> <II = 1> <Delay = 4.17> <FuncUnit> <Opcode : 'mul'> <InPorts = 2> <OutPorts = 1>
ST_23 : Operation 450 [1/1] (2.25ns) (grouped into DSP with root node mul_ln379)   --->   "%add_ln379 = add i8 %trunc_ln375, i8 %sext_ln374" [CASE/case_11/case_11.cc:379]   --->   Operation 450 'add' 'add_ln379' <Predicate = true> <Delay = 2.25> <CoreInst = "DSP48">   --->   Core 116 'DSP48' <Latency = 3> <II = 1> <Delay = 2.15> <IPBlock> <Opcode : 'add' 'sub' 'mul' 'select'> <InPorts = 0> <OutPorts = 1> <Sync> <CReg>
ST_23 : Operation 451 [4/4] (1.05ns) (root node of the DSP)   --->   "%mul_ln379 = mul i8 %mul_ln358, i8 %add_ln379" [CASE/case_11/case_11.cc:379]   --->   Operation 451 'mul' 'mul_ln379' <Predicate = true> <Delay = 1.05> <CoreInst = "DSP48">   --->   Core 116 'DSP48' <Latency = 3> <II = 1> <Delay = 2.15> <IPBlock> <Opcode : 'add' 'sub' 'mul' 'select'> <InPorts = 0> <OutPorts = 1> <Sync> <CReg>
ST_23 : Operation 452 [2/3] (1.05ns) (grouped into DSP with root node m180)   --->   "%mul_ln382 = mul i7 %mul_ln367_1, i7 %mul_ln367" [CASE/case_11/case_11.cc:382]   --->   Operation 452 'mul' 'mul_ln382' <Predicate = true> <Delay = 1.05> <CoreInst = "DSP48">   --->   Core 116 'DSP48' <Latency = 3> <II = 1> <Delay = 2.15> <IPBlock> <Opcode : 'add' 'sub' 'mul' 'select'> <InPorts = 0> <OutPorts = 1> <Sync> <CReg>
ST_23 : Operation 453 [1/1] (0.00ns)   --->   "%sext_ln403 = sext i14 %m162" [CASE/case_11/case_11.cc:403]   --->   Operation 453 'sext' 'sext_ln403' <Predicate = true> <Delay = 0.00>
ST_23 : Operation 454 [1/1] (0.00ns)   --->   "%write_ln403 = write void @_ssdm_op_Write.ap_none.i16P0A, i16 %out_data_19, i16 %sext_ln403" [CASE/case_11/case_11.cc:403]   --->   Operation 454 'write' 'write_ln403' <Predicate = true> <Delay = 0.00>

State 24 <SV = 23> <Delay = 6.45>
ST_24 : Operation 455 [1/1] (3.74ns)   --->   "%m169 = mul i7 %mul_ln371, i7 %m150" [CASE/case_11/case_11.cc:371]   --->   Operation 455 'mul' 'm169' <Predicate = true> <Delay = 3.74> <CoreInst = "Multiplier">   --->   Core 3 'Multiplier' <Latency = 0> <II = 1> <Delay = 3.74> <FuncUnit> <Opcode : 'mul'> <InPorts = 2> <OutPorts = 1>
ST_24 : Operation 456 [1/1] (4.35ns)   --->   "%m175 = mul i9 %mul_ln377_1, i9 %mul_ln377" [CASE/case_11/case_11.cc:377]   --->   Operation 456 'mul' 'm175' <Predicate = true> <Delay = 4.35> <CoreInst = "Multiplier">   --->   Core 3 'Multiplier' <Latency = 0> <II = 1> <Delay = 4.35> <FuncUnit> <Opcode : 'mul'> <InPorts = 2> <OutPorts = 1>
ST_24 : Operation 457 [3/4] (1.05ns) (root node of the DSP)   --->   "%mul_ln379 = mul i8 %mul_ln358, i8 %add_ln379" [CASE/case_11/case_11.cc:379]   --->   Operation 457 'mul' 'mul_ln379' <Predicate = true> <Delay = 1.05> <CoreInst = "DSP48">   --->   Core 116 'DSP48' <Latency = 3> <II = 1> <Delay = 2.15> <IPBlock> <Opcode : 'add' 'sub' 'mul' 'select'> <InPorts = 0> <OutPorts = 1> <Sync> <CReg>
ST_24 : Operation 458 [1/1] (0.00ns)   --->   "%trunc_ln382 = trunc i9 %m175" [CASE/case_11/case_11.cc:382]   --->   Operation 458 'trunc' 'trunc_ln382' <Predicate = true> <Delay = 0.00>
ST_24 : Operation 459 [1/3] (0.00ns) (grouped into DSP with root node m180)   --->   "%mul_ln382 = mul i7 %mul_ln367_1, i7 %mul_ln367" [CASE/case_11/case_11.cc:382]   --->   Operation 459 'mul' 'mul_ln382' <Predicate = true> <Delay = 0.00> <CoreInst = "DSP48">   --->   Core 116 'DSP48' <Latency = 3> <II = 1> <Delay = 2.15> <IPBlock> <Opcode : 'add' 'sub' 'mul' 'select'> <InPorts = 0> <OutPorts = 1> <Sync> <CReg>
ST_24 : Operation 460 [2/2] (2.10ns) (root node of the DSP)   --->   "%m180 = add i7 %trunc_ln382, i7 %mul_ln382" [CASE/case_11/case_11.cc:382]   --->   Operation 460 'add' 'm180' <Predicate = true> <Delay = 2.10> <CoreInst = "DSP48">   --->   Core 116 'DSP48' <Latency = 3> <II = 1> <Delay = 2.15> <IPBlock> <Opcode : 'add' 'sub' 'mul' 'select'> <InPorts = 0> <OutPorts = 1> <Sync> <CReg>

State 25 <SV = 24> <Delay = 4.35>
ST_25 : Operation 461 [1/1] (0.00ns)   --->   "%sext_ln378 = sext i7 %m169" [CASE/case_11/case_11.cc:378]   --->   Operation 461 'sext' 'sext_ln378' <Predicate = true> <Delay = 0.00>
ST_25 : Operation 462 [1/1] (4.35ns)   --->   "%m176 = mul i9 %m157, i9 %sext_ln378" [CASE/case_11/case_11.cc:378]   --->   Operation 462 'mul' 'm176' <Predicate = true> <Delay = 4.35> <CoreInst = "Multiplier">   --->   Core 3 'Multiplier' <Latency = 0> <II = 1> <Delay = 4.35> <FuncUnit> <Opcode : 'mul'> <InPorts = 2> <OutPorts = 1>
ST_25 : Operation 463 [2/4] (1.05ns) (root node of the DSP)   --->   "%mul_ln379 = mul i8 %mul_ln358, i8 %add_ln379" [CASE/case_11/case_11.cc:379]   --->   Operation 463 'mul' 'mul_ln379' <Predicate = true> <Delay = 1.05> <CoreInst = "DSP48">   --->   Core 116 'DSP48' <Latency = 3> <II = 1> <Delay = 2.15> <IPBlock> <Opcode : 'add' 'sub' 'mul' 'select'> <InPorts = 0> <OutPorts = 1> <Sync> <CReg>
ST_25 : Operation 464 [1/1] (0.00ns)   --->   "%sext_ln381 = sext i2 %m170" [CASE/case_11/case_11.cc:381]   --->   Operation 464 'sext' 'sext_ln381' <Predicate = true> <Delay = 0.00>
ST_25 : Operation 465 [1/1] (4.35ns)   --->   "%m179 = mul i9 %m175, i9 %sext_ln381" [CASE/case_11/case_11.cc:381]   --->   Operation 465 'mul' 'm179' <Predicate = true> <Delay = 4.35> <CoreInst = "Multiplier">   --->   Core 3 'Multiplier' <Latency = 0> <II = 1> <Delay = 4.35> <FuncUnit> <Opcode : 'mul'> <InPorts = 2> <OutPorts = 1>
ST_25 : Operation 466 [1/2] (2.10ns) (root node of the DSP)   --->   "%m180 = add i7 %trunc_ln382, i7 %mul_ln382" [CASE/case_11/case_11.cc:382]   --->   Operation 466 'add' 'm180' <Predicate = true> <Delay = 2.10> <CoreInst = "DSP48">   --->   Core 116 'DSP48' <Latency = 3> <II = 1> <Delay = 2.15> <IPBlock> <Opcode : 'add' 'sub' 'mul' 'select'> <InPorts = 0> <OutPorts = 1> <Sync> <CReg>
ST_25 : Operation 467 [1/1] (0.00ns)   --->   "%sext_ln404 = sext i9 %m176" [CASE/case_11/case_11.cc:404]   --->   Operation 467 'sext' 'sext_ln404' <Predicate = true> <Delay = 0.00>
ST_25 : Operation 468 [1/1] (0.00ns)   --->   "%sext_ln407 = sext i9 %m179" [CASE/case_11/case_11.cc:407]   --->   Operation 468 'sext' 'sext_ln407' <Predicate = true> <Delay = 0.00>
ST_25 : Operation 469 [1/1] (0.00ns)   --->   "%sext_ln408 = sext i7 %m180" [CASE/case_11/case_11.cc:408]   --->   Operation 469 'sext' 'sext_ln408' <Predicate = true> <Delay = 0.00>
ST_25 : Operation 470 [1/1] (0.00ns)   --->   "%write_ln404 = write void @_ssdm_op_Write.ap_none.i16P0A, i16 %out_data_20, i16 %sext_ln404" [CASE/case_11/case_11.cc:404]   --->   Operation 470 'write' 'write_ln404' <Predicate = true> <Delay = 0.00>
ST_25 : Operation 471 [1/1] (0.00ns)   --->   "%write_ln407 = write void @_ssdm_op_Write.ap_none.i16P0A, i16 %out_data_23, i16 %sext_ln407" [CASE/case_11/case_11.cc:407]   --->   Operation 471 'write' 'write_ln407' <Predicate = true> <Delay = 0.00>
ST_25 : Operation 472 [1/1] (0.00ns)   --->   "%write_ln408 = write void @_ssdm_op_Write.ap_none.i16P0A, i16 %out_data_24, i16 %sext_ln408" [CASE/case_11/case_11.cc:408]   --->   Operation 472 'write' 'write_ln408' <Predicate = true> <Delay = 0.00>

State 26 <SV = 25> <Delay = 4.17>
ST_26 : Operation 473 [1/1] (0.00ns)   --->   "%spectopmodule_ln6 = spectopmodule void @_ssdm_op_SpecTopModule, void @empty_1" [CASE/case_11/case_11.cc:6]   --->   Operation 473 'spectopmodule' 'spectopmodule_ln6' <Predicate = true> <Delay = 0.00>
ST_26 : Operation 474 [1/1] (0.00ns)   --->   "%specinterface_ln6 = specinterface void @_ssdm_op_SpecInterface, i32 0, void @empty_2, i32 0, i32 0, void @empty_0, i32 0, i32 0, void @empty_0, void @empty_0, void @empty_0, i32 0, i32 0, i32 0, i32 0, void @empty_0, void @empty_0, i32 4294967295, i32 0, i32 0" [CASE/case_11/case_11.cc:6]   --->   Operation 474 'specinterface' 'specinterface_ln6' <Predicate = true> <Delay = 0.00>
ST_26 : Operation 475 [1/1] (0.00ns)   --->   "%specbitsmap_ln0 = specbitsmap void @_ssdm_op_SpecBitsMap, i16 %in_data_0"   --->   Operation 475 'specbitsmap' 'specbitsmap_ln0' <Predicate = true> <Delay = 0.00>
ST_26 : Operation 476 [1/1] (0.00ns)   --->   "%specinterface_ln0 = specinterface void @_ssdm_op_SpecInterface, i16 %in_data_0, void @empty, i32 4294967295, i32 4294967295, void @empty_0, i32 0, i32 0, void @empty_0, void @empty_0, void @empty_0, i32 0, i32 0, i32 0, i32 0, void @empty_0, void @empty_0, i32 4294967295, i32 0, i32 0"   --->   Operation 476 'specinterface' 'specinterface_ln0' <Predicate = true> <Delay = 0.00>
ST_26 : Operation 477 [1/1] (0.00ns)   --->   "%specbitsmap_ln0 = specbitsmap void @_ssdm_op_SpecBitsMap, i16 %in_data_1"   --->   Operation 477 'specbitsmap' 'specbitsmap_ln0' <Predicate = true> <Delay = 0.00>
ST_26 : Operation 478 [1/1] (0.00ns)   --->   "%specinterface_ln0 = specinterface void @_ssdm_op_SpecInterface, i16 %in_data_1, void @empty, i32 4294967295, i32 4294967295, void @empty_0, i32 0, i32 0, void @empty_0, void @empty_0, void @empty_0, i32 0, i32 0, i32 0, i32 0, void @empty_0, void @empty_0, i32 4294967295, i32 0, i32 0"   --->   Operation 478 'specinterface' 'specinterface_ln0' <Predicate = true> <Delay = 0.00>
ST_26 : Operation 479 [1/1] (0.00ns)   --->   "%specbitsmap_ln0 = specbitsmap void @_ssdm_op_SpecBitsMap, i16 %in_data_2"   --->   Operation 479 'specbitsmap' 'specbitsmap_ln0' <Predicate = true> <Delay = 0.00>
ST_26 : Operation 480 [1/1] (0.00ns)   --->   "%specinterface_ln0 = specinterface void @_ssdm_op_SpecInterface, i16 %in_data_2, void @empty, i32 4294967295, i32 4294967295, void @empty_0, i32 0, i32 0, void @empty_0, void @empty_0, void @empty_0, i32 0, i32 0, i32 0, i32 0, void @empty_0, void @empty_0, i32 4294967295, i32 0, i32 0"   --->   Operation 480 'specinterface' 'specinterface_ln0' <Predicate = true> <Delay = 0.00>
ST_26 : Operation 481 [1/1] (0.00ns)   --->   "%specbitsmap_ln0 = specbitsmap void @_ssdm_op_SpecBitsMap, i16 %in_data_3"   --->   Operation 481 'specbitsmap' 'specbitsmap_ln0' <Predicate = true> <Delay = 0.00>
ST_26 : Operation 482 [1/1] (0.00ns)   --->   "%specinterface_ln0 = specinterface void @_ssdm_op_SpecInterface, i16 %in_data_3, void @empty, i32 4294967295, i32 4294967295, void @empty_0, i32 0, i32 0, void @empty_0, void @empty_0, void @empty_0, i32 0, i32 0, i32 0, i32 0, void @empty_0, void @empty_0, i32 4294967295, i32 0, i32 0"   --->   Operation 482 'specinterface' 'specinterface_ln0' <Predicate = true> <Delay = 0.00>
ST_26 : Operation 483 [1/1] (0.00ns)   --->   "%specbitsmap_ln0 = specbitsmap void @_ssdm_op_SpecBitsMap, i16 %in_data_4"   --->   Operation 483 'specbitsmap' 'specbitsmap_ln0' <Predicate = true> <Delay = 0.00>
ST_26 : Operation 484 [1/1] (0.00ns)   --->   "%specinterface_ln0 = specinterface void @_ssdm_op_SpecInterface, i16 %in_data_4, void @empty, i32 4294967295, i32 4294967295, void @empty_0, i32 0, i32 0, void @empty_0, void @empty_0, void @empty_0, i32 0, i32 0, i32 0, i32 0, void @empty_0, void @empty_0, i32 4294967295, i32 0, i32 0"   --->   Operation 484 'specinterface' 'specinterface_ln0' <Predicate = true> <Delay = 0.00>
ST_26 : Operation 485 [1/1] (0.00ns)   --->   "%specbitsmap_ln0 = specbitsmap void @_ssdm_op_SpecBitsMap, i16 %in_data_5"   --->   Operation 485 'specbitsmap' 'specbitsmap_ln0' <Predicate = true> <Delay = 0.00>
ST_26 : Operation 486 [1/1] (0.00ns)   --->   "%specinterface_ln0 = specinterface void @_ssdm_op_SpecInterface, i16 %in_data_5, void @empty, i32 4294967295, i32 4294967295, void @empty_0, i32 0, i32 0, void @empty_0, void @empty_0, void @empty_0, i32 0, i32 0, i32 0, i32 0, void @empty_0, void @empty_0, i32 4294967295, i32 0, i32 0"   --->   Operation 486 'specinterface' 'specinterface_ln0' <Predicate = true> <Delay = 0.00>
ST_26 : Operation 487 [1/1] (0.00ns)   --->   "%specbitsmap_ln0 = specbitsmap void @_ssdm_op_SpecBitsMap, i16 %in_data_6"   --->   Operation 487 'specbitsmap' 'specbitsmap_ln0' <Predicate = true> <Delay = 0.00>
ST_26 : Operation 488 [1/1] (0.00ns)   --->   "%specinterface_ln0 = specinterface void @_ssdm_op_SpecInterface, i16 %in_data_6, void @empty, i32 4294967295, i32 4294967295, void @empty_0, i32 0, i32 0, void @empty_0, void @empty_0, void @empty_0, i32 0, i32 0, i32 0, i32 0, void @empty_0, void @empty_0, i32 4294967295, i32 0, i32 0"   --->   Operation 488 'specinterface' 'specinterface_ln0' <Predicate = true> <Delay = 0.00>
ST_26 : Operation 489 [1/1] (0.00ns)   --->   "%specbitsmap_ln0 = specbitsmap void @_ssdm_op_SpecBitsMap, i16 %in_data_7"   --->   Operation 489 'specbitsmap' 'specbitsmap_ln0' <Predicate = true> <Delay = 0.00>
ST_26 : Operation 490 [1/1] (0.00ns)   --->   "%specinterface_ln0 = specinterface void @_ssdm_op_SpecInterface, i16 %in_data_7, void @empty, i32 4294967295, i32 4294967295, void @empty_0, i32 0, i32 0, void @empty_0, void @empty_0, void @empty_0, i32 0, i32 0, i32 0, i32 0, void @empty_0, void @empty_0, i32 4294967295, i32 0, i32 0"   --->   Operation 490 'specinterface' 'specinterface_ln0' <Predicate = true> <Delay = 0.00>
ST_26 : Operation 491 [1/1] (0.00ns)   --->   "%specbitsmap_ln0 = specbitsmap void @_ssdm_op_SpecBitsMap, i16 %in_data_8"   --->   Operation 491 'specbitsmap' 'specbitsmap_ln0' <Predicate = true> <Delay = 0.00>
ST_26 : Operation 492 [1/1] (0.00ns)   --->   "%specinterface_ln0 = specinterface void @_ssdm_op_SpecInterface, i16 %in_data_8, void @empty, i32 4294967295, i32 4294967295, void @empty_0, i32 0, i32 0, void @empty_0, void @empty_0, void @empty_0, i32 0, i32 0, i32 0, i32 0, void @empty_0, void @empty_0, i32 4294967295, i32 0, i32 0"   --->   Operation 492 'specinterface' 'specinterface_ln0' <Predicate = true> <Delay = 0.00>
ST_26 : Operation 493 [1/1] (0.00ns)   --->   "%specbitsmap_ln0 = specbitsmap void @_ssdm_op_SpecBitsMap, i16 %in_data_9"   --->   Operation 493 'specbitsmap' 'specbitsmap_ln0' <Predicate = true> <Delay = 0.00>
ST_26 : Operation 494 [1/1] (0.00ns)   --->   "%specinterface_ln0 = specinterface void @_ssdm_op_SpecInterface, i16 %in_data_9, void @empty, i32 4294967295, i32 4294967295, void @empty_0, i32 0, i32 0, void @empty_0, void @empty_0, void @empty_0, i32 0, i32 0, i32 0, i32 0, void @empty_0, void @empty_0, i32 4294967295, i32 0, i32 0"   --->   Operation 494 'specinterface' 'specinterface_ln0' <Predicate = true> <Delay = 0.00>
ST_26 : Operation 495 [1/1] (0.00ns)   --->   "%specbitsmap_ln0 = specbitsmap void @_ssdm_op_SpecBitsMap, i16 %in_data_10"   --->   Operation 495 'specbitsmap' 'specbitsmap_ln0' <Predicate = true> <Delay = 0.00>
ST_26 : Operation 496 [1/1] (0.00ns)   --->   "%specinterface_ln0 = specinterface void @_ssdm_op_SpecInterface, i16 %in_data_10, void @empty, i32 4294967295, i32 4294967295, void @empty_0, i32 0, i32 0, void @empty_0, void @empty_0, void @empty_0, i32 0, i32 0, i32 0, i32 0, void @empty_0, void @empty_0, i32 4294967295, i32 0, i32 0"   --->   Operation 496 'specinterface' 'specinterface_ln0' <Predicate = true> <Delay = 0.00>
ST_26 : Operation 497 [1/1] (0.00ns)   --->   "%specbitsmap_ln0 = specbitsmap void @_ssdm_op_SpecBitsMap, i16 %in_data_11"   --->   Operation 497 'specbitsmap' 'specbitsmap_ln0' <Predicate = true> <Delay = 0.00>
ST_26 : Operation 498 [1/1] (0.00ns)   --->   "%specinterface_ln0 = specinterface void @_ssdm_op_SpecInterface, i16 %in_data_11, void @empty, i32 4294967295, i32 4294967295, void @empty_0, i32 0, i32 0, void @empty_0, void @empty_0, void @empty_0, i32 0, i32 0, i32 0, i32 0, void @empty_0, void @empty_0, i32 4294967295, i32 0, i32 0"   --->   Operation 498 'specinterface' 'specinterface_ln0' <Predicate = true> <Delay = 0.00>
ST_26 : Operation 499 [1/1] (0.00ns)   --->   "%specbitsmap_ln0 = specbitsmap void @_ssdm_op_SpecBitsMap, i16 %in_data_12"   --->   Operation 499 'specbitsmap' 'specbitsmap_ln0' <Predicate = true> <Delay = 0.00>
ST_26 : Operation 500 [1/1] (0.00ns)   --->   "%specinterface_ln0 = specinterface void @_ssdm_op_SpecInterface, i16 %in_data_12, void @empty, i32 4294967295, i32 4294967295, void @empty_0, i32 0, i32 0, void @empty_0, void @empty_0, void @empty_0, i32 0, i32 0, i32 0, i32 0, void @empty_0, void @empty_0, i32 4294967295, i32 0, i32 0"   --->   Operation 500 'specinterface' 'specinterface_ln0' <Predicate = true> <Delay = 0.00>
ST_26 : Operation 501 [1/1] (0.00ns)   --->   "%specbitsmap_ln0 = specbitsmap void @_ssdm_op_SpecBitsMap, i16 %in_data_13"   --->   Operation 501 'specbitsmap' 'specbitsmap_ln0' <Predicate = true> <Delay = 0.00>
ST_26 : Operation 502 [1/1] (0.00ns)   --->   "%specinterface_ln0 = specinterface void @_ssdm_op_SpecInterface, i16 %in_data_13, void @empty, i32 4294967295, i32 4294967295, void @empty_0, i32 0, i32 0, void @empty_0, void @empty_0, void @empty_0, i32 0, i32 0, i32 0, i32 0, void @empty_0, void @empty_0, i32 4294967295, i32 0, i32 0"   --->   Operation 502 'specinterface' 'specinterface_ln0' <Predicate = true> <Delay = 0.00>
ST_26 : Operation 503 [1/1] (0.00ns)   --->   "%specbitsmap_ln0 = specbitsmap void @_ssdm_op_SpecBitsMap, i16 %in_data_14"   --->   Operation 503 'specbitsmap' 'specbitsmap_ln0' <Predicate = true> <Delay = 0.00>
ST_26 : Operation 504 [1/1] (0.00ns)   --->   "%specinterface_ln0 = specinterface void @_ssdm_op_SpecInterface, i16 %in_data_14, void @empty, i32 4294967295, i32 4294967295, void @empty_0, i32 0, i32 0, void @empty_0, void @empty_0, void @empty_0, i32 0, i32 0, i32 0, i32 0, void @empty_0, void @empty_0, i32 4294967295, i32 0, i32 0"   --->   Operation 504 'specinterface' 'specinterface_ln0' <Predicate = true> <Delay = 0.00>
ST_26 : Operation 505 [1/1] (0.00ns)   --->   "%specbitsmap_ln0 = specbitsmap void @_ssdm_op_SpecBitsMap, i16 %in_data_15"   --->   Operation 505 'specbitsmap' 'specbitsmap_ln0' <Predicate = true> <Delay = 0.00>
ST_26 : Operation 506 [1/1] (0.00ns)   --->   "%specinterface_ln0 = specinterface void @_ssdm_op_SpecInterface, i16 %in_data_15, void @empty, i32 4294967295, i32 4294967295, void @empty_0, i32 0, i32 0, void @empty_0, void @empty_0, void @empty_0, i32 0, i32 0, i32 0, i32 0, void @empty_0, void @empty_0, i32 4294967295, i32 0, i32 0"   --->   Operation 506 'specinterface' 'specinterface_ln0' <Predicate = true> <Delay = 0.00>
ST_26 : Operation 507 [1/1] (0.00ns)   --->   "%specbitsmap_ln0 = specbitsmap void @_ssdm_op_SpecBitsMap, i16 %in_data_16"   --->   Operation 507 'specbitsmap' 'specbitsmap_ln0' <Predicate = true> <Delay = 0.00>
ST_26 : Operation 508 [1/1] (0.00ns)   --->   "%specinterface_ln0 = specinterface void @_ssdm_op_SpecInterface, i16 %in_data_16, void @empty, i32 4294967295, i32 4294967295, void @empty_0, i32 0, i32 0, void @empty_0, void @empty_0, void @empty_0, i32 0, i32 0, i32 0, i32 0, void @empty_0, void @empty_0, i32 4294967295, i32 0, i32 0"   --->   Operation 508 'specinterface' 'specinterface_ln0' <Predicate = true> <Delay = 0.00>
ST_26 : Operation 509 [1/1] (0.00ns)   --->   "%specbitsmap_ln0 = specbitsmap void @_ssdm_op_SpecBitsMap, i16 %in_data_17"   --->   Operation 509 'specbitsmap' 'specbitsmap_ln0' <Predicate = true> <Delay = 0.00>
ST_26 : Operation 510 [1/1] (0.00ns)   --->   "%specinterface_ln0 = specinterface void @_ssdm_op_SpecInterface, i16 %in_data_17, void @empty, i32 4294967295, i32 4294967295, void @empty_0, i32 0, i32 0, void @empty_0, void @empty_0, void @empty_0, i32 0, i32 0, i32 0, i32 0, void @empty_0, void @empty_0, i32 4294967295, i32 0, i32 0"   --->   Operation 510 'specinterface' 'specinterface_ln0' <Predicate = true> <Delay = 0.00>
ST_26 : Operation 511 [1/1] (0.00ns)   --->   "%specbitsmap_ln0 = specbitsmap void @_ssdm_op_SpecBitsMap, i16 %in_data_18"   --->   Operation 511 'specbitsmap' 'specbitsmap_ln0' <Predicate = true> <Delay = 0.00>
ST_26 : Operation 512 [1/1] (0.00ns)   --->   "%specinterface_ln0 = specinterface void @_ssdm_op_SpecInterface, i16 %in_data_18, void @empty, i32 4294967295, i32 4294967295, void @empty_0, i32 0, i32 0, void @empty_0, void @empty_0, void @empty_0, i32 0, i32 0, i32 0, i32 0, void @empty_0, void @empty_0, i32 4294967295, i32 0, i32 0"   --->   Operation 512 'specinterface' 'specinterface_ln0' <Predicate = true> <Delay = 0.00>
ST_26 : Operation 513 [1/1] (0.00ns)   --->   "%specbitsmap_ln0 = specbitsmap void @_ssdm_op_SpecBitsMap, i16 %in_data_19"   --->   Operation 513 'specbitsmap' 'specbitsmap_ln0' <Predicate = true> <Delay = 0.00>
ST_26 : Operation 514 [1/1] (0.00ns)   --->   "%specinterface_ln0 = specinterface void @_ssdm_op_SpecInterface, i16 %in_data_19, void @empty, i32 4294967295, i32 4294967295, void @empty_0, i32 0, i32 0, void @empty_0, void @empty_0, void @empty_0, i32 0, i32 0, i32 0, i32 0, void @empty_0, void @empty_0, i32 4294967295, i32 0, i32 0"   --->   Operation 514 'specinterface' 'specinterface_ln0' <Predicate = true> <Delay = 0.00>
ST_26 : Operation 515 [1/1] (0.00ns)   --->   "%specbitsmap_ln0 = specbitsmap void @_ssdm_op_SpecBitsMap, i16 %in_data_20"   --->   Operation 515 'specbitsmap' 'specbitsmap_ln0' <Predicate = true> <Delay = 0.00>
ST_26 : Operation 516 [1/1] (0.00ns)   --->   "%specinterface_ln0 = specinterface void @_ssdm_op_SpecInterface, i16 %in_data_20, void @empty, i32 4294967295, i32 4294967295, void @empty_0, i32 0, i32 0, void @empty_0, void @empty_0, void @empty_0, i32 0, i32 0, i32 0, i32 0, void @empty_0, void @empty_0, i32 4294967295, i32 0, i32 0"   --->   Operation 516 'specinterface' 'specinterface_ln0' <Predicate = true> <Delay = 0.00>
ST_26 : Operation 517 [1/1] (0.00ns)   --->   "%specbitsmap_ln0 = specbitsmap void @_ssdm_op_SpecBitsMap, i16 %in_data_21"   --->   Operation 517 'specbitsmap' 'specbitsmap_ln0' <Predicate = true> <Delay = 0.00>
ST_26 : Operation 518 [1/1] (0.00ns)   --->   "%specinterface_ln0 = specinterface void @_ssdm_op_SpecInterface, i16 %in_data_21, void @empty, i32 4294967295, i32 4294967295, void @empty_0, i32 0, i32 0, void @empty_0, void @empty_0, void @empty_0, i32 0, i32 0, i32 0, i32 0, void @empty_0, void @empty_0, i32 4294967295, i32 0, i32 0"   --->   Operation 518 'specinterface' 'specinterface_ln0' <Predicate = true> <Delay = 0.00>
ST_26 : Operation 519 [1/1] (0.00ns)   --->   "%specbitsmap_ln0 = specbitsmap void @_ssdm_op_SpecBitsMap, i16 %in_data_22"   --->   Operation 519 'specbitsmap' 'specbitsmap_ln0' <Predicate = true> <Delay = 0.00>
ST_26 : Operation 520 [1/1] (0.00ns)   --->   "%specinterface_ln0 = specinterface void @_ssdm_op_SpecInterface, i16 %in_data_22, void @empty, i32 4294967295, i32 4294967295, void @empty_0, i32 0, i32 0, void @empty_0, void @empty_0, void @empty_0, i32 0, i32 0, i32 0, i32 0, void @empty_0, void @empty_0, i32 4294967295, i32 0, i32 0"   --->   Operation 520 'specinterface' 'specinterface_ln0' <Predicate = true> <Delay = 0.00>
ST_26 : Operation 521 [1/1] (0.00ns)   --->   "%specbitsmap_ln0 = specbitsmap void @_ssdm_op_SpecBitsMap, i16 %in_data_23"   --->   Operation 521 'specbitsmap' 'specbitsmap_ln0' <Predicate = true> <Delay = 0.00>
ST_26 : Operation 522 [1/1] (0.00ns)   --->   "%specinterface_ln0 = specinterface void @_ssdm_op_SpecInterface, i16 %in_data_23, void @empty, i32 4294967295, i32 4294967295, void @empty_0, i32 0, i32 0, void @empty_0, void @empty_0, void @empty_0, i32 0, i32 0, i32 0, i32 0, void @empty_0, void @empty_0, i32 4294967295, i32 0, i32 0"   --->   Operation 522 'specinterface' 'specinterface_ln0' <Predicate = true> <Delay = 0.00>
ST_26 : Operation 523 [1/1] (0.00ns)   --->   "%specbitsmap_ln0 = specbitsmap void @_ssdm_op_SpecBitsMap, i16 %out_data_0"   --->   Operation 523 'specbitsmap' 'specbitsmap_ln0' <Predicate = true> <Delay = 0.00>
ST_26 : Operation 524 [1/1] (0.00ns)   --->   "%specinterface_ln0 = specinterface void @_ssdm_op_SpecInterface, i16 %out_data_0, void @empty, i32 4294967295, i32 4294967295, void @empty_0, i32 0, i32 0, void @empty_0, void @empty_0, void @empty_0, i32 0, i32 0, i32 0, i32 0, void @empty_0, void @empty_0, i32 4294967295, i32 0, i32 0"   --->   Operation 524 'specinterface' 'specinterface_ln0' <Predicate = true> <Delay = 0.00>
ST_26 : Operation 525 [1/1] (0.00ns)   --->   "%specbitsmap_ln0 = specbitsmap void @_ssdm_op_SpecBitsMap, i16 %out_data_1"   --->   Operation 525 'specbitsmap' 'specbitsmap_ln0' <Predicate = true> <Delay = 0.00>
ST_26 : Operation 526 [1/1] (0.00ns)   --->   "%specinterface_ln0 = specinterface void @_ssdm_op_SpecInterface, i16 %out_data_1, void @empty, i32 4294967295, i32 4294967295, void @empty_0, i32 0, i32 0, void @empty_0, void @empty_0, void @empty_0, i32 0, i32 0, i32 0, i32 0, void @empty_0, void @empty_0, i32 4294967295, i32 0, i32 0"   --->   Operation 526 'specinterface' 'specinterface_ln0' <Predicate = true> <Delay = 0.00>
ST_26 : Operation 527 [1/1] (0.00ns)   --->   "%specbitsmap_ln0 = specbitsmap void @_ssdm_op_SpecBitsMap, i16 %out_data_2"   --->   Operation 527 'specbitsmap' 'specbitsmap_ln0' <Predicate = true> <Delay = 0.00>
ST_26 : Operation 528 [1/1] (0.00ns)   --->   "%specinterface_ln0 = specinterface void @_ssdm_op_SpecInterface, i16 %out_data_2, void @empty, i32 4294967295, i32 4294967295, void @empty_0, i32 0, i32 0, void @empty_0, void @empty_0, void @empty_0, i32 0, i32 0, i32 0, i32 0, void @empty_0, void @empty_0, i32 4294967295, i32 0, i32 0"   --->   Operation 528 'specinterface' 'specinterface_ln0' <Predicate = true> <Delay = 0.00>
ST_26 : Operation 529 [1/1] (0.00ns)   --->   "%specbitsmap_ln0 = specbitsmap void @_ssdm_op_SpecBitsMap, i16 %out_data_3"   --->   Operation 529 'specbitsmap' 'specbitsmap_ln0' <Predicate = true> <Delay = 0.00>
ST_26 : Operation 530 [1/1] (0.00ns)   --->   "%specinterface_ln0 = specinterface void @_ssdm_op_SpecInterface, i16 %out_data_3, void @empty, i32 4294967295, i32 4294967295, void @empty_0, i32 0, i32 0, void @empty_0, void @empty_0, void @empty_0, i32 0, i32 0, i32 0, i32 0, void @empty_0, void @empty_0, i32 4294967295, i32 0, i32 0"   --->   Operation 530 'specinterface' 'specinterface_ln0' <Predicate = true> <Delay = 0.00>
ST_26 : Operation 531 [1/1] (0.00ns)   --->   "%specbitsmap_ln0 = specbitsmap void @_ssdm_op_SpecBitsMap, i16 %out_data_4"   --->   Operation 531 'specbitsmap' 'specbitsmap_ln0' <Predicate = true> <Delay = 0.00>
ST_26 : Operation 532 [1/1] (0.00ns)   --->   "%specinterface_ln0 = specinterface void @_ssdm_op_SpecInterface, i16 %out_data_4, void @empty, i32 4294967295, i32 4294967295, void @empty_0, i32 0, i32 0, void @empty_0, void @empty_0, void @empty_0, i32 0, i32 0, i32 0, i32 0, void @empty_0, void @empty_0, i32 4294967295, i32 0, i32 0"   --->   Operation 532 'specinterface' 'specinterface_ln0' <Predicate = true> <Delay = 0.00>
ST_26 : Operation 533 [1/1] (0.00ns)   --->   "%specbitsmap_ln0 = specbitsmap void @_ssdm_op_SpecBitsMap, i16 %out_data_5"   --->   Operation 533 'specbitsmap' 'specbitsmap_ln0' <Predicate = true> <Delay = 0.00>
ST_26 : Operation 534 [1/1] (0.00ns)   --->   "%specinterface_ln0 = specinterface void @_ssdm_op_SpecInterface, i16 %out_data_5, void @empty, i32 4294967295, i32 4294967295, void @empty_0, i32 0, i32 0, void @empty_0, void @empty_0, void @empty_0, i32 0, i32 0, i32 0, i32 0, void @empty_0, void @empty_0, i32 4294967295, i32 0, i32 0"   --->   Operation 534 'specinterface' 'specinterface_ln0' <Predicate = true> <Delay = 0.00>
ST_26 : Operation 535 [1/1] (0.00ns)   --->   "%specbitsmap_ln0 = specbitsmap void @_ssdm_op_SpecBitsMap, i16 %out_data_6"   --->   Operation 535 'specbitsmap' 'specbitsmap_ln0' <Predicate = true> <Delay = 0.00>
ST_26 : Operation 536 [1/1] (0.00ns)   --->   "%specinterface_ln0 = specinterface void @_ssdm_op_SpecInterface, i16 %out_data_6, void @empty, i32 4294967295, i32 4294967295, void @empty_0, i32 0, i32 0, void @empty_0, void @empty_0, void @empty_0, i32 0, i32 0, i32 0, i32 0, void @empty_0, void @empty_0, i32 4294967295, i32 0, i32 0"   --->   Operation 536 'specinterface' 'specinterface_ln0' <Predicate = true> <Delay = 0.00>
ST_26 : Operation 537 [1/1] (0.00ns)   --->   "%specbitsmap_ln0 = specbitsmap void @_ssdm_op_SpecBitsMap, i16 %out_data_7"   --->   Operation 537 'specbitsmap' 'specbitsmap_ln0' <Predicate = true> <Delay = 0.00>
ST_26 : Operation 538 [1/1] (0.00ns)   --->   "%specinterface_ln0 = specinterface void @_ssdm_op_SpecInterface, i16 %out_data_7, void @empty, i32 4294967295, i32 4294967295, void @empty_0, i32 0, i32 0, void @empty_0, void @empty_0, void @empty_0, i32 0, i32 0, i32 0, i32 0, void @empty_0, void @empty_0, i32 4294967295, i32 0, i32 0"   --->   Operation 538 'specinterface' 'specinterface_ln0' <Predicate = true> <Delay = 0.00>
ST_26 : Operation 539 [1/1] (0.00ns)   --->   "%specbitsmap_ln0 = specbitsmap void @_ssdm_op_SpecBitsMap, i16 %out_data_8"   --->   Operation 539 'specbitsmap' 'specbitsmap_ln0' <Predicate = true> <Delay = 0.00>
ST_26 : Operation 540 [1/1] (0.00ns)   --->   "%specinterface_ln0 = specinterface void @_ssdm_op_SpecInterface, i16 %out_data_8, void @empty, i32 4294967295, i32 4294967295, void @empty_0, i32 0, i32 0, void @empty_0, void @empty_0, void @empty_0, i32 0, i32 0, i32 0, i32 0, void @empty_0, void @empty_0, i32 4294967295, i32 0, i32 0"   --->   Operation 540 'specinterface' 'specinterface_ln0' <Predicate = true> <Delay = 0.00>
ST_26 : Operation 541 [1/1] (0.00ns)   --->   "%specbitsmap_ln0 = specbitsmap void @_ssdm_op_SpecBitsMap, i16 %out_data_9"   --->   Operation 541 'specbitsmap' 'specbitsmap_ln0' <Predicate = true> <Delay = 0.00>
ST_26 : Operation 542 [1/1] (0.00ns)   --->   "%specinterface_ln0 = specinterface void @_ssdm_op_SpecInterface, i16 %out_data_9, void @empty, i32 4294967295, i32 4294967295, void @empty_0, i32 0, i32 0, void @empty_0, void @empty_0, void @empty_0, i32 0, i32 0, i32 0, i32 0, void @empty_0, void @empty_0, i32 4294967295, i32 0, i32 0"   --->   Operation 542 'specinterface' 'specinterface_ln0' <Predicate = true> <Delay = 0.00>
ST_26 : Operation 543 [1/1] (0.00ns)   --->   "%specbitsmap_ln0 = specbitsmap void @_ssdm_op_SpecBitsMap, i16 %out_data_10"   --->   Operation 543 'specbitsmap' 'specbitsmap_ln0' <Predicate = true> <Delay = 0.00>
ST_26 : Operation 544 [1/1] (0.00ns)   --->   "%specinterface_ln0 = specinterface void @_ssdm_op_SpecInterface, i16 %out_data_10, void @empty, i32 4294967295, i32 4294967295, void @empty_0, i32 0, i32 0, void @empty_0, void @empty_0, void @empty_0, i32 0, i32 0, i32 0, i32 0, void @empty_0, void @empty_0, i32 4294967295, i32 0, i32 0"   --->   Operation 544 'specinterface' 'specinterface_ln0' <Predicate = true> <Delay = 0.00>
ST_26 : Operation 545 [1/1] (0.00ns)   --->   "%specbitsmap_ln0 = specbitsmap void @_ssdm_op_SpecBitsMap, i16 %out_data_11"   --->   Operation 545 'specbitsmap' 'specbitsmap_ln0' <Predicate = true> <Delay = 0.00>
ST_26 : Operation 546 [1/1] (0.00ns)   --->   "%specinterface_ln0 = specinterface void @_ssdm_op_SpecInterface, i16 %out_data_11, void @empty, i32 4294967295, i32 4294967295, void @empty_0, i32 0, i32 0, void @empty_0, void @empty_0, void @empty_0, i32 0, i32 0, i32 0, i32 0, void @empty_0, void @empty_0, i32 4294967295, i32 0, i32 0"   --->   Operation 546 'specinterface' 'specinterface_ln0' <Predicate = true> <Delay = 0.00>
ST_26 : Operation 547 [1/1] (0.00ns)   --->   "%specbitsmap_ln0 = specbitsmap void @_ssdm_op_SpecBitsMap, i16 %out_data_12"   --->   Operation 547 'specbitsmap' 'specbitsmap_ln0' <Predicate = true> <Delay = 0.00>
ST_26 : Operation 548 [1/1] (0.00ns)   --->   "%specinterface_ln0 = specinterface void @_ssdm_op_SpecInterface, i16 %out_data_12, void @empty, i32 4294967295, i32 4294967295, void @empty_0, i32 0, i32 0, void @empty_0, void @empty_0, void @empty_0, i32 0, i32 0, i32 0, i32 0, void @empty_0, void @empty_0, i32 4294967295, i32 0, i32 0"   --->   Operation 548 'specinterface' 'specinterface_ln0' <Predicate = true> <Delay = 0.00>
ST_26 : Operation 549 [1/1] (0.00ns)   --->   "%specbitsmap_ln0 = specbitsmap void @_ssdm_op_SpecBitsMap, i16 %out_data_13"   --->   Operation 549 'specbitsmap' 'specbitsmap_ln0' <Predicate = true> <Delay = 0.00>
ST_26 : Operation 550 [1/1] (0.00ns)   --->   "%specinterface_ln0 = specinterface void @_ssdm_op_SpecInterface, i16 %out_data_13, void @empty, i32 4294967295, i32 4294967295, void @empty_0, i32 0, i32 0, void @empty_0, void @empty_0, void @empty_0, i32 0, i32 0, i32 0, i32 0, void @empty_0, void @empty_0, i32 4294967295, i32 0, i32 0"   --->   Operation 550 'specinterface' 'specinterface_ln0' <Predicate = true> <Delay = 0.00>
ST_26 : Operation 551 [1/1] (0.00ns)   --->   "%specbitsmap_ln0 = specbitsmap void @_ssdm_op_SpecBitsMap, i16 %out_data_14"   --->   Operation 551 'specbitsmap' 'specbitsmap_ln0' <Predicate = true> <Delay = 0.00>
ST_26 : Operation 552 [1/1] (0.00ns)   --->   "%specinterface_ln0 = specinterface void @_ssdm_op_SpecInterface, i16 %out_data_14, void @empty, i32 4294967295, i32 4294967295, void @empty_0, i32 0, i32 0, void @empty_0, void @empty_0, void @empty_0, i32 0, i32 0, i32 0, i32 0, void @empty_0, void @empty_0, i32 4294967295, i32 0, i32 0"   --->   Operation 552 'specinterface' 'specinterface_ln0' <Predicate = true> <Delay = 0.00>
ST_26 : Operation 553 [1/1] (0.00ns)   --->   "%specbitsmap_ln0 = specbitsmap void @_ssdm_op_SpecBitsMap, i16 %out_data_15"   --->   Operation 553 'specbitsmap' 'specbitsmap_ln0' <Predicate = true> <Delay = 0.00>
ST_26 : Operation 554 [1/1] (0.00ns)   --->   "%specinterface_ln0 = specinterface void @_ssdm_op_SpecInterface, i16 %out_data_15, void @empty, i32 4294967295, i32 4294967295, void @empty_0, i32 0, i32 0, void @empty_0, void @empty_0, void @empty_0, i32 0, i32 0, i32 0, i32 0, void @empty_0, void @empty_0, i32 4294967295, i32 0, i32 0"   --->   Operation 554 'specinterface' 'specinterface_ln0' <Predicate = true> <Delay = 0.00>
ST_26 : Operation 555 [1/1] (0.00ns)   --->   "%specbitsmap_ln0 = specbitsmap void @_ssdm_op_SpecBitsMap, i16 %out_data_16"   --->   Operation 555 'specbitsmap' 'specbitsmap_ln0' <Predicate = true> <Delay = 0.00>
ST_26 : Operation 556 [1/1] (0.00ns)   --->   "%specinterface_ln0 = specinterface void @_ssdm_op_SpecInterface, i16 %out_data_16, void @empty, i32 4294967295, i32 4294967295, void @empty_0, i32 0, i32 0, void @empty_0, void @empty_0, void @empty_0, i32 0, i32 0, i32 0, i32 0, void @empty_0, void @empty_0, i32 4294967295, i32 0, i32 0"   --->   Operation 556 'specinterface' 'specinterface_ln0' <Predicate = true> <Delay = 0.00>
ST_26 : Operation 557 [1/1] (0.00ns)   --->   "%specbitsmap_ln0 = specbitsmap void @_ssdm_op_SpecBitsMap, i16 %out_data_17"   --->   Operation 557 'specbitsmap' 'specbitsmap_ln0' <Predicate = true> <Delay = 0.00>
ST_26 : Operation 558 [1/1] (0.00ns)   --->   "%specinterface_ln0 = specinterface void @_ssdm_op_SpecInterface, i16 %out_data_17, void @empty, i32 4294967295, i32 4294967295, void @empty_0, i32 0, i32 0, void @empty_0, void @empty_0, void @empty_0, i32 0, i32 0, i32 0, i32 0, void @empty_0, void @empty_0, i32 4294967295, i32 0, i32 0"   --->   Operation 558 'specinterface' 'specinterface_ln0' <Predicate = true> <Delay = 0.00>
ST_26 : Operation 559 [1/1] (0.00ns)   --->   "%specbitsmap_ln0 = specbitsmap void @_ssdm_op_SpecBitsMap, i16 %out_data_18"   --->   Operation 559 'specbitsmap' 'specbitsmap_ln0' <Predicate = true> <Delay = 0.00>
ST_26 : Operation 560 [1/1] (0.00ns)   --->   "%specinterface_ln0 = specinterface void @_ssdm_op_SpecInterface, i16 %out_data_18, void @empty, i32 4294967295, i32 4294967295, void @empty_0, i32 0, i32 0, void @empty_0, void @empty_0, void @empty_0, i32 0, i32 0, i32 0, i32 0, void @empty_0, void @empty_0, i32 4294967295, i32 0, i32 0"   --->   Operation 560 'specinterface' 'specinterface_ln0' <Predicate = true> <Delay = 0.00>
ST_26 : Operation 561 [1/1] (0.00ns)   --->   "%specbitsmap_ln0 = specbitsmap void @_ssdm_op_SpecBitsMap, i16 %out_data_19"   --->   Operation 561 'specbitsmap' 'specbitsmap_ln0' <Predicate = true> <Delay = 0.00>
ST_26 : Operation 562 [1/1] (0.00ns)   --->   "%specinterface_ln0 = specinterface void @_ssdm_op_SpecInterface, i16 %out_data_19, void @empty, i32 4294967295, i32 4294967295, void @empty_0, i32 0, i32 0, void @empty_0, void @empty_0, void @empty_0, i32 0, i32 0, i32 0, i32 0, void @empty_0, void @empty_0, i32 4294967295, i32 0, i32 0"   --->   Operation 562 'specinterface' 'specinterface_ln0' <Predicate = true> <Delay = 0.00>
ST_26 : Operation 563 [1/1] (0.00ns)   --->   "%specbitsmap_ln0 = specbitsmap void @_ssdm_op_SpecBitsMap, i16 %out_data_20"   --->   Operation 563 'specbitsmap' 'specbitsmap_ln0' <Predicate = true> <Delay = 0.00>
ST_26 : Operation 564 [1/1] (0.00ns)   --->   "%specinterface_ln0 = specinterface void @_ssdm_op_SpecInterface, i16 %out_data_20, void @empty, i32 4294967295, i32 4294967295, void @empty_0, i32 0, i32 0, void @empty_0, void @empty_0, void @empty_0, i32 0, i32 0, i32 0, i32 0, void @empty_0, void @empty_0, i32 4294967295, i32 0, i32 0"   --->   Operation 564 'specinterface' 'specinterface_ln0' <Predicate = true> <Delay = 0.00>
ST_26 : Operation 565 [1/1] (0.00ns)   --->   "%specbitsmap_ln0 = specbitsmap void @_ssdm_op_SpecBitsMap, i16 %out_data_21"   --->   Operation 565 'specbitsmap' 'specbitsmap_ln0' <Predicate = true> <Delay = 0.00>
ST_26 : Operation 566 [1/1] (0.00ns)   --->   "%specinterface_ln0 = specinterface void @_ssdm_op_SpecInterface, i16 %out_data_21, void @empty, i32 4294967295, i32 4294967295, void @empty_0, i32 0, i32 0, void @empty_0, void @empty_0, void @empty_0, i32 0, i32 0, i32 0, i32 0, void @empty_0, void @empty_0, i32 4294967295, i32 0, i32 0"   --->   Operation 566 'specinterface' 'specinterface_ln0' <Predicate = true> <Delay = 0.00>
ST_26 : Operation 567 [1/1] (0.00ns)   --->   "%specbitsmap_ln0 = specbitsmap void @_ssdm_op_SpecBitsMap, i16 %out_data_22"   --->   Operation 567 'specbitsmap' 'specbitsmap_ln0' <Predicate = true> <Delay = 0.00>
ST_26 : Operation 568 [1/1] (0.00ns)   --->   "%specinterface_ln0 = specinterface void @_ssdm_op_SpecInterface, i16 %out_data_22, void @empty, i32 4294967295, i32 4294967295, void @empty_0, i32 0, i32 0, void @empty_0, void @empty_0, void @empty_0, i32 0, i32 0, i32 0, i32 0, void @empty_0, void @empty_0, i32 4294967295, i32 0, i32 0"   --->   Operation 568 'specinterface' 'specinterface_ln0' <Predicate = true> <Delay = 0.00>
ST_26 : Operation 569 [1/1] (0.00ns)   --->   "%specbitsmap_ln0 = specbitsmap void @_ssdm_op_SpecBitsMap, i16 %out_data_23"   --->   Operation 569 'specbitsmap' 'specbitsmap_ln0' <Predicate = true> <Delay = 0.00>
ST_26 : Operation 570 [1/1] (0.00ns)   --->   "%specinterface_ln0 = specinterface void @_ssdm_op_SpecInterface, i16 %out_data_23, void @empty, i32 4294967295, i32 4294967295, void @empty_0, i32 0, i32 0, void @empty_0, void @empty_0, void @empty_0, i32 0, i32 0, i32 0, i32 0, void @empty_0, void @empty_0, i32 4294967295, i32 0, i32 0"   --->   Operation 570 'specinterface' 'specinterface_ln0' <Predicate = true> <Delay = 0.00>
ST_26 : Operation 571 [1/1] (0.00ns)   --->   "%specbitsmap_ln0 = specbitsmap void @_ssdm_op_SpecBitsMap, i16 %out_data_24"   --->   Operation 571 'specbitsmap' 'specbitsmap_ln0' <Predicate = true> <Delay = 0.00>
ST_26 : Operation 572 [1/1] (0.00ns)   --->   "%specinterface_ln0 = specinterface void @_ssdm_op_SpecInterface, i16 %out_data_24, void @empty, i32 4294967295, i32 4294967295, void @empty_0, i32 0, i32 0, void @empty_0, void @empty_0, void @empty_0, i32 0, i32 0, i32 0, i32 0, void @empty_0, void @empty_0, i32 4294967295, i32 0, i32 0"   --->   Operation 572 'specinterface' 'specinterface_ln0' <Predicate = true> <Delay = 0.00>
ST_26 : Operation 573 [1/4] (0.00ns) (root node of the DSP)   --->   "%mul_ln379 = mul i8 %mul_ln358, i8 %add_ln379" [CASE/case_11/case_11.cc:379]   --->   Operation 573 'mul' 'mul_ln379' <Predicate = true> <Delay = 0.00> <CoreInst = "DSP48">   --->   Core 116 'DSP48' <Latency = 3> <II = 1> <Delay = 2.15> <IPBlock> <Opcode : 'add' 'sub' 'mul' 'select'> <InPorts = 0> <OutPorts = 1> <Sync> <CReg>
ST_26 : Operation 574 [1/1] (4.17ns)   --->   "%m177 = mul i8 %mul_ln379, i8 %trunc_ln373" [CASE/case_11/case_11.cc:379]   --->   Operation 574 'mul' 'm177' <Predicate = true> <Delay = 4.17> <CoreInst = "Multiplier">   --->   Core 3 'Multiplier' <Latency = 0> <II = 1> <Delay = 4.17> <FuncUnit> <Opcode : 'mul'> <InPorts = 2> <OutPorts = 1>
ST_26 : Operation 575 [1/1] (0.00ns)   --->   "%sext_ln405 = sext i8 %m177" [CASE/case_11/case_11.cc:405]   --->   Operation 575 'sext' 'sext_ln405' <Predicate = true> <Delay = 0.00>
ST_26 : Operation 576 [1/1] (0.00ns)   --->   "%write_ln405 = write void @_ssdm_op_Write.ap_none.i16P0A, i16 %out_data_21, i16 %sext_ln405" [CASE/case_11/case_11.cc:405]   --->   Operation 576 'write' 'write_ln405' <Predicate = true> <Delay = 0.00>
ST_26 : Operation 577 [1/1] (0.00ns)   --->   "%ret_ln411 = ret" [CASE/case_11/case_11.cc:411]   --->   Operation 577 'ret' 'ret_ln411' <Predicate = true> <Delay = 0.00>


============================================================
+ Verbose Summary: Binding
============================================================
STG Binding: 
---------------- STG Properties BEGIN ----------------
- Is combinational: 0
- Is one-state seq: 0
- Is datapath-only: 0
- Is pipelined: 0
- Is top level: 1
Port [ Return ] is wired: 1; IO mode=ap_ctrl_hs:ce=0
Port [ in_data_0]:  wired=1; compound=0; hidden=0; nouse=1; global=0; static=0; extern=0; dir=0; type=0; pingpong=0; private_global=0; IO mode=ap_none:ce=0
Port [ in_data_1]:  wired=1; compound=0; hidden=0; nouse=1; global=0; static=0; extern=0; dir=0; type=0; pingpong=0; private_global=0; IO mode=ap_none:ce=0
Port [ in_data_2]:  wired=1; compound=0; hidden=0; nouse=1; global=0; static=0; extern=0; dir=0; type=0; pingpong=0; private_global=0; IO mode=ap_none:ce=0
Port [ in_data_3]:  wired=1; compound=0; hidden=0; nouse=1; global=0; static=0; extern=0; dir=0; type=0; pingpong=0; private_global=0; IO mode=ap_none:ce=0
Port [ in_data_4]:  wired=1; compound=0; hidden=0; nouse=1; global=0; static=0; extern=0; dir=0; type=0; pingpong=0; private_global=0; IO mode=ap_none:ce=0
Port [ in_data_5]:  wired=1; compound=0; hidden=0; nouse=0; global=0; static=0; extern=0; dir=0; type=0; pingpong=0; private_global=0; IO mode=ap_none:ce=0
Port [ in_data_6]:  wired=1; compound=0; hidden=0; nouse=0; global=0; static=0; extern=0; dir=0; type=0; pingpong=0; private_global=0; IO mode=ap_none:ce=0
Port [ in_data_7]:  wired=1; compound=0; hidden=0; nouse=0; global=0; static=0; extern=0; dir=0; type=0; pingpong=0; private_global=0; IO mode=ap_none:ce=0
Port [ in_data_8]:  wired=1; compound=0; hidden=0; nouse=0; global=0; static=0; extern=0; dir=0; type=0; pingpong=0; private_global=0; IO mode=ap_none:ce=0
Port [ in_data_9]:  wired=1; compound=0; hidden=0; nouse=0; global=0; static=0; extern=0; dir=0; type=0; pingpong=0; private_global=0; IO mode=ap_none:ce=0
Port [ in_data_10]:  wired=1; compound=0; hidden=0; nouse=1; global=0; static=0; extern=0; dir=0; type=0; pingpong=0; private_global=0; IO mode=ap_none:ce=0
Port [ in_data_11]:  wired=1; compound=0; hidden=0; nouse=1; global=0; static=0; extern=0; dir=0; type=0; pingpong=0; private_global=0; IO mode=ap_none:ce=0
Port [ in_data_12]:  wired=1; compound=0; hidden=0; nouse=0; global=0; static=0; extern=0; dir=0; type=0; pingpong=0; private_global=0; IO mode=ap_none:ce=0
Port [ in_data_13]:  wired=1; compound=0; hidden=0; nouse=1; global=0; static=0; extern=0; dir=0; type=0; pingpong=0; private_global=0; IO mode=ap_none:ce=0
Port [ in_data_14]:  wired=1; compound=0; hidden=0; nouse=0; global=0; static=0; extern=0; dir=0; type=0; pingpong=0; private_global=0; IO mode=ap_none:ce=0
Port [ in_data_15]:  wired=1; compound=0; hidden=0; nouse=0; global=0; static=0; extern=0; dir=0; type=0; pingpong=0; private_global=0; IO mode=ap_none:ce=0
Port [ in_data_16]:  wired=1; compound=0; hidden=0; nouse=1; global=0; static=0; extern=0; dir=0; type=0; pingpong=0; private_global=0; IO mode=ap_none:ce=0
Port [ in_data_17]:  wired=1; compound=0; hidden=0; nouse=0; global=0; static=0; extern=0; dir=0; type=0; pingpong=0; private_global=0; IO mode=ap_none:ce=0
Port [ in_data_18]:  wired=1; compound=0; hidden=0; nouse=0; global=0; static=0; extern=0; dir=0; type=0; pingpong=0; private_global=0; IO mode=ap_none:ce=0
Port [ in_data_19]:  wired=1; compound=0; hidden=0; nouse=1; global=0; static=0; extern=0; dir=0; type=0; pingpong=0; private_global=0; IO mode=ap_none:ce=0
Port [ in_data_20]:  wired=1; compound=0; hidden=0; nouse=0; global=0; static=0; extern=0; dir=0; type=0; pingpong=0; private_global=0; IO mode=ap_none:ce=0
Port [ in_data_21]:  wired=1; compound=0; hidden=0; nouse=0; global=0; static=0; extern=0; dir=0; type=0; pingpong=0; private_global=0; IO mode=ap_none:ce=0
Port [ in_data_22]:  wired=1; compound=0; hidden=0; nouse=0; global=0; static=0; extern=0; dir=0; type=0; pingpong=0; private_global=0; IO mode=ap_none:ce=0
Port [ in_data_23]:  wired=1; compound=0; hidden=0; nouse=0; global=0; static=0; extern=0; dir=0; type=0; pingpong=0; private_global=0; IO mode=ap_none:ce=0
Port [ out_data_0]:  wired=1; compound=0; hidden=0; nouse=0; global=0; static=0; extern=0; dir=1; type=0; pingpong=0; private_global=0; IO mode=ap_none:ce=0
Port [ out_data_1]:  wired=1; compound=0; hidden=0; nouse=0; global=0; static=0; extern=0; dir=1; type=0; pingpong=0; private_global=0; IO mode=ap_none:ce=0
Port [ out_data_2]:  wired=1; compound=0; hidden=0; nouse=0; global=0; static=0; extern=0; dir=1; type=0; pingpong=0; private_global=0; IO mode=ap_none:ce=0
Port [ out_data_3]:  wired=1; compound=0; hidden=0; nouse=0; global=0; static=0; extern=0; dir=1; type=0; pingpong=0; private_global=0; IO mode=ap_none:ce=0
Port [ out_data_4]:  wired=1; compound=0; hidden=0; nouse=0; global=0; static=0; extern=0; dir=1; type=0; pingpong=0; private_global=0; IO mode=ap_none:ce=0
Port [ out_data_5]:  wired=1; compound=0; hidden=0; nouse=0; global=0; static=0; extern=0; dir=1; type=0; pingpong=0; private_global=0; IO mode=ap_none:ce=0
Port [ out_data_6]:  wired=1; compound=0; hidden=0; nouse=0; global=0; static=0; extern=0; dir=1; type=0; pingpong=0; private_global=0; IO mode=ap_none:ce=0
Port [ out_data_7]:  wired=1; compound=0; hidden=0; nouse=0; global=0; static=0; extern=0; dir=1; type=0; pingpong=0; private_global=0; IO mode=ap_none:ce=0
Port [ out_data_8]:  wired=1; compound=0; hidden=0; nouse=0; global=0; static=0; extern=0; dir=1; type=0; pingpong=0; private_global=0; IO mode=ap_none:ce=0
Port [ out_data_9]:  wired=1; compound=0; hidden=0; nouse=0; global=0; static=0; extern=0; dir=1; type=0; pingpong=0; private_global=0; IO mode=ap_none:ce=0
Port [ out_data_10]:  wired=1; compound=0; hidden=0; nouse=0; global=0; static=0; extern=0; dir=1; type=0; pingpong=0; private_global=0; IO mode=ap_none:ce=0
Port [ out_data_11]:  wired=1; compound=0; hidden=0; nouse=0; global=0; static=0; extern=0; dir=1; type=0; pingpong=0; private_global=0; IO mode=ap_none:ce=0
Port [ out_data_12]:  wired=1; compound=0; hidden=0; nouse=0; global=0; static=0; extern=0; dir=1; type=0; pingpong=0; private_global=0; IO mode=ap_none:ce=0
Port [ out_data_13]:  wired=1; compound=0; hidden=0; nouse=0; global=0; static=0; extern=0; dir=1; type=0; pingpong=0; private_global=0; IO mode=ap_none:ce=0
Port [ out_data_14]:  wired=1; compound=0; hidden=0; nouse=0; global=0; static=0; extern=0; dir=1; type=0; pingpong=0; private_global=0; IO mode=ap_none:ce=0
Port [ out_data_15]:  wired=1; compound=0; hidden=0; nouse=0; global=0; static=0; extern=0; dir=1; type=0; pingpong=0; private_global=0; IO mode=ap_none:ce=0
Port [ out_data_16]:  wired=1; compound=0; hidden=0; nouse=0; global=0; static=0; extern=0; dir=1; type=0; pingpong=0; private_global=0; IO mode=ap_none:ce=0
Port [ out_data_17]:  wired=1; compound=0; hidden=0; nouse=0; global=0; static=0; extern=0; dir=1; type=0; pingpong=0; private_global=0; IO mode=ap_none:ce=0
Port [ out_data_18]:  wired=1; compound=0; hidden=0; nouse=0; global=0; static=0; extern=0; dir=1; type=0; pingpong=0; private_global=0; IO mode=ap_none:ce=0
Port [ out_data_19]:  wired=1; compound=0; hidden=0; nouse=0; global=0; static=0; extern=0; dir=1; type=0; pingpong=0; private_global=0; IO mode=ap_none:ce=0
Port [ out_data_20]:  wired=1; compound=0; hidden=0; nouse=0; global=0; static=0; extern=0; dir=1; type=0; pingpong=0; private_global=0; IO mode=ap_none:ce=0
Port [ out_data_21]:  wired=1; compound=0; hidden=0; nouse=0; global=0; static=0; extern=0; dir=1; type=0; pingpong=0; private_global=0; IO mode=ap_none:ce=0
Port [ out_data_22]:  wired=1; compound=0; hidden=0; nouse=0; global=0; static=0; extern=0; dir=1; type=0; pingpong=0; private_global=0; IO mode=ap_none:ce=0
Port [ out_data_23]:  wired=1; compound=0; hidden=0; nouse=0; global=0; static=0; extern=0; dir=1; type=0; pingpong=0; private_global=0; IO mode=ap_none:ce=0
Port [ out_data_24]:  wired=1; compound=0; hidden=0; nouse=0; global=0; static=0; extern=0; dir=1; type=0; pingpong=0; private_global=0; IO mode=ap_none:ce=0
---------------- STG Properties END ------------------

---------------- Datapath Model BEGIN ----------------

<LifeTime>
<method=bitvector/>
in_data_6_read    (read         ) [ 000000000000000000000000000]
in7               (trunc        ) [ 000000000000000000000000000]
in_data_15_read   (read         ) [ 000000000000000000000000000]
in16              (trunc        ) [ 000000000000000000000000000]
mul_ln229         (mul          ) [ 001000000000000000000000000]
trunc_ln239_1     (trunc        ) [ 001100000000000000000000000]
in_data_9_read    (read         ) [ 000000000000000000000000000]
trunc_ln229       (trunc        ) [ 000000000000000000000000000]
m27               (mul          ) [ 000100000000000000000000000]
trunc_ln230       (trunc        ) [ 000110000000000000000000000]
in_data_5_read    (read         ) [ 000000000000000000000000000]
in_data_18_read   (read         ) [ 000000000000000000000000000]
in19              (trunc        ) [ 000010000000000000000000000]
in_data_22_read   (read         ) [ 000000000000000000000000000]
in23              (trunc        ) [ 000000000000000000000000000]
trunc_ln227       (trunc        ) [ 000000000000000000000000000]
sext_ln227_1      (sext         ) [ 000000000000000000000000000]
m25               (add          ) [ 000010000000000000000000000]
sext_ln231        (sext         ) [ 000000000000000000000000000]
sext_ln231_1      (sext         ) [ 000000000000000000000000000]
m29               (mul          ) [ 000000000000000000000000000]
trunc_ln237       (trunc        ) [ 000010000000000000000000000]
trunc_ln238       (trunc        ) [ 000010000000000000000000000]
trunc_ln239       (trunc        ) [ 000010000000000000000000000]
m37               (mul          ) [ 000011111000000000000000000]
trunc_ln245       (trunc        ) [ 000011100000000000000000000]
trunc_ln246       (trunc        ) [ 000011000000000000000000000]
trunc_ln250       (trunc        ) [ 000011100000000000000000000]
trunc_ln254       (trunc        ) [ 000011111000000000000000000]
in_data_7_read    (read         ) [ 000000000000000000000000000]
in_data_8_read    (read         ) [ 000000000000000000000000000]
in9               (trunc        ) [ 000000000000000000000000000]
in_data_23_read   (read         ) [ 000000000000000000000000000]
in24              (trunc        ) [ 000001110000000000000000000]
sext_ln227        (sext         ) [ 000000000000000000000000000]
trunc_ln230_1     (trunc        ) [ 000000000000000000000000000]
m28               (add          ) [ 000000000000000000000000000]
m31               (add          ) [ 000001110000000000000000000]
sext_ln234        (sext         ) [ 000000000000000000000000000]
m32               (mul          ) [ 000001110000000000000000000]
m35               (mul          ) [ 000001000000000000000000000]
trunc_ln241_1     (trunc        ) [ 000001000000000000000000000]
sext_ln242        (sext         ) [ 000000000000000000000000000]
m40               (mul          ) [ 000001100000000000000000000]
trunc_ln243       (trunc        ) [ 000000000000000000000000000]
m41               (mul          ) [ 000000000000000000000000000]
trunc_ln294_1     (trunc        ) [ 000001111110000000000000000]
trunc_ln253       (trunc        ) [ 000001111000000000000000000]
sext_ln385        (sext         ) [ 000000000000000000000000000]
write_ln385       (write        ) [ 000000000000000000000000000]
in_data_14_read   (read         ) [ 000000000000000000000000000]
in15              (trunc        ) [ 000000000000000000000000000]
in_data_17_read   (read         ) [ 000000000000000000000000000]
in18              (trunc        ) [ 000000000000000000000000000]
in_data_20_read   (read         ) [ 000000000000000000000000000]
in21              (trunc        ) [ 000000000000000000000000000]
in22              (read         ) [ 000000000000000000000000000]
sext_ln232        (sext         ) [ 000000000000000000000000000]
sext_ln232_1      (sext         ) [ 000000000000000000000000000]
m30               (mul          ) [ 000000000000000000000000000]
trunc_ln235       (trunc        ) [ 000000000000000000000000000]
trunc_ln235_1     (trunc        ) [ 000000000000000000000000000]
m33               (mul          ) [ 000000100000000000000000000]
sext_ln238        (sext         ) [ 000000000000000000000000000]
m36               (add          ) [ 000000111000000000000000000]
trunc_ln240       (trunc        ) [ 000000111000000000000000000]
trunc_ln241       (trunc        ) [ 000000000000000000000000000]
m39               (mul          ) [ 000000000000000000000000000]
trunc_ln244       (trunc        ) [ 000000111000000000000000000]
sext_ln246        (sext         ) [ 000000000000000000000000000]
m44               (mul          ) [ 000000100000000000000000000]
trunc_ln294       (trunc        ) [ 000000111110000000000000000]
trunc_ln250_1     (trunc        ) [ 000000100000000000000000000]
trunc_ln267       (trunc        ) [ 000000111110000000000000000]
sext_ln384        (sext         ) [ 000000000000000000000000000]
write_ln384       (write        ) [ 000000000000000000000000000]
m43               (mul          ) [ 000000000000000000000000000]
sext_ln249        (sext         ) [ 000000000000000000000000000]
sext_ln249_1      (sext         ) [ 000000000000000000000000000]
m47               (mul          ) [ 000000010000000000000000000]
m48               (mul          ) [ 000000010000000000000000000]
trunc_ln257       (trunc        ) [ 000000011110000000000000000]
trunc_ln258       (trunc        ) [ 000000011000000000000000000]
sext_ln263        (sext         ) [ 000000000000000000000000000]
m61               (mul          ) [ 000000010000000000000000000]
trunc_ln266       (trunc        ) [ 000000011100000000000000000]
trunc_ln279       (trunc        ) [ 000000011110000000000000000]
sext_ln386        (sext         ) [ 000000000000000000000000000]
write_ln386       (write        ) [ 000000000000000000000000000]
in_data_12_read   (read         ) [ 000000000000000000000000000]
sext_ln236        (sext         ) [ 000000000000000000000000000]
trunc_ln236       (trunc        ) [ 000000000000000000000000000]
zext_ln236        (zext         ) [ 000000000000000000000000000]
mul_ln236         (mul          ) [ 000000000000000000000000000]
m34               (trunc        ) [ 000000001000000000000000000]
trunc_ln248       (trunc        ) [ 000000001000000000000000000]
sext_ln251        (sext         ) [ 000000000000000000000000000]
sext_ln251_1      (sext         ) [ 000000000000000000000000000]
m49               (mul          ) [ 000000000000000000000000000]
m50               (shl          ) [ 000000001111000000000000000]
m51               (mul          ) [ 000000000000000000000000000]
sext_ln255        (sext         ) [ 000000000000000000000000000]
sext_ln255_1      (sext         ) [ 000000000000000000000000000]
m53               (mul          ) [ 000000000000000000000000000]
m55               (mul          ) [ 000000001000000000000000000]
trunc_ln277       (trunc        ) [ 000000001000000000000000000]
trunc_ln277_1     (trunc        ) [ 000000001000000000000000000]
sext_ln269        (sext         ) [ 000000000000000000000000000]
m67               (mul          ) [ 000000000000000000000000000]
sext_ln387        (sext         ) [ 000000000000000000000000000]
sext_ln389        (sext         ) [ 000000000000000000000000000]
sext_ln392        (sext         ) [ 000000000000000000000000000]
write_ln387       (write        ) [ 000000000000000000000000000]
write_ln389       (write        ) [ 000000000000000000000000000]
write_ln392       (write        ) [ 000000000000000000000000000]
m38               (mul          ) [ 000000000000000000000000000]
m42               (mul          ) [ 000000000100000000000000000]
sext_ln248        (sext         ) [ 000000000000000000000000000]
m46               (add          ) [ 000000000100000000000000000]
trunc_ln254_1     (trunc        ) [ 000000000000000000000000000]
m52               (mul          ) [ 000000000000000000000000000]
trunc_ln256       (trunc        ) [ 000000000100000000000000000]
sext_ln256        (sext         ) [ 000000000100000000000000000]
trunc_ln258_1     (trunc        ) [ 000000000000000000000000000]
m56               (mul          ) [ 000000000100000000000000000]
sext_ln265        (sext         ) [ 000000000000000000000000000]
m57               (mul          ) [ 000000000100000000000000000]
m58               (mul          ) [ 000000000111000000000000000]
m60               (mul          ) [ 000000000100000000000000000]
sext_ln271        (sext         ) [ 000000000000000000000000000]
trunc_ln266_1     (trunc        ) [ 000000000100000000000000000]
m66               (mul          ) [ 000000000110000000000000000]
trunc_ln270       (trunc        ) [ 000000000111100000000000000]
mul_ln271         (mul          ) [ 000000000100000000000000000]
trunc_ln276       (trunc        ) [ 000000000111000000000000000]
sext_ln388        (sext         ) [ 000000000000000000000000000]
write_ln388       (write        ) [ 000000000000000000000000000]
m54               (add          ) [ 000000000000000000000000000]
m63               (mul          ) [ 000000000011110000000000000]
m64               (mul          ) [ 000000000000000000000000000]
trunc_ln267_1     (trunc        ) [ 000000000010000000000000000]
sext_ln270        (sext         ) [ 000000000000000000000000000]
m68               (mul          ) [ 000000000010000000000000000]
m69               (mul          ) [ 000000000010000000000000000]
trunc_ln273       (trunc        ) [ 000000000010000000000000000]
sext_ln275        (sext         ) [ 000000000000000000000000000]
m73               (mul          ) [ 000000000000000000000000000]
trunc_ln277_2     (trunc        ) [ 000000000010000000000000000]
trunc_ln278       (trunc        ) [ 000000000011100000000000000]
trunc_ln290       (trunc        ) [ 000000000010000000000000000]
trunc_ln291_1     (trunc        ) [ 000000000011100000000000000]
sext_ln390        (sext         ) [ 000000000000000000000000000]
sext_ln391        (sext         ) [ 000000000000000000000000000]
write_ln390       (write        ) [ 000000000000000000000000000]
write_ln391       (write        ) [ 000000000000000000000000000]
add_ln294         (add          ) [ 000000000001100000000000000]
m65               (mul          ) [ 000000000001000000000000000]
sext_ln272        (sext         ) [ 000000000000000000000000000]
sext_ln272_1      (sext         ) [ 000000000000000000000000000]
add_ln272         (add          ) [ 000000000001110000000000000]
sext_ln290        (sext         ) [ 000000000000000000000000000]
sext_ln273_1      (sext         ) [ 000000000000000000000000000]
m71               (mul          ) [ 000000000001110000000000000]
sext_ln294        (sext         ) [ 000000000000000000000000000]
mul_ln294         (mul          ) [ 000000000001100000000000000]
m75               (mul          ) [ 000000000001000000000000000]
sext_ln279        (sext         ) [ 000000000000000000000000000]
m77               (mul          ) [ 000000000000000000000000000]
trunc_ln281       (trunc        ) [ 000000000001100000000000000]
trunc_ln282       (trunc        ) [ 000000000001000000000000000]
mul_ln290         (mul          ) [ 000000000001000000000000000]
trunc_ln286_1     (trunc        ) [ 000000000001100000000000000]
trunc_ln290_1     (trunc        ) [ 000000000001000000000000000]
trunc_ln297       (trunc        ) [ 000000000001111000000000000]
trunc_ln299       (trunc        ) [ 000000000001111100000000000]
sext_ln393        (sext         ) [ 000000000000000000000000000]
write_ln393       (write        ) [ 000000000000000000000000000]
sext_ln276        (sext         ) [ 000000000000000000000000000]
m74               (add          ) [ 000000000000111000000000000]
trunc_ln278_1     (trunc        ) [ 000000000000100000000000000]
m80               (add          ) [ 000000000000000000000000000]
sext_ln283        (sext         ) [ 000000000000000000000000000]
sext_ln283_1      (sext         ) [ 000000000000000000000000000]
m81               (mul          ) [ 000000000000100000000000000]
trunc_ln300       (trunc        ) [ 000000000000000000000000000]
mul_ln300         (mul          ) [ 000000000000111000000000000]
trunc_ln286       (trunc        ) [ 000000000000110000000000000]
m88               (mul          ) [ 000000000000110000000000000]
trunc_ln291       (trunc        ) [ 000000000000100000000000000]
trunc_ln292       (trunc        ) [ 000000000000100000000000000]
trunc_ln329       (trunc        ) [ 000000000000111111100000000]
sext_ln394        (sext         ) [ 000000000000000000000000000]
write_ln394       (write        ) [ 000000000000000000000000000]
mul_ln294_1       (mul          ) [ 000000000000010000000000000]
m76               (add          ) [ 000000000000000000000000000]
m79               (mul          ) [ 000000000000000000000000000]
m84               (mul          ) [ 000000000000010000000000000]
m86               (mul          ) [ 000000000000011000000000000]
sext_ln289        (sext         ) [ 000000000000000000000000000]
m87               (mul          ) [ 000000000000011100000000000]
m89               (mul          ) [ 000000000000000000000000000]
m90               (mul          ) [ 000000000000011110000000000]
sext_ln294_1      (sext         ) [ 000000000000010000000000000]
sext_ln296        (sext         ) [ 000000000000000000000000000]
sext_ln296_1      (sext         ) [ 000000000000000000000000000]
m94               (mul          ) [ 000000000000000000000000000]
sext_ln396        (sext         ) [ 000000000000000000000000000]
write_ln396       (write        ) [ 000000000000000000000000000]
sext_ln273        (sext         ) [ 000000000000000000000000000]
m78               (mul          ) [ 000000000000001000000000000]
sext_ln287        (sext         ) [ 000000000000000000000000000]
mul_ln287         (mul          ) [ 000000000000000000000000000]
m85               (trunc        ) [ 000000000000001000000000000]
sext_ln320        (sext         ) [ 000000000000001111000000000]
trunc_ln293       (trunc        ) [ 000000000000000000000000000]
m91               (mul          ) [ 000000000000001000000000000]
m92               (add          ) [ 000000000000000000000000000]
trunc_ln297_1     (trunc        ) [ 000000000000001111110000000]
m99               (mul          ) [ 000000000000001110000000000]
trunc_ln302       (trunc        ) [ 000000000000001100000000000]
trunc_ln305       (trunc        ) [ 000000000000001111000000000]
sext_ln307        (sext         ) [ 000000000000000000000000000]
m105              (mul          ) [ 000000000000001111100000000]
trunc_ln316       (trunc        ) [ 000000000000001100000000000]
sext_ln295        (sext         ) [ 000000000000000000000000000]
sext_ln295_1      (sext         ) [ 000000000000000000000000000]
mul_ln295         (mul          ) [ 000000000000000000000000000]
m95               (mul          ) [ 000000000000000100000000000]
m96               (mul          ) [ 000000000000000110000000000]
trunc_ln299_1     (trunc        ) [ 000000000000000100000000000]
sext_ln300        (sext         ) [ 000000000000000000000000000]
m98               (add          ) [ 000000000000000000000000000]
sext_ln306        (sext         ) [ 000000000000000110000000000]
mul_ln306         (mul          ) [ 000000000000000100000000000]
trunc_ln306       (trunc        ) [ 000000000000000100000000000]
trunc_ln316_1     (trunc        ) [ 000000000000000100000000000]
trunc_ln323       (trunc        ) [ 000000000000000111100000000]
trunc_ln332       (trunc        ) [ 000000000000000111100000000]
trunc_ln338_1     (trunc        ) [ 000000000000000111000000000]
write_ln395       (write        ) [ 000000000000000000000000000]
sext_ln302        (sext         ) [ 000000000000000010000000000]
add_ln302         (add          ) [ 000000000000000011100000000]
sext_ln314        (sext         ) [ 000000000000000011000000000]
mul_ln314         (mul          ) [ 000000000000000010000000000]
m104              (mul          ) [ 000000000000000010000000000]
trunc_ln312       (trunc        ) [ 000000000000000011100000000]
m114              (add          ) [ 000000000000000011110000000]
sext_ln327        (sext         ) [ 000000000000000011100000000]
mul_ln319         (mul          ) [ 000000000000000000000000000]
m117              (mul          ) [ 000000000000000011000000000]
trunc_ln355       (trunc        ) [ 000000000000000011100000000]
trunc_ln355_1     (trunc        ) [ 000000000000000010000000000]
sext_ln308        (sext         ) [ 000000000000000000000000000]
sext_ln308_1      (sext         ) [ 000000000000000000000000000]
m106              (mul          ) [ 000000000000000000000000000]
add_ln309         (add          ) [ 000000000000000000000000000]
trunc_ln320       (trunc        ) [ 000000000000000001000000000]
sext_ln330        (sext         ) [ 000000000000000000000000000]
sext_ln330_1      (sext         ) [ 000000000000000000000000000]
mul_ln330         (mul          ) [ 000000000000000001000000000]
m112              (mul          ) [ 000000000000000001111000000]
sext_ln315        (sext         ) [ 000000000000000000000000000]
add_ln315         (add          ) [ 000000000000000001000000000]
trunc_ln318       (trunc        ) [ 000000000000000000000000000]
m116              (add          ) [ 000000000000000001110000000]
trunc_ln332_1     (trunc        ) [ 000000000000000001110000000]
trunc_ln328       (trunc        ) [ 000000000000000001000000000]
trunc_ln355_2     (trunc        ) [ 000000000000000000000000000]
trunc_ln338       (trunc        ) [ 000000000000000001000000000]
mul_ln355         (mul          ) [ 000000000000000001100000000]
mul_ln320         (mul          ) [ 000000000000000000100000000]
trunc_ln312_1     (trunc        ) [ 000000000000000000100000000]
sext_ln330_2      (sext         ) [ 000000000000000000000000000]
sext_ln328        (sext         ) [ 000000000000000000000000000]
m126              (mul          ) [ 000000000000000000100000000]
trunc_ln329_1     (trunc        ) [ 000000000000000000100000000]
m128              (mul          ) [ 000000000000000000100000000]
trunc_ln333       (trunc        ) [ 000000000000000000000000000]
m131              (add          ) [ 000000000000000000110000000]
trunc_ln337_2     (trunc        ) [ 000000000000000000110000000]
add_ln338         (add          ) [ 000000000000000000111000000]
mul_ln338         (mul          ) [ 000000000000000000111000000]
trunc_ln355_3     (trunc        ) [ 000000000000000000100000000]
sext_ln317        (sext         ) [ 000000000000000000000000000]
mul_ln327         (mul          ) [ 000000000000000000000000000]
m118              (mul          ) [ 000000000000000000000000000]
sext_ln322        (sext         ) [ 000000000000000000000000000]
mul_ln322         (mul          ) [ 000000000000000000000000000]
m123              (trunc        ) [ 000000000000000000010000000]
m125              (mul          ) [ 000000000000000000010000000]
mul_ln329         (mul          ) [ 000000000000000000010000000]
m132              (trunc        ) [ 000000000000000000010000000]
sext_ln335        (sext         ) [ 000000000000000000000000000]
m133              (mul          ) [ 000000000000000000011100000]
trunc_ln337       (trunc        ) [ 000000000000000000010000000]
trunc_ln337_1     (trunc        ) [ 000000000000000000011000000]
trunc_ln345       (trunc        ) [ 000000000000000000010000000]
trunc_ln345_1     (trunc        ) [ 000000000000000000010000000]
trunc_ln344       (trunc        ) [ 000000000000000000011100000]
mul_ln344         (mul          ) [ 000000000000000000000000000]
add_ln344         (add          ) [ 000000000000000000011100000]
trunc_ln360       (trunc        ) [ 000000000000000000011000000]
mul_ln355_1       (mul          ) [ 000000000000000000000000000]
m153              (mul          ) [ 000000000000000000011110000]
trunc_ln380       (trunc        ) [ 000000000000000000011100000]
trunc_ln367_1     (trunc        ) [ 000000000000000000011110000]
sext_ln397        (sext         ) [ 000000000000000000000000000]
write_ln397       (write        ) [ 000000000000000000000000000]
sext_ln340        (sext         ) [ 000000000000000000000000000]
m127              (mul          ) [ 000000000000000000001000000]
mul_ln340         (mul          ) [ 000000000000000000000000000]
mul_ln332         (mul          ) [ 000000000000000000001000000]
m135              (add          ) [ 000000000000000000000000000]
add_ln345         (add          ) [ 000000000000000000001100000]
sext_ln342        (sext         ) [ 000000000000000000000000000]
m140              (mul          ) [ 000000000000000000000000000]
trunc_ln347       (trunc        ) [ 000000000000000000000000000]
m145              (mul          ) [ 000000000000000000001000000]
m146              (add          ) [ 000000000000000000000000000]
trunc_ln349       (trunc        ) [ 000000000000000000000000000]
m147              (add          ) [ 000000000000000000000000000]
mul_ln358         (mul          ) [ 000000000000000000001111111]
m149              (add          ) [ 000000000000000000001110000]
trunc_ln352       (trunc        ) [ 000000000000000000001110000]
trunc_ln353       (trunc        ) [ 000000000000000000001100000]
trunc_ln380_2     (trunc        ) [ 000000000000000000001100000]
add_ln367         (add          ) [ 000000000000000000001110000]
sext_ln399        (sext         ) [ 000000000000000000000000000]
sext_ln400        (sext         ) [ 000000000000000000000000000]
sext_ln401        (sext         ) [ 000000000000000000000000000]
write_ln399       (write        ) [ 000000000000000000000000000]
write_ln400       (write        ) [ 000000000000000000000000000]
write_ln401       (write        ) [ 000000000000000000000000000]
m130              (mul          ) [ 000000000000000000000000000]
m136              (mul          ) [ 000000000000000000000000000]
sext_ln360_1      (sext         ) [ 000000000000000000000000000]
m144              (mul          ) [ 000000000000000000000110000]
m152              (mul          ) [ 000000000000000000000100000]
trunc_ln356       (trunc        ) [ 000000000000000000000110000]
sext_ln356        (sext         ) [ 000000000000000000000110000]
trunc_ln362       (trunc        ) [ 000000000000000000000110000]
trunc_ln362_1     (trunc        ) [ 000000000000000000000110000]
trunc_ln367       (trunc        ) [ 000000000000000000000110000]
trunc_ln363       (trunc        ) [ 000000000000000000000110000]
trunc_ln372_1     (trunc        ) [ 000000000000000000000110000]
sext_ln398        (sext         ) [ 000000000000000000000000000]
write_ln398       (write        ) [ 000000000000000000000000000]
m142              (mul          ) [ 000000000000000000000000000]
trunc_ln345_2     (trunc        ) [ 000000000000000000000000000]
m143              (mul          ) [ 000000000000000000000010000]
m151              (mul          ) [ 000000000000000000000011000]
sext_ln358        (sext         ) [ 000000000000000000000000000]
mul_ln363         (mul          ) [ 000000000000000000000010000]
m157              (trunc        ) [ 000000000000000000000011110]
trunc_ln380_1     (trunc        ) [ 000000000000000000000000000]
mul_ln380         (mul          ) [ 000000000000000000000000000]
mul_ln380_1       (mul          ) [ 000000000000000000000010000]
trunc_ln373       (trunc        ) [ 000000000000000000000011111]
sext_ln374        (sext         ) [ 000000000000000000000011000]
mul_ln374         (mul          ) [ 000000000000000000000010000]
m150              (mul          ) [ 000000000000000000000001100]
m154              (mul          ) [ 000000000000000000000001000]
sext_ln360        (sext         ) [ 000000000000000000000000000]
m158              (mul          ) [ 000000000000000000000000000]
trunc_ln362_2     (trunc        ) [ 000000000000000000000000000]
mul_ln362         (mul          ) [ 000000000000000000000000000]
m160              (mul          ) [ 000000000000000000000000000]
m161              (mul          ) [ 000000000000000000000001000]
sext_ln367        (sext         ) [ 000000000000000000000000000]
mul_ln367         (mul          ) [ 000000000000000000000001100]
mul_ln367_1       (mul          ) [ 000000000000000000000001100]
sext_ln377_1      (sext         ) [ 000000000000000000000001000]
mul_ln377         (mul          ) [ 000000000000000000000001100]
trunc_ln369       (trunc        ) [ 000000000000000000000001000]
trunc_ln371       (trunc        ) [ 000000000000000000000001000]
trunc_ln372       (trunc        ) [ 000000000000000000000000000]
m170              (mul          ) [ 000000000000000000000001110]
m172              (mul          ) [ 000000000000000000000001000]
trunc_ln375       (trunc        ) [ 000000000000000000000001000]
m178              (add          ) [ 000000000000000000000000000]
sext_ln402        (sext         ) [ 000000000000000000000000000]
sext_ln406        (sext         ) [ 000000000000000000000000000]
write_ln402       (write        ) [ 000000000000000000000000000]
write_ln406       (write        ) [ 000000000000000000000000000]
sext_ln364        (sext         ) [ 000000000000000000000000000]
sext_ln364_1      (sext         ) [ 000000000000000000000000000]
m162              (mul          ) [ 000000000000000000000000000]
m167              (add          ) [ 000000000000000000000000000]
sext_ln371        (sext         ) [ 000000000000000000000000000]
mul_ln371         (mul          ) [ 000000000000000000000000100]
sext_ln377        (sext         ) [ 000000000000000000000000000]
mul_ln377_1       (mul          ) [ 000000000000000000000000100]
add_ln379         (add          ) [ 000000000000000000000000111]
sext_ln403        (sext         ) [ 000000000000000000000000000]
write_ln403       (write        ) [ 000000000000000000000000000]
m169              (mul          ) [ 000000000000000000000000010]
m175              (mul          ) [ 000000000000000000000000010]
trunc_ln382       (trunc        ) [ 000000000000000000000000010]
mul_ln382         (mul          ) [ 000000000000000000000000010]
sext_ln378        (sext         ) [ 000000000000000000000000000]
m176              (mul          ) [ 000000000000000000000000000]
sext_ln381        (sext         ) [ 000000000000000000000000000]
m179              (mul          ) [ 000000000000000000000000000]
m180              (add          ) [ 000000000000000000000000000]
sext_ln404        (sext         ) [ 000000000000000000000000000]
sext_ln407        (sext         ) [ 000000000000000000000000000]
sext_ln408        (sext         ) [ 000000000000000000000000000]
write_ln404       (write        ) [ 000000000000000000000000000]
write_ln407       (write        ) [ 000000000000000000000000000]
write_ln408       (write        ) [ 000000000000000000000000000]
spectopmodule_ln6 (spectopmodule) [ 000000000000000000000000000]
specinterface_ln6 (specinterface) [ 000000000000000000000000000]
specbitsmap_ln0   (specbitsmap  ) [ 000000000000000000000000000]
specinterface_ln0 (specinterface) [ 000000000000000000000000000]
specbitsmap_ln0   (specbitsmap  ) [ 000000000000000000000000000]
specinterface_ln0 (specinterface) [ 000000000000000000000000000]
specbitsmap_ln0   (specbitsmap  ) [ 000000000000000000000000000]
specinterface_ln0 (specinterface) [ 000000000000000000000000000]
specbitsmap_ln0   (specbitsmap  ) [ 000000000000000000000000000]
specinterface_ln0 (specinterface) [ 000000000000000000000000000]
specbitsmap_ln0   (specbitsmap  ) [ 000000000000000000000000000]
specinterface_ln0 (specinterface) [ 000000000000000000000000000]
specbitsmap_ln0   (specbitsmap  ) [ 000000000000000000000000000]
specinterface_ln0 (specinterface) [ 000000000000000000000000000]
specbitsmap_ln0   (specbitsmap  ) [ 000000000000000000000000000]
specinterface_ln0 (specinterface) [ 000000000000000000000000000]
specbitsmap_ln0   (specbitsmap  ) [ 000000000000000000000000000]
specinterface_ln0 (specinterface) [ 000000000000000000000000000]
specbitsmap_ln0   (specbitsmap  ) [ 000000000000000000000000000]
specinterface_ln0 (specinterface) [ 000000000000000000000000000]
specbitsmap_ln0   (specbitsmap  ) [ 000000000000000000000000000]
specinterface_ln0 (specinterface) [ 000000000000000000000000000]
specbitsmap_ln0   (specbitsmap  ) [ 000000000000000000000000000]
specinterface_ln0 (specinterface) [ 000000000000000000000000000]
specbitsmap_ln0   (specbitsmap  ) [ 000000000000000000000000000]
specinterface_ln0 (specinterface) [ 000000000000000000000000000]
specbitsmap_ln0   (specbitsmap  ) [ 000000000000000000000000000]
specinterface_ln0 (specinterface) [ 000000000000000000000000000]
specbitsmap_ln0   (specbitsmap  ) [ 000000000000000000000000000]
specinterface_ln0 (specinterface) [ 000000000000000000000000000]
specbitsmap_ln0   (specbitsmap  ) [ 000000000000000000000000000]
specinterface_ln0 (specinterface) [ 000000000000000000000000000]
specbitsmap_ln0   (specbitsmap  ) [ 000000000000000000000000000]
specinterface_ln0 (specinterface) [ 000000000000000000000000000]
specbitsmap_ln0   (specbitsmap  ) [ 000000000000000000000000000]
specinterface_ln0 (specinterface) [ 000000000000000000000000000]
specbitsmap_ln0   (specbitsmap  ) [ 000000000000000000000000000]
specinterface_ln0 (specinterface) [ 000000000000000000000000000]
specbitsmap_ln0   (specbitsmap  ) [ 000000000000000000000000000]
specinterface_ln0 (specinterface) [ 000000000000000000000000000]
specbitsmap_ln0   (specbitsmap  ) [ 000000000000000000000000000]
specinterface_ln0 (specinterface) [ 000000000000000000000000000]
specbitsmap_ln0   (specbitsmap  ) [ 000000000000000000000000000]
specinterface_ln0 (specinterface) [ 000000000000000000000000000]
specbitsmap_ln0   (specbitsmap  ) [ 000000000000000000000000000]
specinterface_ln0 (specinterface) [ 000000000000000000000000000]
specbitsmap_ln0   (specbitsmap  ) [ 000000000000000000000000000]
specinterface_ln0 (specinterface) [ 000000000000000000000000000]
specbitsmap_ln0   (specbitsmap  ) [ 000000000000000000000000000]
specinterface_ln0 (specinterface) [ 000000000000000000000000000]
specbitsmap_ln0   (specbitsmap  ) [ 000000000000000000000000000]
specinterface_ln0 (specinterface) [ 000000000000000000000000000]
specbitsmap_ln0   (specbitsmap  ) [ 000000000000000000000000000]
specinterface_ln0 (specinterface) [ 000000000000000000000000000]
specbitsmap_ln0   (specbitsmap  ) [ 000000000000000000000000000]
specinterface_ln0 (specinterface) [ 000000000000000000000000000]
specbitsmap_ln0   (specbitsmap  ) [ 000000000000000000000000000]
specinterface_ln0 (specinterface) [ 000000000000000000000000000]
specbitsmap_ln0   (specbitsmap  ) [ 000000000000000000000000000]
specinterface_ln0 (specinterface) [ 000000000000000000000000000]
specbitsmap_ln0   (specbitsmap  ) [ 000000000000000000000000000]
specinterface_ln0 (specinterface) [ 000000000000000000000000000]
specbitsmap_ln0   (specbitsmap  ) [ 000000000000000000000000000]
specinterface_ln0 (specinterface) [ 000000000000000000000000000]
specbitsmap_ln0   (specbitsmap  ) [ 000000000000000000000000000]
specinterface_ln0 (specinterface) [ 000000000000000000000000000]
specbitsmap_ln0   (specbitsmap  ) [ 000000000000000000000000000]
specinterface_ln0 (specinterface) [ 000000000000000000000000000]
specbitsmap_ln0   (specbitsmap  ) [ 000000000000000000000000000]
specinterface_ln0 (specinterface) [ 000000000000000000000000000]
specbitsmap_ln0   (specbitsmap  ) [ 000000000000000000000000000]
specinterface_ln0 (specinterface) [ 000000000000000000000000000]
specbitsmap_ln0   (specbitsmap  ) [ 000000000000000000000000000]
specinterface_ln0 (specinterface) [ 000000000000000000000000000]
specbitsmap_ln0   (specbitsmap  ) [ 000000000000000000000000000]
specinterface_ln0 (specinterface) [ 000000000000000000000000000]
specbitsmap_ln0   (specbitsmap  ) [ 000000000000000000000000000]
specinterface_ln0 (specinterface) [ 000000000000000000000000000]
specbitsmap_ln0   (specbitsmap  ) [ 000000000000000000000000000]
specinterface_ln0 (specinterface) [ 000000000000000000000000000]
specbitsmap_ln0   (specbitsmap  ) [ 000000000000000000000000000]
specinterface_ln0 (specinterface) [ 000000000000000000000000000]
specbitsmap_ln0   (specbitsmap  ) [ 000000000000000000000000000]
specinterface_ln0 (specinterface) [ 000000000000000000000000000]
specbitsmap_ln0   (specbitsmap  ) [ 000000000000000000000000000]
specinterface_ln0 (specinterface) [ 000000000000000000000000000]
specbitsmap_ln0   (specbitsmap  ) [ 000000000000000000000000000]
specinterface_ln0 (specinterface) [ 000000000000000000000000000]
specbitsmap_ln0   (specbitsmap  ) [ 000000000000000000000000000]
specinterface_ln0 (specinterface) [ 000000000000000000000000000]
specbitsmap_ln0   (specbitsmap  ) [ 000000000000000000000000000]
specinterface_ln0 (specinterface) [ 000000000000000000000000000]
specbitsmap_ln0   (specbitsmap  ) [ 000000000000000000000000000]
specinterface_ln0 (specinterface) [ 000000000000000000000000000]
specbitsmap_ln0   (specbitsmap  ) [ 000000000000000000000000000]
specinterface_ln0 (specinterface) [ 000000000000000000000000000]
specbitsmap_ln0   (specbitsmap  ) [ 000000000000000000000000000]
specinterface_ln0 (specinterface) [ 000000000000000000000000000]
specbitsmap_ln0   (specbitsmap  ) [ 000000000000000000000000000]
specinterface_ln0 (specinterface) [ 000000000000000000000000000]
mul_ln379         (mul          ) [ 000000000000000000000000000]
m177              (mul          ) [ 000000000000000000000000000]
sext_ln405        (sext         ) [ 000000000000000000000000000]
write_ln405       (write        ) [ 000000000000000000000000000]
ret_ln411         (ret          ) [ 000000000000000000000000000]
</LifeTime>

<model>

<comp_list>
<comp id="0" class="1000" name="in_data_0">
<pin_list>
<pin id="1" dir="1" index="0" bw="1" slack="2147483647"/>
</pin_list>
<bind>
<StgValue><ssdm name="in_data_0"/></StgValue>
</bind>
</comp>

<comp id="2" class="1000" name="in_data_1">
<pin_list>
<pin id="3" dir="1" index="0" bw="1" slack="2147483647"/>
</pin_list>
<bind>
<StgValue><ssdm name="in_data_1"/></StgValue>
</bind>
</comp>

<comp id="4" class="1000" name="in_data_2">
<pin_list>
<pin id="5" dir="1" index="0" bw="1" slack="2147483647"/>
</pin_list>
<bind>
<StgValue><ssdm name="in_data_2"/></StgValue>
</bind>
</comp>

<comp id="6" class="1000" name="in_data_3">
<pin_list>
<pin id="7" dir="1" index="0" bw="1" slack="2147483647"/>
</pin_list>
<bind>
<StgValue><ssdm name="in_data_3"/></StgValue>
</bind>
</comp>

<comp id="8" class="1000" name="in_data_4">
<pin_list>
<pin id="9" dir="1" index="0" bw="1" slack="2147483647"/>
</pin_list>
<bind>
<StgValue><ssdm name="in_data_4"/></StgValue>
</bind>
</comp>

<comp id="10" class="1000" name="in_data_5">
<pin_list>
<pin id="11" dir="1" index="0" bw="1" slack="0"/>
</pin_list>
<bind>
<StgValue><ssdm name="in_data_5"/></StgValue>
</bind>
</comp>

<comp id="12" class="1000" name="in_data_6">
<pin_list>
<pin id="13" dir="1" index="0" bw="1" slack="0"/>
</pin_list>
<bind>
<StgValue><ssdm name="in_data_6"/></StgValue>
</bind>
</comp>

<comp id="14" class="1000" name="in_data_7">
<pin_list>
<pin id="15" dir="1" index="0" bw="1" slack="0"/>
</pin_list>
<bind>
<StgValue><ssdm name="in_data_7"/></StgValue>
</bind>
</comp>

<comp id="16" class="1000" name="in_data_8">
<pin_list>
<pin id="17" dir="1" index="0" bw="1" slack="0"/>
</pin_list>
<bind>
<StgValue><ssdm name="in_data_8"/></StgValue>
</bind>
</comp>

<comp id="18" class="1000" name="in_data_9">
<pin_list>
<pin id="19" dir="1" index="0" bw="1" slack="0"/>
</pin_list>
<bind>
<StgValue><ssdm name="in_data_9"/></StgValue>
</bind>
</comp>

<comp id="20" class="1000" name="in_data_10">
<pin_list>
<pin id="21" dir="1" index="0" bw="1" slack="2147483647"/>
</pin_list>
<bind>
<StgValue><ssdm name="in_data_10"/></StgValue>
</bind>
</comp>

<comp id="22" class="1000" name="in_data_11">
<pin_list>
<pin id="23" dir="1" index="0" bw="1" slack="2147483647"/>
</pin_list>
<bind>
<StgValue><ssdm name="in_data_11"/></StgValue>
</bind>
</comp>

<comp id="24" class="1000" name="in_data_12">
<pin_list>
<pin id="25" dir="1" index="0" bw="1" slack="0"/>
</pin_list>
<bind>
<StgValue><ssdm name="in_data_12"/></StgValue>
</bind>
</comp>

<comp id="26" class="1000" name="in_data_13">
<pin_list>
<pin id="27" dir="1" index="0" bw="1" slack="2147483647"/>
</pin_list>
<bind>
<StgValue><ssdm name="in_data_13"/></StgValue>
</bind>
</comp>

<comp id="28" class="1000" name="in_data_14">
<pin_list>
<pin id="29" dir="1" index="0" bw="1" slack="0"/>
</pin_list>
<bind>
<StgValue><ssdm name="in_data_14"/></StgValue>
</bind>
</comp>

<comp id="30" class="1000" name="in_data_15">
<pin_list>
<pin id="31" dir="1" index="0" bw="1" slack="0"/>
</pin_list>
<bind>
<StgValue><ssdm name="in_data_15"/></StgValue>
</bind>
</comp>

<comp id="32" class="1000" name="in_data_16">
<pin_list>
<pin id="33" dir="1" index="0" bw="1" slack="2147483647"/>
</pin_list>
<bind>
<StgValue><ssdm name="in_data_16"/></StgValue>
</bind>
</comp>

<comp id="34" class="1000" name="in_data_17">
<pin_list>
<pin id="35" dir="1" index="0" bw="1" slack="0"/>
</pin_list>
<bind>
<StgValue><ssdm name="in_data_17"/></StgValue>
</bind>
</comp>

<comp id="36" class="1000" name="in_data_18">
<pin_list>
<pin id="37" dir="1" index="0" bw="1" slack="0"/>
</pin_list>
<bind>
<StgValue><ssdm name="in_data_18"/></StgValue>
</bind>
</comp>

<comp id="38" class="1000" name="in_data_19">
<pin_list>
<pin id="39" dir="1" index="0" bw="1" slack="2147483647"/>
</pin_list>
<bind>
<StgValue><ssdm name="in_data_19"/></StgValue>
</bind>
</comp>

<comp id="40" class="1000" name="in_data_20">
<pin_list>
<pin id="41" dir="1" index="0" bw="1" slack="0"/>
</pin_list>
<bind>
<StgValue><ssdm name="in_data_20"/></StgValue>
</bind>
</comp>

<comp id="42" class="1000" name="in_data_21">
<pin_list>
<pin id="43" dir="1" index="0" bw="1" slack="0"/>
</pin_list>
<bind>
<StgValue><ssdm name="in_data_21"/></StgValue>
</bind>
</comp>

<comp id="44" class="1000" name="in_data_22">
<pin_list>
<pin id="45" dir="1" index="0" bw="1" slack="0"/>
</pin_list>
<bind>
<StgValue><ssdm name="in_data_22"/></StgValue>
</bind>
</comp>

<comp id="46" class="1000" name="in_data_23">
<pin_list>
<pin id="47" dir="1" index="0" bw="1" slack="0"/>
</pin_list>
<bind>
<StgValue><ssdm name="in_data_23"/></StgValue>
</bind>
</comp>

<comp id="48" class="1000" name="out_data_0">
<pin_list>
<pin id="49" dir="1" index="0" bw="1" slack="0"/>
</pin_list>
<bind>
<StgValue><ssdm name="out_data_0"/></StgValue>
</bind>
</comp>

<comp id="50" class="1000" name="out_data_1">
<pin_list>
<pin id="51" dir="1" index="0" bw="1" slack="0"/>
</pin_list>
<bind>
<StgValue><ssdm name="out_data_1"/></StgValue>
</bind>
</comp>

<comp id="52" class="1000" name="out_data_2">
<pin_list>
<pin id="53" dir="1" index="0" bw="1" slack="0"/>
</pin_list>
<bind>
<StgValue><ssdm name="out_data_2"/></StgValue>
</bind>
</comp>

<comp id="54" class="1000" name="out_data_3">
<pin_list>
<pin id="55" dir="1" index="0" bw="1" slack="0"/>
</pin_list>
<bind>
<StgValue><ssdm name="out_data_3"/></StgValue>
</bind>
</comp>

<comp id="56" class="1000" name="out_data_4">
<pin_list>
<pin id="57" dir="1" index="0" bw="1" slack="0"/>
</pin_list>
<bind>
<StgValue><ssdm name="out_data_4"/></StgValue>
</bind>
</comp>

<comp id="58" class="1000" name="out_data_5">
<pin_list>
<pin id="59" dir="1" index="0" bw="1" slack="0"/>
</pin_list>
<bind>
<StgValue><ssdm name="out_data_5"/></StgValue>
</bind>
</comp>

<comp id="60" class="1000" name="out_data_6">
<pin_list>
<pin id="61" dir="1" index="0" bw="1" slack="0"/>
</pin_list>
<bind>
<StgValue><ssdm name="out_data_6"/></StgValue>
</bind>
</comp>

<comp id="62" class="1000" name="out_data_7">
<pin_list>
<pin id="63" dir="1" index="0" bw="1" slack="0"/>
</pin_list>
<bind>
<StgValue><ssdm name="out_data_7"/></StgValue>
</bind>
</comp>

<comp id="64" class="1000" name="out_data_8">
<pin_list>
<pin id="65" dir="1" index="0" bw="1" slack="0"/>
</pin_list>
<bind>
<StgValue><ssdm name="out_data_8"/></StgValue>
</bind>
</comp>

<comp id="66" class="1000" name="out_data_9">
<pin_list>
<pin id="67" dir="1" index="0" bw="1" slack="0"/>
</pin_list>
<bind>
<StgValue><ssdm name="out_data_9"/></StgValue>
</bind>
</comp>

<comp id="68" class="1000" name="out_data_10">
<pin_list>
<pin id="69" dir="1" index="0" bw="1" slack="0"/>
</pin_list>
<bind>
<StgValue><ssdm name="out_data_10"/></StgValue>
</bind>
</comp>

<comp id="70" class="1000" name="out_data_11">
<pin_list>
<pin id="71" dir="1" index="0" bw="1" slack="0"/>
</pin_list>
<bind>
<StgValue><ssdm name="out_data_11"/></StgValue>
</bind>
</comp>

<comp id="72" class="1000" name="out_data_12">
<pin_list>
<pin id="73" dir="1" index="0" bw="1" slack="0"/>
</pin_list>
<bind>
<StgValue><ssdm name="out_data_12"/></StgValue>
</bind>
</comp>

<comp id="74" class="1000" name="out_data_13">
<pin_list>
<pin id="75" dir="1" index="0" bw="1" slack="0"/>
</pin_list>
<bind>
<StgValue><ssdm name="out_data_13"/></StgValue>
</bind>
</comp>

<comp id="76" class="1000" name="out_data_14">
<pin_list>
<pin id="77" dir="1" index="0" bw="1" slack="0"/>
</pin_list>
<bind>
<StgValue><ssdm name="out_data_14"/></StgValue>
</bind>
</comp>

<comp id="78" class="1000" name="out_data_15">
<pin_list>
<pin id="79" dir="1" index="0" bw="1" slack="0"/>
</pin_list>
<bind>
<StgValue><ssdm name="out_data_15"/></StgValue>
</bind>
</comp>

<comp id="80" class="1000" name="out_data_16">
<pin_list>
<pin id="81" dir="1" index="0" bw="1" slack="0"/>
</pin_list>
<bind>
<StgValue><ssdm name="out_data_16"/></StgValue>
</bind>
</comp>

<comp id="82" class="1000" name="out_data_17">
<pin_list>
<pin id="83" dir="1" index="0" bw="1" slack="0"/>
</pin_list>
<bind>
<StgValue><ssdm name="out_data_17"/></StgValue>
</bind>
</comp>

<comp id="84" class="1000" name="out_data_18">
<pin_list>
<pin id="85" dir="1" index="0" bw="1" slack="0"/>
</pin_list>
<bind>
<StgValue><ssdm name="out_data_18"/></StgValue>
</bind>
</comp>

<comp id="86" class="1000" name="out_data_19">
<pin_list>
<pin id="87" dir="1" index="0" bw="1" slack="0"/>
</pin_list>
<bind>
<StgValue><ssdm name="out_data_19"/></StgValue>
</bind>
</comp>

<comp id="88" class="1000" name="out_data_20">
<pin_list>
<pin id="89" dir="1" index="0" bw="1" slack="0"/>
</pin_list>
<bind>
<StgValue><ssdm name="out_data_20"/></StgValue>
</bind>
</comp>

<comp id="90" class="1000" name="out_data_21">
<pin_list>
<pin id="91" dir="1" index="0" bw="1" slack="0"/>
</pin_list>
<bind>
<StgValue><ssdm name="out_data_21"/></StgValue>
</bind>
</comp>

<comp id="92" class="1000" name="out_data_22">
<pin_list>
<pin id="93" dir="1" index="0" bw="1" slack="0"/>
</pin_list>
<bind>
<StgValue><ssdm name="out_data_22"/></StgValue>
</bind>
</comp>

<comp id="94" class="1000" name="out_data_23">
<pin_list>
<pin id="95" dir="1" index="0" bw="1" slack="0"/>
</pin_list>
<bind>
<StgValue><ssdm name="out_data_23"/></StgValue>
</bind>
</comp>

<comp id="96" class="1000" name="out_data_24">
<pin_list>
<pin id="97" dir="1" index="0" bw="1" slack="0"/>
</pin_list>
<bind>
<StgValue><ssdm name="out_data_24"/></StgValue>
</bind>
</comp>

<comp id="98" class="1001" name="const_98">
<pin_list>
<pin id="99" dir="1" index="0" bw="1" slack="0"/>
</pin_list>
<bind>
<StgValue><ssdm name="_ssdm_op_Read.ap_none.i16P0A"/></StgValue>
</bind>
</comp>

<comp id="100" class="1001" name="const_100">
<pin_list>
<pin id="101" dir="1" index="0" bw="1" slack="0"/>
</pin_list>
<bind>
<StgValue><ssdm name="_ssdm_op_Write.ap_none.i16P0A"/></StgValue>
</bind>
</comp>

<comp id="102" class="1001" name="const_102">
<pin_list>
<pin id="103" dir="1" index="0" bw="1" slack="0"/>
</pin_list>
<bind>
<StgValue><ssdm name=""/></StgValue>
</bind>
</comp>

<comp id="104" class="1001" name="const_104">
<pin_list>
<pin id="105" dir="1" index="0" bw="1" slack="2147483647"/>
</pin_list>
<bind>
<StgValue><ssdm name="_ssdm_op_SpecTopModule"/></StgValue>
</bind>
</comp>

<comp id="106" class="1001" name="const_106">
<pin_list>
<pin id="107" dir="1" index="0" bw="1" slack="2147483647"/>
</pin_list>
<bind>
<StgValue><ssdm name="empty_1"/></StgValue>
</bind>
</comp>

<comp id="108" class="1001" name="const_108">
<pin_list>
<pin id="109" dir="1" index="0" bw="1" slack="2147483647"/>
</pin_list>
<bind>
<StgValue><ssdm name="_ssdm_op_SpecInterface"/></StgValue>
</bind>
</comp>

<comp id="110" class="1001" name="const_110">
<pin_list>
<pin id="111" dir="1" index="0" bw="1" slack="2147483647"/>
</pin_list>
<bind>
<StgValue><ssdm name=""/></StgValue>
</bind>
</comp>

<comp id="112" class="1001" name="const_112">
<pin_list>
<pin id="113" dir="1" index="0" bw="1" slack="2147483647"/>
</pin_list>
<bind>
<StgValue><ssdm name="empty_2"/></StgValue>
</bind>
</comp>

<comp id="114" class="1001" name="const_114">
<pin_list>
<pin id="115" dir="1" index="0" bw="1" slack="2147483647"/>
</pin_list>
<bind>
<StgValue><ssdm name="empty_0"/></StgValue>
</bind>
</comp>

<comp id="116" class="1001" name="const_116">
<pin_list>
<pin id="117" dir="1" index="0" bw="1" slack="2147483647"/>
</pin_list>
<bind>
<StgValue><ssdm name=""/></StgValue>
</bind>
</comp>

<comp id="118" class="1001" name="const_118">
<pin_list>
<pin id="119" dir="1" index="0" bw="1" slack="2147483647"/>
</pin_list>
<bind>
<StgValue><ssdm name="_ssdm_op_SpecBitsMap"/></StgValue>
</bind>
</comp>

<comp id="120" class="1001" name="const_120">
<pin_list>
<pin id="121" dir="1" index="0" bw="1" slack="2147483647"/>
</pin_list>
<bind>
<StgValue><ssdm name="empty"/></StgValue>
</bind>
</comp>

<comp id="122" class="1004" name="in_data_6_read_read_fu_122">
<pin_list>
<pin id="123" dir="0" index="0" bw="16" slack="0"/>
<pin id="124" dir="0" index="1" bw="16" slack="0"/>
<pin id="125" dir="1" index="2" bw="16" slack="0"/>
</pin_list>
<bind>
<opcode="read(1150) " fcode="read"/>
<opset="in_data_6_read/1 "/>
</bind>
</comp>

<comp id="128" class="1004" name="in_data_15_read_read_fu_128">
<pin_list>
<pin id="129" dir="0" index="0" bw="16" slack="0"/>
<pin id="130" dir="0" index="1" bw="16" slack="0"/>
<pin id="131" dir="1" index="2" bw="16" slack="0"/>
</pin_list>
<bind>
<opcode="read(1150) " fcode="read"/>
<opset="in_data_15_read/1 "/>
</bind>
</comp>

<comp id="134" class="1004" name="in_data_9_read_read_fu_134">
<pin_list>
<pin id="135" dir="0" index="0" bw="16" slack="0"/>
<pin id="136" dir="0" index="1" bw="16" slack="0"/>
<pin id="137" dir="1" index="2" bw="16" slack="0"/>
</pin_list>
<bind>
<opcode="read(1150) " fcode="read"/>
<opset="in_data_9_read/2 "/>
</bind>
</comp>

<comp id="140" class="1004" name="in_data_5_read_read_fu_140">
<pin_list>
<pin id="141" dir="0" index="0" bw="16" slack="0"/>
<pin id="142" dir="0" index="1" bw="16" slack="0"/>
<pin id="143" dir="1" index="2" bw="16" slack="0"/>
</pin_list>
<bind>
<opcode="read(1150) " fcode="read"/>
<opset="in_data_5_read/3 "/>
</bind>
</comp>

<comp id="146" class="1004" name="in_data_18_read_read_fu_146">
<pin_list>
<pin id="147" dir="0" index="0" bw="16" slack="0"/>
<pin id="148" dir="0" index="1" bw="16" slack="0"/>
<pin id="149" dir="1" index="2" bw="16" slack="0"/>
</pin_list>
<bind>
<opcode="read(1150) " fcode="read"/>
<opset="in_data_18_read/3 "/>
</bind>
</comp>

<comp id="152" class="1004" name="in_data_22_read_read_fu_152">
<pin_list>
<pin id="153" dir="0" index="0" bw="16" slack="0"/>
<pin id="154" dir="0" index="1" bw="16" slack="0"/>
<pin id="155" dir="1" index="2" bw="16" slack="0"/>
</pin_list>
<bind>
<opcode="read(1150) " fcode="read"/>
<opset="in_data_22_read/3 "/>
</bind>
</comp>

<comp id="158" class="1004" name="in_data_7_read_read_fu_158">
<pin_list>
<pin id="159" dir="0" index="0" bw="16" slack="0"/>
<pin id="160" dir="0" index="1" bw="16" slack="0"/>
<pin id="161" dir="1" index="2" bw="16" slack="0"/>
</pin_list>
<bind>
<opcode="read(1150) " fcode="read"/>
<opset="in_data_7_read/4 "/>
</bind>
</comp>

<comp id="164" class="1004" name="in_data_8_read_read_fu_164">
<pin_list>
<pin id="165" dir="0" index="0" bw="16" slack="0"/>
<pin id="166" dir="0" index="1" bw="16" slack="0"/>
<pin id="167" dir="1" index="2" bw="16" slack="0"/>
</pin_list>
<bind>
<opcode="read(1150) " fcode="read"/>
<opset="in_data_8_read/4 "/>
</bind>
</comp>

<comp id="170" class="1004" name="in_data_23_read_read_fu_170">
<pin_list>
<pin id="171" dir="0" index="0" bw="16" slack="0"/>
<pin id="172" dir="0" index="1" bw="16" slack="0"/>
<pin id="173" dir="1" index="2" bw="16" slack="0"/>
</pin_list>
<bind>
<opcode="read(1150) " fcode="read"/>
<opset="in_data_23_read/4 "/>
</bind>
</comp>

<comp id="176" class="1004" name="write_ln385_write_fu_176">
<pin_list>
<pin id="177" dir="0" index="0" bw="0" slack="0"/>
<pin id="178" dir="0" index="1" bw="16" slack="0"/>
<pin id="179" dir="0" index="2" bw="5" slack="0"/>
<pin id="180" dir="1" index="3" bw="0" slack="2147483647"/>
</pin_list>
<bind>
<opcode="write(1151) " fcode="write"/>
<opset="write_ln385/4 "/>
</bind>
</comp>

<comp id="183" class="1004" name="in_data_14_read_read_fu_183">
<pin_list>
<pin id="184" dir="0" index="0" bw="16" slack="0"/>
<pin id="185" dir="0" index="1" bw="16" slack="0"/>
<pin id="186" dir="1" index="2" bw="16" slack="0"/>
</pin_list>
<bind>
<opcode="read(1150) " fcode="read"/>
<opset="in_data_14_read/5 "/>
</bind>
</comp>

<comp id="189" class="1004" name="in_data_17_read_read_fu_189">
<pin_list>
<pin id="190" dir="0" index="0" bw="16" slack="0"/>
<pin id="191" dir="0" index="1" bw="16" slack="0"/>
<pin id="192" dir="1" index="2" bw="16" slack="0"/>
</pin_list>
<bind>
<opcode="read(1150) " fcode="read"/>
<opset="in_data_17_read/5 "/>
</bind>
</comp>

<comp id="195" class="1004" name="in_data_20_read_read_fu_195">
<pin_list>
<pin id="196" dir="0" index="0" bw="16" slack="0"/>
<pin id="197" dir="0" index="1" bw="16" slack="0"/>
<pin id="198" dir="1" index="2" bw="16" slack="0"/>
</pin_list>
<bind>
<opcode="read(1150) " fcode="read"/>
<opset="in_data_20_read/5 "/>
</bind>
</comp>

<comp id="201" class="1004" name="in22_read_fu_201">
<pin_list>
<pin id="202" dir="0" index="0" bw="16" slack="0"/>
<pin id="203" dir="0" index="1" bw="16" slack="0"/>
<pin id="204" dir="1" index="2" bw="16" slack="0"/>
</pin_list>
<bind>
<opcode="read(1150) " fcode="read"/>
<opset="in22/5 "/>
</bind>
</comp>

<comp id="207" class="1004" name="write_ln384_write_fu_207">
<pin_list>
<pin id="208" dir="0" index="0" bw="0" slack="0"/>
<pin id="209" dir="0" index="1" bw="16" slack="0"/>
<pin id="210" dir="0" index="2" bw="3" slack="0"/>
<pin id="211" dir="1" index="3" bw="0" slack="2147483647"/>
</pin_list>
<bind>
<opcode="write(1151) " fcode="write"/>
<opset="write_ln384/5 "/>
</bind>
</comp>

<comp id="214" class="1004" name="write_ln386_write_fu_214">
<pin_list>
<pin id="215" dir="0" index="0" bw="0" slack="0"/>
<pin id="216" dir="0" index="1" bw="16" slack="0"/>
<pin id="217" dir="0" index="2" bw="7" slack="0"/>
<pin id="218" dir="1" index="3" bw="0" slack="2147483647"/>
</pin_list>
<bind>
<opcode="write(1151) " fcode="write"/>
<opset="write_ln386/6 "/>
</bind>
</comp>

<comp id="221" class="1004" name="in_data_12_read_read_fu_221">
<pin_list>
<pin id="222" dir="0" index="0" bw="16" slack="0"/>
<pin id="223" dir="0" index="1" bw="16" slack="0"/>
<pin id="224" dir="1" index="2" bw="16" slack="0"/>
</pin_list>
<bind>
<opcode="read(1150) " fcode="read"/>
<opset="in_data_12_read/7 "/>
</bind>
</comp>

<comp id="227" class="1004" name="write_ln387_write_fu_227">
<pin_list>
<pin id="228" dir="0" index="0" bw="0" slack="0"/>
<pin id="229" dir="0" index="1" bw="16" slack="0"/>
<pin id="230" dir="0" index="2" bw="12" slack="0"/>
<pin id="231" dir="1" index="3" bw="0" slack="2147483647"/>
</pin_list>
<bind>
<opcode="write(1151) " fcode="write"/>
<opset="write_ln387/7 "/>
</bind>
</comp>

<comp id="234" class="1004" name="write_ln389_write_fu_234">
<pin_list>
<pin id="235" dir="0" index="0" bw="0" slack="0"/>
<pin id="236" dir="0" index="1" bw="16" slack="0"/>
<pin id="237" dir="0" index="2" bw="15" slack="0"/>
<pin id="238" dir="1" index="3" bw="0" slack="2147483647"/>
</pin_list>
<bind>
<opcode="write(1151) " fcode="write"/>
<opset="write_ln389/7 "/>
</bind>
</comp>

<comp id="241" class="1004" name="write_ln392_write_fu_241">
<pin_list>
<pin id="242" dir="0" index="0" bw="0" slack="0"/>
<pin id="243" dir="0" index="1" bw="16" slack="0"/>
<pin id="244" dir="0" index="2" bw="14" slack="0"/>
<pin id="245" dir="1" index="3" bw="0" slack="2147483647"/>
</pin_list>
<bind>
<opcode="write(1151) " fcode="write"/>
<opset="write_ln392/7 "/>
</bind>
</comp>

<comp id="248" class="1004" name="write_ln388_write_fu_248">
<pin_list>
<pin id="249" dir="0" index="0" bw="0" slack="0"/>
<pin id="250" dir="0" index="1" bw="16" slack="0"/>
<pin id="251" dir="0" index="2" bw="9" slack="0"/>
<pin id="252" dir="1" index="3" bw="0" slack="2147483647"/>
</pin_list>
<bind>
<opcode="write(1151) " fcode="write"/>
<opset="write_ln388/8 "/>
</bind>
</comp>

<comp id="255" class="1004" name="write_ln390_write_fu_255">
<pin_list>
<pin id="256" dir="0" index="0" bw="0" slack="0"/>
<pin id="257" dir="0" index="1" bw="16" slack="0"/>
<pin id="258" dir="0" index="2" bw="6" slack="0"/>
<pin id="259" dir="1" index="3" bw="0" slack="2147483647"/>
</pin_list>
<bind>
<opcode="write(1151) " fcode="write"/>
<opset="write_ln390/9 "/>
</bind>
</comp>

<comp id="262" class="1004" name="write_ln391_write_fu_262">
<pin_list>
<pin id="263" dir="0" index="0" bw="0" slack="0"/>
<pin id="264" dir="0" index="1" bw="16" slack="0"/>
<pin id="265" dir="0" index="2" bw="5" slack="0"/>
<pin id="266" dir="1" index="3" bw="0" slack="2147483647"/>
</pin_list>
<bind>
<opcode="write(1151) " fcode="write"/>
<opset="write_ln391/9 "/>
</bind>
</comp>

<comp id="269" class="1004" name="write_ln393_write_fu_269">
<pin_list>
<pin id="270" dir="0" index="0" bw="0" slack="0"/>
<pin id="271" dir="0" index="1" bw="16" slack="0"/>
<pin id="272" dir="0" index="2" bw="12" slack="0"/>
<pin id="273" dir="1" index="3" bw="0" slack="2147483647"/>
</pin_list>
<bind>
<opcode="write(1151) " fcode="write"/>
<opset="write_ln393/10 "/>
</bind>
</comp>

<comp id="276" class="1004" name="write_ln394_write_fu_276">
<pin_list>
<pin id="277" dir="0" index="0" bw="0" slack="0"/>
<pin id="278" dir="0" index="1" bw="16" slack="0"/>
<pin id="279" dir="0" index="2" bw="7" slack="0"/>
<pin id="280" dir="1" index="3" bw="0" slack="2147483647"/>
</pin_list>
<bind>
<opcode="write(1151) " fcode="write"/>
<opset="write_ln394/11 "/>
</bind>
</comp>

<comp id="283" class="1004" name="write_ln396_write_fu_283">
<pin_list>
<pin id="284" dir="0" index="0" bw="0" slack="0"/>
<pin id="285" dir="0" index="1" bw="16" slack="0"/>
<pin id="286" dir="0" index="2" bw="15" slack="0"/>
<pin id="287" dir="1" index="3" bw="0" slack="2147483647"/>
</pin_list>
<bind>
<opcode="write(1151) " fcode="write"/>
<opset="write_ln396/12 "/>
</bind>
</comp>

<comp id="290" class="1004" name="write_ln395_write_fu_290">
<pin_list>
<pin id="291" dir="0" index="0" bw="0" slack="0"/>
<pin id="292" dir="0" index="1" bw="16" slack="0"/>
<pin id="293" dir="0" index="2" bw="16" slack="0"/>
<pin id="294" dir="1" index="3" bw="0" slack="2147483647"/>
</pin_list>
<bind>
<opcode="write(1151) " fcode="write"/>
<opset="write_ln395/14 "/>
</bind>
</comp>

<comp id="297" class="1004" name="write_ln397_write_fu_297">
<pin_list>
<pin id="298" dir="0" index="0" bw="0" slack="0"/>
<pin id="299" dir="0" index="1" bw="16" slack="0"/>
<pin id="300" dir="0" index="2" bw="9" slack="0"/>
<pin id="301" dir="1" index="3" bw="0" slack="2147483647"/>
</pin_list>
<bind>
<opcode="write(1151) " fcode="write"/>
<opset="write_ln397/18 "/>
</bind>
</comp>

<comp id="304" class="1004" name="write_ln399_write_fu_304">
<pin_list>
<pin id="305" dir="0" index="0" bw="0" slack="0"/>
<pin id="306" dir="0" index="1" bw="16" slack="0"/>
<pin id="307" dir="0" index="2" bw="13" slack="0"/>
<pin id="308" dir="1" index="3" bw="0" slack="2147483647"/>
</pin_list>
<bind>
<opcode="write(1151) " fcode="write"/>
<opset="write_ln399/19 "/>
</bind>
</comp>

<comp id="311" class="1004" name="write_ln400_write_fu_311">
<pin_list>
<pin id="312" dir="0" index="0" bw="0" slack="0"/>
<pin id="313" dir="0" index="1" bw="16" slack="0"/>
<pin id="314" dir="0" index="2" bw="8" slack="0"/>
<pin id="315" dir="1" index="3" bw="0" slack="2147483647"/>
</pin_list>
<bind>
<opcode="write(1151) " fcode="write"/>
<opset="write_ln400/19 "/>
</bind>
</comp>

<comp id="318" class="1004" name="write_ln401_write_fu_318">
<pin_list>
<pin id="319" dir="0" index="0" bw="0" slack="0"/>
<pin id="320" dir="0" index="1" bw="16" slack="0"/>
<pin id="321" dir="0" index="2" bw="7" slack="0"/>
<pin id="322" dir="1" index="3" bw="0" slack="2147483647"/>
</pin_list>
<bind>
<opcode="write(1151) " fcode="write"/>
<opset="write_ln401/19 "/>
</bind>
</comp>

<comp id="325" class="1004" name="write_ln398_write_fu_325">
<pin_list>
<pin id="326" dir="0" index="0" bw="0" slack="0"/>
<pin id="327" dir="0" index="1" bw="16" slack="0"/>
<pin id="328" dir="0" index="2" bw="7" slack="0"/>
<pin id="329" dir="1" index="3" bw="0" slack="2147483647"/>
</pin_list>
<bind>
<opcode="write(1151) " fcode="write"/>
<opset="write_ln398/20 "/>
</bind>
</comp>

<comp id="332" class="1004" name="write_ln402_write_fu_332">
<pin_list>
<pin id="333" dir="0" index="0" bw="0" slack="0"/>
<pin id="334" dir="0" index="1" bw="16" slack="0"/>
<pin id="335" dir="0" index="2" bw="12" slack="0"/>
<pin id="336" dir="1" index="3" bw="0" slack="2147483647"/>
</pin_list>
<bind>
<opcode="write(1151) " fcode="write"/>
<opset="write_ln402/22 "/>
</bind>
</comp>

<comp id="339" class="1004" name="write_ln406_write_fu_339">
<pin_list>
<pin id="340" dir="0" index="0" bw="0" slack="0"/>
<pin id="341" dir="0" index="1" bw="16" slack="0"/>
<pin id="342" dir="0" index="2" bw="3" slack="0"/>
<pin id="343" dir="1" index="3" bw="0" slack="2147483647"/>
</pin_list>
<bind>
<opcode="write(1151) " fcode="write"/>
<opset="write_ln406/22 "/>
</bind>
</comp>

<comp id="346" class="1004" name="write_ln403_write_fu_346">
<pin_list>
<pin id="347" dir="0" index="0" bw="0" slack="0"/>
<pin id="348" dir="0" index="1" bw="16" slack="0"/>
<pin id="349" dir="0" index="2" bw="14" slack="0"/>
<pin id="350" dir="1" index="3" bw="0" slack="2147483647"/>
</pin_list>
<bind>
<opcode="write(1151) " fcode="write"/>
<opset="write_ln403/23 "/>
</bind>
</comp>

<comp id="353" class="1004" name="write_ln404_write_fu_353">
<pin_list>
<pin id="354" dir="0" index="0" bw="0" slack="0"/>
<pin id="355" dir="0" index="1" bw="16" slack="0"/>
<pin id="356" dir="0" index="2" bw="9" slack="0"/>
<pin id="357" dir="1" index="3" bw="0" slack="2147483647"/>
</pin_list>
<bind>
<opcode="write(1151) " fcode="write"/>
<opset="write_ln404/25 "/>
</bind>
</comp>

<comp id="360" class="1004" name="write_ln407_write_fu_360">
<pin_list>
<pin id="361" dir="0" index="0" bw="0" slack="0"/>
<pin id="362" dir="0" index="1" bw="16" slack="0"/>
<pin id="363" dir="0" index="2" bw="9" slack="0"/>
<pin id="364" dir="1" index="3" bw="0" slack="2147483647"/>
</pin_list>
<bind>
<opcode="write(1151) " fcode="write"/>
<opset="write_ln407/25 "/>
</bind>
</comp>

<comp id="367" class="1004" name="write_ln408_write_fu_367">
<pin_list>
<pin id="368" dir="0" index="0" bw="0" slack="0"/>
<pin id="369" dir="0" index="1" bw="16" slack="0"/>
<pin id="370" dir="0" index="2" bw="7" slack="0"/>
<pin id="371" dir="1" index="3" bw="0" slack="2147483647"/>
</pin_list>
<bind>
<opcode="write(1151) " fcode="write"/>
<opset="write_ln408/25 "/>
</bind>
</comp>

<comp id="374" class="1004" name="write_ln405_write_fu_374">
<pin_list>
<pin id="375" dir="0" index="0" bw="0" slack="0"/>
<pin id="376" dir="0" index="1" bw="16" slack="0"/>
<pin id="377" dir="0" index="2" bw="8" slack="0"/>
<pin id="378" dir="1" index="3" bw="0" slack="2147483647"/>
</pin_list>
<bind>
<opcode="write(1151) " fcode="write"/>
<opset="write_ln405/26 "/>
</bind>
</comp>

<comp id="381" class="1004" name="in7_fu_381">
<pin_list>
<pin id="382" dir="0" index="0" bw="16" slack="0"/>
<pin id="383" dir="1" index="1" bw="6" slack="0"/>
</pin_list>
<bind>
<opcode="trunc(33) " fcode="trunc"/>
<opset="in7/1 "/>
</bind>
</comp>

<comp id="385" class="1004" name="in16_fu_385">
<pin_list>
<pin id="386" dir="0" index="0" bw="16" slack="0"/>
<pin id="387" dir="1" index="1" bw="6" slack="0"/>
</pin_list>
<bind>
<opcode="trunc(33) " fcode="trunc"/>
<opset="in16/1 "/>
</bind>
</comp>

<comp id="389" class="1004" name="mul_ln229_fu_389">
<pin_list>
<pin id="390" dir="0" index="0" bw="6" slack="0"/>
<pin id="391" dir="0" index="1" bw="6" slack="0"/>
<pin id="392" dir="1" index="2" bw="6" slack="1"/>
</pin_list>
<bind>
<opcode="mul(12) " fcode="mul"/>
<opset="mul_ln229/1 "/>
</bind>
</comp>

<comp id="395" class="1004" name="trunc_ln239_1_fu_395">
<pin_list>
<pin id="396" dir="0" index="0" bw="16" slack="0"/>
<pin id="397" dir="1" index="1" bw="5" slack="2"/>
</pin_list>
<bind>
<opcode="trunc(33) " fcode="trunc"/>
<opset="trunc_ln239_1/1 "/>
</bind>
</comp>

<comp id="399" class="1004" name="trunc_ln229_fu_399">
<pin_list>
<pin id="400" dir="0" index="0" bw="16" slack="0"/>
<pin id="401" dir="1" index="1" bw="6" slack="0"/>
</pin_list>
<bind>
<opcode="trunc(33) " fcode="trunc"/>
<opset="trunc_ln229/2 "/>
</bind>
</comp>

<comp id="403" class="1004" name="m27_fu_403">
<pin_list>
<pin id="404" dir="0" index="0" bw="6" slack="1"/>
<pin id="405" dir="0" index="1" bw="6" slack="0"/>
<pin id="406" dir="1" index="2" bw="6" slack="1"/>
</pin_list>
<bind>
<opcode="mul(12) " fcode="mul"/>
<opset="m27/2 "/>
</bind>
</comp>

<comp id="408" class="1004" name="trunc_ln230_fu_408">
<pin_list>
<pin id="409" dir="0" index="0" bw="16" slack="0"/>
<pin id="410" dir="1" index="1" bw="5" slack="2"/>
</pin_list>
<bind>
<opcode="trunc(33) " fcode="trunc"/>
<opset="trunc_ln230/2 "/>
</bind>
</comp>

<comp id="412" class="1004" name="in19_fu_412">
<pin_list>
<pin id="413" dir="0" index="0" bw="16" slack="0"/>
<pin id="414" dir="1" index="1" bw="5" slack="0"/>
</pin_list>
<bind>
<opcode="trunc(33) " fcode="trunc"/>
<opset="in19/3 "/>
</bind>
</comp>

<comp id="416" class="1004" name="in23_fu_416">
<pin_list>
<pin id="417" dir="0" index="0" bw="16" slack="0"/>
<pin id="418" dir="1" index="1" bw="14" slack="0"/>
</pin_list>
<bind>
<opcode="trunc(33) " fcode="trunc"/>
<opset="in23/3 "/>
</bind>
</comp>

<comp id="420" class="1004" name="trunc_ln227_fu_420">
<pin_list>
<pin id="421" dir="0" index="0" bw="16" slack="0"/>
<pin id="422" dir="1" index="1" bw="7" slack="0"/>
</pin_list>
<bind>
<opcode="trunc(33) " fcode="trunc"/>
<opset="trunc_ln227/3 "/>
</bind>
</comp>

<comp id="424" class="1004" name="sext_ln227_1_fu_424">
<pin_list>
<pin id="425" dir="0" index="0" bw="5" slack="0"/>
<pin id="426" dir="1" index="1" bw="7" slack="0"/>
</pin_list>
<bind>
<opcode="sext(35) " fcode="sext"/>
<opset="sext_ln227_1/3 "/>
</bind>
</comp>

<comp id="428" class="1004" name="m25_fu_428">
<pin_list>
<pin id="429" dir="0" index="0" bw="7" slack="0"/>
<pin id="430" dir="0" index="1" bw="5" slack="0"/>
<pin id="431" dir="1" index="2" bw="7" slack="0"/>
</pin_list>
<bind>
<opcode="add(8) " fcode="add"/>
<opset="m25/3 "/>
</bind>
</comp>

<comp id="434" class="1004" name="sext_ln231_fu_434">
<pin_list>
<pin id="435" dir="0" index="0" bw="6" slack="1"/>
<pin id="436" dir="1" index="1" bw="16" slack="0"/>
</pin_list>
<bind>
<opcode="sext(35) " fcode="sext"/>
<opset="sext_ln231/3 "/>
</bind>
</comp>

<comp id="437" class="1004" name="sext_ln231_1_fu_437">
<pin_list>
<pin id="438" dir="0" index="0" bw="14" slack="0"/>
<pin id="439" dir="1" index="1" bw="16" slack="0"/>
</pin_list>
<bind>
<opcode="sext(35) " fcode="sext"/>
<opset="sext_ln231_1/3 "/>
</bind>
</comp>

<comp id="441" class="1004" name="m29_fu_441">
<pin_list>
<pin id="442" dir="0" index="0" bw="14" slack="0"/>
<pin id="443" dir="0" index="1" bw="6" slack="0"/>
<pin id="444" dir="1" index="2" bw="16" slack="0"/>
</pin_list>
<bind>
<opcode="mul(12) " fcode="mul"/>
<opset="m29/3 "/>
</bind>
</comp>

<comp id="447" class="1004" name="trunc_ln237_fu_447">
<pin_list>
<pin id="448" dir="0" index="0" bw="16" slack="0"/>
<pin id="449" dir="1" index="1" bw="12" slack="1"/>
</pin_list>
<bind>
<opcode="trunc(33) " fcode="trunc"/>
<opset="trunc_ln237/3 "/>
</bind>
</comp>

<comp id="451" class="1004" name="trunc_ln238_fu_451">
<pin_list>
<pin id="452" dir="0" index="0" bw="16" slack="0"/>
<pin id="453" dir="1" index="1" bw="12" slack="1"/>
</pin_list>
<bind>
<opcode="trunc(33) " fcode="trunc"/>
<opset="trunc_ln238/3 "/>
</bind>
</comp>

<comp id="455" class="1004" name="trunc_ln239_fu_455">
<pin_list>
<pin id="456" dir="0" index="0" bw="7" slack="0"/>
<pin id="457" dir="1" index="1" bw="5" slack="0"/>
</pin_list>
<bind>
<opcode="trunc(33) " fcode="trunc"/>
<opset="trunc_ln239/3 "/>
</bind>
</comp>

<comp id="459" class="1004" name="m37_fu_459">
<pin_list>
<pin id="460" dir="0" index="0" bw="5" slack="0"/>
<pin id="461" dir="0" index="1" bw="5" slack="2"/>
<pin id="462" dir="1" index="2" bw="5" slack="3"/>
</pin_list>
<bind>
<opcode="mul(12) " fcode="mul"/>
<opset="m37/3 "/>
</bind>
</comp>

<comp id="464" class="1004" name="trunc_ln245_fu_464">
<pin_list>
<pin id="465" dir="0" index="0" bw="16" slack="0"/>
<pin id="466" dir="1" index="1" bw="7" slack="3"/>
</pin_list>
<bind>
<opcode="trunc(33) " fcode="trunc"/>
<opset="trunc_ln245/3 "/>
</bind>
</comp>

<comp id="468" class="1004" name="trunc_ln246_fu_468">
<pin_list>
<pin id="469" dir="0" index="0" bw="16" slack="0"/>
<pin id="470" dir="1" index="1" bw="14" slack="2"/>
</pin_list>
<bind>
<opcode="trunc(33) " fcode="trunc"/>
<opset="trunc_ln246/3 "/>
</bind>
</comp>

<comp id="472" class="1004" name="trunc_ln250_fu_472">
<pin_list>
<pin id="473" dir="0" index="0" bw="16" slack="0"/>
<pin id="474" dir="1" index="1" bw="10" slack="3"/>
</pin_list>
<bind>
<opcode="trunc(33) " fcode="trunc"/>
<opset="trunc_ln250/3 "/>
</bind>
</comp>

<comp id="476" class="1004" name="trunc_ln254_fu_476">
<pin_list>
<pin id="477" dir="0" index="0" bw="16" slack="0"/>
<pin id="478" dir="1" index="1" bw="9" slack="5"/>
</pin_list>
<bind>
<opcode="trunc(33) " fcode="trunc"/>
<opset="trunc_ln254/3 "/>
</bind>
</comp>

<comp id="480" class="1004" name="in9_fu_480">
<pin_list>
<pin id="481" dir="0" index="0" bw="16" slack="0"/>
<pin id="482" dir="1" index="1" bw="9" slack="0"/>
</pin_list>
<bind>
<opcode="trunc(33) " fcode="trunc"/>
<opset="in9/4 "/>
</bind>
</comp>

<comp id="484" class="1004" name="in24_fu_484">
<pin_list>
<pin id="485" dir="0" index="0" bw="16" slack="0"/>
<pin id="486" dir="1" index="1" bw="7" slack="0"/>
</pin_list>
<bind>
<opcode="trunc(33) " fcode="trunc"/>
<opset="in24/4 "/>
</bind>
</comp>

<comp id="488" class="1004" name="sext_ln227_fu_488">
<pin_list>
<pin id="489" dir="0" index="0" bw="5" slack="1"/>
<pin id="490" dir="1" index="1" bw="9" slack="0"/>
</pin_list>
<bind>
<opcode="sext(35) " fcode="sext"/>
<opset="sext_ln227/4 "/>
</bind>
</comp>

<comp id="491" class="1004" name="trunc_ln230_1_fu_491">
<pin_list>
<pin id="492" dir="0" index="0" bw="16" slack="0"/>
<pin id="493" dir="1" index="1" bw="5" slack="0"/>
</pin_list>
<bind>
<opcode="trunc(33) " fcode="trunc"/>
<opset="trunc_ln230_1/4 "/>
</bind>
</comp>

<comp id="495" class="1004" name="m28_fu_495">
<pin_list>
<pin id="496" dir="0" index="0" bw="5" slack="2"/>
<pin id="497" dir="0" index="1" bw="5" slack="0"/>
<pin id="498" dir="1" index="2" bw="5" slack="0"/>
</pin_list>
<bind>
<opcode="add(8) " fcode="add"/>
<opset="m28/4 "/>
</bind>
</comp>

<comp id="500" class="1004" name="sext_ln234_fu_500">
<pin_list>
<pin id="501" dir="0" index="0" bw="5" slack="0"/>
<pin id="502" dir="1" index="1" bw="7" slack="0"/>
</pin_list>
<bind>
<opcode="sext(35) " fcode="sext"/>
<opset="sext_ln234/4 "/>
</bind>
</comp>

<comp id="504" class="1004" name="m32_fu_504">
<pin_list>
<pin id="505" dir="0" index="0" bw="7" slack="0"/>
<pin id="506" dir="0" index="1" bw="5" slack="0"/>
<pin id="507" dir="1" index="2" bw="7" slack="1"/>
</pin_list>
<bind>
<opcode="mul(12) " fcode="mul"/>
<opset="m32/4 "/>
</bind>
</comp>

<comp id="510" class="1004" name="m35_fu_510">
<pin_list>
<pin id="511" dir="0" index="0" bw="12" slack="1"/>
<pin id="512" dir="0" index="1" bw="12" slack="1"/>
<pin id="513" dir="1" index="2" bw="12" slack="0"/>
</pin_list>
<bind>
<opcode="mul(12) " fcode="mul"/>
<opset="m35/4 "/>
</bind>
</comp>

<comp id="514" class="1004" name="trunc_ln241_1_fu_514">
<pin_list>
<pin id="515" dir="0" index="0" bw="16" slack="0"/>
<pin id="516" dir="1" index="1" bw="3" slack="1"/>
</pin_list>
<bind>
<opcode="trunc(33) " fcode="trunc"/>
<opset="trunc_ln241_1/4 "/>
</bind>
</comp>

<comp id="518" class="1004" name="sext_ln242_fu_518">
<pin_list>
<pin id="519" dir="0" index="0" bw="7" slack="1"/>
<pin id="520" dir="1" index="1" bw="12" slack="0"/>
</pin_list>
<bind>
<opcode="sext(35) " fcode="sext"/>
<opset="sext_ln242/4 "/>
</bind>
</comp>

<comp id="521" class="1004" name="m40_fu_521">
<pin_list>
<pin id="522" dir="0" index="0" bw="12" slack="1"/>
<pin id="523" dir="0" index="1" bw="7" slack="0"/>
<pin id="524" dir="1" index="2" bw="12" slack="0"/>
</pin_list>
<bind>
<opcode="mul(12) " fcode="mul"/>
<opset="m40/4 "/>
</bind>
</comp>

<comp id="526" class="1004" name="trunc_ln243_fu_526">
<pin_list>
<pin id="527" dir="0" index="0" bw="16" slack="0"/>
<pin id="528" dir="1" index="1" bw="5" slack="0"/>
</pin_list>
<bind>
<opcode="trunc(33) " fcode="trunc"/>
<opset="trunc_ln243/4 "/>
</bind>
</comp>

<comp id="530" class="1004" name="m41_fu_530">
<pin_list>
<pin id="531" dir="0" index="0" bw="5" slack="0"/>
<pin id="532" dir="0" index="1" bw="5" slack="1"/>
<pin id="533" dir="1" index="2" bw="5" slack="0"/>
</pin_list>
<bind>
<opcode="mul(12) " fcode="mul"/>
<opset="m41/4 "/>
</bind>
</comp>

<comp id="535" class="1004" name="trunc_ln294_1_fu_535">
<pin_list>
<pin id="536" dir="0" index="0" bw="12" slack="0"/>
<pin id="537" dir="1" index="1" bw="9" slack="6"/>
</pin_list>
<bind>
<opcode="trunc(33) " fcode="trunc"/>
<opset="trunc_ln294_1/4 "/>
</bind>
</comp>

<comp id="539" class="1004" name="trunc_ln253_fu_539">
<pin_list>
<pin id="540" dir="0" index="0" bw="12" slack="0"/>
<pin id="541" dir="1" index="1" bw="9" slack="0"/>
</pin_list>
<bind>
<opcode="trunc(33) " fcode="trunc"/>
<opset="trunc_ln253/4 "/>
</bind>
</comp>

<comp id="543" class="1004" name="sext_ln385_fu_543">
<pin_list>
<pin id="544" dir="0" index="0" bw="5" slack="0"/>
<pin id="545" dir="1" index="1" bw="16" slack="0"/>
</pin_list>
<bind>
<opcode="sext(35) " fcode="sext"/>
<opset="sext_ln385/4 "/>
</bind>
</comp>

<comp id="548" class="1004" name="in15_fu_548">
<pin_list>
<pin id="549" dir="0" index="0" bw="16" slack="0"/>
<pin id="550" dir="1" index="1" bw="3" slack="0"/>
</pin_list>
<bind>
<opcode="trunc(33) " fcode="trunc"/>
<opset="in15/5 "/>
</bind>
</comp>

<comp id="552" class="1004" name="in18_fu_552">
<pin_list>
<pin id="553" dir="0" index="0" bw="16" slack="0"/>
<pin id="554" dir="1" index="1" bw="11" slack="0"/>
</pin_list>
<bind>
<opcode="trunc(33) " fcode="trunc"/>
<opset="in18/5 "/>
</bind>
</comp>

<comp id="556" class="1004" name="in21_fu_556">
<pin_list>
<pin id="557" dir="0" index="0" bw="16" slack="0"/>
<pin id="558" dir="1" index="1" bw="11" slack="0"/>
</pin_list>
<bind>
<opcode="trunc(33) " fcode="trunc"/>
<opset="in21/5 "/>
</bind>
</comp>

<comp id="560" class="1004" name="sext_ln232_fu_560">
<pin_list>
<pin id="561" dir="0" index="0" bw="3" slack="0"/>
<pin id="562" dir="1" index="1" bw="14" slack="0"/>
</pin_list>
<bind>
<opcode="sext(35) " fcode="sext"/>
<opset="sext_ln232/5 "/>
</bind>
</comp>

<comp id="564" class="1004" name="sext_ln232_1_fu_564">
<pin_list>
<pin id="565" dir="0" index="0" bw="11" slack="0"/>
<pin id="566" dir="1" index="1" bw="14" slack="0"/>
</pin_list>
<bind>
<opcode="sext(35) " fcode="sext"/>
<opset="sext_ln232_1/5 "/>
</bind>
</comp>

<comp id="568" class="1004" name="m30_fu_568">
<pin_list>
<pin id="569" dir="0" index="0" bw="11" slack="0"/>
<pin id="570" dir="0" index="1" bw="3" slack="0"/>
<pin id="571" dir="1" index="2" bw="14" slack="0"/>
</pin_list>
<bind>
<opcode="mul(12) " fcode="mul"/>
<opset="m30/5 "/>
</bind>
</comp>

<comp id="574" class="1004" name="trunc_ln235_fu_574">
<pin_list>
<pin id="575" dir="0" index="0" bw="16" slack="0"/>
<pin id="576" dir="1" index="1" bw="7" slack="0"/>
</pin_list>
<bind>
<opcode="trunc(33) " fcode="trunc"/>
<opset="trunc_ln235/5 "/>
</bind>
</comp>

<comp id="578" class="1004" name="trunc_ln235_1_fu_578">
<pin_list>
<pin id="579" dir="0" index="0" bw="16" slack="0"/>
<pin id="580" dir="1" index="1" bw="7" slack="0"/>
</pin_list>
<bind>
<opcode="trunc(33) " fcode="trunc"/>
<opset="trunc_ln235_1/5 "/>
</bind>
</comp>

<comp id="582" class="1004" name="m33_fu_582">
<pin_list>
<pin id="583" dir="0" index="0" bw="7" slack="0"/>
<pin id="584" dir="0" index="1" bw="7" slack="0"/>
<pin id="585" dir="1" index="2" bw="7" slack="0"/>
</pin_list>
<bind>
<opcode="mul(12) " fcode="mul"/>
<opset="m33/5 "/>
</bind>
</comp>

<comp id="588" class="1004" name="sext_ln238_fu_588">
<pin_list>
<pin id="589" dir="0" index="0" bw="11" slack="0"/>
<pin id="590" dir="1" index="1" bw="12" slack="0"/>
</pin_list>
<bind>
<opcode="sext(35) " fcode="sext"/>
<opset="sext_ln238/5 "/>
</bind>
</comp>

<comp id="592" class="1004" name="trunc_ln240_fu_592">
<pin_list>
<pin id="593" dir="0" index="0" bw="14" slack="0"/>
<pin id="594" dir="1" index="1" bw="12" slack="0"/>
</pin_list>
<bind>
<opcode="trunc(33) " fcode="trunc"/>
<opset="trunc_ln240/5 "/>
</bind>
</comp>

<comp id="596" class="1004" name="trunc_ln241_fu_596">
<pin_list>
<pin id="597" dir="0" index="0" bw="7" slack="0"/>
<pin id="598" dir="1" index="1" bw="3" slack="0"/>
</pin_list>
<bind>
<opcode="trunc(33) " fcode="trunc"/>
<opset="trunc_ln241/5 "/>
</bind>
</comp>

<comp id="600" class="1004" name="m39_fu_600">
<pin_list>
<pin id="601" dir="0" index="0" bw="3" slack="1"/>
<pin id="602" dir="0" index="1" bw="3" slack="0"/>
<pin id="603" dir="1" index="2" bw="3" slack="0"/>
</pin_list>
<bind>
<opcode="mul(12) " fcode="mul"/>
<opset="m39/5 "/>
</bind>
</comp>

<comp id="605" class="1004" name="trunc_ln244_fu_605">
<pin_list>
<pin id="606" dir="0" index="0" bw="16" slack="0"/>
<pin id="607" dir="1" index="1" bw="12" slack="3"/>
</pin_list>
<bind>
<opcode="trunc(33) " fcode="trunc"/>
<opset="trunc_ln244/5 "/>
</bind>
</comp>

<comp id="609" class="1004" name="sext_ln246_fu_609">
<pin_list>
<pin id="610" dir="0" index="0" bw="7" slack="1"/>
<pin id="611" dir="1" index="1" bw="14" slack="0"/>
</pin_list>
<bind>
<opcode="sext(35) " fcode="sext"/>
<opset="sext_ln246/5 "/>
</bind>
</comp>

<comp id="612" class="1004" name="m44_fu_612">
<pin_list>
<pin id="613" dir="0" index="0" bw="14" slack="2"/>
<pin id="614" dir="0" index="1" bw="7" slack="0"/>
<pin id="615" dir="1" index="2" bw="14" slack="0"/>
</pin_list>
<bind>
<opcode="mul(12) " fcode="mul"/>
<opset="m44/5 "/>
</bind>
</comp>

<comp id="617" class="1004" name="trunc_ln294_fu_617">
<pin_list>
<pin id="618" dir="0" index="0" bw="16" slack="0"/>
<pin id="619" dir="1" index="1" bw="9" slack="5"/>
</pin_list>
<bind>
<opcode="trunc(33) " fcode="trunc"/>
<opset="trunc_ln294/5 "/>
</bind>
</comp>

<comp id="621" class="1004" name="trunc_ln250_1_fu_621">
<pin_list>
<pin id="622" dir="0" index="0" bw="14" slack="0"/>
<pin id="623" dir="1" index="1" bw="10" slack="1"/>
</pin_list>
<bind>
<opcode="trunc(33) " fcode="trunc"/>
<opset="trunc_ln250_1/5 "/>
</bind>
</comp>

<comp id="625" class="1004" name="trunc_ln267_fu_625">
<pin_list>
<pin id="626" dir="0" index="0" bw="14" slack="0"/>
<pin id="627" dir="1" index="1" bw="7" slack="5"/>
</pin_list>
<bind>
<opcode="trunc(33) " fcode="trunc"/>
<opset="trunc_ln267/5 "/>
</bind>
</comp>

<comp id="629" class="1004" name="sext_ln384_fu_629">
<pin_list>
<pin id="630" dir="0" index="0" bw="3" slack="0"/>
<pin id="631" dir="1" index="1" bw="16" slack="0"/>
</pin_list>
<bind>
<opcode="sext(35) " fcode="sext"/>
<opset="sext_ln384/5 "/>
</bind>
</comp>

<comp id="634" class="1004" name="m43_fu_634">
<pin_list>
<pin id="635" dir="0" index="0" bw="7" slack="3"/>
<pin id="636" dir="0" index="1" bw="7" slack="1"/>
<pin id="637" dir="1" index="2" bw="7" slack="0"/>
</pin_list>
<bind>
<opcode="mul(12) " fcode="mul"/>
<opset="m43/6 "/>
</bind>
</comp>

<comp id="638" class="1004" name="sext_ln249_fu_638">
<pin_list>
<pin id="639" dir="0" index="0" bw="5" slack="3"/>
<pin id="640" dir="1" index="1" bw="11" slack="0"/>
</pin_list>
<bind>
<opcode="sext(35) " fcode="sext"/>
<opset="sext_ln249/6 "/>
</bind>
</comp>

<comp id="641" class="1004" name="sext_ln249_1_fu_641">
<pin_list>
<pin id="642" dir="0" index="0" bw="7" slack="2"/>
<pin id="643" dir="1" index="1" bw="11" slack="0"/>
</pin_list>
<bind>
<opcode="sext(35) " fcode="sext"/>
<opset="sext_ln249_1/6 "/>
</bind>
</comp>

<comp id="644" class="1004" name="m47_fu_644">
<pin_list>
<pin id="645" dir="0" index="0" bw="7" slack="0"/>
<pin id="646" dir="0" index="1" bw="5" slack="0"/>
<pin id="647" dir="1" index="2" bw="11" slack="0"/>
</pin_list>
<bind>
<opcode="mul(12) " fcode="mul"/>
<opset="m47/6 "/>
</bind>
</comp>

<comp id="650" class="1004" name="m48_fu_650">
<pin_list>
<pin id="651" dir="0" index="0" bw="10" slack="3"/>
<pin id="652" dir="0" index="1" bw="10" slack="1"/>
<pin id="653" dir="1" index="2" bw="10" slack="0"/>
</pin_list>
<bind>
<opcode="mul(12) " fcode="mul"/>
<opset="m48/6 "/>
</bind>
</comp>

<comp id="654" class="1004" name="trunc_ln257_fu_654">
<pin_list>
<pin id="655" dir="0" index="0" bw="11" slack="0"/>
<pin id="656" dir="1" index="1" bw="9" slack="1"/>
</pin_list>
<bind>
<opcode="trunc(33) " fcode="trunc"/>
<opset="trunc_ln257/6 "/>
</bind>
</comp>

<comp id="658" class="1004" name="trunc_ln258_fu_658">
<pin_list>
<pin id="659" dir="0" index="0" bw="10" slack="0"/>
<pin id="660" dir="1" index="1" bw="6" slack="2"/>
</pin_list>
<bind>
<opcode="trunc(33) " fcode="trunc"/>
<opset="trunc_ln258/6 "/>
</bind>
</comp>

<comp id="662" class="1004" name="sext_ln263_fu_662">
<pin_list>
<pin id="663" dir="0" index="0" bw="12" slack="2"/>
<pin id="664" dir="1" index="1" bw="14" slack="0"/>
</pin_list>
<bind>
<opcode="sext(35) " fcode="sext"/>
<opset="sext_ln263/6 "/>
</bind>
</comp>

<comp id="665" class="1004" name="m61_fu_665">
<pin_list>
<pin id="666" dir="0" index="0" bw="14" slack="1"/>
<pin id="667" dir="0" index="1" bw="12" slack="0"/>
<pin id="668" dir="1" index="2" bw="14" slack="0"/>
</pin_list>
<bind>
<opcode="mul(12) " fcode="mul"/>
<opset="m61/6 "/>
</bind>
</comp>

<comp id="670" class="1004" name="trunc_ln266_fu_670">
<pin_list>
<pin id="671" dir="0" index="0" bw="14" slack="0"/>
<pin id="672" dir="1" index="1" bw="5" slack="3"/>
</pin_list>
<bind>
<opcode="trunc(33) " fcode="trunc"/>
<opset="trunc_ln266/6 "/>
</bind>
</comp>

<comp id="674" class="1004" name="trunc_ln279_fu_674">
<pin_list>
<pin id="675" dir="0" index="0" bw="14" slack="0"/>
<pin id="676" dir="1" index="1" bw="12" slack="4"/>
</pin_list>
<bind>
<opcode="trunc(33) " fcode="trunc"/>
<opset="trunc_ln279/6 "/>
</bind>
</comp>

<comp id="678" class="1004" name="sext_ln386_fu_678">
<pin_list>
<pin id="679" dir="0" index="0" bw="7" slack="0"/>
<pin id="680" dir="1" index="1" bw="16" slack="0"/>
</pin_list>
<bind>
<opcode="sext(35) " fcode="sext"/>
<opset="sext_ln386/6 "/>
</bind>
</comp>

<comp id="683" class="1004" name="sext_ln236_fu_683">
<pin_list>
<pin id="684" dir="0" index="0" bw="7" slack="3"/>
<pin id="685" dir="1" index="1" bw="13" slack="0"/>
</pin_list>
<bind>
<opcode="sext(35) " fcode="sext"/>
<opset="sext_ln236/7 "/>
</bind>
</comp>

<comp id="686" class="1004" name="trunc_ln236_fu_686">
<pin_list>
<pin id="687" dir="0" index="0" bw="16" slack="0"/>
<pin id="688" dir="1" index="1" bw="12" slack="0"/>
</pin_list>
<bind>
<opcode="trunc(33) " fcode="trunc"/>
<opset="trunc_ln236/7 "/>
</bind>
</comp>

<comp id="690" class="1004" name="zext_ln236_fu_690">
<pin_list>
<pin id="691" dir="0" index="0" bw="12" slack="0"/>
<pin id="692" dir="1" index="1" bw="13" slack="0"/>
</pin_list>
<bind>
<opcode="zext(34) " fcode="zext"/>
<opset="zext_ln236/7 "/>
</bind>
</comp>

<comp id="694" class="1004" name="mul_ln236_fu_694">
<pin_list>
<pin id="695" dir="0" index="0" bw="12" slack="0"/>
<pin id="696" dir="0" index="1" bw="7" slack="0"/>
<pin id="697" dir="1" index="2" bw="13" slack="0"/>
</pin_list>
<bind>
<opcode="mul(12) " fcode="mul"/>
<opset="mul_ln236/7 "/>
</bind>
</comp>

<comp id="700" class="1004" name="m34_fu_700">
<pin_list>
<pin id="701" dir="0" index="0" bw="13" slack="0"/>
<pin id="702" dir="1" index="1" bw="12" slack="1"/>
</pin_list>
<bind>
<opcode="trunc(33) " fcode="trunc"/>
<opset="m34/7 "/>
</bind>
</comp>

<comp id="704" class="1004" name="trunc_ln248_fu_704">
<pin_list>
<pin id="705" dir="0" index="0" bw="13" slack="0"/>
<pin id="706" dir="1" index="1" bw="10" slack="1"/>
</pin_list>
<bind>
<opcode="trunc(33) " fcode="trunc"/>
<opset="trunc_ln248/7 "/>
</bind>
</comp>

<comp id="708" class="1004" name="sext_ln251_fu_708">
<pin_list>
<pin id="709" dir="0" index="0" bw="10" slack="1"/>
<pin id="710" dir="1" index="1" bw="12" slack="0"/>
</pin_list>
<bind>
<opcode="sext(35) " fcode="sext"/>
<opset="sext_ln251/7 "/>
</bind>
</comp>

<comp id="711" class="1004" name="sext_ln251_1_fu_711">
<pin_list>
<pin id="712" dir="0" index="0" bw="11" slack="1"/>
<pin id="713" dir="1" index="1" bw="12" slack="0"/>
</pin_list>
<bind>
<opcode="sext(35) " fcode="sext"/>
<opset="sext_ln251_1/7 "/>
</bind>
</comp>

<comp id="714" class="1004" name="m49_fu_714">
<pin_list>
<pin id="715" dir="0" index="0" bw="11" slack="0"/>
<pin id="716" dir="0" index="1" bw="10" slack="0"/>
<pin id="717" dir="1" index="2" bw="12" slack="0"/>
</pin_list>
<bind>
<opcode="mul(12) " fcode="mul"/>
<opset="m49/7 "/>
</bind>
</comp>

<comp id="720" class="1004" name="m50_fu_720">
<pin_list>
<pin id="721" dir="0" index="0" bw="7" slack="3"/>
<pin id="722" dir="0" index="1" bw="1" slack="0"/>
<pin id="723" dir="1" index="2" bw="7" slack="0"/>
</pin_list>
<bind>
<opcode="shl(20) " fcode="shl"/>
<opset="m50/7 "/>
</bind>
</comp>

<comp id="725" class="1004" name="sext_ln255_fu_725">
<pin_list>
<pin id="726" dir="0" index="0" bw="7" slack="0"/>
<pin id="727" dir="1" index="1" bw="15" slack="0"/>
</pin_list>
<bind>
<opcode="sext(35) " fcode="sext"/>
<opset="sext_ln255/7 "/>
</bind>
</comp>

<comp id="729" class="1004" name="sext_ln255_1_fu_729">
<pin_list>
<pin id="730" dir="0" index="0" bw="11" slack="1"/>
<pin id="731" dir="1" index="1" bw="15" slack="0"/>
</pin_list>
<bind>
<opcode="sext(35) " fcode="sext"/>
<opset="sext_ln255_1/7 "/>
</bind>
</comp>

<comp id="732" class="1004" name="m53_fu_732">
<pin_list>
<pin id="733" dir="0" index="0" bw="11" slack="0"/>
<pin id="734" dir="0" index="1" bw="7" slack="0"/>
<pin id="735" dir="1" index="2" bw="15" slack="0"/>
</pin_list>
<bind>
<opcode="mul(12) " fcode="mul"/>
<opset="m53/7 "/>
</bind>
</comp>

<comp id="738" class="1004" name="m55_fu_738">
<pin_list>
<pin id="739" dir="0" index="0" bw="9" slack="0"/>
<pin id="740" dir="0" index="1" bw="9" slack="1"/>
<pin id="741" dir="1" index="2" bw="9" slack="0"/>
</pin_list>
<bind>
<opcode="mul(12) " fcode="mul"/>
<opset="m55/7 "/>
</bind>
</comp>

<comp id="742" class="1004" name="trunc_ln277_fu_742">
<pin_list>
<pin id="743" dir="0" index="0" bw="9" slack="0"/>
<pin id="744" dir="1" index="1" bw="8" slack="1"/>
</pin_list>
<bind>
<opcode="trunc(33) " fcode="trunc"/>
<opset="trunc_ln277/7 "/>
</bind>
</comp>

<comp id="746" class="1004" name="trunc_ln277_1_fu_746">
<pin_list>
<pin id="747" dir="0" index="0" bw="9" slack="0"/>
<pin id="748" dir="1" index="1" bw="8" slack="1"/>
</pin_list>
<bind>
<opcode="trunc(33) " fcode="trunc"/>
<opset="trunc_ln277_1/7 "/>
</bind>
</comp>

<comp id="749" class="1004" name="sext_ln269_fu_749">
<pin_list>
<pin id="750" dir="0" index="0" bw="10" slack="1"/>
<pin id="751" dir="1" index="1" bw="14" slack="0"/>
</pin_list>
<bind>
<opcode="sext(35) " fcode="sext"/>
<opset="sext_ln269/7 "/>
</bind>
</comp>

<comp id="752" class="1004" name="m67_fu_752">
<pin_list>
<pin id="753" dir="0" index="0" bw="14" slack="1"/>
<pin id="754" dir="0" index="1" bw="10" slack="0"/>
<pin id="755" dir="1" index="2" bw="14" slack="0"/>
</pin_list>
<bind>
<opcode="mul(12) " fcode="mul"/>
<opset="m67/7 "/>
</bind>
</comp>

<comp id="757" class="1004" name="sext_ln387_fu_757">
<pin_list>
<pin id="758" dir="0" index="0" bw="12" slack="0"/>
<pin id="759" dir="1" index="1" bw="16" slack="0"/>
</pin_list>
<bind>
<opcode="sext(35) " fcode="sext"/>
<opset="sext_ln387/7 "/>
</bind>
</comp>

<comp id="762" class="1004" name="sext_ln389_fu_762">
<pin_list>
<pin id="763" dir="0" index="0" bw="15" slack="0"/>
<pin id="764" dir="1" index="1" bw="16" slack="0"/>
</pin_list>
<bind>
<opcode="sext(35) " fcode="sext"/>
<opset="sext_ln389/7 "/>
</bind>
</comp>

<comp id="767" class="1004" name="sext_ln392_fu_767">
<pin_list>
<pin id="768" dir="0" index="0" bw="14" slack="0"/>
<pin id="769" dir="1" index="1" bw="16" slack="0"/>
</pin_list>
<bind>
<opcode="sext(35) " fcode="sext"/>
<opset="sext_ln392/7 "/>
</bind>
</comp>

<comp id="772" class="1004" name="m42_fu_772">
<pin_list>
<pin id="773" dir="0" index="0" bw="12" slack="3"/>
<pin id="774" dir="0" index="1" bw="12" slack="0"/>
<pin id="775" dir="1" index="2" bw="12" slack="0"/>
</pin_list>
<bind>
<opcode="mul(12) " fcode="mul"/>
<opset="m42/8 "/>
</bind>
</comp>

<comp id="776" class="1004" name="sext_ln248_fu_776">
<pin_list>
<pin id="777" dir="0" index="0" bw="5" slack="5"/>
<pin id="778" dir="1" index="1" bw="10" slack="0"/>
</pin_list>
<bind>
<opcode="sext(35) " fcode="sext"/>
<opset="sext_ln248/8 "/>
</bind>
</comp>

<comp id="779" class="1004" name="m46_fu_779">
<pin_list>
<pin id="780" dir="0" index="0" bw="10" slack="1"/>
<pin id="781" dir="0" index="1" bw="5" slack="0"/>
<pin id="782" dir="1" index="2" bw="10" slack="0"/>
</pin_list>
<bind>
<opcode="add(8) " fcode="add"/>
<opset="m46/8 "/>
</bind>
</comp>

<comp id="784" class="1004" name="trunc_ln254_1_fu_784">
<pin_list>
<pin id="785" dir="0" index="0" bw="10" slack="0"/>
<pin id="786" dir="1" index="1" bw="9" slack="0"/>
</pin_list>
<bind>
<opcode="trunc(33) " fcode="trunc"/>
<opset="trunc_ln254_1/8 "/>
</bind>
</comp>

<comp id="788" class="1004" name="m52_fu_788">
<pin_list>
<pin id="789" dir="0" index="0" bw="9" slack="0"/>
<pin id="790" dir="0" index="1" bw="9" slack="5"/>
<pin id="791" dir="1" index="2" bw="9" slack="0"/>
</pin_list>
<bind>
<opcode="mul(12) " fcode="mul"/>
<opset="m52/8 "/>
</bind>
</comp>

<comp id="793" class="1004" name="trunc_ln256_fu_793">
<pin_list>
<pin id="794" dir="0" index="0" bw="12" slack="0"/>
<pin id="795" dir="1" index="1" bw="6" slack="1"/>
</pin_list>
<bind>
<opcode="trunc(33) " fcode="trunc"/>
<opset="trunc_ln256/8 "/>
</bind>
</comp>

<comp id="797" class="1004" name="sext_ln256_fu_797">
<pin_list>
<pin id="798" dir="0" index="0" bw="5" slack="5"/>
<pin id="799" dir="1" index="1" bw="6" slack="0"/>
</pin_list>
<bind>
<opcode="sext(35) " fcode="sext"/>
<opset="sext_ln256/8 "/>
</bind>
</comp>

<comp id="800" class="1004" name="trunc_ln258_1_fu_800">
<pin_list>
<pin id="801" dir="0" index="0" bw="12" slack="0"/>
<pin id="802" dir="1" index="1" bw="6" slack="0"/>
</pin_list>
<bind>
<opcode="trunc(33) " fcode="trunc"/>
<opset="trunc_ln258_1/8 "/>
</bind>
</comp>

<comp id="803" class="1004" name="m56_fu_803">
<pin_list>
<pin id="804" dir="0" index="0" bw="6" slack="0"/>
<pin id="805" dir="0" index="1" bw="6" slack="2"/>
<pin id="806" dir="1" index="2" bw="6" slack="1"/>
</pin_list>
<bind>
<opcode="mul(12) " fcode="mul"/>
<opset="m56/8 "/>
</bind>
</comp>

<comp id="808" class="1004" name="sext_ln265_fu_808">
<pin_list>
<pin id="809" dir="0" index="0" bw="9" slack="1"/>
<pin id="810" dir="1" index="1" bw="12" slack="0"/>
</pin_list>
<bind>
<opcode="sext(35) " fcode="sext"/>
<opset="sext_ln265/8 "/>
</bind>
</comp>

<comp id="811" class="1004" name="m57_fu_811">
<pin_list>
<pin id="812" dir="0" index="0" bw="12" slack="1"/>
<pin id="813" dir="0" index="1" bw="9" slack="0"/>
<pin id="814" dir="1" index="2" bw="12" slack="0"/>
</pin_list>
<bind>
<opcode="mul(12) " fcode="mul"/>
<opset="m57/8 "/>
</bind>
</comp>

<comp id="816" class="1004" name="m58_fu_816">
<pin_list>
<pin id="817" dir="0" index="0" bw="9" slack="0"/>
<pin id="818" dir="0" index="1" bw="9" slack="4"/>
<pin id="819" dir="1" index="2" bw="9" slack="3"/>
</pin_list>
<bind>
<opcode="mul(12) " fcode="mul"/>
<opset="m58/8 "/>
</bind>
</comp>

<comp id="821" class="1004" name="m60_fu_821">
<pin_list>
<pin id="822" dir="0" index="0" bw="6" slack="0"/>
<pin id="823" dir="0" index="1" bw="5" slack="0"/>
<pin id="824" dir="1" index="2" bw="6" slack="0"/>
</pin_list>
<bind>
<opcode="mul(12) " fcode="mul"/>
<opset="m60/8 "/>
</bind>
</comp>

<comp id="827" class="1004" name="sext_ln271_fu_827">
<pin_list>
<pin id="828" dir="0" index="0" bw="9" slack="1"/>
<pin id="829" dir="1" index="1" bw="10" slack="0"/>
</pin_list>
<bind>
<opcode="sext(35) " fcode="sext"/>
<opset="sext_ln271/8 "/>
</bind>
</comp>

<comp id="830" class="1004" name="trunc_ln266_1_fu_830">
<pin_list>
<pin id="831" dir="0" index="0" bw="6" slack="0"/>
<pin id="832" dir="1" index="1" bw="5" slack="1"/>
</pin_list>
<bind>
<opcode="trunc(33) " fcode="trunc"/>
<opset="trunc_ln266_1/8 "/>
</bind>
</comp>

<comp id="834" class="1004" name="m66_fu_834">
<pin_list>
<pin id="835" dir="0" index="0" bw="8" slack="1"/>
<pin id="836" dir="0" index="1" bw="8" slack="1"/>
<pin id="837" dir="1" index="2" bw="8" slack="0"/>
</pin_list>
<bind>
<opcode="mul(12) " fcode="mul"/>
<opset="m66/8 "/>
</bind>
</comp>

<comp id="838" class="1004" name="trunc_ln270_fu_838">
<pin_list>
<pin id="839" dir="0" index="0" bw="8" slack="0"/>
<pin id="840" dir="1" index="1" bw="7" slack="1"/>
</pin_list>
<bind>
<opcode="trunc(33) " fcode="trunc"/>
<opset="trunc_ln270/8 "/>
</bind>
</comp>

<comp id="842" class="1004" name="mul_ln271_fu_842">
<pin_list>
<pin id="843" dir="0" index="0" bw="10" slack="0"/>
<pin id="844" dir="0" index="1" bw="9" slack="0"/>
<pin id="845" dir="1" index="2" bw="10" slack="1"/>
</pin_list>
<bind>
<opcode="mul(12) " fcode="mul"/>
<opset="mul_ln271/8 "/>
</bind>
</comp>

<comp id="848" class="1004" name="trunc_ln276_fu_848">
<pin_list>
<pin id="849" dir="0" index="0" bw="12" slack="0"/>
<pin id="850" dir="1" index="1" bw="10" slack="3"/>
</pin_list>
<bind>
<opcode="trunc(33) " fcode="trunc"/>
<opset="trunc_ln276/8 "/>
</bind>
</comp>

<comp id="852" class="1004" name="sext_ln388_fu_852">
<pin_list>
<pin id="853" dir="0" index="0" bw="9" slack="0"/>
<pin id="854" dir="1" index="1" bw="16" slack="0"/>
</pin_list>
<bind>
<opcode="sext(35) " fcode="sext"/>
<opset="sext_ln388/8 "/>
</bind>
</comp>

<comp id="857" class="1004" name="m54_fu_857">
<pin_list>
<pin id="858" dir="0" index="0" bw="6" slack="1"/>
<pin id="859" dir="0" index="1" bw="5" slack="1"/>
<pin id="860" dir="1" index="2" bw="6" slack="0"/>
</pin_list>
<bind>
<opcode="add(8) " fcode="add"/>
<opset="m54/9 "/>
</bind>
</comp>

<comp id="861" class="1004" name="m63_fu_861">
<pin_list>
<pin id="862" dir="0" index="0" bw="12" slack="1"/>
<pin id="863" dir="0" index="1" bw="12" slack="1"/>
<pin id="864" dir="1" index="2" bw="12" slack="0"/>
</pin_list>
<bind>
<opcode="mul(12) " fcode="mul"/>
<opset="m63/9 "/>
</bind>
</comp>

<comp id="865" class="1004" name="m64_fu_865">
<pin_list>
<pin id="866" dir="0" index="0" bw="5" slack="1"/>
<pin id="867" dir="0" index="1" bw="5" slack="3"/>
<pin id="868" dir="1" index="2" bw="5" slack="0"/>
</pin_list>
<bind>
<opcode="mul(12) " fcode="mul"/>
<opset="m64/9 "/>
</bind>
</comp>

<comp id="869" class="1004" name="trunc_ln267_1_fu_869">
<pin_list>
<pin id="870" dir="0" index="0" bw="12" slack="0"/>
<pin id="871" dir="1" index="1" bw="7" slack="1"/>
</pin_list>
<bind>
<opcode="trunc(33) " fcode="trunc"/>
<opset="trunc_ln267_1/9 "/>
</bind>
</comp>

<comp id="873" class="1004" name="sext_ln270_fu_873">
<pin_list>
<pin id="874" dir="0" index="0" bw="6" slack="1"/>
<pin id="875" dir="1" index="1" bw="7" slack="0"/>
</pin_list>
<bind>
<opcode="sext(35) " fcode="sext"/>
<opset="sext_ln270/9 "/>
</bind>
</comp>

<comp id="876" class="1004" name="m68_fu_876">
<pin_list>
<pin id="877" dir="0" index="0" bw="7" slack="1"/>
<pin id="878" dir="0" index="1" bw="6" slack="0"/>
<pin id="879" dir="1" index="2" bw="7" slack="1"/>
</pin_list>
<bind>
<opcode="mul(12) " fcode="mul"/>
<opset="m68/9 "/>
</bind>
</comp>

<comp id="881" class="1004" name="m69_fu_881">
<pin_list>
<pin id="882" dir="0" index="0" bw="10" slack="1"/>
<pin id="883" dir="0" index="1" bw="10" slack="1"/>
<pin id="884" dir="1" index="2" bw="10" slack="0"/>
</pin_list>
<bind>
<opcode="mul(12) " fcode="mul"/>
<opset="m69/9 "/>
</bind>
</comp>

<comp id="885" class="1004" name="trunc_ln273_fu_885">
<pin_list>
<pin id="886" dir="0" index="0" bw="12" slack="0"/>
<pin id="887" dir="1" index="1" bw="11" slack="1"/>
</pin_list>
<bind>
<opcode="trunc(33) " fcode="trunc"/>
<opset="trunc_ln273/9 "/>
</bind>
</comp>

<comp id="889" class="1004" name="sext_ln275_fu_889">
<pin_list>
<pin id="890" dir="0" index="0" bw="6" slack="1"/>
<pin id="891" dir="1" index="1" bw="12" slack="0"/>
</pin_list>
<bind>
<opcode="sext(35) " fcode="sext"/>
<opset="sext_ln275/9 "/>
</bind>
</comp>

<comp id="892" class="1004" name="m73_fu_892">
<pin_list>
<pin id="893" dir="0" index="0" bw="6" slack="0"/>
<pin id="894" dir="0" index="1" bw="6" slack="0"/>
<pin id="895" dir="1" index="2" bw="12" slack="0"/>
</pin_list>
<bind>
<opcode="mul(12) " fcode="mul"/>
<opset="m73/9 "/>
</bind>
</comp>

<comp id="898" class="1004" name="trunc_ln277_2_fu_898">
<pin_list>
<pin id="899" dir="0" index="0" bw="12" slack="0"/>
<pin id="900" dir="1" index="1" bw="8" slack="1"/>
</pin_list>
<bind>
<opcode="trunc(33) " fcode="trunc"/>
<opset="trunc_ln277_2/9 "/>
</bind>
</comp>

<comp id="902" class="1004" name="trunc_ln278_fu_902">
<pin_list>
<pin id="903" dir="0" index="0" bw="12" slack="0"/>
<pin id="904" dir="1" index="1" bw="7" slack="3"/>
</pin_list>
<bind>
<opcode="trunc(33) " fcode="trunc"/>
<opset="trunc_ln278/9 "/>
</bind>
</comp>

<comp id="906" class="1004" name="trunc_ln290_fu_906">
<pin_list>
<pin id="907" dir="0" index="0" bw="10" slack="0"/>
<pin id="908" dir="1" index="1" bw="8" slack="1"/>
</pin_list>
<bind>
<opcode="trunc(33) " fcode="trunc"/>
<opset="trunc_ln290/9 "/>
</bind>
</comp>

<comp id="910" class="1004" name="trunc_ln291_1_fu_910">
<pin_list>
<pin id="911" dir="0" index="0" bw="12" slack="0"/>
<pin id="912" dir="1" index="1" bw="5" slack="3"/>
</pin_list>
<bind>
<opcode="trunc(33) " fcode="trunc"/>
<opset="trunc_ln291_1/9 "/>
</bind>
</comp>

<comp id="914" class="1004" name="sext_ln390_fu_914">
<pin_list>
<pin id="915" dir="0" index="0" bw="6" slack="0"/>
<pin id="916" dir="1" index="1" bw="16" slack="0"/>
</pin_list>
<bind>
<opcode="sext(35) " fcode="sext"/>
<opset="sext_ln390/9 "/>
</bind>
</comp>

<comp id="919" class="1004" name="sext_ln391_fu_919">
<pin_list>
<pin id="920" dir="0" index="0" bw="5" slack="0"/>
<pin id="921" dir="1" index="1" bw="16" slack="0"/>
</pin_list>
<bind>
<opcode="sext(35) " fcode="sext"/>
<opset="sext_ln391/9 "/>
</bind>
</comp>

<comp id="924" class="1004" name="m65_fu_924">
<pin_list>
<pin id="925" dir="0" index="0" bw="7" slack="1"/>
<pin id="926" dir="0" index="1" bw="7" slack="5"/>
<pin id="927" dir="1" index="2" bw="7" slack="0"/>
</pin_list>
<bind>
<opcode="mul(12) " fcode="mul"/>
<opset="m65/10 "/>
</bind>
</comp>

<comp id="928" class="1004" name="sext_ln272_fu_928">
<pin_list>
<pin id="929" dir="0" index="0" bw="10" slack="1"/>
<pin id="930" dir="1" index="1" bw="11" slack="0"/>
</pin_list>
<bind>
<opcode="sext(35) " fcode="sext"/>
<opset="sext_ln272/10 "/>
</bind>
</comp>

<comp id="931" class="1004" name="sext_ln272_1_fu_931">
<pin_list>
<pin id="932" dir="0" index="0" bw="7" slack="0"/>
<pin id="933" dir="1" index="1" bw="11" slack="0"/>
</pin_list>
<bind>
<opcode="sext(35) " fcode="sext"/>
<opset="sext_ln272_1/10 "/>
</bind>
</comp>

<comp id="935" class="1004" name="sext_ln290_fu_935">
<pin_list>
<pin id="936" dir="0" index="0" bw="7" slack="1"/>
<pin id="937" dir="1" index="1" bw="8" slack="0"/>
</pin_list>
<bind>
<opcode="sext(35) " fcode="sext"/>
<opset="sext_ln290/10 "/>
</bind>
</comp>

<comp id="938" class="1004" name="sext_ln273_1_fu_938">
<pin_list>
<pin id="939" dir="0" index="0" bw="7" slack="1"/>
<pin id="940" dir="1" index="1" bw="11" slack="0"/>
</pin_list>
<bind>
<opcode="sext(35) " fcode="sext"/>
<opset="sext_ln273_1/10 "/>
</bind>
</comp>

<comp id="941" class="1004" name="m71_fu_941">
<pin_list>
<pin id="942" dir="0" index="0" bw="11" slack="1"/>
<pin id="943" dir="0" index="1" bw="7" slack="0"/>
<pin id="944" dir="1" index="2" bw="11" slack="0"/>
</pin_list>
<bind>
<opcode="mul(12) " fcode="mul"/>
<opset="m71/10 "/>
</bind>
</comp>

<comp id="946" class="1004" name="sext_ln294_fu_946">
<pin_list>
<pin id="947" dir="0" index="0" bw="7" slack="1"/>
<pin id="948" dir="1" index="1" bw="9" slack="0"/>
</pin_list>
<bind>
<opcode="sext(35) " fcode="sext"/>
<opset="sext_ln294/10 "/>
</bind>
</comp>

<comp id="949" class="1004" name="mul_ln294_fu_949">
<pin_list>
<pin id="950" dir="0" index="0" bw="9" slack="4"/>
<pin id="951" dir="0" index="1" bw="7" slack="0"/>
<pin id="952" dir="1" index="2" bw="9" slack="0"/>
</pin_list>
<bind>
<opcode="mul(12) " fcode="mul"/>
<opset="mul_ln294/10 "/>
</bind>
</comp>

<comp id="954" class="1004" name="m75_fu_954">
<pin_list>
<pin id="955" dir="0" index="0" bw="8" slack="1"/>
<pin id="956" dir="0" index="1" bw="8" slack="2"/>
<pin id="957" dir="1" index="2" bw="8" slack="0"/>
</pin_list>
<bind>
<opcode="mul(12) " fcode="mul"/>
<opset="m75/10 "/>
</bind>
</comp>

<comp id="958" class="1004" name="sext_ln279_fu_958">
<pin_list>
<pin id="959" dir="0" index="0" bw="7" slack="1"/>
<pin id="960" dir="1" index="1" bw="12" slack="0"/>
</pin_list>
<bind>
<opcode="sext(35) " fcode="sext"/>
<opset="sext_ln279/10 "/>
</bind>
</comp>

<comp id="961" class="1004" name="m77_fu_961">
<pin_list>
<pin id="962" dir="0" index="0" bw="12" slack="4"/>
<pin id="963" dir="0" index="1" bw="7" slack="0"/>
<pin id="964" dir="1" index="2" bw="12" slack="0"/>
</pin_list>
<bind>
<opcode="mul(12) " fcode="mul"/>
<opset="m77/10 "/>
</bind>
</comp>

<comp id="966" class="1004" name="trunc_ln281_fu_966">
<pin_list>
<pin id="967" dir="0" index="0" bw="7" slack="0"/>
<pin id="968" dir="1" index="1" bw="5" slack="2"/>
</pin_list>
<bind>
<opcode="trunc(33) " fcode="trunc"/>
<opset="trunc_ln281/10 "/>
</bind>
</comp>

<comp id="970" class="1004" name="trunc_ln282_fu_970">
<pin_list>
<pin id="971" dir="0" index="0" bw="11" slack="0"/>
<pin id="972" dir="1" index="1" bw="7" slack="1"/>
</pin_list>
<bind>
<opcode="trunc(33) " fcode="trunc"/>
<opset="trunc_ln282/10 "/>
</bind>
</comp>

<comp id="974" class="1004" name="mul_ln290_fu_974">
<pin_list>
<pin id="975" dir="0" index="0" bw="8" slack="1"/>
<pin id="976" dir="0" index="1" bw="7" slack="0"/>
<pin id="977" dir="1" index="2" bw="8" slack="0"/>
</pin_list>
<bind>
<opcode="mul(12) " fcode="mul"/>
<opset="mul_ln290/10 "/>
</bind>
</comp>

<comp id="979" class="1004" name="trunc_ln286_1_fu_979">
<pin_list>
<pin id="980" dir="0" index="0" bw="8" slack="0"/>
<pin id="981" dir="1" index="1" bw="6" slack="2"/>
</pin_list>
<bind>
<opcode="trunc(33) " fcode="trunc"/>
<opset="trunc_ln286_1/10 "/>
</bind>
</comp>

<comp id="983" class="1004" name="trunc_ln290_1_fu_983">
<pin_list>
<pin id="984" dir="0" index="0" bw="11" slack="0"/>
<pin id="985" dir="1" index="1" bw="8" slack="1"/>
</pin_list>
<bind>
<opcode="trunc(33) " fcode="trunc"/>
<opset="trunc_ln290_1/10 "/>
</bind>
</comp>

<comp id="987" class="1004" name="trunc_ln297_fu_987">
<pin_list>
<pin id="988" dir="0" index="0" bw="8" slack="0"/>
<pin id="989" dir="1" index="1" bw="6" slack="4"/>
</pin_list>
<bind>
<opcode="trunc(33) " fcode="trunc"/>
<opset="trunc_ln297/10 "/>
</bind>
</comp>

<comp id="991" class="1004" name="trunc_ln299_fu_991">
<pin_list>
<pin id="992" dir="0" index="0" bw="8" slack="0"/>
<pin id="993" dir="1" index="1" bw="4" slack="5"/>
</pin_list>
<bind>
<opcode="trunc(33) " fcode="trunc"/>
<opset="trunc_ln299/10 "/>
</bind>
</comp>

<comp id="995" class="1004" name="sext_ln393_fu_995">
<pin_list>
<pin id="996" dir="0" index="0" bw="12" slack="0"/>
<pin id="997" dir="1" index="1" bw="16" slack="0"/>
</pin_list>
<bind>
<opcode="sext(35) " fcode="sext"/>
<opset="sext_ln393/10 "/>
</bind>
</comp>

<comp id="1000" class="1004" name="sext_ln276_fu_1000">
<pin_list>
<pin id="1001" dir="0" index="0" bw="7" slack="4"/>
<pin id="1002" dir="1" index="1" bw="10" slack="0"/>
</pin_list>
<bind>
<opcode="sext(35) " fcode="sext"/>
<opset="sext_ln276/11 "/>
</bind>
</comp>

<comp id="1003" class="1004" name="m74_fu_1003">
<pin_list>
<pin id="1004" dir="0" index="0" bw="10" slack="3"/>
<pin id="1005" dir="0" index="1" bw="7" slack="0"/>
<pin id="1006" dir="1" index="2" bw="10" slack="0"/>
</pin_list>
<bind>
<opcode="add(8) " fcode="add"/>
<opset="m74/11 "/>
</bind>
</comp>

<comp id="1008" class="1004" name="trunc_ln278_1_fu_1008">
<pin_list>
<pin id="1009" dir="0" index="0" bw="10" slack="0"/>
<pin id="1010" dir="1" index="1" bw="7" slack="1"/>
</pin_list>
<bind>
<opcode="trunc(33) " fcode="trunc"/>
<opset="trunc_ln278_1/11 "/>
</bind>
</comp>

<comp id="1012" class="1004" name="m80_fu_1012">
<pin_list>
<pin id="1013" dir="0" index="0" bw="7" slack="1"/>
<pin id="1014" dir="0" index="1" bw="7" slack="3"/>
<pin id="1015" dir="1" index="2" bw="7" slack="0"/>
</pin_list>
<bind>
<opcode="add(8) " fcode="add"/>
<opset="m80/11 "/>
</bind>
</comp>

<comp id="1016" class="1004" name="sext_ln283_fu_1016">
<pin_list>
<pin id="1017" dir="0" index="0" bw="9" slack="3"/>
<pin id="1018" dir="1" index="1" bw="10" slack="0"/>
</pin_list>
<bind>
<opcode="sext(35) " fcode="sext"/>
<opset="sext_ln283/11 "/>
</bind>
</comp>

<comp id="1019" class="1004" name="sext_ln283_1_fu_1019">
<pin_list>
<pin id="1020" dir="0" index="0" bw="7" slack="1"/>
<pin id="1021" dir="1" index="1" bw="10" slack="0"/>
</pin_list>
<bind>
<opcode="sext(35) " fcode="sext"/>
<opset="sext_ln283_1/11 "/>
</bind>
</comp>

<comp id="1022" class="1004" name="m81_fu_1022">
<pin_list>
<pin id="1023" dir="0" index="0" bw="9" slack="0"/>
<pin id="1024" dir="0" index="1" bw="7" slack="0"/>
<pin id="1025" dir="1" index="2" bw="10" slack="1"/>
</pin_list>
<bind>
<opcode="mul(12) " fcode="mul"/>
<opset="m81/11 "/>
</bind>
</comp>

<comp id="1028" class="1004" name="trunc_ln300_fu_1028">
<pin_list>
<pin id="1029" dir="0" index="0" bw="10" slack="0"/>
<pin id="1030" dir="1" index="1" bw="8" slack="0"/>
</pin_list>
<bind>
<opcode="trunc(33) " fcode="trunc"/>
<opset="trunc_ln300/11 "/>
</bind>
</comp>

<comp id="1032" class="1004" name="mul_ln300_fu_1032">
<pin_list>
<pin id="1033" dir="0" index="0" bw="8" slack="1"/>
<pin id="1034" dir="0" index="1" bw="8" slack="0"/>
<pin id="1035" dir="1" index="2" bw="8" slack="0"/>
</pin_list>
<bind>
<opcode="mul(12) " fcode="mul"/>
<opset="mul_ln300/11 "/>
</bind>
</comp>

<comp id="1037" class="1004" name="trunc_ln286_fu_1037">
<pin_list>
<pin id="1038" dir="0" index="0" bw="8" slack="0"/>
<pin id="1039" dir="1" index="1" bw="6" slack="1"/>
</pin_list>
<bind>
<opcode="trunc(33) " fcode="trunc"/>
<opset="trunc_ln286/11 "/>
</bind>
</comp>

<comp id="1041" class="1004" name="m88_fu_1041">
<pin_list>
<pin id="1042" dir="0" index="0" bw="8" slack="1"/>
<pin id="1043" dir="0" index="1" bw="8" slack="1"/>
<pin id="1044" dir="1" index="2" bw="8" slack="0"/>
</pin_list>
<bind>
<opcode="mul(12) " fcode="mul"/>
<opset="m88/11 "/>
</bind>
</comp>

<comp id="1045" class="1004" name="trunc_ln291_fu_1045">
<pin_list>
<pin id="1046" dir="0" index="0" bw="8" slack="0"/>
<pin id="1047" dir="1" index="1" bw="5" slack="1"/>
</pin_list>
<bind>
<opcode="trunc(33) " fcode="trunc"/>
<opset="trunc_ln291/11 "/>
</bind>
</comp>

<comp id="1049" class="1004" name="trunc_ln292_fu_1049">
<pin_list>
<pin id="1050" dir="0" index="0" bw="8" slack="0"/>
<pin id="1051" dir="1" index="1" bw="7" slack="1"/>
</pin_list>
<bind>
<opcode="trunc(33) " fcode="trunc"/>
<opset="trunc_ln292/11 "/>
</bind>
</comp>

<comp id="1053" class="1004" name="trunc_ln329_fu_1053">
<pin_list>
<pin id="1054" dir="0" index="0" bw="8" slack="0"/>
<pin id="1055" dir="1" index="1" bw="6" slack="7"/>
</pin_list>
<bind>
<opcode="trunc(33) " fcode="trunc"/>
<opset="trunc_ln329/11 "/>
</bind>
</comp>

<comp id="1057" class="1004" name="sext_ln394_fu_1057">
<pin_list>
<pin id="1058" dir="0" index="0" bw="7" slack="0"/>
<pin id="1059" dir="1" index="1" bw="16" slack="0"/>
</pin_list>
<bind>
<opcode="sext(35) " fcode="sext"/>
<opset="sext_ln394/11 "/>
</bind>
</comp>

<comp id="1062" class="1004" name="m76_fu_1062">
<pin_list>
<pin id="1063" dir="0" index="0" bw="7" slack="3"/>
<pin id="1064" dir="0" index="1" bw="7" slack="1"/>
<pin id="1065" dir="1" index="2" bw="7" slack="0"/>
</pin_list>
<bind>
<opcode="add(8) " fcode="add"/>
<opset="m76/12 "/>
</bind>
</comp>

<comp id="1066" class="1004" name="m79_fu_1066">
<pin_list>
<pin id="1067" dir="0" index="0" bw="5" slack="2"/>
<pin id="1068" dir="0" index="1" bw="5" slack="2"/>
<pin id="1069" dir="1" index="2" bw="5" slack="0"/>
</pin_list>
<bind>
<opcode="mul(12) " fcode="mul"/>
<opset="m79/12 "/>
</bind>
</comp>

<comp id="1070" class="1004" name="m84_fu_1070">
<pin_list>
<pin id="1071" dir="0" index="0" bw="6" slack="1"/>
<pin id="1072" dir="0" index="1" bw="6" slack="2"/>
<pin id="1073" dir="1" index="2" bw="6" slack="1"/>
</pin_list>
<bind>
<opcode="mul(12) " fcode="mul"/>
<opset="m84/12 "/>
</bind>
</comp>

<comp id="1074" class="1004" name="m86_fu_1074">
<pin_list>
<pin id="1075" dir="0" index="0" bw="7" slack="3"/>
<pin id="1076" dir="0" index="1" bw="7" slack="1"/>
<pin id="1077" dir="1" index="2" bw="7" slack="2"/>
</pin_list>
<bind>
<opcode="mul(12) " fcode="mul"/>
<opset="m86/12 "/>
</bind>
</comp>

<comp id="1078" class="1004" name="sext_ln289_fu_1078">
<pin_list>
<pin id="1079" dir="0" index="0" bw="5" slack="0"/>
<pin id="1080" dir="1" index="1" bw="7" slack="0"/>
</pin_list>
<bind>
<opcode="sext(35) " fcode="sext"/>
<opset="sext_ln289/12 "/>
</bind>
</comp>

<comp id="1082" class="1004" name="m87_fu_1082">
<pin_list>
<pin id="1083" dir="0" index="0" bw="7" slack="3"/>
<pin id="1084" dir="0" index="1" bw="5" slack="0"/>
<pin id="1085" dir="1" index="2" bw="7" slack="3"/>
</pin_list>
<bind>
<opcode="mul(12) " fcode="mul"/>
<opset="m87/12 "/>
</bind>
</comp>

<comp id="1087" class="1004" name="m89_fu_1087">
<pin_list>
<pin id="1088" dir="0" index="0" bw="5" slack="1"/>
<pin id="1089" dir="0" index="1" bw="5" slack="3"/>
<pin id="1090" dir="1" index="2" bw="5" slack="0"/>
</pin_list>
<bind>
<opcode="mul(12) " fcode="mul"/>
<opset="m89/12 "/>
</bind>
</comp>

<comp id="1091" class="1004" name="m90_fu_1091">
<pin_list>
<pin id="1092" dir="0" index="0" bw="7" slack="1"/>
<pin id="1093" dir="0" index="1" bw="7" slack="4"/>
<pin id="1094" dir="1" index="2" bw="7" slack="3"/>
</pin_list>
<bind>
<opcode="mul(12) " fcode="mul"/>
<opset="m90/12 "/>
</bind>
</comp>

<comp id="1095" class="1004" name="sext_ln294_1_fu_1095">
<pin_list>
<pin id="1096" dir="0" index="0" bw="5" slack="0"/>
<pin id="1097" dir="1" index="1" bw="9" slack="0"/>
</pin_list>
<bind>
<opcode="sext(35) " fcode="sext"/>
<opset="sext_ln294_1/12 "/>
</bind>
</comp>

<comp id="1099" class="1004" name="sext_ln296_fu_1099">
<pin_list>
<pin id="1100" dir="0" index="0" bw="7" slack="0"/>
<pin id="1101" dir="1" index="1" bw="15" slack="0"/>
</pin_list>
<bind>
<opcode="sext(35) " fcode="sext"/>
<opset="sext_ln296/12 "/>
</bind>
</comp>

<comp id="1103" class="1004" name="sext_ln296_1_fu_1103">
<pin_list>
<pin id="1104" dir="0" index="0" bw="10" slack="1"/>
<pin id="1105" dir="1" index="1" bw="15" slack="0"/>
</pin_list>
<bind>
<opcode="sext(35) " fcode="sext"/>
<opset="sext_ln296_1/12 "/>
</bind>
</comp>

<comp id="1106" class="1004" name="m94_fu_1106">
<pin_list>
<pin id="1107" dir="0" index="0" bw="10" slack="0"/>
<pin id="1108" dir="0" index="1" bw="7" slack="0"/>
<pin id="1109" dir="1" index="2" bw="15" slack="0"/>
</pin_list>
<bind>
<opcode="mul(12) " fcode="mul"/>
<opset="m94/12 "/>
</bind>
</comp>

<comp id="1112" class="1004" name="sext_ln396_fu_1112">
<pin_list>
<pin id="1113" dir="0" index="0" bw="15" slack="0"/>
<pin id="1114" dir="1" index="1" bw="16" slack="0"/>
</pin_list>
<bind>
<opcode="sext(35) " fcode="sext"/>
<opset="sext_ln396/12 "/>
</bind>
</comp>

<comp id="1117" class="1004" name="sext_ln273_fu_1117">
<pin_list>
<pin id="1118" dir="0" index="0" bw="12" slack="4"/>
<pin id="1119" dir="1" index="1" bw="18" slack="0"/>
</pin_list>
<bind>
<opcode="sext(35) " fcode="sext"/>
<opset="sext_ln273/13 "/>
</bind>
</comp>

<comp id="1120" class="1004" name="sext_ln287_fu_1120">
<pin_list>
<pin id="1121" dir="0" index="0" bw="6" slack="1"/>
<pin id="1122" dir="1" index="1" bw="18" slack="0"/>
</pin_list>
<bind>
<opcode="sext(35) " fcode="sext"/>
<opset="sext_ln287/13 "/>
</bind>
</comp>

<comp id="1123" class="1004" name="mul_ln287_fu_1123">
<pin_list>
<pin id="1124" dir="0" index="0" bw="12" slack="0"/>
<pin id="1125" dir="0" index="1" bw="6" slack="0"/>
<pin id="1126" dir="1" index="2" bw="18" slack="0"/>
</pin_list>
<bind>
<opcode="mul(12) " fcode="mul"/>
<opset="mul_ln287/13 "/>
</bind>
</comp>

<comp id="1129" class="1004" name="m85_fu_1129">
<pin_list>
<pin id="1130" dir="0" index="0" bw="18" slack="0"/>
<pin id="1131" dir="1" index="1" bw="12" slack="1"/>
</pin_list>
<bind>
<opcode="trunc(33) " fcode="trunc"/>
<opset="m85/13 "/>
</bind>
</comp>

<comp id="1133" class="1004" name="sext_ln320_fu_1133">
<pin_list>
<pin id="1134" dir="0" index="0" bw="8" slack="2"/>
<pin id="1135" dir="1" index="1" bw="9" slack="0"/>
</pin_list>
<bind>
<opcode="sext(35) " fcode="sext"/>
<opset="sext_ln320/13 "/>
</bind>
</comp>

<comp id="1136" class="1004" name="trunc_ln293_fu_1136">
<pin_list>
<pin id="1137" dir="0" index="0" bw="11" slack="0"/>
<pin id="1138" dir="1" index="1" bw="9" slack="0"/>
</pin_list>
<bind>
<opcode="trunc(33) " fcode="trunc"/>
<opset="trunc_ln293/13 "/>
</bind>
</comp>

<comp id="1139" class="1004" name="m91_fu_1139">
<pin_list>
<pin id="1140" dir="0" index="0" bw="9" slack="0"/>
<pin id="1141" dir="0" index="1" bw="8" slack="0"/>
<pin id="1142" dir="1" index="2" bw="9" slack="0"/>
</pin_list>
<bind>
<opcode="mul(12) " fcode="mul"/>
<opset="m91/13 "/>
</bind>
</comp>

<comp id="1145" class="1004" name="trunc_ln297_1_fu_1145">
<pin_list>
<pin id="1146" dir="0" index="0" bw="18" slack="0"/>
<pin id="1147" dir="1" index="1" bw="6" slack="1"/>
</pin_list>
<bind>
<opcode="trunc(33) " fcode="trunc"/>
<opset="trunc_ln297_1/13 "/>
</bind>
</comp>

<comp id="1149" class="1004" name="m99_fu_1149">
<pin_list>
<pin id="1150" dir="0" index="0" bw="6" slack="1"/>
<pin id="1151" dir="0" index="1" bw="6" slack="2"/>
<pin id="1152" dir="1" index="2" bw="6" slack="3"/>
</pin_list>
<bind>
<opcode="mul(12) " fcode="mul"/>
<opset="m99/13 "/>
</bind>
</comp>

<comp id="1153" class="1004" name="trunc_ln302_fu_1153">
<pin_list>
<pin id="1154" dir="0" index="0" bw="9" slack="0"/>
<pin id="1155" dir="1" index="1" bw="8" slack="2"/>
</pin_list>
<bind>
<opcode="trunc(33) " fcode="trunc"/>
<opset="trunc_ln302/13 "/>
</bind>
</comp>

<comp id="1157" class="1004" name="trunc_ln305_fu_1157">
<pin_list>
<pin id="1158" dir="0" index="0" bw="18" slack="0"/>
<pin id="1159" dir="1" index="1" bw="7" slack="4"/>
</pin_list>
<bind>
<opcode="trunc(33) " fcode="trunc"/>
<opset="trunc_ln305/13 "/>
</bind>
</comp>

<comp id="1161" class="1004" name="sext_ln307_fu_1161">
<pin_list>
<pin id="1162" dir="0" index="0" bw="6" slack="1"/>
<pin id="1163" dir="1" index="1" bw="9" slack="0"/>
</pin_list>
<bind>
<opcode="sext(35) " fcode="sext"/>
<opset="sext_ln307/13 "/>
</bind>
</comp>

<comp id="1164" class="1004" name="m105_fu_1164">
<pin_list>
<pin id="1165" dir="0" index="0" bw="9" slack="0"/>
<pin id="1166" dir="0" index="1" bw="6" slack="0"/>
<pin id="1167" dir="1" index="2" bw="9" slack="3"/>
</pin_list>
<bind>
<opcode="mul(12) " fcode="mul"/>
<opset="m105/13 "/>
</bind>
</comp>

<comp id="1169" class="1004" name="trunc_ln316_fu_1169">
<pin_list>
<pin id="1170" dir="0" index="0" bw="9" slack="0"/>
<pin id="1171" dir="1" index="1" bw="6" slack="2"/>
</pin_list>
<bind>
<opcode="trunc(33) " fcode="trunc"/>
<opset="trunc_ln316/13 "/>
</bind>
</comp>

<comp id="1172" class="1004" name="sext_ln295_fu_1172">
<pin_list>
<pin id="1173" dir="0" index="0" bw="12" slack="1"/>
<pin id="1174" dir="1" index="1" bw="16" slack="0"/>
</pin_list>
<bind>
<opcode="sext(35) " fcode="sext"/>
<opset="sext_ln295/14 "/>
</bind>
</comp>

<comp id="1175" class="1004" name="sext_ln295_1_fu_1175">
<pin_list>
<pin id="1176" dir="0" index="0" bw="10" slack="3"/>
<pin id="1177" dir="1" index="1" bw="16" slack="0"/>
</pin_list>
<bind>
<opcode="sext(35) " fcode="sext"/>
<opset="sext_ln295_1/14 "/>
</bind>
</comp>

<comp id="1178" class="1004" name="mul_ln295_fu_1178">
<pin_list>
<pin id="1179" dir="0" index="0" bw="12" slack="0"/>
<pin id="1180" dir="0" index="1" bw="10" slack="0"/>
<pin id="1181" dir="1" index="2" bw="16" slack="0"/>
</pin_list>
<bind>
<opcode="mul(12) " fcode="mul"/>
<opset="mul_ln295/14 "/>
</bind>
</comp>

<comp id="1185" class="1004" name="m95_fu_1185">
<pin_list>
<pin id="1186" dir="0" index="0" bw="6" slack="1"/>
<pin id="1187" dir="0" index="1" bw="6" slack="4"/>
<pin id="1188" dir="1" index="2" bw="6" slack="0"/>
</pin_list>
<bind>
<opcode="mul(12) " fcode="mul"/>
<opset="m95/14 "/>
</bind>
</comp>

<comp id="1189" class="1004" name="m96_fu_1189">
<pin_list>
<pin id="1190" dir="0" index="0" bw="11" slack="1"/>
<pin id="1191" dir="0" index="1" bw="11" slack="1"/>
<pin id="1192" dir="1" index="2" bw="11" slack="0"/>
</pin_list>
<bind>
<opcode="mul(12) " fcode="mul"/>
<opset="m96/14 "/>
</bind>
</comp>

<comp id="1193" class="1004" name="trunc_ln299_1_fu_1193">
<pin_list>
<pin id="1194" dir="0" index="0" bw="6" slack="0"/>
<pin id="1195" dir="1" index="1" bw="4" slack="1"/>
</pin_list>
<bind>
<opcode="trunc(33) " fcode="trunc"/>
<opset="trunc_ln299_1/14 "/>
</bind>
</comp>

<comp id="1197" class="1004" name="sext_ln300_fu_1197">
<pin_list>
<pin id="1198" dir="0" index="0" bw="7" slack="2"/>
<pin id="1199" dir="1" index="1" bw="8" slack="0"/>
</pin_list>
<bind>
<opcode="sext(35) " fcode="sext"/>
<opset="sext_ln300/14 "/>
</bind>
</comp>

<comp id="1200" class="1004" name="m98_fu_1200">
<pin_list>
<pin id="1201" dir="0" index="0" bw="8" slack="3"/>
<pin id="1202" dir="0" index="1" bw="7" slack="0"/>
<pin id="1203" dir="1" index="2" bw="8" slack="0"/>
</pin_list>
<bind>
<opcode="add(8) " fcode="add"/>
<opset="m98/14 "/>
</bind>
</comp>

<comp id="1205" class="1004" name="sext_ln306_fu_1205">
<pin_list>
<pin id="1206" dir="0" index="0" bw="8" slack="0"/>
<pin id="1207" dir="1" index="1" bw="9" slack="0"/>
</pin_list>
<bind>
<opcode="sext(35) " fcode="sext"/>
<opset="sext_ln306/14 "/>
</bind>
</comp>

<comp id="1209" class="1004" name="mul_ln306_fu_1209">
<pin_list>
<pin id="1210" dir="0" index="0" bw="9" slack="1"/>
<pin id="1211" dir="0" index="1" bw="8" slack="0"/>
<pin id="1212" dir="1" index="2" bw="9" slack="0"/>
</pin_list>
<bind>
<opcode="mul(12) " fcode="mul"/>
<opset="mul_ln306/14 "/>
</bind>
</comp>

<comp id="1214" class="1004" name="trunc_ln306_fu_1214">
<pin_list>
<pin id="1215" dir="0" index="0" bw="11" slack="0"/>
<pin id="1216" dir="1" index="1" bw="9" slack="1"/>
</pin_list>
<bind>
<opcode="trunc(33) " fcode="trunc"/>
<opset="trunc_ln306/14 "/>
</bind>
</comp>

<comp id="1218" class="1004" name="trunc_ln316_1_fu_1218">
<pin_list>
<pin id="1219" dir="0" index="0" bw="11" slack="0"/>
<pin id="1220" dir="1" index="1" bw="6" slack="1"/>
</pin_list>
<bind>
<opcode="trunc(33) " fcode="trunc"/>
<opset="trunc_ln316_1/14 "/>
</bind>
</comp>

<comp id="1222" class="1004" name="trunc_ln323_fu_1222">
<pin_list>
<pin id="1223" dir="0" index="0" bw="9" slack="0"/>
<pin id="1224" dir="1" index="1" bw="8" slack="4"/>
</pin_list>
<bind>
<opcode="trunc(33) " fcode="trunc"/>
<opset="trunc_ln323/14 "/>
</bind>
</comp>

<comp id="1226" class="1004" name="trunc_ln332_fu_1226">
<pin_list>
<pin id="1227" dir="0" index="0" bw="9" slack="0"/>
<pin id="1228" dir="1" index="1" bw="5" slack="4"/>
</pin_list>
<bind>
<opcode="trunc(33) " fcode="trunc"/>
<opset="trunc_ln332/14 "/>
</bind>
</comp>

<comp id="1230" class="1004" name="trunc_ln338_1_fu_1230">
<pin_list>
<pin id="1231" dir="0" index="0" bw="8" slack="0"/>
<pin id="1232" dir="1" index="1" bw="7" slack="3"/>
</pin_list>
<bind>
<opcode="trunc(33) " fcode="trunc"/>
<opset="trunc_ln338_1/14 "/>
</bind>
</comp>

<comp id="1234" class="1004" name="sext_ln302_fu_1234">
<pin_list>
<pin id="1235" dir="0" index="0" bw="7" slack="3"/>
<pin id="1236" dir="1" index="1" bw="8" slack="0"/>
</pin_list>
<bind>
<opcode="sext(35) " fcode="sext"/>
<opset="sext_ln302/15 "/>
</bind>
</comp>

<comp id="1237" class="1004" name="sext_ln314_fu_1237">
<pin_list>
<pin id="1238" dir="0" index="0" bw="6" slack="1"/>
<pin id="1239" dir="1" index="1" bw="7" slack="0"/>
</pin_list>
<bind>
<opcode="sext(35) " fcode="sext"/>
<opset="sext_ln314/15 "/>
</bind>
</comp>

<comp id="1240" class="1004" name="mul_ln314_fu_1240">
<pin_list>
<pin id="1241" dir="0" index="0" bw="7" slack="3"/>
<pin id="1242" dir="0" index="1" bw="6" slack="0"/>
<pin id="1243" dir="1" index="2" bw="7" slack="0"/>
</pin_list>
<bind>
<opcode="mul(12) " fcode="mul"/>
<opset="mul_ln314/15 "/>
</bind>
</comp>

<comp id="1245" class="1004" name="m104_fu_1245">
<pin_list>
<pin id="1246" dir="0" index="0" bw="9" slack="1"/>
<pin id="1247" dir="0" index="1" bw="9" slack="1"/>
<pin id="1248" dir="1" index="2" bw="9" slack="0"/>
</pin_list>
<bind>
<opcode="mul(12) " fcode="mul"/>
<opset="m104/15 "/>
</bind>
</comp>

<comp id="1249" class="1004" name="trunc_ln312_fu_1249">
<pin_list>
<pin id="1250" dir="0" index="0" bw="7" slack="0"/>
<pin id="1251" dir="1" index="1" bw="5" slack="3"/>
</pin_list>
<bind>
<opcode="trunc(33) " fcode="trunc"/>
<opset="trunc_ln312/15 "/>
</bind>
</comp>

<comp id="1253" class="1004" name="m114_fu_1253">
<pin_list>
<pin id="1254" dir="0" index="0" bw="6" slack="2"/>
<pin id="1255" dir="0" index="1" bw="6" slack="1"/>
<pin id="1256" dir="1" index="2" bw="6" slack="0"/>
</pin_list>
<bind>
<opcode="add(8) " fcode="add"/>
<opset="m114/15 "/>
</bind>
</comp>

<comp id="1257" class="1004" name="sext_ln327_fu_1257">
<pin_list>
<pin id="1258" dir="0" index="0" bw="6" slack="0"/>
<pin id="1259" dir="1" index="1" bw="8" slack="0"/>
</pin_list>
<bind>
<opcode="sext(35) " fcode="sext"/>
<opset="sext_ln327/15 "/>
</bind>
</comp>

<comp id="1261" class="1004" name="mul_ln319_fu_1261">
<pin_list>
<pin id="1262" dir="0" index="0" bw="4" slack="5"/>
<pin id="1263" dir="0" index="1" bw="4" slack="1"/>
<pin id="1264" dir="1" index="2" bw="4" slack="0"/>
</pin_list>
<bind>
<opcode="mul(12) " fcode="mul"/>
<opset="mul_ln319/15 "/>
</bind>
</comp>

<comp id="1265" class="1004" name="m117_fu_1265">
<pin_list>
<pin id="1266" dir="0" index="0" bw="4" slack="0"/>
<pin id="1267" dir="0" index="1" bw="4" slack="1"/>
<pin id="1268" dir="1" index="2" bw="4" slack="2"/>
</pin_list>
<bind>
<opcode="mul(12) " fcode="mul"/>
<opset="m117/15 "/>
</bind>
</comp>

<comp id="1270" class="1004" name="trunc_ln355_fu_1270">
<pin_list>
<pin id="1271" dir="0" index="0" bw="9" slack="0"/>
<pin id="1272" dir="1" index="1" bw="4" slack="3"/>
</pin_list>
<bind>
<opcode="trunc(33) " fcode="trunc"/>
<opset="trunc_ln355/15 "/>
</bind>
</comp>

<comp id="1274" class="1004" name="trunc_ln355_1_fu_1274">
<pin_list>
<pin id="1275" dir="0" index="0" bw="7" slack="0"/>
<pin id="1276" dir="1" index="1" bw="4" slack="1"/>
</pin_list>
<bind>
<opcode="trunc(33) " fcode="trunc"/>
<opset="trunc_ln355_1/15 "/>
</bind>
</comp>

<comp id="1278" class="1004" name="sext_ln308_fu_1278">
<pin_list>
<pin id="1279" dir="0" index="0" bw="9" slack="1"/>
<pin id="1280" dir="1" index="1" bw="14" slack="0"/>
</pin_list>
<bind>
<opcode="sext(35) " fcode="sext"/>
<opset="sext_ln308/16 "/>
</bind>
</comp>

<comp id="1281" class="1004" name="sext_ln308_1_fu_1281">
<pin_list>
<pin id="1282" dir="0" index="0" bw="9" slack="3"/>
<pin id="1283" dir="1" index="1" bw="14" slack="0"/>
</pin_list>
<bind>
<opcode="sext(35) " fcode="sext"/>
<opset="sext_ln308_1/16 "/>
</bind>
</comp>

<comp id="1284" class="1004" name="m106_fu_1284">
<pin_list>
<pin id="1285" dir="0" index="0" bw="9" slack="0"/>
<pin id="1286" dir="0" index="1" bw="9" slack="0"/>
<pin id="1287" dir="1" index="2" bw="14" slack="0"/>
</pin_list>
<bind>
<opcode="mul(12) " fcode="mul"/>
<opset="m106/16 "/>
</bind>
</comp>

<comp id="1290" class="1004" name="add_ln309_fu_1290">
<pin_list>
<pin id="1291" dir="0" index="0" bw="8" slack="2"/>
<pin id="1292" dir="0" index="1" bw="8" slack="3"/>
<pin id="1293" dir="1" index="2" bw="9" slack="0"/>
</pin_list>
<bind>
<opcode="add(8) " fcode="add"/>
<opset="add_ln309/16 "/>
</bind>
</comp>

<comp id="1294" class="1004" name="trunc_ln320_fu_1294">
<pin_list>
<pin id="1295" dir="0" index="0" bw="14" slack="0"/>
<pin id="1296" dir="1" index="1" bw="9" slack="1"/>
</pin_list>
<bind>
<opcode="trunc(33) " fcode="trunc"/>
<opset="trunc_ln320/16 "/>
</bind>
</comp>

<comp id="1298" class="1004" name="sext_ln330_fu_1298">
<pin_list>
<pin id="1299" dir="0" index="0" bw="9" slack="0"/>
<pin id="1300" dir="1" index="1" bw="10" slack="0"/>
</pin_list>
<bind>
<opcode="sext(35) " fcode="sext"/>
<opset="sext_ln330/16 "/>
</bind>
</comp>

<comp id="1302" class="1004" name="sext_ln330_1_fu_1302">
<pin_list>
<pin id="1303" dir="0" index="0" bw="6" slack="3"/>
<pin id="1304" dir="1" index="1" bw="10" slack="0"/>
</pin_list>
<bind>
<opcode="sext(35) " fcode="sext"/>
<opset="sext_ln330_1/16 "/>
</bind>
</comp>

<comp id="1305" class="1004" name="mul_ln330_fu_1305">
<pin_list>
<pin id="1306" dir="0" index="0" bw="9" slack="0"/>
<pin id="1307" dir="0" index="1" bw="6" slack="0"/>
<pin id="1308" dir="1" index="2" bw="10" slack="1"/>
</pin_list>
<bind>
<opcode="mul(12) " fcode="mul"/>
<opset="mul_ln330/16 "/>
</bind>
</comp>

<comp id="1311" class="1004" name="m112_fu_1311">
<pin_list>
<pin id="1312" dir="0" index="0" bw="7" slack="1"/>
<pin id="1313" dir="0" index="1" bw="7" slack="4"/>
<pin id="1314" dir="1" index="2" bw="7" slack="0"/>
</pin_list>
<bind>
<opcode="mul(12) " fcode="mul"/>
<opset="m112/16 "/>
</bind>
</comp>

<comp id="1315" class="1004" name="sext_ln315_fu_1315">
<pin_list>
<pin id="1316" dir="0" index="0" bw="6" slack="3"/>
<pin id="1317" dir="1" index="1" bw="8" slack="0"/>
</pin_list>
<bind>
<opcode="sext(35) " fcode="sext"/>
<opset="sext_ln315/16 "/>
</bind>
</comp>

<comp id="1318" class="1004" name="add_ln315_fu_1318">
<pin_list>
<pin id="1319" dir="0" index="0" bw="7" slack="1"/>
<pin id="1320" dir="0" index="1" bw="6" slack="0"/>
<pin id="1321" dir="1" index="2" bw="8" slack="0"/>
</pin_list>
<bind>
<opcode="add(8) " fcode="add"/>
<opset="add_ln315/16 "/>
</bind>
</comp>

<comp id="1323" class="1004" name="trunc_ln318_fu_1323">
<pin_list>
<pin id="1324" dir="0" index="0" bw="14" slack="0"/>
<pin id="1325" dir="1" index="1" bw="11" slack="0"/>
</pin_list>
<bind>
<opcode="trunc(33) " fcode="trunc"/>
<opset="trunc_ln318/16 "/>
</bind>
</comp>

<comp id="1327" class="1004" name="m116_fu_1327">
<pin_list>
<pin id="1328" dir="0" index="0" bw="11" slack="0"/>
<pin id="1329" dir="0" index="1" bw="11" slack="2"/>
<pin id="1330" dir="1" index="2" bw="11" slack="0"/>
</pin_list>
<bind>
<opcode="add(8) " fcode="add"/>
<opset="m116/16 "/>
</bind>
</comp>

<comp id="1332" class="1004" name="trunc_ln332_1_fu_1332">
<pin_list>
<pin id="1333" dir="0" index="0" bw="9" slack="0"/>
<pin id="1334" dir="1" index="1" bw="7" slack="3"/>
</pin_list>
<bind>
<opcode="trunc(33) " fcode="trunc"/>
<opset="trunc_ln332_1/16 "/>
</bind>
</comp>

<comp id="1336" class="1004" name="trunc_ln328_fu_1336">
<pin_list>
<pin id="1337" dir="0" index="0" bw="7" slack="0"/>
<pin id="1338" dir="1" index="1" bw="6" slack="1"/>
</pin_list>
<bind>
<opcode="trunc(33) " fcode="trunc"/>
<opset="trunc_ln328/16 "/>
</bind>
</comp>

<comp id="1340" class="1004" name="trunc_ln355_2_fu_1340">
<pin_list>
<pin id="1341" dir="0" index="0" bw="8" slack="0"/>
<pin id="1342" dir="1" index="1" bw="4" slack="0"/>
</pin_list>
<bind>
<opcode="trunc(33) " fcode="trunc"/>
<opset="trunc_ln355_2/16 "/>
</bind>
</comp>

<comp id="1344" class="1004" name="trunc_ln338_fu_1344">
<pin_list>
<pin id="1345" dir="0" index="0" bw="11" slack="0"/>
<pin id="1346" dir="1" index="1" bw="7" slack="1"/>
</pin_list>
<bind>
<opcode="trunc(33) " fcode="trunc"/>
<opset="trunc_ln338/16 "/>
</bind>
</comp>

<comp id="1348" class="1004" name="mul_ln355_fu_1348">
<pin_list>
<pin id="1349" dir="0" index="0" bw="4" slack="0"/>
<pin id="1350" dir="0" index="1" bw="4" slack="1"/>
<pin id="1351" dir="1" index="2" bw="4" slack="2"/>
</pin_list>
<bind>
<opcode="mul(12) " fcode="mul"/>
<opset="mul_ln355/16 "/>
</bind>
</comp>

<comp id="1353" class="1004" name="mul_ln320_fu_1353">
<pin_list>
<pin id="1354" dir="0" index="0" bw="9" slack="1"/>
<pin id="1355" dir="0" index="1" bw="8" slack="4"/>
<pin id="1356" dir="1" index="2" bw="9" slack="0"/>
</pin_list>
<bind>
<opcode="mul(12) " fcode="mul"/>
<opset="mul_ln320/17 "/>
</bind>
</comp>

<comp id="1357" class="1004" name="trunc_ln312_1_fu_1357">
<pin_list>
<pin id="1358" dir="0" index="0" bw="9" slack="0"/>
<pin id="1359" dir="1" index="1" bw="5" slack="1"/>
</pin_list>
<bind>
<opcode="trunc(33) " fcode="trunc"/>
<opset="trunc_ln312_1/17 "/>
</bind>
</comp>

<comp id="1361" class="1004" name="sext_ln330_2_fu_1361">
<pin_list>
<pin id="1362" dir="0" index="0" bw="6" slack="2"/>
<pin id="1363" dir="1" index="1" bw="10" slack="0"/>
</pin_list>
<bind>
<opcode="sext(35) " fcode="sext"/>
<opset="sext_ln330_2/17 "/>
</bind>
</comp>

<comp id="1364" class="1004" name="sext_ln328_fu_1364">
<pin_list>
<pin id="1365" dir="0" index="0" bw="4" slack="2"/>
<pin id="1366" dir="1" index="1" bw="6" slack="0"/>
</pin_list>
<bind>
<opcode="sext(35) " fcode="sext"/>
<opset="sext_ln328/17 "/>
</bind>
</comp>

<comp id="1367" class="1004" name="m126_fu_1367">
<pin_list>
<pin id="1368" dir="0" index="0" bw="6" slack="1"/>
<pin id="1369" dir="0" index="1" bw="4" slack="0"/>
<pin id="1370" dir="1" index="2" bw="6" slack="1"/>
</pin_list>
<bind>
<opcode="mul(12) " fcode="mul"/>
<opset="m126/17 "/>
</bind>
</comp>

<comp id="1372" class="1004" name="trunc_ln329_1_fu_1372">
<pin_list>
<pin id="1373" dir="0" index="0" bw="9" slack="0"/>
<pin id="1374" dir="1" index="1" bw="6" slack="1"/>
</pin_list>
<bind>
<opcode="trunc(33) " fcode="trunc"/>
<opset="trunc_ln329_1/17 "/>
</bind>
</comp>

<comp id="1376" class="1004" name="m128_fu_1376">
<pin_list>
<pin id="1377" dir="0" index="0" bw="10" slack="1"/>
<pin id="1378" dir="0" index="1" bw="6" slack="0"/>
<pin id="1379" dir="1" index="2" bw="10" slack="0"/>
</pin_list>
<bind>
<opcode="mul(12) " fcode="mul"/>
<opset="m128/17 "/>
</bind>
</comp>

<comp id="1381" class="1004" name="trunc_ln333_fu_1381">
<pin_list>
<pin id="1382" dir="0" index="0" bw="9" slack="0"/>
<pin id="1383" dir="1" index="1" bw="8" slack="0"/>
</pin_list>
<bind>
<opcode="trunc(33) " fcode="trunc"/>
<opset="trunc_ln333/17 "/>
</bind>
</comp>

<comp id="1385" class="1004" name="m131_fu_1385">
<pin_list>
<pin id="1386" dir="0" index="0" bw="8" slack="0"/>
<pin id="1387" dir="0" index="1" bw="8" slack="1"/>
<pin id="1388" dir="1" index="2" bw="8" slack="0"/>
</pin_list>
<bind>
<opcode="add(8) " fcode="add"/>
<opset="m131/17 "/>
</bind>
</comp>

<comp id="1390" class="1004" name="trunc_ln337_2_fu_1390">
<pin_list>
<pin id="1391" dir="0" index="0" bw="10" slack="0"/>
<pin id="1392" dir="1" index="1" bw="8" slack="2"/>
</pin_list>
<bind>
<opcode="trunc(33) " fcode="trunc"/>
<opset="trunc_ln337_2/17 "/>
</bind>
</comp>

<comp id="1394" class="1004" name="mul_ln338_fu_1394">
<pin_list>
<pin id="1395" dir="0" index="0" bw="7" slack="3"/>
<pin id="1396" dir="0" index="1" bw="7" slack="1"/>
<pin id="1397" dir="1" index="2" bw="7" slack="0"/>
</pin_list>
<bind>
<opcode="mul(12) " fcode="mul"/>
<opset="mul_ln338/17 "/>
</bind>
</comp>

<comp id="1398" class="1004" name="trunc_ln355_3_fu_1398">
<pin_list>
<pin id="1399" dir="0" index="0" bw="8" slack="0"/>
<pin id="1400" dir="1" index="1" bw="4" slack="1"/>
</pin_list>
<bind>
<opcode="trunc(33) " fcode="trunc"/>
<opset="trunc_ln355_3/17 "/>
</bind>
</comp>

<comp id="1402" class="1004" name="sext_ln317_fu_1402">
<pin_list>
<pin id="1403" dir="0" index="0" bw="6" slack="3"/>
<pin id="1404" dir="1" index="1" bw="17" slack="0"/>
</pin_list>
<bind>
<opcode="sext(35) " fcode="sext"/>
<opset="sext_ln317/18 "/>
</bind>
</comp>

<comp id="1405" class="1004" name="m118_fu_1405">
<pin_list>
<pin id="1406" dir="0" index="0" bw="9" slack="1"/>
<pin id="1407" dir="0" index="1" bw="9" slack="5"/>
<pin id="1408" dir="1" index="2" bw="9" slack="0"/>
</pin_list>
<bind>
<opcode="mul(12) " fcode="mul"/>
<opset="m118/18 "/>
</bind>
</comp>

<comp id="1409" class="1004" name="sext_ln322_fu_1409">
<pin_list>
<pin id="1410" dir="0" index="0" bw="11" slack="2"/>
<pin id="1411" dir="1" index="1" bw="17" slack="0"/>
</pin_list>
<bind>
<opcode="sext(35) " fcode="sext"/>
<opset="sext_ln322/18 "/>
</bind>
</comp>

<comp id="1412" class="1004" name="mul_ln322_fu_1412">
<pin_list>
<pin id="1413" dir="0" index="0" bw="11" slack="0"/>
<pin id="1414" dir="0" index="1" bw="6" slack="0"/>
<pin id="1415" dir="1" index="2" bw="17" slack="0"/>
</pin_list>
<bind>
<opcode="mul(12) " fcode="mul"/>
<opset="mul_ln322/18 "/>
</bind>
</comp>

<comp id="1418" class="1004" name="m123_fu_1418">
<pin_list>
<pin id="1419" dir="0" index="0" bw="17" slack="0"/>
<pin id="1420" dir="1" index="1" bw="7" slack="1"/>
</pin_list>
<bind>
<opcode="trunc(33) " fcode="trunc"/>
<opset="m123/18 "/>
</bind>
</comp>

<comp id="1422" class="1004" name="m125_fu_1422">
<pin_list>
<pin id="1423" dir="0" index="0" bw="8" slack="0"/>
<pin id="1424" dir="0" index="1" bw="8" slack="4"/>
<pin id="1425" dir="1" index="2" bw="8" slack="0"/>
</pin_list>
<bind>
<opcode="mul(12) " fcode="mul"/>
<opset="m125/18 "/>
</bind>
</comp>

<comp id="1426" class="1004" name="mul_ln329_fu_1426">
<pin_list>
<pin id="1427" dir="0" index="0" bw="6" slack="7"/>
<pin id="1428" dir="0" index="1" bw="6" slack="1"/>
<pin id="1429" dir="1" index="2" bw="6" slack="1"/>
</pin_list>
<bind>
<opcode="mul(12) " fcode="mul"/>
<opset="mul_ln329/18 "/>
</bind>
</comp>

<comp id="1430" class="1004" name="m132_fu_1430">
<pin_list>
<pin id="1431" dir="0" index="0" bw="17" slack="0"/>
<pin id="1432" dir="1" index="1" bw="13" slack="1"/>
</pin_list>
<bind>
<opcode="trunc(33) " fcode="trunc"/>
<opset="m132/18 "/>
</bind>
</comp>

<comp id="1434" class="1004" name="sext_ln335_fu_1434">
<pin_list>
<pin id="1435" dir="0" index="0" bw="6" slack="1"/>
<pin id="1436" dir="1" index="1" bw="10" slack="0"/>
</pin_list>
<bind>
<opcode="sext(35) " fcode="sext"/>
<opset="sext_ln335/18 "/>
</bind>
</comp>

<comp id="1437" class="1004" name="m133_fu_1437">
<pin_list>
<pin id="1438" dir="0" index="0" bw="10" slack="1"/>
<pin id="1439" dir="0" index="1" bw="6" slack="0"/>
<pin id="1440" dir="1" index="2" bw="10" slack="0"/>
</pin_list>
<bind>
<opcode="mul(12) " fcode="mul"/>
<opset="m133/18 "/>
</bind>
</comp>

<comp id="1442" class="1004" name="trunc_ln337_fu_1442">
<pin_list>
<pin id="1443" dir="0" index="0" bw="10" slack="0"/>
<pin id="1444" dir="1" index="1" bw="8" slack="1"/>
</pin_list>
<bind>
<opcode="trunc(33) " fcode="trunc"/>
<opset="trunc_ln337/18 "/>
</bind>
</comp>

<comp id="1446" class="1004" name="trunc_ln337_1_fu_1446">
<pin_list>
<pin id="1447" dir="0" index="0" bw="10" slack="0"/>
<pin id="1448" dir="1" index="1" bw="7" slack="1"/>
</pin_list>
<bind>
<opcode="trunc(33) " fcode="trunc"/>
<opset="trunc_ln337_1/18 "/>
</bind>
</comp>

<comp id="1450" class="1004" name="trunc_ln345_fu_1450">
<pin_list>
<pin id="1451" dir="0" index="0" bw="8" slack="0"/>
<pin id="1452" dir="1" index="1" bw="4" slack="1"/>
</pin_list>
<bind>
<opcode="trunc(33) " fcode="trunc"/>
<opset="trunc_ln345/18 "/>
</bind>
</comp>

<comp id="1453" class="1004" name="trunc_ln345_1_fu_1453">
<pin_list>
<pin id="1454" dir="0" index="0" bw="17" slack="0"/>
<pin id="1455" dir="1" index="1" bw="4" slack="1"/>
</pin_list>
<bind>
<opcode="trunc(33) " fcode="trunc"/>
<opset="trunc_ln345_1/18 "/>
</bind>
</comp>

<comp id="1457" class="1004" name="trunc_ln344_fu_1457">
<pin_list>
<pin id="1458" dir="0" index="0" bw="17" slack="0"/>
<pin id="1459" dir="1" index="1" bw="5" slack="0"/>
</pin_list>
<bind>
<opcode="trunc(33) " fcode="trunc"/>
<opset="trunc_ln344/18 "/>
</bind>
</comp>

<comp id="1461" class="1004" name="mul_ln344_fu_1461">
<pin_list>
<pin id="1462" dir="0" index="0" bw="5" slack="1"/>
<pin id="1463" dir="0" index="1" bw="5" slack="3"/>
<pin id="1464" dir="1" index="2" bw="5" slack="0"/>
</pin_list>
<bind>
<opcode="mul(12) " fcode="mul"/>
<opset="mul_ln344/18 "/>
</bind>
</comp>

<comp id="1465" class="1004" name="trunc_ln360_fu_1465">
<pin_list>
<pin id="1466" dir="0" index="0" bw="17" slack="0"/>
<pin id="1467" dir="1" index="1" bw="12" slack="2"/>
</pin_list>
<bind>
<opcode="trunc(33) " fcode="trunc"/>
<opset="trunc_ln360/18 "/>
</bind>
</comp>

<comp id="1469" class="1004" name="mul_ln355_1_fu_1469">
<pin_list>
<pin id="1470" dir="0" index="0" bw="4" slack="3"/>
<pin id="1471" dir="0" index="1" bw="4" slack="1"/>
<pin id="1472" dir="1" index="2" bw="4" slack="0"/>
</pin_list>
<bind>
<opcode="mul(12) " fcode="mul"/>
<opset="mul_ln355_1/18 "/>
</bind>
</comp>

<comp id="1473" class="1004" name="m153_fu_1473">
<pin_list>
<pin id="1474" dir="0" index="0" bw="4" slack="0"/>
<pin id="1475" dir="0" index="1" bw="4" slack="2"/>
<pin id="1476" dir="1" index="2" bw="4" slack="3"/>
</pin_list>
<bind>
<opcode="mul(12) " fcode="mul"/>
<opset="m153/18 "/>
</bind>
</comp>

<comp id="1478" class="1004" name="trunc_ln380_fu_1478">
<pin_list>
<pin id="1479" dir="0" index="0" bw="17" slack="0"/>
<pin id="1480" dir="1" index="1" bw="3" slack="3"/>
</pin_list>
<bind>
<opcode="trunc(33) " fcode="trunc"/>
<opset="trunc_ln380/18 "/>
</bind>
</comp>

<comp id="1482" class="1004" name="trunc_ln367_1_fu_1482">
<pin_list>
<pin id="1483" dir="0" index="0" bw="8" slack="0"/>
<pin id="1484" dir="1" index="1" bw="7" slack="1"/>
</pin_list>
<bind>
<opcode="trunc(33) " fcode="trunc"/>
<opset="trunc_ln367_1/18 "/>
</bind>
</comp>

<comp id="1486" class="1004" name="sext_ln397_fu_1486">
<pin_list>
<pin id="1487" dir="0" index="0" bw="9" slack="0"/>
<pin id="1488" dir="1" index="1" bw="16" slack="0"/>
</pin_list>
<bind>
<opcode="sext(35) " fcode="sext"/>
<opset="sext_ln397/18 "/>
</bind>
</comp>

<comp id="1491" class="1004" name="sext_ln340_fu_1491">
<pin_list>
<pin id="1492" dir="0" index="0" bw="6" slack="4"/>
<pin id="1493" dir="1" index="1" bw="7" slack="0"/>
</pin_list>
<bind>
<opcode="sext(35) " fcode="sext"/>
<opset="sext_ln340/19 "/>
</bind>
</comp>

<comp id="1494" class="1004" name="m127_fu_1494">
<pin_list>
<pin id="1495" dir="0" index="0" bw="6" slack="1"/>
<pin id="1496" dir="0" index="1" bw="6" slack="6"/>
<pin id="1497" dir="1" index="2" bw="6" slack="0"/>
</pin_list>
<bind>
<opcode="mul(12) " fcode="mul"/>
<opset="m127/19 "/>
</bind>
</comp>

<comp id="1498" class="1004" name="mul_ln340_fu_1498">
<pin_list>
<pin id="1499" dir="0" index="0" bw="7" slack="1"/>
<pin id="1500" dir="0" index="1" bw="6" slack="0"/>
<pin id="1501" dir="1" index="2" bw="7" slack="0"/>
</pin_list>
<bind>
<opcode="mul(12) " fcode="mul"/>
<opset="mul_ln340/19 "/>
</bind>
</comp>

<comp id="1503" class="1004" name="mul_ln332_fu_1503">
<pin_list>
<pin id="1504" dir="0" index="0" bw="7" slack="3"/>
<pin id="1505" dir="0" index="1" bw="7" slack="1"/>
<pin id="1506" dir="1" index="2" bw="7" slack="1"/>
</pin_list>
<bind>
<opcode="mul(12) " fcode="mul"/>
<opset="mul_ln332/19 "/>
</bind>
</comp>

<comp id="1507" class="1004" name="m135_fu_1507">
<pin_list>
<pin id="1508" dir="0" index="0" bw="8" slack="1"/>
<pin id="1509" dir="0" index="1" bw="8" slack="2"/>
<pin id="1510" dir="1" index="2" bw="8" slack="0"/>
</pin_list>
<bind>
<opcode="add(8) " fcode="add"/>
<opset="m135/19 "/>
</bind>
</comp>

<comp id="1511" class="1004" name="add_ln345_fu_1511">
<pin_list>
<pin id="1512" dir="0" index="0" bw="4" slack="1"/>
<pin id="1513" dir="0" index="1" bw="4" slack="1"/>
<pin id="1514" dir="1" index="2" bw="4" slack="2"/>
</pin_list>
<bind>
<opcode="add(8) " fcode="add"/>
<opset="add_ln345/19 "/>
</bind>
</comp>

<comp id="1515" class="1004" name="sext_ln342_fu_1515">
<pin_list>
<pin id="1516" dir="0" index="0" bw="11" slack="3"/>
<pin id="1517" dir="1" index="1" bw="13" slack="0"/>
</pin_list>
<bind>
<opcode="sext(35) " fcode="sext"/>
<opset="sext_ln342/19 "/>
</bind>
</comp>

<comp id="1518" class="1004" name="m140_fu_1518">
<pin_list>
<pin id="1519" dir="0" index="0" bw="13" slack="1"/>
<pin id="1520" dir="0" index="1" bw="11" slack="0"/>
<pin id="1521" dir="1" index="2" bw="13" slack="0"/>
</pin_list>
<bind>
<opcode="mul(12) " fcode="mul"/>
<opset="m140/19 "/>
</bind>
</comp>

<comp id="1523" class="1004" name="trunc_ln347_fu_1523">
<pin_list>
<pin id="1524" dir="0" index="0" bw="6" slack="0"/>
<pin id="1525" dir="1" index="1" bw="4" slack="0"/>
</pin_list>
<bind>
<opcode="trunc(33) " fcode="trunc"/>
<opset="trunc_ln347/19 "/>
</bind>
</comp>

<comp id="1527" class="1004" name="m145_fu_1527">
<pin_list>
<pin id="1528" dir="0" index="0" bw="4" slack="1"/>
<pin id="1529" dir="0" index="1" bw="4" slack="0"/>
<pin id="1530" dir="1" index="2" bw="4" slack="0"/>
</pin_list>
<bind>
<opcode="mul(12) " fcode="mul"/>
<opset="m145/19 "/>
</bind>
</comp>

<comp id="1532" class="1004" name="m146_fu_1532">
<pin_list>
<pin id="1533" dir="0" index="0" bw="8" slack="0"/>
<pin id="1534" dir="0" index="1" bw="8" slack="1"/>
<pin id="1535" dir="1" index="2" bw="8" slack="0"/>
</pin_list>
<bind>
<opcode="add(8) " fcode="add"/>
<opset="m146/19 "/>
</bind>
</comp>

<comp id="1537" class="1004" name="trunc_ln349_fu_1537">
<pin_list>
<pin id="1538" dir="0" index="0" bw="8" slack="0"/>
<pin id="1539" dir="1" index="1" bw="7" slack="0"/>
</pin_list>
<bind>
<opcode="trunc(33) " fcode="trunc"/>
<opset="trunc_ln349/19 "/>
</bind>
</comp>

<comp id="1541" class="1004" name="m147_fu_1541">
<pin_list>
<pin id="1542" dir="0" index="0" bw="7" slack="0"/>
<pin id="1543" dir="0" index="1" bw="7" slack="1"/>
<pin id="1544" dir="1" index="2" bw="7" slack="0"/>
</pin_list>
<bind>
<opcode="add(8) " fcode="add"/>
<opset="m147/19 "/>
</bind>
</comp>

<comp id="1546" class="1004" name="mul_ln358_fu_1546">
<pin_list>
<pin id="1547" dir="0" index="0" bw="8" slack="2"/>
<pin id="1548" dir="0" index="1" bw="8" slack="2"/>
<pin id="1549" dir="1" index="2" bw="8" slack="0"/>
</pin_list>
<bind>
<opcode="mul(12) " fcode="mul"/>
<opset="mul_ln358/19 "/>
</bind>
</comp>

<comp id="1550" class="1004" name="trunc_ln352_fu_1550">
<pin_list>
<pin id="1551" dir="0" index="0" bw="8" slack="0"/>
<pin id="1552" dir="1" index="1" bw="7" slack="0"/>
</pin_list>
<bind>
<opcode="trunc(33) " fcode="trunc"/>
<opset="trunc_ln352/19 "/>
</bind>
</comp>

<comp id="1554" class="1004" name="trunc_ln353_fu_1554">
<pin_list>
<pin id="1555" dir="0" index="0" bw="7" slack="0"/>
<pin id="1556" dir="1" index="1" bw="5" slack="2"/>
</pin_list>
<bind>
<opcode="trunc(33) " fcode="trunc"/>
<opset="trunc_ln353/19 "/>
</bind>
</comp>

<comp id="1558" class="1004" name="trunc_ln380_2_fu_1558">
<pin_list>
<pin id="1559" dir="0" index="0" bw="4" slack="0"/>
<pin id="1560" dir="1" index="1" bw="3" slack="2"/>
</pin_list>
<bind>
<opcode="trunc(33) " fcode="trunc"/>
<opset="trunc_ln380_2/19 "/>
</bind>
</comp>

<comp id="1562" class="1004" name="sext_ln399_fu_1562">
<pin_list>
<pin id="1563" dir="0" index="0" bw="13" slack="0"/>
<pin id="1564" dir="1" index="1" bw="16" slack="0"/>
</pin_list>
<bind>
<opcode="sext(35) " fcode="sext"/>
<opset="sext_ln399/19 "/>
</bind>
</comp>

<comp id="1567" class="1004" name="sext_ln400_fu_1567">
<pin_list>
<pin id="1568" dir="0" index="0" bw="8" slack="0"/>
<pin id="1569" dir="1" index="1" bw="16" slack="0"/>
</pin_list>
<bind>
<opcode="sext(35) " fcode="sext"/>
<opset="sext_ln400/19 "/>
</bind>
</comp>

<comp id="1572" class="1004" name="sext_ln401_fu_1572">
<pin_list>
<pin id="1573" dir="0" index="0" bw="7" slack="0"/>
<pin id="1574" dir="1" index="1" bw="16" slack="0"/>
</pin_list>
<bind>
<opcode="sext(35) " fcode="sext"/>
<opset="sext_ln401/19 "/>
</bind>
</comp>

<comp id="1577" class="1004" name="m130_fu_1577">
<pin_list>
<pin id="1578" dir="0" index="0" bw="7" slack="1"/>
<pin id="1579" dir="0" index="1" bw="7" slack="4"/>
<pin id="1580" dir="1" index="2" bw="7" slack="0"/>
</pin_list>
<bind>
<opcode="mul(12) " fcode="mul"/>
<opset="m130/20 "/>
</bind>
</comp>

<comp id="1581" class="1004" name="sext_ln360_1_fu_1581">
<pin_list>
<pin id="1582" dir="0" index="0" bw="6" slack="1"/>
<pin id="1583" dir="1" index="1" bw="12" slack="0"/>
</pin_list>
<bind>
<opcode="sext(35) " fcode="sext"/>
<opset="sext_ln360_1/20 "/>
</bind>
</comp>

<comp id="1584" class="1004" name="m144_fu_1584">
<pin_list>
<pin id="1585" dir="0" index="0" bw="12" slack="2"/>
<pin id="1586" dir="0" index="1" bw="6" slack="0"/>
<pin id="1587" dir="1" index="2" bw="12" slack="0"/>
</pin_list>
<bind>
<opcode="mul(12) " fcode="mul"/>
<opset="m144/20 "/>
</bind>
</comp>

<comp id="1589" class="1004" name="m152_fu_1589">
<pin_list>
<pin id="1590" dir="0" index="0" bw="7" slack="2"/>
<pin id="1591" dir="0" index="1" bw="7" slack="0"/>
<pin id="1592" dir="1" index="2" bw="7" slack="0"/>
</pin_list>
<bind>
<opcode="mul(12) " fcode="mul"/>
<opset="m152/20 "/>
</bind>
</comp>

<comp id="1593" class="1004" name="trunc_ln356_fu_1593">
<pin_list>
<pin id="1594" dir="0" index="0" bw="7" slack="0"/>
<pin id="1595" dir="1" index="1" bw="6" slack="0"/>
</pin_list>
<bind>
<opcode="trunc(33) " fcode="trunc"/>
<opset="trunc_ln356/20 "/>
</bind>
</comp>

<comp id="1596" class="1004" name="sext_ln356_fu_1596">
<pin_list>
<pin id="1597" dir="0" index="0" bw="4" slack="1"/>
<pin id="1598" dir="1" index="1" bw="6" slack="0"/>
</pin_list>
<bind>
<opcode="sext(35) " fcode="sext"/>
<opset="sext_ln356/20 "/>
</bind>
</comp>

<comp id="1599" class="1004" name="trunc_ln362_fu_1599">
<pin_list>
<pin id="1600" dir="0" index="0" bw="7" slack="0"/>
<pin id="1601" dir="1" index="1" bw="3" slack="2"/>
</pin_list>
<bind>
<opcode="trunc(33) " fcode="trunc"/>
<opset="trunc_ln362/20 "/>
</bind>
</comp>

<comp id="1603" class="1004" name="trunc_ln362_1_fu_1603">
<pin_list>
<pin id="1604" dir="0" index="0" bw="12" slack="0"/>
<pin id="1605" dir="1" index="1" bw="3" slack="2"/>
</pin_list>
<bind>
<opcode="trunc(33) " fcode="trunc"/>
<opset="trunc_ln362_1/20 "/>
</bind>
</comp>

<comp id="1607" class="1004" name="trunc_ln367_fu_1607">
<pin_list>
<pin id="1608" dir="0" index="0" bw="12" slack="0"/>
<pin id="1609" dir="1" index="1" bw="7" slack="2"/>
</pin_list>
<bind>
<opcode="trunc(33) " fcode="trunc"/>
<opset="trunc_ln367/20 "/>
</bind>
</comp>

<comp id="1611" class="1004" name="trunc_ln363_fu_1611">
<pin_list>
<pin id="1612" dir="0" index="0" bw="12" slack="0"/>
<pin id="1613" dir="1" index="1" bw="10" slack="1"/>
</pin_list>
<bind>
<opcode="trunc(33) " fcode="trunc"/>
<opset="trunc_ln363/20 "/>
</bind>
</comp>

<comp id="1615" class="1004" name="trunc_ln372_1_fu_1615">
<pin_list>
<pin id="1616" dir="0" index="0" bw="7" slack="0"/>
<pin id="1617" dir="1" index="1" bw="2" slack="2"/>
</pin_list>
<bind>
<opcode="trunc(33) " fcode="trunc"/>
<opset="trunc_ln372_1/20 "/>
</bind>
</comp>

<comp id="1619" class="1004" name="sext_ln398_fu_1619">
<pin_list>
<pin id="1620" dir="0" index="0" bw="7" slack="0"/>
<pin id="1621" dir="1" index="1" bw="16" slack="0"/>
</pin_list>
<bind>
<opcode="sext(35) " fcode="sext"/>
<opset="sext_ln398/20 "/>
</bind>
</comp>

<comp id="1624" class="1004" name="trunc_ln345_2_fu_1624">
<pin_list>
<pin id="1625" dir="0" index="0" bw="5" slack="0"/>
<pin id="1626" dir="1" index="1" bw="4" slack="0"/>
</pin_list>
<bind>
<opcode="trunc(33) " fcode="trunc"/>
<opset="trunc_ln345_2/21 "/>
</bind>
</comp>

<comp id="1627" class="1004" name="m143_fu_1627">
<pin_list>
<pin id="1628" dir="0" index="0" bw="4" slack="0"/>
<pin id="1629" dir="0" index="1" bw="4" slack="2"/>
<pin id="1630" dir="1" index="2" bw="4" slack="0"/>
</pin_list>
<bind>
<opcode="mul(12) " fcode="mul"/>
<opset="m143/21 "/>
</bind>
</comp>

<comp id="1632" class="1004" name="m151_fu_1632">
<pin_list>
<pin id="1633" dir="0" index="0" bw="5" slack="2"/>
<pin id="1634" dir="0" index="1" bw="5" slack="0"/>
<pin id="1635" dir="1" index="2" bw="5" slack="1"/>
</pin_list>
<bind>
<opcode="mul(12) " fcode="mul"/>
<opset="m151/21 "/>
</bind>
</comp>

<comp id="1636" class="1004" name="sext_ln358_fu_1636">
<pin_list>
<pin id="1637" dir="0" index="0" bw="7" slack="1"/>
<pin id="1638" dir="1" index="1" bw="8" slack="0"/>
</pin_list>
<bind>
<opcode="sext(35) " fcode="sext"/>
<opset="sext_ln358/21 "/>
</bind>
</comp>

<comp id="1639" class="1004" name="mul_ln363_fu_1639">
<pin_list>
<pin id="1640" dir="0" index="0" bw="10" slack="1"/>
<pin id="1641" dir="0" index="1" bw="10" slack="3"/>
<pin id="1642" dir="1" index="2" bw="10" slack="0"/>
</pin_list>
<bind>
<opcode="mul(12) " fcode="mul"/>
<opset="mul_ln363/21 "/>
</bind>
</comp>

<comp id="1643" class="1004" name="m157_fu_1643">
<pin_list>
<pin id="1644" dir="0" index="0" bw="10" slack="0"/>
<pin id="1645" dir="1" index="1" bw="9" slack="1"/>
</pin_list>
<bind>
<opcode="trunc(33) " fcode="trunc"/>
<opset="m157/21 "/>
</bind>
</comp>

<comp id="1647" class="1004" name="trunc_ln380_1_fu_1647">
<pin_list>
<pin id="1648" dir="0" index="0" bw="4" slack="0"/>
<pin id="1649" dir="1" index="1" bw="3" slack="0"/>
</pin_list>
<bind>
<opcode="trunc(33) " fcode="trunc"/>
<opset="trunc_ln380_1/21 "/>
</bind>
</comp>

<comp id="1651" class="1004" name="mul_ln380_fu_1651">
<pin_list>
<pin id="1652" dir="0" index="0" bw="3" slack="3"/>
<pin id="1653" dir="0" index="1" bw="3" slack="0"/>
<pin id="1654" dir="1" index="2" bw="3" slack="0"/>
</pin_list>
<bind>
<opcode="mul(12) " fcode="mul"/>
<opset="mul_ln380/21 "/>
</bind>
</comp>

<comp id="1656" class="1004" name="mul_ln380_1_fu_1656">
<pin_list>
<pin id="1657" dir="0" index="0" bw="3" slack="0"/>
<pin id="1658" dir="0" index="1" bw="3" slack="2"/>
<pin id="1659" dir="1" index="2" bw="3" slack="1"/>
</pin_list>
<bind>
<opcode="mul(12) " fcode="mul"/>
<opset="mul_ln380_1/21 "/>
</bind>
</comp>

<comp id="1661" class="1004" name="trunc_ln373_fu_1661">
<pin_list>
<pin id="1662" dir="0" index="0" bw="10" slack="0"/>
<pin id="1663" dir="1" index="1" bw="8" slack="5"/>
</pin_list>
<bind>
<opcode="trunc(33) " fcode="trunc"/>
<opset="trunc_ln373/21 "/>
</bind>
</comp>

<comp id="1665" class="1004" name="sext_ln374_fu_1665">
<pin_list>
<pin id="1666" dir="0" index="0" bw="4" slack="3"/>
<pin id="1667" dir="1" index="1" bw="8" slack="0"/>
</pin_list>
<bind>
<opcode="sext(35) " fcode="sext"/>
<opset="sext_ln374/21 "/>
</bind>
</comp>

<comp id="1668" class="1004" name="mul_ln374_fu_1668">
<pin_list>
<pin id="1669" dir="0" index="0" bw="7" slack="0"/>
<pin id="1670" dir="0" index="1" bw="4" slack="0"/>
<pin id="1671" dir="1" index="2" bw="8" slack="1"/>
</pin_list>
<bind>
<opcode="mul(12) " fcode="mul"/>
<opset="mul_ln374/21 "/>
</bind>
</comp>

<comp id="1674" class="1004" name="sext_ln360_fu_1674">
<pin_list>
<pin id="1675" dir="0" index="0" bw="4" slack="1"/>
<pin id="1676" dir="1" index="1" bw="12" slack="0"/>
</pin_list>
<bind>
<opcode="sext(35) " fcode="sext"/>
<opset="sext_ln360/22 "/>
</bind>
</comp>

<comp id="1677" class="1004" name="m158_fu_1677">
<pin_list>
<pin id="1678" dir="0" index="0" bw="12" slack="2"/>
<pin id="1679" dir="0" index="1" bw="4" slack="0"/>
<pin id="1680" dir="1" index="2" bw="12" slack="0"/>
</pin_list>
<bind>
<opcode="mul(12) " fcode="mul"/>
<opset="m158/22 "/>
</bind>
</comp>

<comp id="1682" class="1004" name="trunc_ln362_2_fu_1682">
<pin_list>
<pin id="1683" dir="0" index="0" bw="7" slack="0"/>
<pin id="1684" dir="1" index="1" bw="3" slack="0"/>
</pin_list>
<bind>
<opcode="trunc(33) " fcode="trunc"/>
<opset="trunc_ln362_2/22 "/>
</bind>
</comp>

<comp id="1685" class="1004" name="mul_ln362_fu_1685">
<pin_list>
<pin id="1686" dir="0" index="0" bw="3" slack="2"/>
<pin id="1687" dir="0" index="1" bw="3" slack="0"/>
<pin id="1688" dir="1" index="2" bw="3" slack="0"/>
</pin_list>
<bind>
<opcode="mul(12) " fcode="mul"/>
<opset="mul_ln362/22 "/>
</bind>
</comp>

<comp id="1690" class="1004" name="m160_fu_1690">
<pin_list>
<pin id="1691" dir="0" index="0" bw="3" slack="0"/>
<pin id="1692" dir="0" index="1" bw="3" slack="2"/>
<pin id="1693" dir="1" index="2" bw="3" slack="0"/>
</pin_list>
<bind>
<opcode="mul(12) " fcode="mul"/>
<opset="m160/22 "/>
</bind>
</comp>

<comp id="1695" class="1004" name="m161_fu_1695">
<pin_list>
<pin id="1696" dir="0" index="0" bw="10" slack="1"/>
<pin id="1697" dir="0" index="1" bw="10" slack="2"/>
<pin id="1698" dir="1" index="2" bw="10" slack="1"/>
</pin_list>
<bind>
<opcode="mul(12) " fcode="mul"/>
<opset="m161/22 "/>
</bind>
</comp>

<comp id="1699" class="1004" name="sext_ln367_fu_1699">
<pin_list>
<pin id="1700" dir="0" index="0" bw="4" slack="4"/>
<pin id="1701" dir="1" index="1" bw="7" slack="0"/>
</pin_list>
<bind>
<opcode="sext(35) " fcode="sext"/>
<opset="sext_ln367/22 "/>
</bind>
</comp>

<comp id="1702" class="1004" name="mul_ln367_fu_1702">
<pin_list>
<pin id="1703" dir="0" index="0" bw="7" slack="2"/>
<pin id="1704" dir="0" index="1" bw="4" slack="0"/>
<pin id="1705" dir="1" index="2" bw="7" slack="0"/>
</pin_list>
<bind>
<opcode="mul(12) " fcode="mul"/>
<opset="mul_ln367/22 "/>
</bind>
</comp>

<comp id="1707" class="1004" name="sext_ln377_1_fu_1707">
<pin_list>
<pin id="1708" dir="0" index="0" bw="5" slack="1"/>
<pin id="1709" dir="1" index="1" bw="9" slack="0"/>
</pin_list>
<bind>
<opcode="sext(35) " fcode="sext"/>
<opset="sext_ln377_1/22 "/>
</bind>
</comp>

<comp id="1710" class="1004" name="mul_ln377_fu_1710">
<pin_list>
<pin id="1711" dir="0" index="0" bw="9" slack="1"/>
<pin id="1712" dir="0" index="1" bw="5" slack="0"/>
<pin id="1713" dir="1" index="2" bw="9" slack="0"/>
</pin_list>
<bind>
<opcode="mul(12) " fcode="mul"/>
<opset="mul_ln377/22 "/>
</bind>
</comp>

<comp id="1715" class="1004" name="trunc_ln369_fu_1715">
<pin_list>
<pin id="1716" dir="0" index="0" bw="7" slack="0"/>
<pin id="1717" dir="1" index="1" bw="6" slack="0"/>
</pin_list>
<bind>
<opcode="trunc(33) " fcode="trunc"/>
<opset="trunc_ln369/22 "/>
</bind>
</comp>

<comp id="1719" class="1004" name="trunc_ln371_fu_1719">
<pin_list>
<pin id="1720" dir="0" index="0" bw="9" slack="0"/>
<pin id="1721" dir="1" index="1" bw="7" slack="1"/>
</pin_list>
<bind>
<opcode="trunc(33) " fcode="trunc"/>
<opset="trunc_ln371/22 "/>
</bind>
</comp>

<comp id="1723" class="1004" name="trunc_ln372_fu_1723">
<pin_list>
<pin id="1724" dir="0" index="0" bw="3" slack="0"/>
<pin id="1725" dir="1" index="1" bw="2" slack="0"/>
</pin_list>
<bind>
<opcode="trunc(33) " fcode="trunc"/>
<opset="trunc_ln372/22 "/>
</bind>
</comp>

<comp id="1727" class="1004" name="m170_fu_1727">
<pin_list>
<pin id="1728" dir="0" index="0" bw="2" slack="0"/>
<pin id="1729" dir="0" index="1" bw="2" slack="2"/>
<pin id="1730" dir="1" index="2" bw="2" slack="3"/>
</pin_list>
<bind>
<opcode="mul(12) " fcode="mul"/>
<opset="m170/22 "/>
</bind>
</comp>

<comp id="1732" class="1004" name="m172_fu_1732">
<pin_list>
<pin id="1733" dir="0" index="0" bw="8" slack="1"/>
<pin id="1734" dir="0" index="1" bw="8" slack="3"/>
<pin id="1735" dir="1" index="2" bw="8" slack="1"/>
</pin_list>
<bind>
<opcode="mul(12) " fcode="mul"/>
<opset="m172/22 "/>
</bind>
</comp>

<comp id="1736" class="1004" name="trunc_ln375_fu_1736">
<pin_list>
<pin id="1737" dir="0" index="0" bw="9" slack="0"/>
<pin id="1738" dir="1" index="1" bw="8" slack="1"/>
</pin_list>
<bind>
<opcode="trunc(33) " fcode="trunc"/>
<opset="trunc_ln375/22 "/>
</bind>
</comp>

<comp id="1740" class="1004" name="m178_fu_1740">
<pin_list>
<pin id="1741" dir="0" index="0" bw="3" slack="0"/>
<pin id="1742" dir="0" index="1" bw="3" slack="1"/>
<pin id="1743" dir="1" index="2" bw="3" slack="0"/>
</pin_list>
<bind>
<opcode="add(8) " fcode="add"/>
<opset="m178/22 "/>
</bind>
</comp>

<comp id="1745" class="1004" name="sext_ln402_fu_1745">
<pin_list>
<pin id="1746" dir="0" index="0" bw="12" slack="0"/>
<pin id="1747" dir="1" index="1" bw="16" slack="0"/>
</pin_list>
<bind>
<opcode="sext(35) " fcode="sext"/>
<opset="sext_ln402/22 "/>
</bind>
</comp>

<comp id="1750" class="1004" name="sext_ln406_fu_1750">
<pin_list>
<pin id="1751" dir="0" index="0" bw="3" slack="0"/>
<pin id="1752" dir="1" index="1" bw="16" slack="0"/>
</pin_list>
<bind>
<opcode="sext(35) " fcode="sext"/>
<opset="sext_ln406/22 "/>
</bind>
</comp>

<comp id="1755" class="1004" name="sext_ln364_fu_1755">
<pin_list>
<pin id="1756" dir="0" index="0" bw="5" slack="2"/>
<pin id="1757" dir="1" index="1" bw="14" slack="0"/>
</pin_list>
<bind>
<opcode="sext(35) " fcode="sext"/>
<opset="sext_ln364/23 "/>
</bind>
</comp>

<comp id="1758" class="1004" name="sext_ln364_1_fu_1758">
<pin_list>
<pin id="1759" dir="0" index="0" bw="10" slack="1"/>
<pin id="1760" dir="1" index="1" bw="14" slack="0"/>
</pin_list>
<bind>
<opcode="sext(35) " fcode="sext"/>
<opset="sext_ln364_1/23 "/>
</bind>
</comp>

<comp id="1761" class="1004" name="m162_fu_1761">
<pin_list>
<pin id="1762" dir="0" index="0" bw="10" slack="0"/>
<pin id="1763" dir="0" index="1" bw="5" slack="0"/>
<pin id="1764" dir="1" index="2" bw="14" slack="0"/>
</pin_list>
<bind>
<opcode="mul(12) " fcode="mul"/>
<opset="m162/23 "/>
</bind>
</comp>

<comp id="1767" class="1004" name="sext_ln371_fu_1767">
<pin_list>
<pin id="1768" dir="0" index="0" bw="6" slack="0"/>
<pin id="1769" dir="1" index="1" bw="7" slack="0"/>
</pin_list>
<bind>
<opcode="sext(35) " fcode="sext"/>
<opset="sext_ln371/23 "/>
</bind>
</comp>

<comp id="1770" class="1004" name="mul_ln371_fu_1770">
<pin_list>
<pin id="1771" dir="0" index="0" bw="7" slack="1"/>
<pin id="1772" dir="0" index="1" bw="6" slack="0"/>
<pin id="1773" dir="1" index="2" bw="7" slack="1"/>
</pin_list>
<bind>
<opcode="mul(12) " fcode="mul"/>
<opset="mul_ln371/23 "/>
</bind>
</comp>

<comp id="1775" class="1004" name="sext_ln377_fu_1775">
<pin_list>
<pin id="1776" dir="0" index="0" bw="8" slack="1"/>
<pin id="1777" dir="1" index="1" bw="9" slack="0"/>
</pin_list>
<bind>
<opcode="sext(35) " fcode="sext"/>
<opset="sext_ln377/23 "/>
</bind>
</comp>

<comp id="1778" class="1004" name="mul_ln377_1_fu_1778">
<pin_list>
<pin id="1779" dir="0" index="0" bw="8" slack="0"/>
<pin id="1780" dir="0" index="1" bw="5" slack="1"/>
<pin id="1781" dir="1" index="2" bw="9" slack="1"/>
</pin_list>
<bind>
<opcode="mul(12) " fcode="mul"/>
<opset="mul_ln377_1/23 "/>
</bind>
</comp>

<comp id="1783" class="1004" name="sext_ln403_fu_1783">
<pin_list>
<pin id="1784" dir="0" index="0" bw="14" slack="0"/>
<pin id="1785" dir="1" index="1" bw="16" slack="0"/>
</pin_list>
<bind>
<opcode="sext(35) " fcode="sext"/>
<opset="sext_ln403/23 "/>
</bind>
</comp>

<comp id="1788" class="1004" name="m169_fu_1788">
<pin_list>
<pin id="1789" dir="0" index="0" bw="7" slack="1"/>
<pin id="1790" dir="0" index="1" bw="7" slack="2"/>
<pin id="1791" dir="1" index="2" bw="7" slack="1"/>
</pin_list>
<bind>
<opcode="mul(12) " fcode="mul"/>
<opset="m169/24 "/>
</bind>
</comp>

<comp id="1792" class="1004" name="m175_fu_1792">
<pin_list>
<pin id="1793" dir="0" index="0" bw="9" slack="1"/>
<pin id="1794" dir="0" index="1" bw="9" slack="2"/>
<pin id="1795" dir="1" index="2" bw="9" slack="0"/>
</pin_list>
<bind>
<opcode="mul(12) " fcode="mul"/>
<opset="m175/24 "/>
</bind>
</comp>

<comp id="1796" class="1004" name="trunc_ln382_fu_1796">
<pin_list>
<pin id="1797" dir="0" index="0" bw="9" slack="0"/>
<pin id="1798" dir="1" index="1" bw="7" slack="0"/>
</pin_list>
<bind>
<opcode="trunc(33) " fcode="trunc"/>
<opset="trunc_ln382/24 "/>
</bind>
</comp>

<comp id="1800" class="1004" name="sext_ln378_fu_1800">
<pin_list>
<pin id="1801" dir="0" index="0" bw="7" slack="1"/>
<pin id="1802" dir="1" index="1" bw="9" slack="0"/>
</pin_list>
<bind>
<opcode="sext(35) " fcode="sext"/>
<opset="sext_ln378/25 "/>
</bind>
</comp>

<comp id="1803" class="1004" name="m176_fu_1803">
<pin_list>
<pin id="1804" dir="0" index="0" bw="9" slack="4"/>
<pin id="1805" dir="0" index="1" bw="7" slack="0"/>
<pin id="1806" dir="1" index="2" bw="9" slack="0"/>
</pin_list>
<bind>
<opcode="mul(12) " fcode="mul"/>
<opset="m176/25 "/>
</bind>
</comp>

<comp id="1808" class="1004" name="sext_ln381_fu_1808">
<pin_list>
<pin id="1809" dir="0" index="0" bw="2" slack="3"/>
<pin id="1810" dir="1" index="1" bw="9" slack="0"/>
</pin_list>
<bind>
<opcode="sext(35) " fcode="sext"/>
<opset="sext_ln381/25 "/>
</bind>
</comp>

<comp id="1811" class="1004" name="m179_fu_1811">
<pin_list>
<pin id="1812" dir="0" index="0" bw="9" slack="1"/>
<pin id="1813" dir="0" index="1" bw="2" slack="0"/>
<pin id="1814" dir="1" index="2" bw="9" slack="0"/>
</pin_list>
<bind>
<opcode="mul(12) " fcode="mul"/>
<opset="m179/25 "/>
</bind>
</comp>

<comp id="1816" class="1004" name="sext_ln404_fu_1816">
<pin_list>
<pin id="1817" dir="0" index="0" bw="9" slack="0"/>
<pin id="1818" dir="1" index="1" bw="16" slack="0"/>
</pin_list>
<bind>
<opcode="sext(35) " fcode="sext"/>
<opset="sext_ln404/25 "/>
</bind>
</comp>

<comp id="1821" class="1004" name="sext_ln407_fu_1821">
<pin_list>
<pin id="1822" dir="0" index="0" bw="9" slack="0"/>
<pin id="1823" dir="1" index="1" bw="16" slack="0"/>
</pin_list>
<bind>
<opcode="sext(35) " fcode="sext"/>
<opset="sext_ln407/25 "/>
</bind>
</comp>

<comp id="1826" class="1004" name="sext_ln408_fu_1826">
<pin_list>
<pin id="1827" dir="0" index="0" bw="7" slack="0"/>
<pin id="1828" dir="1" index="1" bw="16" slack="0"/>
</pin_list>
<bind>
<opcode="sext(35) " fcode="sext"/>
<opset="sext_ln408/25 "/>
</bind>
</comp>

<comp id="1830" class="1004" name="m177_fu_1830">
<pin_list>
<pin id="1831" dir="0" index="0" bw="8" slack="0"/>
<pin id="1832" dir="0" index="1" bw="8" slack="5"/>
<pin id="1833" dir="1" index="2" bw="8" slack="0"/>
</pin_list>
<bind>
<opcode="mul(12) " fcode="mul"/>
<opset="m177/26 "/>
</bind>
</comp>

<comp id="1834" class="1004" name="sext_ln405_fu_1834">
<pin_list>
<pin id="1835" dir="0" index="0" bw="8" slack="0"/>
<pin id="1836" dir="1" index="1" bw="16" slack="0"/>
</pin_list>
<bind>
<opcode="sext(35) " fcode="sext"/>
<opset="sext_ln405/26 "/>
</bind>
</comp>

<comp id="1839" class="1007" name="grp_fu_1839">
<pin_list>
<pin id="1840" dir="0" index="0" bw="9" slack="0"/>
<pin id="1841" dir="0" index="1" bw="5" slack="0"/>
<pin id="1842" dir="0" index="2" bw="9" slack="0"/>
<pin id="1843" dir="1" index="3" bw="9" slack="0"/>
</pin_list>
<bind>
<opcode="addmul(1170) " fcode="addmul"/>
<opset="m31/4 m51/4 "/>
</bind>
</comp>

<comp id="1849" class="1007" name="grp_fu_1849">
<pin_list>
<pin id="1850" dir="0" index="0" bw="12" slack="1"/>
<pin id="1851" dir="0" index="1" bw="11" slack="0"/>
<pin id="1852" dir="0" index="2" bw="12" slack="0"/>
<pin id="1853" dir="1" index="3" bw="12" slack="0"/>
</pin_list>
<bind>
<opcode="addmul(1170) " fcode="addmul"/>
<opset="m36/5 m38/5 "/>
</bind>
</comp>

<comp id="1858" class="1007" name="grp_fu_1858">
<pin_list>
<pin id="1859" dir="0" index="0" bw="9" slack="1"/>
<pin id="1860" dir="0" index="1" bw="9" slack="1"/>
<pin id="1861" dir="0" index="2" bw="9" slack="0"/>
<pin id="1862" dir="0" index="3" bw="5" slack="0"/>
<pin id="1863" dir="1" index="4" bw="9" slack="0"/>
</pin_list>
<bind>
<opcode="addmuladd(1175) " fcode="addmuladd"/>
<opset="add_ln294/10 mul_ln294_1/10 m92/12 "/>
</bind>
</comp>

<comp id="1868" class="1007" name="grp_fu_1868">
<pin_list>
<pin id="1869" dir="0" index="0" bw="10" slack="0"/>
<pin id="1870" dir="0" index="1" bw="7" slack="0"/>
<pin id="1871" dir="0" index="2" bw="11" slack="0"/>
<pin id="1872" dir="1" index="3" bw="11" slack="0"/>
</pin_list>
<bind>
<opcode="addmul(1170) " fcode="addmul"/>
<opset="add_ln272/10 m78/10 "/>
</bind>
</comp>

<comp id="1877" class="1007" name="grp_fu_1877">
<pin_list>
<pin id="1878" dir="0" index="0" bw="8" slack="2"/>
<pin id="1879" dir="0" index="1" bw="7" slack="0"/>
<pin id="1880" dir="0" index="2" bw="6" slack="0"/>
<pin id="1881" dir="1" index="3" bw="8" slack="0"/>
</pin_list>
<bind>
<opcode="addmul(1170) " fcode="addmul"/>
<opset="add_ln302/15 mul_ln327/15 "/>
</bind>
</comp>

<comp id="1886" class="1007" name="grp_fu_1886">
<pin_list>
<pin id="1887" dir="0" index="0" bw="7" slack="1"/>
<pin id="1888" dir="0" index="1" bw="6" slack="2"/>
<pin id="1889" dir="0" index="2" bw="7" slack="0"/>
<pin id="1890" dir="1" index="3" bw="7" slack="0"/>
</pin_list>
<bind>
<opcode="addmul(1170) " fcode="addmul"/>
<opset="add_ln338/17 m136/17 "/>
</bind>
</comp>

<comp id="1894" class="1007" name="grp_fu_1894">
<pin_list>
<pin id="1895" dir="0" index="0" bw="5" slack="0"/>
<pin id="1896" dir="0" index="1" bw="5" slack="4"/>
<pin id="1897" dir="0" index="2" bw="5" slack="0"/>
<pin id="1898" dir="1" index="3" bw="5" slack="0"/>
</pin_list>
<bind>
<opcode="addmul(1170) " fcode="addmul"/>
<opset="add_ln344/18 m142/18 "/>
</bind>
</comp>

<comp id="1903" class="1007" name="grp_fu_1903">
<pin_list>
<pin id="1904" dir="0" index="0" bw="7" slack="0"/>
<pin id="1905" dir="0" index="1" bw="7" slack="1"/>
<pin id="1906" dir="0" index="2" bw="7" slack="0"/>
<pin id="1907" dir="1" index="3" bw="7" slack="0"/>
</pin_list>
<bind>
<opcode="addmul(1170) " fcode="addmul"/>
<opset="m149/19 m150/19 "/>
</bind>
</comp>

<comp id="1911" class="1007" name="grp_fu_1911">
<pin_list>
<pin id="1912" dir="0" index="0" bw="7" slack="0"/>
<pin id="1913" dir="0" index="1" bw="6" slack="0"/>
<pin id="1914" dir="0" index="2" bw="7" slack="2147483647"/>
<pin id="1915" dir="1" index="3" bw="7" slack="0"/>
</pin_list>
<bind>
<opcode="addmul(1170) " fcode="addmul"/>
<opset="add_ln367/19 mul_ln367_1/19 "/>
</bind>
</comp>

<comp id="1918" class="1007" name="grp_fu_1918">
<pin_list>
<pin id="1919" dir="0" index="0" bw="6" slack="0"/>
<pin id="1920" dir="0" index="1" bw="4" slack="0"/>
<pin id="1921" dir="0" index="2" bw="6" slack="0"/>
<pin id="1922" dir="1" index="3" bw="6" slack="0"/>
</pin_list>
<bind>
<opcode="muladd(1172) " fcode="muladd"/>
<opset="m154/20 m167/22 "/>
</bind>
</comp>

<comp id="1927" class="1007" name="grp_fu_1927">
<pin_list>
<pin id="1928" dir="0" index="0" bw="7" slack="0"/>
<pin id="1929" dir="0" index="1" bw="7" slack="0"/>
<pin id="1930" dir="0" index="2" bw="7" slack="0"/>
<pin id="1931" dir="1" index="3" bw="7" slack="0"/>
</pin_list>
<bind>
<opcode="muladd(1172) " fcode="muladd"/>
<opset="mul_ln382/22 m180/24 "/>
</bind>
</comp>

<comp id="1936" class="1007" name="grp_fu_1936">
<pin_list>
<pin id="1937" dir="0" index="0" bw="8" slack="1"/>
<pin id="1938" dir="0" index="1" bw="4" slack="2"/>
<pin id="1939" dir="0" index="2" bw="8" slack="2147483647"/>
<pin id="1940" dir="1" index="3" bw="8" slack="0"/>
</pin_list>
<bind>
<opcode="addmul(1170) " fcode="addmul"/>
<opset="add_ln379/23 mul_ln379/23 "/>
</bind>
</comp>

<comp id="1942" class="1005" name="mul_ln229_reg_1942">
<pin_list>
<pin id="1943" dir="0" index="0" bw="6" slack="1"/>
<pin id="1944" dir="1" index="1" bw="6" slack="1"/>
</pin_list>
<bind>
<opset="mul_ln229 "/>
</bind>
</comp>

<comp id="1947" class="1005" name="trunc_ln239_1_reg_1947">
<pin_list>
<pin id="1948" dir="0" index="0" bw="5" slack="2"/>
<pin id="1949" dir="1" index="1" bw="5" slack="2"/>
</pin_list>
<bind>
<opset="trunc_ln239_1 "/>
</bind>
</comp>

<comp id="1952" class="1005" name="m27_reg_1952">
<pin_list>
<pin id="1953" dir="0" index="0" bw="6" slack="1"/>
<pin id="1954" dir="1" index="1" bw="6" slack="1"/>
</pin_list>
<bind>
<opset="m27 "/>
</bind>
</comp>

<comp id="1957" class="1005" name="trunc_ln230_reg_1957">
<pin_list>
<pin id="1958" dir="0" index="0" bw="5" slack="2"/>
<pin id="1959" dir="1" index="1" bw="5" slack="2"/>
</pin_list>
<bind>
<opset="trunc_ln230 "/>
</bind>
</comp>

<comp id="1962" class="1005" name="in19_reg_1962">
<pin_list>
<pin id="1963" dir="0" index="0" bw="5" slack="1"/>
<pin id="1964" dir="1" index="1" bw="5" slack="1"/>
</pin_list>
<bind>
<opset="in19 "/>
</bind>
</comp>

<comp id="1967" class="1005" name="m25_reg_1967">
<pin_list>
<pin id="1968" dir="0" index="0" bw="7" slack="1"/>
<pin id="1969" dir="1" index="1" bw="7" slack="1"/>
</pin_list>
<bind>
<opset="m25 "/>
</bind>
</comp>

<comp id="1972" class="1005" name="trunc_ln237_reg_1972">
<pin_list>
<pin id="1973" dir="0" index="0" bw="12" slack="1"/>
<pin id="1974" dir="1" index="1" bw="12" slack="1"/>
</pin_list>
<bind>
<opset="trunc_ln237 "/>
</bind>
</comp>

<comp id="1978" class="1005" name="trunc_ln238_reg_1978">
<pin_list>
<pin id="1979" dir="0" index="0" bw="12" slack="1"/>
<pin id="1980" dir="1" index="1" bw="12" slack="1"/>
</pin_list>
<bind>
<opset="trunc_ln238 "/>
</bind>
</comp>

<comp id="1983" class="1005" name="trunc_ln239_reg_1983">
<pin_list>
<pin id="1984" dir="0" index="0" bw="5" slack="1"/>
<pin id="1985" dir="1" index="1" bw="5" slack="1"/>
</pin_list>
<bind>
<opset="trunc_ln239 "/>
</bind>
</comp>

<comp id="1988" class="1005" name="m37_reg_1988">
<pin_list>
<pin id="1989" dir="0" index="0" bw="5" slack="3"/>
<pin id="1990" dir="1" index="1" bw="5" slack="3"/>
</pin_list>
<bind>
<opset="m37 "/>
</bind>
</comp>

<comp id="1995" class="1005" name="trunc_ln245_reg_1995">
<pin_list>
<pin id="1996" dir="0" index="0" bw="7" slack="3"/>
<pin id="1997" dir="1" index="1" bw="7" slack="3"/>
</pin_list>
<bind>
<opset="trunc_ln245 "/>
</bind>
</comp>

<comp id="2000" class="1005" name="trunc_ln246_reg_2000">
<pin_list>
<pin id="2001" dir="0" index="0" bw="14" slack="2"/>
<pin id="2002" dir="1" index="1" bw="14" slack="2"/>
</pin_list>
<bind>
<opset="trunc_ln246 "/>
</bind>
</comp>

<comp id="2005" class="1005" name="trunc_ln250_reg_2005">
<pin_list>
<pin id="2006" dir="0" index="0" bw="10" slack="3"/>
<pin id="2007" dir="1" index="1" bw="10" slack="3"/>
</pin_list>
<bind>
<opset="trunc_ln250 "/>
</bind>
</comp>

<comp id="2010" class="1005" name="trunc_ln254_reg_2010">
<pin_list>
<pin id="2011" dir="0" index="0" bw="9" slack="5"/>
<pin id="2012" dir="1" index="1" bw="9" slack="5"/>
</pin_list>
<bind>
<opset="trunc_ln254 "/>
</bind>
</comp>

<comp id="2015" class="1005" name="in24_reg_2015">
<pin_list>
<pin id="2016" dir="0" index="0" bw="7" slack="3"/>
<pin id="2017" dir="1" index="1" bw="7" slack="3"/>
</pin_list>
<bind>
<opset="in24 "/>
</bind>
</comp>

<comp id="2020" class="1005" name="m32_reg_2020">
<pin_list>
<pin id="2021" dir="0" index="0" bw="7" slack="1"/>
<pin id="2022" dir="1" index="1" bw="7" slack="1"/>
</pin_list>
<bind>
<opset="m32 "/>
</bind>
</comp>

<comp id="2027" class="1005" name="m35_reg_2027">
<pin_list>
<pin id="2028" dir="0" index="0" bw="12" slack="1"/>
<pin id="2029" dir="1" index="1" bw="12" slack="1"/>
</pin_list>
<bind>
<opset="m35 "/>
</bind>
</comp>

<comp id="2032" class="1005" name="trunc_ln241_1_reg_2032">
<pin_list>
<pin id="2033" dir="0" index="0" bw="3" slack="1"/>
<pin id="2034" dir="1" index="1" bw="3" slack="1"/>
</pin_list>
<bind>
<opset="trunc_ln241_1 "/>
</bind>
</comp>

<comp id="2037" class="1005" name="m40_reg_2037">
<pin_list>
<pin id="2038" dir="0" index="0" bw="12" slack="2"/>
<pin id="2039" dir="1" index="1" bw="12" slack="2"/>
</pin_list>
<bind>
<opset="m40 "/>
</bind>
</comp>

<comp id="2042" class="1005" name="trunc_ln294_1_reg_2042">
<pin_list>
<pin id="2043" dir="0" index="0" bw="9" slack="6"/>
<pin id="2044" dir="1" index="1" bw="9" slack="6"/>
</pin_list>
<bind>
<opset="trunc_ln294_1 "/>
</bind>
</comp>

<comp id="2047" class="1005" name="trunc_ln253_reg_2047">
<pin_list>
<pin id="2048" dir="0" index="0" bw="9" slack="1"/>
<pin id="2049" dir="1" index="1" bw="9" slack="1"/>
</pin_list>
<bind>
<opset="trunc_ln253 "/>
</bind>
</comp>

<comp id="2053" class="1005" name="m33_reg_2053">
<pin_list>
<pin id="2054" dir="0" index="0" bw="7" slack="1"/>
<pin id="2055" dir="1" index="1" bw="7" slack="1"/>
</pin_list>
<bind>
<opset="m33 "/>
</bind>
</comp>

<comp id="2058" class="1005" name="trunc_ln240_reg_2058">
<pin_list>
<pin id="2059" dir="0" index="0" bw="12" slack="1"/>
<pin id="2060" dir="1" index="1" bw="12" slack="1"/>
</pin_list>
<bind>
<opset="trunc_ln240 "/>
</bind>
</comp>

<comp id="2063" class="1005" name="trunc_ln244_reg_2063">
<pin_list>
<pin id="2064" dir="0" index="0" bw="12" slack="3"/>
<pin id="2065" dir="1" index="1" bw="12" slack="3"/>
</pin_list>
<bind>
<opset="trunc_ln244 "/>
</bind>
</comp>

<comp id="2068" class="1005" name="m44_reg_2068">
<pin_list>
<pin id="2069" dir="0" index="0" bw="14" slack="1"/>
<pin id="2070" dir="1" index="1" bw="14" slack="1"/>
</pin_list>
<bind>
<opset="m44 "/>
</bind>
</comp>

<comp id="2073" class="1005" name="trunc_ln294_reg_2073">
<pin_list>
<pin id="2074" dir="0" index="0" bw="9" slack="5"/>
<pin id="2075" dir="1" index="1" bw="9" slack="5"/>
</pin_list>
<bind>
<opset="trunc_ln294 "/>
</bind>
</comp>

<comp id="2078" class="1005" name="trunc_ln250_1_reg_2078">
<pin_list>
<pin id="2079" dir="0" index="0" bw="10" slack="1"/>
<pin id="2080" dir="1" index="1" bw="10" slack="1"/>
</pin_list>
<bind>
<opset="trunc_ln250_1 "/>
</bind>
</comp>

<comp id="2083" class="1005" name="trunc_ln267_reg_2083">
<pin_list>
<pin id="2084" dir="0" index="0" bw="7" slack="5"/>
<pin id="2085" dir="1" index="1" bw="7" slack="5"/>
</pin_list>
<bind>
<opset="trunc_ln267 "/>
</bind>
</comp>

<comp id="2088" class="1005" name="m47_reg_2088">
<pin_list>
<pin id="2089" dir="0" index="0" bw="11" slack="1"/>
<pin id="2090" dir="1" index="1" bw="11" slack="1"/>
</pin_list>
<bind>
<opset="m47 "/>
</bind>
</comp>

<comp id="2094" class="1005" name="m48_reg_2094">
<pin_list>
<pin id="2095" dir="0" index="0" bw="10" slack="1"/>
<pin id="2096" dir="1" index="1" bw="10" slack="1"/>
</pin_list>
<bind>
<opset="m48 "/>
</bind>
</comp>

<comp id="2100" class="1005" name="trunc_ln257_reg_2100">
<pin_list>
<pin id="2101" dir="0" index="0" bw="9" slack="1"/>
<pin id="2102" dir="1" index="1" bw="9" slack="1"/>
</pin_list>
<bind>
<opset="trunc_ln257 "/>
</bind>
</comp>

<comp id="2106" class="1005" name="trunc_ln258_reg_2106">
<pin_list>
<pin id="2107" dir="0" index="0" bw="6" slack="2"/>
<pin id="2108" dir="1" index="1" bw="6" slack="2"/>
</pin_list>
<bind>
<opset="trunc_ln258 "/>
</bind>
</comp>

<comp id="2111" class="1005" name="m61_reg_2111">
<pin_list>
<pin id="2112" dir="0" index="0" bw="14" slack="1"/>
<pin id="2113" dir="1" index="1" bw="14" slack="1"/>
</pin_list>
<bind>
<opset="m61 "/>
</bind>
</comp>

<comp id="2116" class="1005" name="trunc_ln266_reg_2116">
<pin_list>
<pin id="2117" dir="0" index="0" bw="5" slack="3"/>
<pin id="2118" dir="1" index="1" bw="5" slack="3"/>
</pin_list>
<bind>
<opset="trunc_ln266 "/>
</bind>
</comp>

<comp id="2121" class="1005" name="trunc_ln279_reg_2121">
<pin_list>
<pin id="2122" dir="0" index="0" bw="12" slack="4"/>
<pin id="2123" dir="1" index="1" bw="12" slack="4"/>
</pin_list>
<bind>
<opset="trunc_ln279 "/>
</bind>
</comp>

<comp id="2126" class="1005" name="m34_reg_2126">
<pin_list>
<pin id="2127" dir="0" index="0" bw="12" slack="1"/>
<pin id="2128" dir="1" index="1" bw="12" slack="1"/>
</pin_list>
<bind>
<opset="m34 "/>
</bind>
</comp>

<comp id="2131" class="1005" name="trunc_ln248_reg_2131">
<pin_list>
<pin id="2132" dir="0" index="0" bw="10" slack="1"/>
<pin id="2133" dir="1" index="1" bw="10" slack="1"/>
</pin_list>
<bind>
<opset="trunc_ln248 "/>
</bind>
</comp>

<comp id="2136" class="1005" name="m50_reg_2136">
<pin_list>
<pin id="2137" dir="0" index="0" bw="7" slack="4"/>
<pin id="2138" dir="1" index="1" bw="7" slack="4"/>
</pin_list>
<bind>
<opset="m50 "/>
</bind>
</comp>

<comp id="2141" class="1005" name="m55_reg_2141">
<pin_list>
<pin id="2142" dir="0" index="0" bw="9" slack="1"/>
<pin id="2143" dir="1" index="1" bw="9" slack="1"/>
</pin_list>
<bind>
<opset="m55 "/>
</bind>
</comp>

<comp id="2147" class="1005" name="trunc_ln277_reg_2147">
<pin_list>
<pin id="2148" dir="0" index="0" bw="8" slack="1"/>
<pin id="2149" dir="1" index="1" bw="8" slack="1"/>
</pin_list>
<bind>
<opset="trunc_ln277 "/>
</bind>
</comp>

<comp id="2152" class="1005" name="trunc_ln277_1_reg_2152">
<pin_list>
<pin id="2153" dir="0" index="0" bw="8" slack="1"/>
<pin id="2154" dir="1" index="1" bw="8" slack="1"/>
</pin_list>
<bind>
<opset="trunc_ln277_1 "/>
</bind>
</comp>

<comp id="2157" class="1005" name="m42_reg_2157">
<pin_list>
<pin id="2158" dir="0" index="0" bw="12" slack="1"/>
<pin id="2159" dir="1" index="1" bw="12" slack="1"/>
</pin_list>
<bind>
<opset="m42 "/>
</bind>
</comp>

<comp id="2162" class="1005" name="m46_reg_2162">
<pin_list>
<pin id="2163" dir="0" index="0" bw="10" slack="1"/>
<pin id="2164" dir="1" index="1" bw="10" slack="1"/>
</pin_list>
<bind>
<opset="m46 "/>
</bind>
</comp>

<comp id="2167" class="1005" name="trunc_ln256_reg_2167">
<pin_list>
<pin id="2168" dir="0" index="0" bw="6" slack="1"/>
<pin id="2169" dir="1" index="1" bw="6" slack="1"/>
</pin_list>
<bind>
<opset="trunc_ln256 "/>
</bind>
</comp>

<comp id="2172" class="1005" name="sext_ln256_reg_2172">
<pin_list>
<pin id="2173" dir="0" index="0" bw="6" slack="1"/>
<pin id="2174" dir="1" index="1" bw="6" slack="1"/>
</pin_list>
<bind>
<opset="sext_ln256 "/>
</bind>
</comp>

<comp id="2177" class="1005" name="m56_reg_2177">
<pin_list>
<pin id="2178" dir="0" index="0" bw="6" slack="1"/>
<pin id="2179" dir="1" index="1" bw="6" slack="1"/>
</pin_list>
<bind>
<opset="m56 "/>
</bind>
</comp>

<comp id="2182" class="1005" name="m57_reg_2182">
<pin_list>
<pin id="2183" dir="0" index="0" bw="12" slack="1"/>
<pin id="2184" dir="1" index="1" bw="12" slack="1"/>
</pin_list>
<bind>
<opset="m57 "/>
</bind>
</comp>

<comp id="2187" class="1005" name="m58_reg_2187">
<pin_list>
<pin id="2188" dir="0" index="0" bw="9" slack="3"/>
<pin id="2189" dir="1" index="1" bw="9" slack="3"/>
</pin_list>
<bind>
<opset="m58 "/>
</bind>
</comp>

<comp id="2192" class="1005" name="m60_reg_2192">
<pin_list>
<pin id="2193" dir="0" index="0" bw="6" slack="1"/>
<pin id="2194" dir="1" index="1" bw="6" slack="1"/>
</pin_list>
<bind>
<opset="m60 "/>
</bind>
</comp>

<comp id="2197" class="1005" name="trunc_ln266_1_reg_2197">
<pin_list>
<pin id="2198" dir="0" index="0" bw="5" slack="1"/>
<pin id="2199" dir="1" index="1" bw="5" slack="1"/>
</pin_list>
<bind>
<opset="trunc_ln266_1 "/>
</bind>
</comp>

<comp id="2202" class="1005" name="m66_reg_2202">
<pin_list>
<pin id="2203" dir="0" index="0" bw="8" slack="2"/>
<pin id="2204" dir="1" index="1" bw="8" slack="2"/>
</pin_list>
<bind>
<opset="m66 "/>
</bind>
</comp>

<comp id="2207" class="1005" name="trunc_ln270_reg_2207">
<pin_list>
<pin id="2208" dir="0" index="0" bw="7" slack="1"/>
<pin id="2209" dir="1" index="1" bw="7" slack="1"/>
</pin_list>
<bind>
<opset="trunc_ln270 "/>
</bind>
</comp>

<comp id="2214" class="1005" name="mul_ln271_reg_2214">
<pin_list>
<pin id="2215" dir="0" index="0" bw="10" slack="1"/>
<pin id="2216" dir="1" index="1" bw="10" slack="1"/>
</pin_list>
<bind>
<opset="mul_ln271 "/>
</bind>
</comp>

<comp id="2219" class="1005" name="trunc_ln276_reg_2219">
<pin_list>
<pin id="2220" dir="0" index="0" bw="10" slack="3"/>
<pin id="2221" dir="1" index="1" bw="10" slack="3"/>
</pin_list>
<bind>
<opset="trunc_ln276 "/>
</bind>
</comp>

<comp id="2224" class="1005" name="m63_reg_2224">
<pin_list>
<pin id="2225" dir="0" index="0" bw="12" slack="4"/>
<pin id="2226" dir="1" index="1" bw="12" slack="4"/>
</pin_list>
<bind>
<opset="m63 "/>
</bind>
</comp>

<comp id="2229" class="1005" name="trunc_ln267_1_reg_2229">
<pin_list>
<pin id="2230" dir="0" index="0" bw="7" slack="1"/>
<pin id="2231" dir="1" index="1" bw="7" slack="1"/>
</pin_list>
<bind>
<opset="trunc_ln267_1 "/>
</bind>
</comp>

<comp id="2234" class="1005" name="m68_reg_2234">
<pin_list>
<pin id="2235" dir="0" index="0" bw="7" slack="1"/>
<pin id="2236" dir="1" index="1" bw="7" slack="1"/>
</pin_list>
<bind>
<opset="m68 "/>
</bind>
</comp>

<comp id="2242" class="1005" name="m69_reg_2242">
<pin_list>
<pin id="2243" dir="0" index="0" bw="10" slack="1"/>
<pin id="2244" dir="1" index="1" bw="10" slack="1"/>
</pin_list>
<bind>
<opset="m69 "/>
</bind>
</comp>

<comp id="2247" class="1005" name="trunc_ln273_reg_2247">
<pin_list>
<pin id="2248" dir="0" index="0" bw="11" slack="1"/>
<pin id="2249" dir="1" index="1" bw="11" slack="1"/>
</pin_list>
<bind>
<opset="trunc_ln273 "/>
</bind>
</comp>

<comp id="2252" class="1005" name="trunc_ln277_2_reg_2252">
<pin_list>
<pin id="2253" dir="0" index="0" bw="8" slack="1"/>
<pin id="2254" dir="1" index="1" bw="8" slack="1"/>
</pin_list>
<bind>
<opset="trunc_ln277_2 "/>
</bind>
</comp>

<comp id="2257" class="1005" name="trunc_ln278_reg_2257">
<pin_list>
<pin id="2258" dir="0" index="0" bw="7" slack="3"/>
<pin id="2259" dir="1" index="1" bw="7" slack="3"/>
</pin_list>
<bind>
<opset="trunc_ln278 "/>
</bind>
</comp>

<comp id="2264" class="1005" name="trunc_ln290_reg_2264">
<pin_list>
<pin id="2265" dir="0" index="0" bw="8" slack="1"/>
<pin id="2266" dir="1" index="1" bw="8" slack="1"/>
</pin_list>
<bind>
<opset="trunc_ln290 "/>
</bind>
</comp>

<comp id="2269" class="1005" name="trunc_ln291_1_reg_2269">
<pin_list>
<pin id="2270" dir="0" index="0" bw="5" slack="3"/>
<pin id="2271" dir="1" index="1" bw="5" slack="3"/>
</pin_list>
<bind>
<opset="trunc_ln291_1 "/>
</bind>
</comp>

<comp id="2274" class="1005" name="m65_reg_2274">
<pin_list>
<pin id="2275" dir="0" index="0" bw="7" slack="1"/>
<pin id="2276" dir="1" index="1" bw="7" slack="1"/>
</pin_list>
<bind>
<opset="m65 "/>
</bind>
</comp>

<comp id="2279" class="1005" name="m71_reg_2279">
<pin_list>
<pin id="2280" dir="0" index="0" bw="11" slack="1"/>
<pin id="2281" dir="1" index="1" bw="11" slack="1"/>
</pin_list>
<bind>
<opset="m71 "/>
</bind>
</comp>

<comp id="2284" class="1005" name="mul_ln294_reg_2284">
<pin_list>
<pin id="2285" dir="0" index="0" bw="9" slack="1"/>
<pin id="2286" dir="1" index="1" bw="9" slack="1"/>
</pin_list>
<bind>
<opset="mul_ln294 "/>
</bind>
</comp>

<comp id="2289" class="1005" name="m75_reg_2289">
<pin_list>
<pin id="2290" dir="0" index="0" bw="8" slack="1"/>
<pin id="2291" dir="1" index="1" bw="8" slack="1"/>
</pin_list>
<bind>
<opset="m75 "/>
</bind>
</comp>

<comp id="2294" class="1005" name="trunc_ln281_reg_2294">
<pin_list>
<pin id="2295" dir="0" index="0" bw="5" slack="2"/>
<pin id="2296" dir="1" index="1" bw="5" slack="2"/>
</pin_list>
<bind>
<opset="trunc_ln281 "/>
</bind>
</comp>

<comp id="2300" class="1005" name="trunc_ln282_reg_2300">
<pin_list>
<pin id="2301" dir="0" index="0" bw="7" slack="1"/>
<pin id="2302" dir="1" index="1" bw="7" slack="1"/>
</pin_list>
<bind>
<opset="trunc_ln282 "/>
</bind>
</comp>

<comp id="2305" class="1005" name="mul_ln290_reg_2305">
<pin_list>
<pin id="2306" dir="0" index="0" bw="8" slack="1"/>
<pin id="2307" dir="1" index="1" bw="8" slack="1"/>
</pin_list>
<bind>
<opset="mul_ln290 "/>
</bind>
</comp>

<comp id="2310" class="1005" name="trunc_ln286_1_reg_2310">
<pin_list>
<pin id="2311" dir="0" index="0" bw="6" slack="2"/>
<pin id="2312" dir="1" index="1" bw="6" slack="2"/>
</pin_list>
<bind>
<opset="trunc_ln286_1 "/>
</bind>
</comp>

<comp id="2315" class="1005" name="trunc_ln290_1_reg_2315">
<pin_list>
<pin id="2316" dir="0" index="0" bw="8" slack="1"/>
<pin id="2317" dir="1" index="1" bw="8" slack="1"/>
</pin_list>
<bind>
<opset="trunc_ln290_1 "/>
</bind>
</comp>

<comp id="2320" class="1005" name="trunc_ln297_reg_2320">
<pin_list>
<pin id="2321" dir="0" index="0" bw="6" slack="4"/>
<pin id="2322" dir="1" index="1" bw="6" slack="4"/>
</pin_list>
<bind>
<opset="trunc_ln297 "/>
</bind>
</comp>

<comp id="2325" class="1005" name="trunc_ln299_reg_2325">
<pin_list>
<pin id="2326" dir="0" index="0" bw="4" slack="5"/>
<pin id="2327" dir="1" index="1" bw="4" slack="5"/>
</pin_list>
<bind>
<opset="trunc_ln299 "/>
</bind>
</comp>

<comp id="2330" class="1005" name="m74_reg_2330">
<pin_list>
<pin id="2331" dir="0" index="0" bw="10" slack="3"/>
<pin id="2332" dir="1" index="1" bw="10" slack="3"/>
</pin_list>
<bind>
<opset="m74 "/>
</bind>
</comp>

<comp id="2335" class="1005" name="trunc_ln278_1_reg_2335">
<pin_list>
<pin id="2336" dir="0" index="0" bw="7" slack="1"/>
<pin id="2337" dir="1" index="1" bw="7" slack="1"/>
</pin_list>
<bind>
<opset="trunc_ln278_1 "/>
</bind>
</comp>

<comp id="2341" class="1005" name="m81_reg_2341">
<pin_list>
<pin id="2342" dir="0" index="0" bw="10" slack="1"/>
<pin id="2343" dir="1" index="1" bw="10" slack="1"/>
</pin_list>
<bind>
<opset="m81 "/>
</bind>
</comp>

<comp id="2346" class="1005" name="mul_ln300_reg_2346">
<pin_list>
<pin id="2347" dir="0" index="0" bw="8" slack="3"/>
<pin id="2348" dir="1" index="1" bw="8" slack="3"/>
</pin_list>
<bind>
<opset="mul_ln300 "/>
</bind>
</comp>

<comp id="2351" class="1005" name="trunc_ln286_reg_2351">
<pin_list>
<pin id="2352" dir="0" index="0" bw="6" slack="1"/>
<pin id="2353" dir="1" index="1" bw="6" slack="1"/>
</pin_list>
<bind>
<opset="trunc_ln286 "/>
</bind>
</comp>

<comp id="2357" class="1005" name="m88_reg_2357">
<pin_list>
<pin id="2358" dir="0" index="0" bw="8" slack="2"/>
<pin id="2359" dir="1" index="1" bw="8" slack="2"/>
</pin_list>
<bind>
<opset="m88 "/>
</bind>
</comp>

<comp id="2362" class="1005" name="trunc_ln291_reg_2362">
<pin_list>
<pin id="2363" dir="0" index="0" bw="5" slack="1"/>
<pin id="2364" dir="1" index="1" bw="5" slack="1"/>
</pin_list>
<bind>
<opset="trunc_ln291 "/>
</bind>
</comp>

<comp id="2367" class="1005" name="trunc_ln292_reg_2367">
<pin_list>
<pin id="2368" dir="0" index="0" bw="7" slack="1"/>
<pin id="2369" dir="1" index="1" bw="7" slack="1"/>
</pin_list>
<bind>
<opset="trunc_ln292 "/>
</bind>
</comp>

<comp id="2372" class="1005" name="trunc_ln329_reg_2372">
<pin_list>
<pin id="2373" dir="0" index="0" bw="6" slack="7"/>
<pin id="2374" dir="1" index="1" bw="6" slack="7"/>
</pin_list>
<bind>
<opset="trunc_ln329 "/>
</bind>
</comp>

<comp id="2377" class="1005" name="m84_reg_2377">
<pin_list>
<pin id="2378" dir="0" index="0" bw="6" slack="1"/>
<pin id="2379" dir="1" index="1" bw="6" slack="1"/>
</pin_list>
<bind>
<opset="m84 "/>
</bind>
</comp>

<comp id="2384" class="1005" name="m86_reg_2384">
<pin_list>
<pin id="2385" dir="0" index="0" bw="7" slack="2"/>
<pin id="2386" dir="1" index="1" bw="7" slack="2"/>
</pin_list>
<bind>
<opset="m86 "/>
</bind>
</comp>

<comp id="2389" class="1005" name="m87_reg_2389">
<pin_list>
<pin id="2390" dir="0" index="0" bw="7" slack="3"/>
<pin id="2391" dir="1" index="1" bw="7" slack="3"/>
</pin_list>
<bind>
<opset="m87 "/>
</bind>
</comp>

<comp id="2394" class="1005" name="m90_reg_2394">
<pin_list>
<pin id="2395" dir="0" index="0" bw="7" slack="3"/>
<pin id="2396" dir="1" index="1" bw="7" slack="3"/>
</pin_list>
<bind>
<opset="m90 "/>
</bind>
</comp>

<comp id="2400" class="1005" name="sext_ln294_1_reg_2400">
<pin_list>
<pin id="2401" dir="0" index="0" bw="9" slack="1"/>
<pin id="2402" dir="1" index="1" bw="9" slack="1"/>
</pin_list>
<bind>
<opset="sext_ln294_1 "/>
</bind>
</comp>

<comp id="2405" class="1005" name="m78_reg_2405">
<pin_list>
<pin id="2406" dir="0" index="0" bw="11" slack="1"/>
<pin id="2407" dir="1" index="1" bw="11" slack="1"/>
</pin_list>
<bind>
<opset="m78 "/>
</bind>
</comp>

<comp id="2411" class="1005" name="m85_reg_2411">
<pin_list>
<pin id="2412" dir="0" index="0" bw="12" slack="1"/>
<pin id="2413" dir="1" index="1" bw="12" slack="1"/>
</pin_list>
<bind>
<opset="m85 "/>
</bind>
</comp>

<comp id="2416" class="1005" name="sext_ln320_reg_2416">
<pin_list>
<pin id="2417" dir="0" index="0" bw="9" slack="3"/>
<pin id="2418" dir="1" index="1" bw="9" slack="3"/>
</pin_list>
<bind>
<opset="sext_ln320 "/>
</bind>
</comp>

<comp id="2422" class="1005" name="m91_reg_2422">
<pin_list>
<pin id="2423" dir="0" index="0" bw="9" slack="1"/>
<pin id="2424" dir="1" index="1" bw="9" slack="1"/>
</pin_list>
<bind>
<opset="m91 "/>
</bind>
</comp>

<comp id="2427" class="1005" name="trunc_ln297_1_reg_2427">
<pin_list>
<pin id="2428" dir="0" index="0" bw="6" slack="1"/>
<pin id="2429" dir="1" index="1" bw="6" slack="1"/>
</pin_list>
<bind>
<opset="trunc_ln297_1 "/>
</bind>
</comp>

<comp id="2433" class="1005" name="m99_reg_2433">
<pin_list>
<pin id="2434" dir="0" index="0" bw="6" slack="3"/>
<pin id="2435" dir="1" index="1" bw="6" slack="3"/>
</pin_list>
<bind>
<opset="m99 "/>
</bind>
</comp>

<comp id="2439" class="1005" name="trunc_ln302_reg_2439">
<pin_list>
<pin id="2440" dir="0" index="0" bw="8" slack="2"/>
<pin id="2441" dir="1" index="1" bw="8" slack="2"/>
</pin_list>
<bind>
<opset="trunc_ln302 "/>
</bind>
</comp>

<comp id="2444" class="1005" name="trunc_ln305_reg_2444">
<pin_list>
<pin id="2445" dir="0" index="0" bw="7" slack="4"/>
<pin id="2446" dir="1" index="1" bw="7" slack="4"/>
</pin_list>
<bind>
<opset="trunc_ln305 "/>
</bind>
</comp>

<comp id="2449" class="1005" name="m105_reg_2449">
<pin_list>
<pin id="2450" dir="0" index="0" bw="9" slack="3"/>
<pin id="2451" dir="1" index="1" bw="9" slack="3"/>
</pin_list>
<bind>
<opset="m105 "/>
</bind>
</comp>

<comp id="2455" class="1005" name="trunc_ln316_reg_2455">
<pin_list>
<pin id="2456" dir="0" index="0" bw="6" slack="2"/>
<pin id="2457" dir="1" index="1" bw="6" slack="2"/>
</pin_list>
<bind>
<opset="trunc_ln316 "/>
</bind>
</comp>

<comp id="2460" class="1005" name="m95_reg_2460">
<pin_list>
<pin id="2461" dir="0" index="0" bw="6" slack="1"/>
<pin id="2462" dir="1" index="1" bw="6" slack="1"/>
</pin_list>
<bind>
<opset="m95 "/>
</bind>
</comp>

<comp id="2465" class="1005" name="m96_reg_2465">
<pin_list>
<pin id="2466" dir="0" index="0" bw="11" slack="2"/>
<pin id="2467" dir="1" index="1" bw="11" slack="2"/>
</pin_list>
<bind>
<opset="m96 "/>
</bind>
</comp>

<comp id="2470" class="1005" name="trunc_ln299_1_reg_2470">
<pin_list>
<pin id="2471" dir="0" index="0" bw="4" slack="1"/>
<pin id="2472" dir="1" index="1" bw="4" slack="1"/>
</pin_list>
<bind>
<opset="trunc_ln299_1 "/>
</bind>
</comp>

<comp id="2476" class="1005" name="sext_ln306_reg_2476">
<pin_list>
<pin id="2477" dir="0" index="0" bw="9" slack="2"/>
<pin id="2478" dir="1" index="1" bw="9" slack="2"/>
</pin_list>
<bind>
<opset="sext_ln306 "/>
</bind>
</comp>

<comp id="2481" class="1005" name="mul_ln306_reg_2481">
<pin_list>
<pin id="2482" dir="0" index="0" bw="9" slack="1"/>
<pin id="2483" dir="1" index="1" bw="9" slack="1"/>
</pin_list>
<bind>
<opset="mul_ln306 "/>
</bind>
</comp>

<comp id="2486" class="1005" name="trunc_ln306_reg_2486">
<pin_list>
<pin id="2487" dir="0" index="0" bw="9" slack="1"/>
<pin id="2488" dir="1" index="1" bw="9" slack="1"/>
</pin_list>
<bind>
<opset="trunc_ln306 "/>
</bind>
</comp>

<comp id="2491" class="1005" name="trunc_ln316_1_reg_2491">
<pin_list>
<pin id="2492" dir="0" index="0" bw="6" slack="1"/>
<pin id="2493" dir="1" index="1" bw="6" slack="1"/>
</pin_list>
<bind>
<opset="trunc_ln316_1 "/>
</bind>
</comp>

<comp id="2496" class="1005" name="trunc_ln323_reg_2496">
<pin_list>
<pin id="2497" dir="0" index="0" bw="8" slack="4"/>
<pin id="2498" dir="1" index="1" bw="8" slack="4"/>
</pin_list>
<bind>
<opset="trunc_ln323 "/>
</bind>
</comp>

<comp id="2501" class="1005" name="trunc_ln332_reg_2501">
<pin_list>
<pin id="2502" dir="0" index="0" bw="5" slack="4"/>
<pin id="2503" dir="1" index="1" bw="5" slack="4"/>
</pin_list>
<bind>
<opset="trunc_ln332 "/>
</bind>
</comp>

<comp id="2506" class="1005" name="trunc_ln338_1_reg_2506">
<pin_list>
<pin id="2507" dir="0" index="0" bw="7" slack="3"/>
<pin id="2508" dir="1" index="1" bw="7" slack="3"/>
</pin_list>
<bind>
<opset="trunc_ln338_1 "/>
</bind>
</comp>

<comp id="2511" class="1005" name="sext_ln302_reg_2511">
<pin_list>
<pin id="2512" dir="0" index="0" bw="8" slack="1"/>
<pin id="2513" dir="1" index="1" bw="8" slack="1"/>
</pin_list>
<bind>
<opset="sext_ln302 "/>
</bind>
</comp>

<comp id="2516" class="1005" name="sext_ln314_reg_2516">
<pin_list>
<pin id="2517" dir="0" index="0" bw="7" slack="2"/>
<pin id="2518" dir="1" index="1" bw="7" slack="2"/>
</pin_list>
<bind>
<opset="sext_ln314 "/>
</bind>
</comp>

<comp id="2521" class="1005" name="mul_ln314_reg_2521">
<pin_list>
<pin id="2522" dir="0" index="0" bw="7" slack="1"/>
<pin id="2523" dir="1" index="1" bw="7" slack="1"/>
</pin_list>
<bind>
<opset="mul_ln314 "/>
</bind>
</comp>

<comp id="2526" class="1005" name="m104_reg_2526">
<pin_list>
<pin id="2527" dir="0" index="0" bw="9" slack="1"/>
<pin id="2528" dir="1" index="1" bw="9" slack="1"/>
</pin_list>
<bind>
<opset="m104 "/>
</bind>
</comp>

<comp id="2531" class="1005" name="trunc_ln312_reg_2531">
<pin_list>
<pin id="2532" dir="0" index="0" bw="5" slack="3"/>
<pin id="2533" dir="1" index="1" bw="5" slack="3"/>
</pin_list>
<bind>
<opset="trunc_ln312 "/>
</bind>
</comp>

<comp id="2536" class="1005" name="m114_reg_2536">
<pin_list>
<pin id="2537" dir="0" index="0" bw="6" slack="2"/>
<pin id="2538" dir="1" index="1" bw="6" slack="2"/>
</pin_list>
<bind>
<opset="m114 "/>
</bind>
</comp>

<comp id="2543" class="1005" name="sext_ln327_reg_2543">
<pin_list>
<pin id="2544" dir="0" index="0" bw="8" slack="1"/>
<pin id="2545" dir="1" index="1" bw="8" slack="1"/>
</pin_list>
<bind>
<opset="sext_ln327 "/>
</bind>
</comp>

<comp id="2548" class="1005" name="m117_reg_2548">
<pin_list>
<pin id="2549" dir="0" index="0" bw="4" slack="2"/>
<pin id="2550" dir="1" index="1" bw="4" slack="2"/>
</pin_list>
<bind>
<opset="m117 "/>
</bind>
</comp>

<comp id="2553" class="1005" name="trunc_ln355_reg_2553">
<pin_list>
<pin id="2554" dir="0" index="0" bw="4" slack="3"/>
<pin id="2555" dir="1" index="1" bw="4" slack="3"/>
</pin_list>
<bind>
<opset="trunc_ln355 "/>
</bind>
</comp>

<comp id="2558" class="1005" name="trunc_ln355_1_reg_2558">
<pin_list>
<pin id="2559" dir="0" index="0" bw="4" slack="1"/>
<pin id="2560" dir="1" index="1" bw="4" slack="1"/>
</pin_list>
<bind>
<opset="trunc_ln355_1 "/>
</bind>
</comp>

<comp id="2563" class="1005" name="trunc_ln320_reg_2563">
<pin_list>
<pin id="2564" dir="0" index="0" bw="9" slack="1"/>
<pin id="2565" dir="1" index="1" bw="9" slack="1"/>
</pin_list>
<bind>
<opset="trunc_ln320 "/>
</bind>
</comp>

<comp id="2568" class="1005" name="mul_ln330_reg_2568">
<pin_list>
<pin id="2569" dir="0" index="0" bw="10" slack="1"/>
<pin id="2570" dir="1" index="1" bw="10" slack="1"/>
</pin_list>
<bind>
<opset="mul_ln330 "/>
</bind>
</comp>

<comp id="2573" class="1005" name="m112_reg_2573">
<pin_list>
<pin id="2574" dir="0" index="0" bw="7" slack="4"/>
<pin id="2575" dir="1" index="1" bw="7" slack="4"/>
</pin_list>
<bind>
<opset="m112 "/>
</bind>
</comp>

<comp id="2578" class="1005" name="add_ln315_reg_2578">
<pin_list>
<pin id="2579" dir="0" index="0" bw="8" slack="1"/>
<pin id="2580" dir="1" index="1" bw="8" slack="1"/>
</pin_list>
<bind>
<opset="add_ln315 "/>
</bind>
</comp>

<comp id="2583" class="1005" name="m116_reg_2583">
<pin_list>
<pin id="2584" dir="0" index="0" bw="11" slack="2"/>
<pin id="2585" dir="1" index="1" bw="11" slack="2"/>
</pin_list>
<bind>
<opset="m116 "/>
</bind>
</comp>

<comp id="2589" class="1005" name="trunc_ln332_1_reg_2589">
<pin_list>
<pin id="2590" dir="0" index="0" bw="7" slack="3"/>
<pin id="2591" dir="1" index="1" bw="7" slack="3"/>
</pin_list>
<bind>
<opset="trunc_ln332_1 "/>
</bind>
</comp>

<comp id="2594" class="1005" name="trunc_ln328_reg_2594">
<pin_list>
<pin id="2595" dir="0" index="0" bw="6" slack="1"/>
<pin id="2596" dir="1" index="1" bw="6" slack="1"/>
</pin_list>
<bind>
<opset="trunc_ln328 "/>
</bind>
</comp>

<comp id="2599" class="1005" name="trunc_ln338_reg_2599">
<pin_list>
<pin id="2600" dir="0" index="0" bw="7" slack="1"/>
<pin id="2601" dir="1" index="1" bw="7" slack="1"/>
</pin_list>
<bind>
<opset="trunc_ln338 "/>
</bind>
</comp>

<comp id="2604" class="1005" name="mul_ln355_reg_2604">
<pin_list>
<pin id="2605" dir="0" index="0" bw="4" slack="2"/>
<pin id="2606" dir="1" index="1" bw="4" slack="2"/>
</pin_list>
<bind>
<opset="mul_ln355 "/>
</bind>
</comp>

<comp id="2609" class="1005" name="mul_ln320_reg_2609">
<pin_list>
<pin id="2610" dir="0" index="0" bw="9" slack="1"/>
<pin id="2611" dir="1" index="1" bw="9" slack="1"/>
</pin_list>
<bind>
<opset="mul_ln320 "/>
</bind>
</comp>

<comp id="2614" class="1005" name="trunc_ln312_1_reg_2614">
<pin_list>
<pin id="2615" dir="0" index="0" bw="5" slack="1"/>
<pin id="2616" dir="1" index="1" bw="5" slack="1"/>
</pin_list>
<bind>
<opset="trunc_ln312_1 "/>
</bind>
</comp>

<comp id="2619" class="1005" name="m126_reg_2619">
<pin_list>
<pin id="2620" dir="0" index="0" bw="6" slack="1"/>
<pin id="2621" dir="1" index="1" bw="6" slack="1"/>
</pin_list>
<bind>
<opset="m126 "/>
</bind>
</comp>

<comp id="2624" class="1005" name="trunc_ln329_1_reg_2624">
<pin_list>
<pin id="2625" dir="0" index="0" bw="6" slack="1"/>
<pin id="2626" dir="1" index="1" bw="6" slack="1"/>
</pin_list>
<bind>
<opset="trunc_ln329_1 "/>
</bind>
</comp>

<comp id="2629" class="1005" name="m128_reg_2629">
<pin_list>
<pin id="2630" dir="0" index="0" bw="10" slack="1"/>
<pin id="2631" dir="1" index="1" bw="10" slack="1"/>
</pin_list>
<bind>
<opset="m128 "/>
</bind>
</comp>

<comp id="2634" class="1005" name="m131_reg_2634">
<pin_list>
<pin id="2635" dir="0" index="0" bw="8" slack="2"/>
<pin id="2636" dir="1" index="1" bw="8" slack="2"/>
</pin_list>
<bind>
<opset="m131 "/>
</bind>
</comp>

<comp id="2639" class="1005" name="trunc_ln337_2_reg_2639">
<pin_list>
<pin id="2640" dir="0" index="0" bw="8" slack="2"/>
<pin id="2641" dir="1" index="1" bw="8" slack="2"/>
</pin_list>
<bind>
<opset="trunc_ln337_2 "/>
</bind>
</comp>

<comp id="2645" class="1005" name="mul_ln338_reg_2645">
<pin_list>
<pin id="2646" dir="0" index="0" bw="7" slack="1"/>
<pin id="2647" dir="1" index="1" bw="7" slack="1"/>
</pin_list>
<bind>
<opset="mul_ln338 "/>
</bind>
</comp>

<comp id="2650" class="1005" name="trunc_ln355_3_reg_2650">
<pin_list>
<pin id="2651" dir="0" index="0" bw="4" slack="1"/>
<pin id="2652" dir="1" index="1" bw="4" slack="1"/>
</pin_list>
<bind>
<opset="trunc_ln355_3 "/>
</bind>
</comp>

<comp id="2655" class="1005" name="m123_reg_2655">
<pin_list>
<pin id="2656" dir="0" index="0" bw="7" slack="1"/>
<pin id="2657" dir="1" index="1" bw="7" slack="1"/>
</pin_list>
<bind>
<opset="m123 "/>
</bind>
</comp>

<comp id="2662" class="1005" name="m125_reg_2662">
<pin_list>
<pin id="2663" dir="0" index="0" bw="8" slack="1"/>
<pin id="2664" dir="1" index="1" bw="8" slack="1"/>
</pin_list>
<bind>
<opset="m125 "/>
</bind>
</comp>

<comp id="2667" class="1005" name="mul_ln329_reg_2667">
<pin_list>
<pin id="2668" dir="0" index="0" bw="6" slack="1"/>
<pin id="2669" dir="1" index="1" bw="6" slack="1"/>
</pin_list>
<bind>
<opset="mul_ln329 "/>
</bind>
</comp>

<comp id="2672" class="1005" name="m132_reg_2672">
<pin_list>
<pin id="2673" dir="0" index="0" bw="13" slack="1"/>
<pin id="2674" dir="1" index="1" bw="13" slack="1"/>
</pin_list>
<bind>
<opset="m132 "/>
</bind>
</comp>

<comp id="2677" class="1005" name="m133_reg_2677">
<pin_list>
<pin id="2678" dir="0" index="0" bw="10" slack="3"/>
<pin id="2679" dir="1" index="1" bw="10" slack="3"/>
</pin_list>
<bind>
<opset="m133 "/>
</bind>
</comp>

<comp id="2682" class="1005" name="trunc_ln337_reg_2682">
<pin_list>
<pin id="2683" dir="0" index="0" bw="8" slack="1"/>
<pin id="2684" dir="1" index="1" bw="8" slack="1"/>
</pin_list>
<bind>
<opset="trunc_ln337 "/>
</bind>
</comp>

<comp id="2687" class="1005" name="trunc_ln337_1_reg_2687">
<pin_list>
<pin id="2688" dir="0" index="0" bw="7" slack="1"/>
<pin id="2689" dir="1" index="1" bw="7" slack="1"/>
</pin_list>
<bind>
<opset="trunc_ln337_1 "/>
</bind>
</comp>

<comp id="2693" class="1005" name="trunc_ln345_reg_2693">
<pin_list>
<pin id="2694" dir="0" index="0" bw="4" slack="1"/>
<pin id="2695" dir="1" index="1" bw="4" slack="1"/>
</pin_list>
<bind>
<opset="trunc_ln345 "/>
</bind>
</comp>

<comp id="2698" class="1005" name="trunc_ln345_1_reg_2698">
<pin_list>
<pin id="2699" dir="0" index="0" bw="4" slack="1"/>
<pin id="2700" dir="1" index="1" bw="4" slack="1"/>
</pin_list>
<bind>
<opset="trunc_ln345_1 "/>
</bind>
</comp>

<comp id="2704" class="1005" name="trunc_ln344_reg_2704">
<pin_list>
<pin id="2705" dir="0" index="0" bw="5" slack="1"/>
<pin id="2706" dir="1" index="1" bw="5" slack="1"/>
</pin_list>
<bind>
<opset="trunc_ln344 "/>
</bind>
</comp>

<comp id="2709" class="1005" name="trunc_ln360_reg_2709">
<pin_list>
<pin id="2710" dir="0" index="0" bw="12" slack="2"/>
<pin id="2711" dir="1" index="1" bw="12" slack="2"/>
</pin_list>
<bind>
<opset="trunc_ln360 "/>
</bind>
</comp>

<comp id="2714" class="1005" name="m153_reg_2714">
<pin_list>
<pin id="2715" dir="0" index="0" bw="4" slack="3"/>
<pin id="2716" dir="1" index="1" bw="4" slack="3"/>
</pin_list>
<bind>
<opset="m153 "/>
</bind>
</comp>

<comp id="2720" class="1005" name="trunc_ln380_reg_2720">
<pin_list>
<pin id="2721" dir="0" index="0" bw="3" slack="3"/>
<pin id="2722" dir="1" index="1" bw="3" slack="3"/>
</pin_list>
<bind>
<opset="trunc_ln380 "/>
</bind>
</comp>

<comp id="2725" class="1005" name="trunc_ln367_1_reg_2725">
<pin_list>
<pin id="2726" dir="0" index="0" bw="7" slack="1"/>
<pin id="2727" dir="1" index="1" bw="7" slack="1"/>
</pin_list>
<bind>
<opset="trunc_ln367_1 "/>
</bind>
</comp>

<comp id="2730" class="1005" name="m127_reg_2730">
<pin_list>
<pin id="2731" dir="0" index="0" bw="6" slack="1"/>
<pin id="2732" dir="1" index="1" bw="6" slack="1"/>
</pin_list>
<bind>
<opset="m127 "/>
</bind>
</comp>

<comp id="2735" class="1005" name="mul_ln332_reg_2735">
<pin_list>
<pin id="2736" dir="0" index="0" bw="7" slack="1"/>
<pin id="2737" dir="1" index="1" bw="7" slack="1"/>
</pin_list>
<bind>
<opset="mul_ln332 "/>
</bind>
</comp>

<comp id="2740" class="1005" name="add_ln345_reg_2740">
<pin_list>
<pin id="2741" dir="0" index="0" bw="4" slack="2"/>
<pin id="2742" dir="1" index="1" bw="4" slack="2"/>
</pin_list>
<bind>
<opset="add_ln345 "/>
</bind>
</comp>

<comp id="2745" class="1005" name="m145_reg_2745">
<pin_list>
<pin id="2746" dir="0" index="0" bw="4" slack="1"/>
<pin id="2747" dir="1" index="1" bw="4" slack="1"/>
</pin_list>
<bind>
<opset="m145 "/>
</bind>
</comp>

<comp id="2750" class="1005" name="mul_ln358_reg_2750">
<pin_list>
<pin id="2751" dir="0" index="0" bw="8" slack="3"/>
<pin id="2752" dir="1" index="1" bw="8" slack="3"/>
</pin_list>
<bind>
<opset="mul_ln358 "/>
</bind>
</comp>

<comp id="2756" class="1005" name="trunc_ln352_reg_2756">
<pin_list>
<pin id="2757" dir="0" index="0" bw="7" slack="1"/>
<pin id="2758" dir="1" index="1" bw="7" slack="1"/>
</pin_list>
<bind>
<opset="trunc_ln352 "/>
</bind>
</comp>

<comp id="2761" class="1005" name="trunc_ln353_reg_2761">
<pin_list>
<pin id="2762" dir="0" index="0" bw="5" slack="2"/>
<pin id="2763" dir="1" index="1" bw="5" slack="2"/>
</pin_list>
<bind>
<opset="trunc_ln353 "/>
</bind>
</comp>

<comp id="2766" class="1005" name="trunc_ln380_2_reg_2766">
<pin_list>
<pin id="2767" dir="0" index="0" bw="3" slack="2"/>
<pin id="2768" dir="1" index="1" bw="3" slack="2"/>
</pin_list>
<bind>
<opset="trunc_ln380_2 "/>
</bind>
</comp>

<comp id="2771" class="1005" name="m144_reg_2771">
<pin_list>
<pin id="2772" dir="0" index="0" bw="12" slack="2"/>
<pin id="2773" dir="1" index="1" bw="12" slack="2"/>
</pin_list>
<bind>
<opset="m144 "/>
</bind>
</comp>

<comp id="2776" class="1005" name="m152_reg_2776">
<pin_list>
<pin id="2777" dir="0" index="0" bw="7" slack="1"/>
<pin id="2778" dir="1" index="1" bw="7" slack="1"/>
</pin_list>
<bind>
<opset="m152 "/>
</bind>
</comp>

<comp id="2781" class="1005" name="trunc_ln356_reg_2781">
<pin_list>
<pin id="2782" dir="0" index="0" bw="6" slack="1"/>
<pin id="2783" dir="1" index="1" bw="6" slack="1"/>
</pin_list>
<bind>
<opset="trunc_ln356 "/>
</bind>
</comp>

<comp id="2786" class="1005" name="sext_ln356_reg_2786">
<pin_list>
<pin id="2787" dir="0" index="0" bw="6" slack="1"/>
<pin id="2788" dir="1" index="1" bw="6" slack="1"/>
</pin_list>
<bind>
<opset="sext_ln356 "/>
</bind>
</comp>

<comp id="2791" class="1005" name="trunc_ln362_reg_2791">
<pin_list>
<pin id="2792" dir="0" index="0" bw="3" slack="2"/>
<pin id="2793" dir="1" index="1" bw="3" slack="2"/>
</pin_list>
<bind>
<opset="trunc_ln362 "/>
</bind>
</comp>

<comp id="2796" class="1005" name="trunc_ln362_1_reg_2796">
<pin_list>
<pin id="2797" dir="0" index="0" bw="3" slack="2"/>
<pin id="2798" dir="1" index="1" bw="3" slack="2"/>
</pin_list>
<bind>
<opset="trunc_ln362_1 "/>
</bind>
</comp>

<comp id="2801" class="1005" name="trunc_ln367_reg_2801">
<pin_list>
<pin id="2802" dir="0" index="0" bw="7" slack="2"/>
<pin id="2803" dir="1" index="1" bw="7" slack="2"/>
</pin_list>
<bind>
<opset="trunc_ln367 "/>
</bind>
</comp>

<comp id="2806" class="1005" name="trunc_ln363_reg_2806">
<pin_list>
<pin id="2807" dir="0" index="0" bw="10" slack="1"/>
<pin id="2808" dir="1" index="1" bw="10" slack="1"/>
</pin_list>
<bind>
<opset="trunc_ln363 "/>
</bind>
</comp>

<comp id="2812" class="1005" name="trunc_ln372_1_reg_2812">
<pin_list>
<pin id="2813" dir="0" index="0" bw="2" slack="2"/>
<pin id="2814" dir="1" index="1" bw="2" slack="2"/>
</pin_list>
<bind>
<opset="trunc_ln372_1 "/>
</bind>
</comp>

<comp id="2817" class="1005" name="m143_reg_2817">
<pin_list>
<pin id="2818" dir="0" index="0" bw="4" slack="1"/>
<pin id="2819" dir="1" index="1" bw="4" slack="1"/>
</pin_list>
<bind>
<opset="m143 "/>
</bind>
</comp>

<comp id="2822" class="1005" name="m151_reg_2822">
<pin_list>
<pin id="2823" dir="0" index="0" bw="5" slack="1"/>
<pin id="2824" dir="1" index="1" bw="5" slack="1"/>
</pin_list>
<bind>
<opset="m151 "/>
</bind>
</comp>

<comp id="2828" class="1005" name="mul_ln363_reg_2828">
<pin_list>
<pin id="2829" dir="0" index="0" bw="10" slack="1"/>
<pin id="2830" dir="1" index="1" bw="10" slack="1"/>
</pin_list>
<bind>
<opset="mul_ln363 "/>
</bind>
</comp>

<comp id="2833" class="1005" name="m157_reg_2833">
<pin_list>
<pin id="2834" dir="0" index="0" bw="9" slack="1"/>
<pin id="2835" dir="1" index="1" bw="9" slack="1"/>
</pin_list>
<bind>
<opset="m157 "/>
</bind>
</comp>

<comp id="2839" class="1005" name="mul_ln380_1_reg_2839">
<pin_list>
<pin id="2840" dir="0" index="0" bw="3" slack="1"/>
<pin id="2841" dir="1" index="1" bw="3" slack="1"/>
</pin_list>
<bind>
<opset="mul_ln380_1 "/>
</bind>
</comp>

<comp id="2844" class="1005" name="trunc_ln373_reg_2844">
<pin_list>
<pin id="2845" dir="0" index="0" bw="8" slack="5"/>
<pin id="2846" dir="1" index="1" bw="8" slack="5"/>
</pin_list>
<bind>
<opset="trunc_ln373 "/>
</bind>
</comp>

<comp id="2849" class="1005" name="sext_ln374_reg_2849">
<pin_list>
<pin id="2850" dir="0" index="0" bw="8" slack="2"/>
<pin id="2851" dir="1" index="1" bw="8" slack="2"/>
</pin_list>
<bind>
<opset="sext_ln374 "/>
</bind>
</comp>

<comp id="2854" class="1005" name="mul_ln374_reg_2854">
<pin_list>
<pin id="2855" dir="0" index="0" bw="8" slack="1"/>
<pin id="2856" dir="1" index="1" bw="8" slack="1"/>
</pin_list>
<bind>
<opset="mul_ln374 "/>
</bind>
</comp>

<comp id="2859" class="1005" name="m150_reg_2859">
<pin_list>
<pin id="2860" dir="0" index="0" bw="7" slack="2"/>
<pin id="2861" dir="1" index="1" bw="7" slack="2"/>
</pin_list>
<bind>
<opset="m150 "/>
</bind>
</comp>

<comp id="2864" class="1005" name="m161_reg_2864">
<pin_list>
<pin id="2865" dir="0" index="0" bw="10" slack="1"/>
<pin id="2866" dir="1" index="1" bw="10" slack="1"/>
</pin_list>
<bind>
<opset="m161 "/>
</bind>
</comp>

<comp id="2869" class="1005" name="mul_ln367_reg_2869">
<pin_list>
<pin id="2870" dir="0" index="0" bw="7" slack="1"/>
<pin id="2871" dir="1" index="1" bw="7" slack="1"/>
</pin_list>
<bind>
<opset="mul_ln367 "/>
</bind>
</comp>

<comp id="2874" class="1005" name="mul_ln367_1_reg_2874">
<pin_list>
<pin id="2875" dir="0" index="0" bw="7" slack="1"/>
<pin id="2876" dir="1" index="1" bw="7" slack="1"/>
</pin_list>
<bind>
<opset="mul_ln367_1 "/>
</bind>
</comp>

<comp id="2879" class="1005" name="sext_ln377_1_reg_2879">
<pin_list>
<pin id="2880" dir="0" index="0" bw="9" slack="1"/>
<pin id="2881" dir="1" index="1" bw="9" slack="1"/>
</pin_list>
<bind>
<opset="sext_ln377_1 "/>
</bind>
</comp>

<comp id="2884" class="1005" name="mul_ln377_reg_2884">
<pin_list>
<pin id="2885" dir="0" index="0" bw="9" slack="2"/>
<pin id="2886" dir="1" index="1" bw="9" slack="2"/>
</pin_list>
<bind>
<opset="mul_ln377 "/>
</bind>
</comp>

<comp id="2889" class="1005" name="trunc_ln369_reg_2889">
<pin_list>
<pin id="2890" dir="0" index="0" bw="6" slack="1"/>
<pin id="2891" dir="1" index="1" bw="6" slack="1"/>
</pin_list>
<bind>
<opset="trunc_ln369 "/>
</bind>
</comp>

<comp id="2894" class="1005" name="trunc_ln371_reg_2894">
<pin_list>
<pin id="2895" dir="0" index="0" bw="7" slack="1"/>
<pin id="2896" dir="1" index="1" bw="7" slack="1"/>
</pin_list>
<bind>
<opset="trunc_ln371 "/>
</bind>
</comp>

<comp id="2899" class="1005" name="m170_reg_2899">
<pin_list>
<pin id="2900" dir="0" index="0" bw="2" slack="3"/>
<pin id="2901" dir="1" index="1" bw="2" slack="3"/>
</pin_list>
<bind>
<opset="m170 "/>
</bind>
</comp>

<comp id="2904" class="1005" name="m172_reg_2904">
<pin_list>
<pin id="2905" dir="0" index="0" bw="8" slack="1"/>
<pin id="2906" dir="1" index="1" bw="8" slack="1"/>
</pin_list>
<bind>
<opset="m172 "/>
</bind>
</comp>

<comp id="2909" class="1005" name="trunc_ln375_reg_2909">
<pin_list>
<pin id="2910" dir="0" index="0" bw="8" slack="1"/>
<pin id="2911" dir="1" index="1" bw="8" slack="1"/>
</pin_list>
<bind>
<opset="trunc_ln375 "/>
</bind>
</comp>

<comp id="2914" class="1005" name="mul_ln371_reg_2914">
<pin_list>
<pin id="2915" dir="0" index="0" bw="7" slack="1"/>
<pin id="2916" dir="1" index="1" bw="7" slack="1"/>
</pin_list>
<bind>
<opset="mul_ln371 "/>
</bind>
</comp>

<comp id="2919" class="1005" name="mul_ln377_1_reg_2919">
<pin_list>
<pin id="2920" dir="0" index="0" bw="9" slack="1"/>
<pin id="2921" dir="1" index="1" bw="9" slack="1"/>
</pin_list>
<bind>
<opset="mul_ln377_1 "/>
</bind>
</comp>

<comp id="2924" class="1005" name="m169_reg_2924">
<pin_list>
<pin id="2925" dir="0" index="0" bw="7" slack="1"/>
<pin id="2926" dir="1" index="1" bw="7" slack="1"/>
</pin_list>
<bind>
<opset="m169 "/>
</bind>
</comp>

<comp id="2929" class="1005" name="m175_reg_2929">
<pin_list>
<pin id="2930" dir="0" index="0" bw="9" slack="1"/>
<pin id="2931" dir="1" index="1" bw="9" slack="1"/>
</pin_list>
<bind>
<opset="m175 "/>
</bind>
</comp>

<comp id="2934" class="1005" name="trunc_ln382_reg_2934">
<pin_list>
<pin id="2935" dir="0" index="0" bw="7" slack="1"/>
<pin id="2936" dir="1" index="1" bw="7" slack="1"/>
</pin_list>
<bind>
<opset="trunc_ln382 "/>
</bind>
</comp>

</comp_list>

<net_list>
<net id="126"><net_src comp="98" pin="0"/><net_sink comp="122" pin=0"/></net>

<net id="127"><net_src comp="12" pin="0"/><net_sink comp="122" pin=1"/></net>

<net id="132"><net_src comp="98" pin="0"/><net_sink comp="128" pin=0"/></net>

<net id="133"><net_src comp="30" pin="0"/><net_sink comp="128" pin=1"/></net>

<net id="138"><net_src comp="98" pin="0"/><net_sink comp="134" pin=0"/></net>

<net id="139"><net_src comp="18" pin="0"/><net_sink comp="134" pin=1"/></net>

<net id="144"><net_src comp="98" pin="0"/><net_sink comp="140" pin=0"/></net>

<net id="145"><net_src comp="10" pin="0"/><net_sink comp="140" pin=1"/></net>

<net id="150"><net_src comp="98" pin="0"/><net_sink comp="146" pin=0"/></net>

<net id="151"><net_src comp="36" pin="0"/><net_sink comp="146" pin=1"/></net>

<net id="156"><net_src comp="98" pin="0"/><net_sink comp="152" pin=0"/></net>

<net id="157"><net_src comp="44" pin="0"/><net_sink comp="152" pin=1"/></net>

<net id="162"><net_src comp="98" pin="0"/><net_sink comp="158" pin=0"/></net>

<net id="163"><net_src comp="14" pin="0"/><net_sink comp="158" pin=1"/></net>

<net id="168"><net_src comp="98" pin="0"/><net_sink comp="164" pin=0"/></net>

<net id="169"><net_src comp="16" pin="0"/><net_sink comp="164" pin=1"/></net>

<net id="174"><net_src comp="98" pin="0"/><net_sink comp="170" pin=0"/></net>

<net id="175"><net_src comp="46" pin="0"/><net_sink comp="170" pin=1"/></net>

<net id="181"><net_src comp="100" pin="0"/><net_sink comp="176" pin=0"/></net>

<net id="182"><net_src comp="50" pin="0"/><net_sink comp="176" pin=1"/></net>

<net id="187"><net_src comp="98" pin="0"/><net_sink comp="183" pin=0"/></net>

<net id="188"><net_src comp="28" pin="0"/><net_sink comp="183" pin=1"/></net>

<net id="193"><net_src comp="98" pin="0"/><net_sink comp="189" pin=0"/></net>

<net id="194"><net_src comp="34" pin="0"/><net_sink comp="189" pin=1"/></net>

<net id="199"><net_src comp="98" pin="0"/><net_sink comp="195" pin=0"/></net>

<net id="200"><net_src comp="40" pin="0"/><net_sink comp="195" pin=1"/></net>

<net id="205"><net_src comp="98" pin="0"/><net_sink comp="201" pin=0"/></net>

<net id="206"><net_src comp="42" pin="0"/><net_sink comp="201" pin=1"/></net>

<net id="212"><net_src comp="100" pin="0"/><net_sink comp="207" pin=0"/></net>

<net id="213"><net_src comp="48" pin="0"/><net_sink comp="207" pin=1"/></net>

<net id="219"><net_src comp="100" pin="0"/><net_sink comp="214" pin=0"/></net>

<net id="220"><net_src comp="52" pin="0"/><net_sink comp="214" pin=1"/></net>

<net id="225"><net_src comp="98" pin="0"/><net_sink comp="221" pin=0"/></net>

<net id="226"><net_src comp="24" pin="0"/><net_sink comp="221" pin=1"/></net>

<net id="232"><net_src comp="100" pin="0"/><net_sink comp="227" pin=0"/></net>

<net id="233"><net_src comp="54" pin="0"/><net_sink comp="227" pin=1"/></net>

<net id="239"><net_src comp="100" pin="0"/><net_sink comp="234" pin=0"/></net>

<net id="240"><net_src comp="58" pin="0"/><net_sink comp="234" pin=1"/></net>

<net id="246"><net_src comp="100" pin="0"/><net_sink comp="241" pin=0"/></net>

<net id="247"><net_src comp="64" pin="0"/><net_sink comp="241" pin=1"/></net>

<net id="253"><net_src comp="100" pin="0"/><net_sink comp="248" pin=0"/></net>

<net id="254"><net_src comp="56" pin="0"/><net_sink comp="248" pin=1"/></net>

<net id="260"><net_src comp="100" pin="0"/><net_sink comp="255" pin=0"/></net>

<net id="261"><net_src comp="60" pin="0"/><net_sink comp="255" pin=1"/></net>

<net id="267"><net_src comp="100" pin="0"/><net_sink comp="262" pin=0"/></net>

<net id="268"><net_src comp="62" pin="0"/><net_sink comp="262" pin=1"/></net>

<net id="274"><net_src comp="100" pin="0"/><net_sink comp="269" pin=0"/></net>

<net id="275"><net_src comp="66" pin="0"/><net_sink comp="269" pin=1"/></net>

<net id="281"><net_src comp="100" pin="0"/><net_sink comp="276" pin=0"/></net>

<net id="282"><net_src comp="68" pin="0"/><net_sink comp="276" pin=1"/></net>

<net id="288"><net_src comp="100" pin="0"/><net_sink comp="283" pin=0"/></net>

<net id="289"><net_src comp="72" pin="0"/><net_sink comp="283" pin=1"/></net>

<net id="295"><net_src comp="100" pin="0"/><net_sink comp="290" pin=0"/></net>

<net id="296"><net_src comp="70" pin="0"/><net_sink comp="290" pin=1"/></net>

<net id="302"><net_src comp="100" pin="0"/><net_sink comp="297" pin=0"/></net>

<net id="303"><net_src comp="74" pin="0"/><net_sink comp="297" pin=1"/></net>

<net id="309"><net_src comp="100" pin="0"/><net_sink comp="304" pin=0"/></net>

<net id="310"><net_src comp="78" pin="0"/><net_sink comp="304" pin=1"/></net>

<net id="316"><net_src comp="100" pin="0"/><net_sink comp="311" pin=0"/></net>

<net id="317"><net_src comp="80" pin="0"/><net_sink comp="311" pin=1"/></net>

<net id="323"><net_src comp="100" pin="0"/><net_sink comp="318" pin=0"/></net>

<net id="324"><net_src comp="82" pin="0"/><net_sink comp="318" pin=1"/></net>

<net id="330"><net_src comp="100" pin="0"/><net_sink comp="325" pin=0"/></net>

<net id="331"><net_src comp="76" pin="0"/><net_sink comp="325" pin=1"/></net>

<net id="337"><net_src comp="100" pin="0"/><net_sink comp="332" pin=0"/></net>

<net id="338"><net_src comp="84" pin="0"/><net_sink comp="332" pin=1"/></net>

<net id="344"><net_src comp="100" pin="0"/><net_sink comp="339" pin=0"/></net>

<net id="345"><net_src comp="92" pin="0"/><net_sink comp="339" pin=1"/></net>

<net id="351"><net_src comp="100" pin="0"/><net_sink comp="346" pin=0"/></net>

<net id="352"><net_src comp="86" pin="0"/><net_sink comp="346" pin=1"/></net>

<net id="358"><net_src comp="100" pin="0"/><net_sink comp="353" pin=0"/></net>

<net id="359"><net_src comp="88" pin="0"/><net_sink comp="353" pin=1"/></net>

<net id="365"><net_src comp="100" pin="0"/><net_sink comp="360" pin=0"/></net>

<net id="366"><net_src comp="94" pin="0"/><net_sink comp="360" pin=1"/></net>

<net id="372"><net_src comp="100" pin="0"/><net_sink comp="367" pin=0"/></net>

<net id="373"><net_src comp="96" pin="0"/><net_sink comp="367" pin=1"/></net>

<net id="379"><net_src comp="100" pin="0"/><net_sink comp="374" pin=0"/></net>

<net id="380"><net_src comp="90" pin="0"/><net_sink comp="374" pin=1"/></net>

<net id="384"><net_src comp="122" pin="2"/><net_sink comp="381" pin=0"/></net>

<net id="388"><net_src comp="128" pin="2"/><net_sink comp="385" pin=0"/></net>

<net id="393"><net_src comp="381" pin="1"/><net_sink comp="389" pin=0"/></net>

<net id="394"><net_src comp="385" pin="1"/><net_sink comp="389" pin=1"/></net>

<net id="398"><net_src comp="128" pin="2"/><net_sink comp="395" pin=0"/></net>

<net id="402"><net_src comp="134" pin="2"/><net_sink comp="399" pin=0"/></net>

<net id="407"><net_src comp="399" pin="1"/><net_sink comp="403" pin=1"/></net>

<net id="411"><net_src comp="134" pin="2"/><net_sink comp="408" pin=0"/></net>

<net id="415"><net_src comp="146" pin="2"/><net_sink comp="412" pin=0"/></net>

<net id="419"><net_src comp="152" pin="2"/><net_sink comp="416" pin=0"/></net>

<net id="423"><net_src comp="140" pin="2"/><net_sink comp="420" pin=0"/></net>

<net id="427"><net_src comp="412" pin="1"/><net_sink comp="424" pin=0"/></net>

<net id="432"><net_src comp="420" pin="1"/><net_sink comp="428" pin=0"/></net>

<net id="433"><net_src comp="424" pin="1"/><net_sink comp="428" pin=1"/></net>

<net id="440"><net_src comp="416" pin="1"/><net_sink comp="437" pin=0"/></net>

<net id="445"><net_src comp="437" pin="1"/><net_sink comp="441" pin=0"/></net>

<net id="446"><net_src comp="434" pin="1"/><net_sink comp="441" pin=1"/></net>

<net id="450"><net_src comp="441" pin="2"/><net_sink comp="447" pin=0"/></net>

<net id="454"><net_src comp="152" pin="2"/><net_sink comp="451" pin=0"/></net>

<net id="458"><net_src comp="428" pin="2"/><net_sink comp="455" pin=0"/></net>

<net id="463"><net_src comp="455" pin="1"/><net_sink comp="459" pin=0"/></net>

<net id="467"><net_src comp="441" pin="2"/><net_sink comp="464" pin=0"/></net>

<net id="471"><net_src comp="441" pin="2"/><net_sink comp="468" pin=0"/></net>

<net id="475"><net_src comp="441" pin="2"/><net_sink comp="472" pin=0"/></net>

<net id="479"><net_src comp="441" pin="2"/><net_sink comp="476" pin=0"/></net>

<net id="483"><net_src comp="164" pin="2"/><net_sink comp="480" pin=0"/></net>

<net id="487"><net_src comp="170" pin="2"/><net_sink comp="484" pin=0"/></net>

<net id="494"><net_src comp="158" pin="2"/><net_sink comp="491" pin=0"/></net>

<net id="499"><net_src comp="491" pin="1"/><net_sink comp="495" pin=1"/></net>

<net id="503"><net_src comp="495" pin="2"/><net_sink comp="500" pin=0"/></net>

<net id="508"><net_src comp="484" pin="1"/><net_sink comp="504" pin=0"/></net>

<net id="509"><net_src comp="500" pin="1"/><net_sink comp="504" pin=1"/></net>

<net id="517"><net_src comp="170" pin="2"/><net_sink comp="514" pin=0"/></net>

<net id="525"><net_src comp="518" pin="1"/><net_sink comp="521" pin=1"/></net>

<net id="529"><net_src comp="170" pin="2"/><net_sink comp="526" pin=0"/></net>

<net id="534"><net_src comp="526" pin="1"/><net_sink comp="530" pin=0"/></net>

<net id="538"><net_src comp="510" pin="2"/><net_sink comp="535" pin=0"/></net>

<net id="542"><net_src comp="521" pin="2"/><net_sink comp="539" pin=0"/></net>

<net id="546"><net_src comp="530" pin="2"/><net_sink comp="543" pin=0"/></net>

<net id="547"><net_src comp="543" pin="1"/><net_sink comp="176" pin=2"/></net>

<net id="551"><net_src comp="183" pin="2"/><net_sink comp="548" pin=0"/></net>

<net id="555"><net_src comp="189" pin="2"/><net_sink comp="552" pin=0"/></net>

<net id="559"><net_src comp="195" pin="2"/><net_sink comp="556" pin=0"/></net>

<net id="563"><net_src comp="548" pin="1"/><net_sink comp="560" pin=0"/></net>

<net id="567"><net_src comp="552" pin="1"/><net_sink comp="564" pin=0"/></net>

<net id="572"><net_src comp="564" pin="1"/><net_sink comp="568" pin=0"/></net>

<net id="573"><net_src comp="560" pin="1"/><net_sink comp="568" pin=1"/></net>

<net id="577"><net_src comp="201" pin="2"/><net_sink comp="574" pin=0"/></net>

<net id="581"><net_src comp="189" pin="2"/><net_sink comp="578" pin=0"/></net>

<net id="586"><net_src comp="574" pin="1"/><net_sink comp="582" pin=0"/></net>

<net id="587"><net_src comp="578" pin="1"/><net_sink comp="582" pin=1"/></net>

<net id="591"><net_src comp="556" pin="1"/><net_sink comp="588" pin=0"/></net>

<net id="595"><net_src comp="568" pin="2"/><net_sink comp="592" pin=0"/></net>

<net id="599"><net_src comp="582" pin="2"/><net_sink comp="596" pin=0"/></net>

<net id="604"><net_src comp="596" pin="1"/><net_sink comp="600" pin=1"/></net>

<net id="608"><net_src comp="201" pin="2"/><net_sink comp="605" pin=0"/></net>

<net id="616"><net_src comp="609" pin="1"/><net_sink comp="612" pin=1"/></net>

<net id="620"><net_src comp="195" pin="2"/><net_sink comp="617" pin=0"/></net>

<net id="624"><net_src comp="568" pin="2"/><net_sink comp="621" pin=0"/></net>

<net id="628"><net_src comp="612" pin="2"/><net_sink comp="625" pin=0"/></net>

<net id="632"><net_src comp="600" pin="2"/><net_sink comp="629" pin=0"/></net>

<net id="633"><net_src comp="629" pin="1"/><net_sink comp="207" pin=2"/></net>

<net id="648"><net_src comp="641" pin="1"/><net_sink comp="644" pin=0"/></net>

<net id="649"><net_src comp="638" pin="1"/><net_sink comp="644" pin=1"/></net>

<net id="657"><net_src comp="644" pin="2"/><net_sink comp="654" pin=0"/></net>

<net id="661"><net_src comp="650" pin="2"/><net_sink comp="658" pin=0"/></net>

<net id="669"><net_src comp="662" pin="1"/><net_sink comp="665" pin=1"/></net>

<net id="673"><net_src comp="665" pin="2"/><net_sink comp="670" pin=0"/></net>

<net id="677"><net_src comp="665" pin="2"/><net_sink comp="674" pin=0"/></net>

<net id="681"><net_src comp="634" pin="2"/><net_sink comp="678" pin=0"/></net>

<net id="682"><net_src comp="678" pin="1"/><net_sink comp="214" pin=2"/></net>

<net id="689"><net_src comp="221" pin="2"/><net_sink comp="686" pin=0"/></net>

<net id="693"><net_src comp="686" pin="1"/><net_sink comp="690" pin=0"/></net>

<net id="698"><net_src comp="690" pin="1"/><net_sink comp="694" pin=0"/></net>

<net id="699"><net_src comp="683" pin="1"/><net_sink comp="694" pin=1"/></net>

<net id="703"><net_src comp="694" pin="2"/><net_sink comp="700" pin=0"/></net>

<net id="707"><net_src comp="694" pin="2"/><net_sink comp="704" pin=0"/></net>

<net id="718"><net_src comp="711" pin="1"/><net_sink comp="714" pin=0"/></net>

<net id="719"><net_src comp="708" pin="1"/><net_sink comp="714" pin=1"/></net>

<net id="724"><net_src comp="102" pin="0"/><net_sink comp="720" pin=1"/></net>

<net id="728"><net_src comp="720" pin="2"/><net_sink comp="725" pin=0"/></net>

<net id="736"><net_src comp="729" pin="1"/><net_sink comp="732" pin=0"/></net>

<net id="737"><net_src comp="725" pin="1"/><net_sink comp="732" pin=1"/></net>

<net id="745"><net_src comp="738" pin="2"/><net_sink comp="742" pin=0"/></net>

<net id="756"><net_src comp="749" pin="1"/><net_sink comp="752" pin=1"/></net>

<net id="760"><net_src comp="714" pin="2"/><net_sink comp="757" pin=0"/></net>

<net id="761"><net_src comp="757" pin="1"/><net_sink comp="227" pin=2"/></net>

<net id="765"><net_src comp="732" pin="2"/><net_sink comp="762" pin=0"/></net>

<net id="766"><net_src comp="762" pin="1"/><net_sink comp="234" pin=2"/></net>

<net id="770"><net_src comp="752" pin="2"/><net_sink comp="767" pin=0"/></net>

<net id="771"><net_src comp="767" pin="1"/><net_sink comp="241" pin=2"/></net>

<net id="783"><net_src comp="776" pin="1"/><net_sink comp="779" pin=1"/></net>

<net id="787"><net_src comp="779" pin="2"/><net_sink comp="784" pin=0"/></net>

<net id="792"><net_src comp="784" pin="1"/><net_sink comp="788" pin=0"/></net>

<net id="796"><net_src comp="772" pin="2"/><net_sink comp="793" pin=0"/></net>

<net id="807"><net_src comp="800" pin="1"/><net_sink comp="803" pin=0"/></net>

<net id="815"><net_src comp="808" pin="1"/><net_sink comp="811" pin=1"/></net>

<net id="820"><net_src comp="784" pin="1"/><net_sink comp="816" pin=0"/></net>

<net id="825"><net_src comp="800" pin="1"/><net_sink comp="821" pin=0"/></net>

<net id="826"><net_src comp="797" pin="1"/><net_sink comp="821" pin=1"/></net>

<net id="833"><net_src comp="821" pin="2"/><net_sink comp="830" pin=0"/></net>

<net id="841"><net_src comp="834" pin="2"/><net_sink comp="838" pin=0"/></net>

<net id="846"><net_src comp="779" pin="2"/><net_sink comp="842" pin=0"/></net>

<net id="847"><net_src comp="827" pin="1"/><net_sink comp="842" pin=1"/></net>

<net id="851"><net_src comp="811" pin="2"/><net_sink comp="848" pin=0"/></net>

<net id="855"><net_src comp="788" pin="2"/><net_sink comp="852" pin=0"/></net>

<net id="856"><net_src comp="852" pin="1"/><net_sink comp="248" pin=2"/></net>

<net id="872"><net_src comp="861" pin="2"/><net_sink comp="869" pin=0"/></net>

<net id="880"><net_src comp="873" pin="1"/><net_sink comp="876" pin=1"/></net>

<net id="888"><net_src comp="861" pin="2"/><net_sink comp="885" pin=0"/></net>

<net id="896"><net_src comp="889" pin="1"/><net_sink comp="892" pin=0"/></net>

<net id="897"><net_src comp="889" pin="1"/><net_sink comp="892" pin=1"/></net>

<net id="901"><net_src comp="892" pin="2"/><net_sink comp="898" pin=0"/></net>

<net id="905"><net_src comp="892" pin="2"/><net_sink comp="902" pin=0"/></net>

<net id="909"><net_src comp="881" pin="2"/><net_sink comp="906" pin=0"/></net>

<net id="913"><net_src comp="892" pin="2"/><net_sink comp="910" pin=0"/></net>

<net id="917"><net_src comp="857" pin="2"/><net_sink comp="914" pin=0"/></net>

<net id="918"><net_src comp="914" pin="1"/><net_sink comp="255" pin=2"/></net>

<net id="922"><net_src comp="865" pin="2"/><net_sink comp="919" pin=0"/></net>

<net id="923"><net_src comp="919" pin="1"/><net_sink comp="262" pin=2"/></net>

<net id="934"><net_src comp="924" pin="2"/><net_sink comp="931" pin=0"/></net>

<net id="945"><net_src comp="938" pin="1"/><net_sink comp="941" pin=1"/></net>

<net id="953"><net_src comp="946" pin="1"/><net_sink comp="949" pin=1"/></net>

<net id="965"><net_src comp="958" pin="1"/><net_sink comp="961" pin=1"/></net>

<net id="969"><net_src comp="924" pin="2"/><net_sink comp="966" pin=0"/></net>

<net id="973"><net_src comp="941" pin="2"/><net_sink comp="970" pin=0"/></net>

<net id="978"><net_src comp="935" pin="1"/><net_sink comp="974" pin=1"/></net>

<net id="982"><net_src comp="974" pin="2"/><net_sink comp="979" pin=0"/></net>

<net id="986"><net_src comp="941" pin="2"/><net_sink comp="983" pin=0"/></net>

<net id="990"><net_src comp="954" pin="2"/><net_sink comp="987" pin=0"/></net>

<net id="994"><net_src comp="954" pin="2"/><net_sink comp="991" pin=0"/></net>

<net id="998"><net_src comp="961" pin="2"/><net_sink comp="995" pin=0"/></net>

<net id="999"><net_src comp="995" pin="1"/><net_sink comp="269" pin=2"/></net>

<net id="1007"><net_src comp="1000" pin="1"/><net_sink comp="1003" pin=1"/></net>

<net id="1011"><net_src comp="1003" pin="2"/><net_sink comp="1008" pin=0"/></net>

<net id="1026"><net_src comp="1016" pin="1"/><net_sink comp="1022" pin=0"/></net>

<net id="1027"><net_src comp="1019" pin="1"/><net_sink comp="1022" pin=1"/></net>

<net id="1031"><net_src comp="1003" pin="2"/><net_sink comp="1028" pin=0"/></net>

<net id="1036"><net_src comp="1028" pin="1"/><net_sink comp="1032" pin=1"/></net>

<net id="1040"><net_src comp="1032" pin="2"/><net_sink comp="1037" pin=0"/></net>

<net id="1048"><net_src comp="1032" pin="2"/><net_sink comp="1045" pin=0"/></net>

<net id="1052"><net_src comp="1041" pin="2"/><net_sink comp="1049" pin=0"/></net>

<net id="1056"><net_src comp="1041" pin="2"/><net_sink comp="1053" pin=0"/></net>

<net id="1060"><net_src comp="1012" pin="2"/><net_sink comp="1057" pin=0"/></net>

<net id="1061"><net_src comp="1057" pin="1"/><net_sink comp="276" pin=2"/></net>

<net id="1081"><net_src comp="1066" pin="2"/><net_sink comp="1078" pin=0"/></net>

<net id="1086"><net_src comp="1078" pin="1"/><net_sink comp="1082" pin=1"/></net>

<net id="1098"><net_src comp="1087" pin="2"/><net_sink comp="1095" pin=0"/></net>

<net id="1102"><net_src comp="1062" pin="2"/><net_sink comp="1099" pin=0"/></net>

<net id="1110"><net_src comp="1103" pin="1"/><net_sink comp="1106" pin=0"/></net>

<net id="1111"><net_src comp="1099" pin="1"/><net_sink comp="1106" pin=1"/></net>

<net id="1115"><net_src comp="1106" pin="2"/><net_sink comp="1112" pin=0"/></net>

<net id="1116"><net_src comp="1112" pin="1"/><net_sink comp="283" pin=2"/></net>

<net id="1127"><net_src comp="1117" pin="1"/><net_sink comp="1123" pin=0"/></net>

<net id="1128"><net_src comp="1120" pin="1"/><net_sink comp="1123" pin=1"/></net>

<net id="1132"><net_src comp="1123" pin="2"/><net_sink comp="1129" pin=0"/></net>

<net id="1143"><net_src comp="1136" pin="1"/><net_sink comp="1139" pin=0"/></net>

<net id="1144"><net_src comp="1133" pin="1"/><net_sink comp="1139" pin=1"/></net>

<net id="1148"><net_src comp="1123" pin="2"/><net_sink comp="1145" pin=0"/></net>

<net id="1156"><net_src comp="1139" pin="2"/><net_sink comp="1153" pin=0"/></net>

<net id="1160"><net_src comp="1123" pin="2"/><net_sink comp="1157" pin=0"/></net>

<net id="1168"><net_src comp="1161" pin="1"/><net_sink comp="1164" pin=1"/></net>

<net id="1182"><net_src comp="1172" pin="1"/><net_sink comp="1178" pin=0"/></net>

<net id="1183"><net_src comp="1175" pin="1"/><net_sink comp="1178" pin=1"/></net>

<net id="1184"><net_src comp="1178" pin="2"/><net_sink comp="290" pin=2"/></net>

<net id="1196"><net_src comp="1185" pin="2"/><net_sink comp="1193" pin=0"/></net>

<net id="1204"><net_src comp="1197" pin="1"/><net_sink comp="1200" pin=1"/></net>

<net id="1208"><net_src comp="1200" pin="2"/><net_sink comp="1205" pin=0"/></net>

<net id="1213"><net_src comp="1205" pin="1"/><net_sink comp="1209" pin=1"/></net>

<net id="1217"><net_src comp="1189" pin="2"/><net_sink comp="1214" pin=0"/></net>

<net id="1221"><net_src comp="1189" pin="2"/><net_sink comp="1218" pin=0"/></net>

<net id="1225"><net_src comp="1209" pin="2"/><net_sink comp="1222" pin=0"/></net>

<net id="1229"><net_src comp="1209" pin="2"/><net_sink comp="1226" pin=0"/></net>

<net id="1233"><net_src comp="1200" pin="2"/><net_sink comp="1230" pin=0"/></net>

<net id="1244"><net_src comp="1237" pin="1"/><net_sink comp="1240" pin=1"/></net>

<net id="1252"><net_src comp="1240" pin="2"/><net_sink comp="1249" pin=0"/></net>

<net id="1260"><net_src comp="1253" pin="2"/><net_sink comp="1257" pin=0"/></net>

<net id="1269"><net_src comp="1261" pin="2"/><net_sink comp="1265" pin=0"/></net>

<net id="1273"><net_src comp="1245" pin="2"/><net_sink comp="1270" pin=0"/></net>

<net id="1277"><net_src comp="1240" pin="2"/><net_sink comp="1274" pin=0"/></net>

<net id="1288"><net_src comp="1278" pin="1"/><net_sink comp="1284" pin=0"/></net>

<net id="1289"><net_src comp="1281" pin="1"/><net_sink comp="1284" pin=1"/></net>

<net id="1297"><net_src comp="1284" pin="2"/><net_sink comp="1294" pin=0"/></net>

<net id="1301"><net_src comp="1290" pin="2"/><net_sink comp="1298" pin=0"/></net>

<net id="1309"><net_src comp="1298" pin="1"/><net_sink comp="1305" pin=0"/></net>

<net id="1310"><net_src comp="1302" pin="1"/><net_sink comp="1305" pin=1"/></net>

<net id="1322"><net_src comp="1315" pin="1"/><net_sink comp="1318" pin=1"/></net>

<net id="1326"><net_src comp="1284" pin="2"/><net_sink comp="1323" pin=0"/></net>

<net id="1331"><net_src comp="1323" pin="1"/><net_sink comp="1327" pin=0"/></net>

<net id="1335"><net_src comp="1290" pin="2"/><net_sink comp="1332" pin=0"/></net>

<net id="1339"><net_src comp="1311" pin="2"/><net_sink comp="1336" pin=0"/></net>

<net id="1343"><net_src comp="1318" pin="2"/><net_sink comp="1340" pin=0"/></net>

<net id="1347"><net_src comp="1327" pin="2"/><net_sink comp="1344" pin=0"/></net>

<net id="1352"><net_src comp="1340" pin="1"/><net_sink comp="1348" pin=0"/></net>

<net id="1360"><net_src comp="1353" pin="2"/><net_sink comp="1357" pin=0"/></net>

<net id="1371"><net_src comp="1364" pin="1"/><net_sink comp="1367" pin=1"/></net>

<net id="1375"><net_src comp="1353" pin="2"/><net_sink comp="1372" pin=0"/></net>

<net id="1380"><net_src comp="1361" pin="1"/><net_sink comp="1376" pin=1"/></net>

<net id="1384"><net_src comp="1353" pin="2"/><net_sink comp="1381" pin=0"/></net>

<net id="1389"><net_src comp="1381" pin="1"/><net_sink comp="1385" pin=0"/></net>

<net id="1393"><net_src comp="1376" pin="2"/><net_sink comp="1390" pin=0"/></net>

<net id="1401"><net_src comp="1385" pin="2"/><net_sink comp="1398" pin=0"/></net>

<net id="1416"><net_src comp="1409" pin="1"/><net_sink comp="1412" pin=0"/></net>

<net id="1417"><net_src comp="1402" pin="1"/><net_sink comp="1412" pin=1"/></net>

<net id="1421"><net_src comp="1412" pin="2"/><net_sink comp="1418" pin=0"/></net>

<net id="1433"><net_src comp="1412" pin="2"/><net_sink comp="1430" pin=0"/></net>

<net id="1441"><net_src comp="1434" pin="1"/><net_sink comp="1437" pin=1"/></net>

<net id="1445"><net_src comp="1437" pin="2"/><net_sink comp="1442" pin=0"/></net>

<net id="1449"><net_src comp="1437" pin="2"/><net_sink comp="1446" pin=0"/></net>

<net id="1456"><net_src comp="1412" pin="2"/><net_sink comp="1453" pin=0"/></net>

<net id="1460"><net_src comp="1412" pin="2"/><net_sink comp="1457" pin=0"/></net>

<net id="1468"><net_src comp="1412" pin="2"/><net_sink comp="1465" pin=0"/></net>

<net id="1477"><net_src comp="1469" pin="2"/><net_sink comp="1473" pin=0"/></net>

<net id="1481"><net_src comp="1412" pin="2"/><net_sink comp="1478" pin=0"/></net>

<net id="1485"><net_src comp="1422" pin="2"/><net_sink comp="1482" pin=0"/></net>

<net id="1489"><net_src comp="1405" pin="2"/><net_sink comp="1486" pin=0"/></net>

<net id="1490"><net_src comp="1486" pin="1"/><net_sink comp="297" pin=2"/></net>

<net id="1502"><net_src comp="1491" pin="1"/><net_sink comp="1498" pin=1"/></net>

<net id="1522"><net_src comp="1515" pin="1"/><net_sink comp="1518" pin=1"/></net>

<net id="1526"><net_src comp="1494" pin="2"/><net_sink comp="1523" pin=0"/></net>

<net id="1531"><net_src comp="1523" pin="1"/><net_sink comp="1527" pin=1"/></net>

<net id="1536"><net_src comp="1507" pin="2"/><net_sink comp="1532" pin=0"/></net>

<net id="1540"><net_src comp="1507" pin="2"/><net_sink comp="1537" pin=0"/></net>

<net id="1545"><net_src comp="1537" pin="1"/><net_sink comp="1541" pin=0"/></net>

<net id="1553"><net_src comp="1546" pin="2"/><net_sink comp="1550" pin=0"/></net>

<net id="1557"><net_src comp="1498" pin="2"/><net_sink comp="1554" pin=0"/></net>

<net id="1561"><net_src comp="1527" pin="2"/><net_sink comp="1558" pin=0"/></net>

<net id="1565"><net_src comp="1518" pin="2"/><net_sink comp="1562" pin=0"/></net>

<net id="1566"><net_src comp="1562" pin="1"/><net_sink comp="304" pin=2"/></net>

<net id="1570"><net_src comp="1532" pin="2"/><net_sink comp="1567" pin=0"/></net>

<net id="1571"><net_src comp="1567" pin="1"/><net_sink comp="311" pin=2"/></net>

<net id="1575"><net_src comp="1541" pin="2"/><net_sink comp="1572" pin=0"/></net>

<net id="1576"><net_src comp="1572" pin="1"/><net_sink comp="318" pin=2"/></net>

<net id="1588"><net_src comp="1581" pin="1"/><net_sink comp="1584" pin=1"/></net>

<net id="1602"><net_src comp="1589" pin="2"/><net_sink comp="1599" pin=0"/></net>

<net id="1606"><net_src comp="1584" pin="2"/><net_sink comp="1603" pin=0"/></net>

<net id="1610"><net_src comp="1584" pin="2"/><net_sink comp="1607" pin=0"/></net>

<net id="1614"><net_src comp="1584" pin="2"/><net_sink comp="1611" pin=0"/></net>

<net id="1618"><net_src comp="1589" pin="2"/><net_sink comp="1615" pin=0"/></net>

<net id="1622"><net_src comp="1577" pin="2"/><net_sink comp="1619" pin=0"/></net>

<net id="1623"><net_src comp="1619" pin="1"/><net_sink comp="325" pin=2"/></net>

<net id="1631"><net_src comp="1624" pin="1"/><net_sink comp="1627" pin=0"/></net>

<net id="1646"><net_src comp="1639" pin="2"/><net_sink comp="1643" pin=0"/></net>

<net id="1650"><net_src comp="1627" pin="2"/><net_sink comp="1647" pin=0"/></net>

<net id="1655"><net_src comp="1647" pin="1"/><net_sink comp="1651" pin=1"/></net>

<net id="1660"><net_src comp="1651" pin="2"/><net_sink comp="1656" pin=0"/></net>

<net id="1664"><net_src comp="1639" pin="2"/><net_sink comp="1661" pin=0"/></net>

<net id="1672"><net_src comp="1636" pin="1"/><net_sink comp="1668" pin=0"/></net>

<net id="1673"><net_src comp="1665" pin="1"/><net_sink comp="1668" pin=1"/></net>

<net id="1681"><net_src comp="1674" pin="1"/><net_sink comp="1677" pin=1"/></net>

<net id="1689"><net_src comp="1682" pin="1"/><net_sink comp="1685" pin=1"/></net>

<net id="1694"><net_src comp="1685" pin="2"/><net_sink comp="1690" pin=0"/></net>

<net id="1706"><net_src comp="1699" pin="1"/><net_sink comp="1702" pin=1"/></net>

<net id="1714"><net_src comp="1707" pin="1"/><net_sink comp="1710" pin=1"/></net>

<net id="1718"><net_src comp="1702" pin="2"/><net_sink comp="1715" pin=0"/></net>

<net id="1722"><net_src comp="1710" pin="2"/><net_sink comp="1719" pin=0"/></net>

<net id="1726"><net_src comp="1690" pin="2"/><net_sink comp="1723" pin=0"/></net>

<net id="1731"><net_src comp="1723" pin="1"/><net_sink comp="1727" pin=0"/></net>

<net id="1739"><net_src comp="1710" pin="2"/><net_sink comp="1736" pin=0"/></net>

<net id="1744"><net_src comp="1690" pin="2"/><net_sink comp="1740" pin=0"/></net>

<net id="1748"><net_src comp="1677" pin="2"/><net_sink comp="1745" pin=0"/></net>

<net id="1749"><net_src comp="1745" pin="1"/><net_sink comp="332" pin=2"/></net>

<net id="1753"><net_src comp="1740" pin="2"/><net_sink comp="1750" pin=0"/></net>

<net id="1754"><net_src comp="1750" pin="1"/><net_sink comp="339" pin=2"/></net>

<net id="1765"><net_src comp="1758" pin="1"/><net_sink comp="1761" pin=0"/></net>

<net id="1766"><net_src comp="1755" pin="1"/><net_sink comp="1761" pin=1"/></net>

<net id="1774"><net_src comp="1767" pin="1"/><net_sink comp="1770" pin=1"/></net>

<net id="1782"><net_src comp="1775" pin="1"/><net_sink comp="1778" pin=0"/></net>

<net id="1786"><net_src comp="1761" pin="2"/><net_sink comp="1783" pin=0"/></net>

<net id="1787"><net_src comp="1783" pin="1"/><net_sink comp="346" pin=2"/></net>

<net id="1799"><net_src comp="1792" pin="2"/><net_sink comp="1796" pin=0"/></net>

<net id="1807"><net_src comp="1800" pin="1"/><net_sink comp="1803" pin=1"/></net>

<net id="1815"><net_src comp="1808" pin="1"/><net_sink comp="1811" pin=1"/></net>

<net id="1819"><net_src comp="1803" pin="2"/><net_sink comp="1816" pin=0"/></net>

<net id="1820"><net_src comp="1816" pin="1"/><net_sink comp="353" pin=2"/></net>

<net id="1824"><net_src comp="1811" pin="2"/><net_sink comp="1821" pin=0"/></net>

<net id="1825"><net_src comp="1821" pin="1"/><net_sink comp="360" pin=2"/></net>

<net id="1829"><net_src comp="1826" pin="1"/><net_sink comp="367" pin=2"/></net>

<net id="1837"><net_src comp="1830" pin="2"/><net_sink comp="1834" pin=0"/></net>

<net id="1838"><net_src comp="1834" pin="1"/><net_sink comp="374" pin=2"/></net>

<net id="1844"><net_src comp="480" pin="1"/><net_sink comp="1839" pin=0"/></net>

<net id="1845"><net_src comp="488" pin="1"/><net_sink comp="1839" pin=1"/></net>

<net id="1846"><net_src comp="539" pin="1"/><net_sink comp="1839" pin=2"/></net>

<net id="1847"><net_src comp="1839" pin="3"/><net_sink comp="738" pin=0"/></net>

<net id="1848"><net_src comp="1839" pin="3"/><net_sink comp="746" pin=0"/></net>

<net id="1854"><net_src comp="588" pin="1"/><net_sink comp="1849" pin=1"/></net>

<net id="1855"><net_src comp="592" pin="1"/><net_sink comp="1849" pin=2"/></net>

<net id="1856"><net_src comp="1849" pin="3"/><net_sink comp="772" pin=1"/></net>

<net id="1857"><net_src comp="1849" pin="3"/><net_sink comp="800" pin=0"/></net>

<net id="1864"><net_src comp="949" pin="2"/><net_sink comp="1858" pin=2"/></net>

<net id="1865"><net_src comp="1095" pin="1"/><net_sink comp="1858" pin=3"/></net>

<net id="1866"><net_src comp="1858" pin="4"/><net_sink comp="1164" pin=0"/></net>

<net id="1867"><net_src comp="1858" pin="4"/><net_sink comp="1169" pin=0"/></net>

<net id="1873"><net_src comp="928" pin="1"/><net_sink comp="1868" pin=0"/></net>

<net id="1874"><net_src comp="931" pin="1"/><net_sink comp="1868" pin=1"/></net>

<net id="1875"><net_src comp="941" pin="2"/><net_sink comp="1868" pin=2"/></net>

<net id="1876"><net_src comp="1868" pin="3"/><net_sink comp="1136" pin=0"/></net>

<net id="1882"><net_src comp="1234" pin="1"/><net_sink comp="1877" pin=1"/></net>

<net id="1883"><net_src comp="1257" pin="1"/><net_sink comp="1877" pin=2"/></net>

<net id="1884"><net_src comp="1877" pin="3"/><net_sink comp="1422" pin=0"/></net>

<net id="1885"><net_src comp="1877" pin="3"/><net_sink comp="1450" pin=0"/></net>

<net id="1891"><net_src comp="1394" pin="2"/><net_sink comp="1886" pin=2"/></net>

<net id="1892"><net_src comp="1886" pin="3"/><net_sink comp="1589" pin=1"/></net>

<net id="1893"><net_src comp="1886" pin="3"/><net_sink comp="1593" pin=0"/></net>

<net id="1899"><net_src comp="1461" pin="2"/><net_sink comp="1894" pin=0"/></net>

<net id="1900"><net_src comp="1457" pin="1"/><net_sink comp="1894" pin=2"/></net>

<net id="1901"><net_src comp="1894" pin="3"/><net_sink comp="1624" pin=0"/></net>

<net id="1902"><net_src comp="1894" pin="3"/><net_sink comp="1632" pin=1"/></net>

<net id="1908"><net_src comp="1498" pin="2"/><net_sink comp="1903" pin=0"/></net>

<net id="1909"><net_src comp="1550" pin="1"/><net_sink comp="1903" pin=2"/></net>

<net id="1910"><net_src comp="1903" pin="3"/><net_sink comp="1682" pin=0"/></net>

<net id="1916"><net_src comp="1498" pin="2"/><net_sink comp="1911" pin=0"/></net>

<net id="1917"><net_src comp="1491" pin="1"/><net_sink comp="1911" pin=1"/></net>

<net id="1923"><net_src comp="1593" pin="1"/><net_sink comp="1918" pin=0"/></net>

<net id="1924"><net_src comp="1596" pin="1"/><net_sink comp="1918" pin=1"/></net>

<net id="1925"><net_src comp="1715" pin="1"/><net_sink comp="1918" pin=2"/></net>

<net id="1926"><net_src comp="1918" pin="3"/><net_sink comp="1767" pin=0"/></net>

<net id="1932"><net_src comp="1911" pin="3"/><net_sink comp="1927" pin=0"/></net>

<net id="1933"><net_src comp="1702" pin="2"/><net_sink comp="1927" pin=1"/></net>

<net id="1934"><net_src comp="1796" pin="1"/><net_sink comp="1927" pin=2"/></net>

<net id="1935"><net_src comp="1927" pin="3"/><net_sink comp="1826" pin=0"/></net>

<net id="1941"><net_src comp="1936" pin="3"/><net_sink comp="1830" pin=0"/></net>

<net id="1945"><net_src comp="389" pin="2"/><net_sink comp="1942" pin=0"/></net>

<net id="1946"><net_src comp="1942" pin="1"/><net_sink comp="403" pin=0"/></net>

<net id="1950"><net_src comp="395" pin="1"/><net_sink comp="1947" pin=0"/></net>

<net id="1951"><net_src comp="1947" pin="1"/><net_sink comp="459" pin=1"/></net>

<net id="1955"><net_src comp="403" pin="2"/><net_sink comp="1952" pin=0"/></net>

<net id="1956"><net_src comp="1952" pin="1"/><net_sink comp="434" pin=0"/></net>

<net id="1960"><net_src comp="408" pin="1"/><net_sink comp="1957" pin=0"/></net>

<net id="1961"><net_src comp="1957" pin="1"/><net_sink comp="495" pin=0"/></net>

<net id="1965"><net_src comp="412" pin="1"/><net_sink comp="1962" pin=0"/></net>

<net id="1966"><net_src comp="1962" pin="1"/><net_sink comp="488" pin=0"/></net>

<net id="1970"><net_src comp="428" pin="2"/><net_sink comp="1967" pin=0"/></net>

<net id="1971"><net_src comp="1967" pin="1"/><net_sink comp="518" pin=0"/></net>

<net id="1975"><net_src comp="447" pin="1"/><net_sink comp="1972" pin=0"/></net>

<net id="1976"><net_src comp="1972" pin="1"/><net_sink comp="510" pin=0"/></net>

<net id="1977"><net_src comp="1972" pin="1"/><net_sink comp="521" pin=0"/></net>

<net id="1981"><net_src comp="451" pin="1"/><net_sink comp="1978" pin=0"/></net>

<net id="1982"><net_src comp="1978" pin="1"/><net_sink comp="510" pin=1"/></net>

<net id="1986"><net_src comp="455" pin="1"/><net_sink comp="1983" pin=0"/></net>

<net id="1987"><net_src comp="1983" pin="1"/><net_sink comp="530" pin=1"/></net>

<net id="1991"><net_src comp="459" pin="2"/><net_sink comp="1988" pin=0"/></net>

<net id="1992"><net_src comp="1988" pin="1"/><net_sink comp="638" pin=0"/></net>

<net id="1993"><net_src comp="1988" pin="1"/><net_sink comp="776" pin=0"/></net>

<net id="1994"><net_src comp="1988" pin="1"/><net_sink comp="797" pin=0"/></net>

<net id="1998"><net_src comp="464" pin="1"/><net_sink comp="1995" pin=0"/></net>

<net id="1999"><net_src comp="1995" pin="1"/><net_sink comp="634" pin=0"/></net>

<net id="2003"><net_src comp="468" pin="1"/><net_sink comp="2000" pin=0"/></net>

<net id="2004"><net_src comp="2000" pin="1"/><net_sink comp="612" pin=0"/></net>

<net id="2008"><net_src comp="472" pin="1"/><net_sink comp="2005" pin=0"/></net>

<net id="2009"><net_src comp="2005" pin="1"/><net_sink comp="650" pin=0"/></net>

<net id="2013"><net_src comp="476" pin="1"/><net_sink comp="2010" pin=0"/></net>

<net id="2014"><net_src comp="2010" pin="1"/><net_sink comp="788" pin=1"/></net>

<net id="2018"><net_src comp="484" pin="1"/><net_sink comp="2015" pin=0"/></net>

<net id="2019"><net_src comp="2015" pin="1"/><net_sink comp="683" pin=0"/></net>

<net id="2023"><net_src comp="504" pin="2"/><net_sink comp="2020" pin=0"/></net>

<net id="2024"><net_src comp="2020" pin="1"/><net_sink comp="609" pin=0"/></net>

<net id="2025"><net_src comp="2020" pin="1"/><net_sink comp="641" pin=0"/></net>

<net id="2026"><net_src comp="2020" pin="1"/><net_sink comp="720" pin=0"/></net>

<net id="2030"><net_src comp="510" pin="2"/><net_sink comp="2027" pin=0"/></net>

<net id="2031"><net_src comp="2027" pin="1"/><net_sink comp="1849" pin=0"/></net>

<net id="2035"><net_src comp="514" pin="1"/><net_sink comp="2032" pin=0"/></net>

<net id="2036"><net_src comp="2032" pin="1"/><net_sink comp="600" pin=0"/></net>

<net id="2040"><net_src comp="521" pin="2"/><net_sink comp="2037" pin=0"/></net>

<net id="2041"><net_src comp="2037" pin="1"/><net_sink comp="662" pin=0"/></net>

<net id="2045"><net_src comp="535" pin="1"/><net_sink comp="2042" pin=0"/></net>

<net id="2046"><net_src comp="2042" pin="1"/><net_sink comp="1858" pin=0"/></net>

<net id="2050"><net_src comp="539" pin="1"/><net_sink comp="2047" pin=0"/></net>

<net id="2051"><net_src comp="2047" pin="1"/><net_sink comp="1839" pin=0"/></net>

<net id="2052"><net_src comp="2047" pin="1"/><net_sink comp="816" pin=1"/></net>

<net id="2056"><net_src comp="582" pin="2"/><net_sink comp="2053" pin=0"/></net>

<net id="2057"><net_src comp="2053" pin="1"/><net_sink comp="634" pin=1"/></net>

<net id="2061"><net_src comp="592" pin="1"/><net_sink comp="2058" pin=0"/></net>

<net id="2062"><net_src comp="2058" pin="1"/><net_sink comp="1849" pin=0"/></net>

<net id="2066"><net_src comp="605" pin="1"/><net_sink comp="2063" pin=0"/></net>

<net id="2067"><net_src comp="2063" pin="1"/><net_sink comp="772" pin=0"/></net>

<net id="2071"><net_src comp="612" pin="2"/><net_sink comp="2068" pin=0"/></net>

<net id="2072"><net_src comp="2068" pin="1"/><net_sink comp="665" pin=0"/></net>

<net id="2076"><net_src comp="617" pin="1"/><net_sink comp="2073" pin=0"/></net>

<net id="2077"><net_src comp="2073" pin="1"/><net_sink comp="1858" pin=1"/></net>

<net id="2081"><net_src comp="621" pin="1"/><net_sink comp="2078" pin=0"/></net>

<net id="2082"><net_src comp="2078" pin="1"/><net_sink comp="650" pin=1"/></net>

<net id="2086"><net_src comp="625" pin="1"/><net_sink comp="2083" pin=0"/></net>

<net id="2087"><net_src comp="2083" pin="1"/><net_sink comp="924" pin=1"/></net>

<net id="2091"><net_src comp="644" pin="2"/><net_sink comp="2088" pin=0"/></net>

<net id="2092"><net_src comp="2088" pin="1"/><net_sink comp="711" pin=0"/></net>

<net id="2093"><net_src comp="2088" pin="1"/><net_sink comp="729" pin=0"/></net>

<net id="2097"><net_src comp="650" pin="2"/><net_sink comp="2094" pin=0"/></net>

<net id="2098"><net_src comp="2094" pin="1"/><net_sink comp="708" pin=0"/></net>

<net id="2099"><net_src comp="2094" pin="1"/><net_sink comp="749" pin=0"/></net>

<net id="2103"><net_src comp="654" pin="1"/><net_sink comp="2100" pin=0"/></net>

<net id="2104"><net_src comp="2100" pin="1"/><net_sink comp="738" pin=1"/></net>

<net id="2105"><net_src comp="2100" pin="1"/><net_sink comp="949" pin=0"/></net>

<net id="2109"><net_src comp="658" pin="1"/><net_sink comp="2106" pin=0"/></net>

<net id="2110"><net_src comp="2106" pin="1"/><net_sink comp="803" pin=1"/></net>

<net id="2114"><net_src comp="665" pin="2"/><net_sink comp="2111" pin=0"/></net>

<net id="2115"><net_src comp="2111" pin="1"/><net_sink comp="752" pin=0"/></net>

<net id="2119"><net_src comp="670" pin="1"/><net_sink comp="2116" pin=0"/></net>

<net id="2120"><net_src comp="2116" pin="1"/><net_sink comp="865" pin=1"/></net>

<net id="2124"><net_src comp="674" pin="1"/><net_sink comp="2121" pin=0"/></net>

<net id="2125"><net_src comp="2121" pin="1"/><net_sink comp="961" pin=0"/></net>

<net id="2129"><net_src comp="700" pin="1"/><net_sink comp="2126" pin=0"/></net>

<net id="2130"><net_src comp="2126" pin="1"/><net_sink comp="811" pin=0"/></net>

<net id="2134"><net_src comp="704" pin="1"/><net_sink comp="2131" pin=0"/></net>

<net id="2135"><net_src comp="2131" pin="1"/><net_sink comp="779" pin=0"/></net>

<net id="2139"><net_src comp="720" pin="2"/><net_sink comp="2136" pin=0"/></net>

<net id="2140"><net_src comp="2136" pin="1"/><net_sink comp="1000" pin=0"/></net>

<net id="2144"><net_src comp="738" pin="2"/><net_sink comp="2141" pin=0"/></net>

<net id="2145"><net_src comp="2141" pin="1"/><net_sink comp="808" pin=0"/></net>

<net id="2146"><net_src comp="2141" pin="1"/><net_sink comp="827" pin=0"/></net>

<net id="2150"><net_src comp="742" pin="1"/><net_sink comp="2147" pin=0"/></net>

<net id="2151"><net_src comp="2147" pin="1"/><net_sink comp="834" pin=1"/></net>

<net id="2155"><net_src comp="746" pin="1"/><net_sink comp="2152" pin=0"/></net>

<net id="2156"><net_src comp="2152" pin="1"/><net_sink comp="834" pin=0"/></net>

<net id="2160"><net_src comp="772" pin="2"/><net_sink comp="2157" pin=0"/></net>

<net id="2161"><net_src comp="2157" pin="1"/><net_sink comp="861" pin=0"/></net>

<net id="2165"><net_src comp="779" pin="2"/><net_sink comp="2162" pin=0"/></net>

<net id="2166"><net_src comp="2162" pin="1"/><net_sink comp="881" pin=1"/></net>

<net id="2170"><net_src comp="793" pin="1"/><net_sink comp="2167" pin=0"/></net>

<net id="2171"><net_src comp="2167" pin="1"/><net_sink comp="857" pin=0"/></net>

<net id="2175"><net_src comp="797" pin="1"/><net_sink comp="2172" pin=0"/></net>

<net id="2176"><net_src comp="2172" pin="1"/><net_sink comp="857" pin=1"/></net>

<net id="2180"><net_src comp="803" pin="2"/><net_sink comp="2177" pin=0"/></net>

<net id="2181"><net_src comp="2177" pin="1"/><net_sink comp="889" pin=0"/></net>

<net id="2185"><net_src comp="811" pin="2"/><net_sink comp="2182" pin=0"/></net>

<net id="2186"><net_src comp="2182" pin="1"/><net_sink comp="861" pin=1"/></net>

<net id="2190"><net_src comp="816" pin="2"/><net_sink comp="2187" pin=0"/></net>

<net id="2191"><net_src comp="2187" pin="1"/><net_sink comp="1016" pin=0"/></net>

<net id="2195"><net_src comp="821" pin="2"/><net_sink comp="2192" pin=0"/></net>

<net id="2196"><net_src comp="2192" pin="1"/><net_sink comp="873" pin=0"/></net>

<net id="2200"><net_src comp="830" pin="1"/><net_sink comp="2197" pin=0"/></net>

<net id="2201"><net_src comp="2197" pin="1"/><net_sink comp="865" pin=0"/></net>

<net id="2205"><net_src comp="834" pin="2"/><net_sink comp="2202" pin=0"/></net>

<net id="2206"><net_src comp="2202" pin="1"/><net_sink comp="954" pin=1"/></net>

<net id="2210"><net_src comp="838" pin="1"/><net_sink comp="2207" pin=0"/></net>

<net id="2211"><net_src comp="2207" pin="1"/><net_sink comp="876" pin=0"/></net>

<net id="2212"><net_src comp="2207" pin="1"/><net_sink comp="1012" pin=1"/></net>

<net id="2213"><net_src comp="2207" pin="1"/><net_sink comp="1091" pin=1"/></net>

<net id="2217"><net_src comp="842" pin="2"/><net_sink comp="2214" pin=0"/></net>

<net id="2218"><net_src comp="2214" pin="1"/><net_sink comp="881" pin=0"/></net>

<net id="2222"><net_src comp="848" pin="1"/><net_sink comp="2219" pin=0"/></net>

<net id="2223"><net_src comp="2219" pin="1"/><net_sink comp="1003" pin=0"/></net>

<net id="2227"><net_src comp="861" pin="2"/><net_sink comp="2224" pin=0"/></net>

<net id="2228"><net_src comp="2224" pin="1"/><net_sink comp="1117" pin=0"/></net>

<net id="2232"><net_src comp="869" pin="1"/><net_sink comp="2229" pin=0"/></net>

<net id="2233"><net_src comp="2229" pin="1"/><net_sink comp="924" pin=0"/></net>

<net id="2237"><net_src comp="876" pin="2"/><net_sink comp="2234" pin=0"/></net>

<net id="2238"><net_src comp="2234" pin="1"/><net_sink comp="935" pin=0"/></net>

<net id="2239"><net_src comp="2234" pin="1"/><net_sink comp="938" pin=0"/></net>

<net id="2240"><net_src comp="2234" pin="1"/><net_sink comp="946" pin=0"/></net>

<net id="2241"><net_src comp="2234" pin="1"/><net_sink comp="958" pin=0"/></net>

<net id="2245"><net_src comp="881" pin="2"/><net_sink comp="2242" pin=0"/></net>

<net id="2246"><net_src comp="2242" pin="1"/><net_sink comp="928" pin=0"/></net>

<net id="2250"><net_src comp="885" pin="1"/><net_sink comp="2247" pin=0"/></net>

<net id="2251"><net_src comp="2247" pin="1"/><net_sink comp="941" pin=0"/></net>

<net id="2255"><net_src comp="898" pin="1"/><net_sink comp="2252" pin=0"/></net>

<net id="2256"><net_src comp="2252" pin="1"/><net_sink comp="954" pin=0"/></net>

<net id="2260"><net_src comp="902" pin="1"/><net_sink comp="2257" pin=0"/></net>

<net id="2261"><net_src comp="2257" pin="1"/><net_sink comp="1062" pin=0"/></net>

<net id="2262"><net_src comp="2257" pin="1"/><net_sink comp="1074" pin=0"/></net>

<net id="2263"><net_src comp="2257" pin="1"/><net_sink comp="1082" pin=0"/></net>

<net id="2267"><net_src comp="906" pin="1"/><net_sink comp="2264" pin=0"/></net>

<net id="2268"><net_src comp="2264" pin="1"/><net_sink comp="974" pin=0"/></net>

<net id="2272"><net_src comp="910" pin="1"/><net_sink comp="2269" pin=0"/></net>

<net id="2273"><net_src comp="2269" pin="1"/><net_sink comp="1087" pin=1"/></net>

<net id="2277"><net_src comp="924" pin="2"/><net_sink comp="2274" pin=0"/></net>

<net id="2278"><net_src comp="2274" pin="1"/><net_sink comp="1019" pin=0"/></net>

<net id="2282"><net_src comp="941" pin="2"/><net_sink comp="2279" pin=0"/></net>

<net id="2283"><net_src comp="2279" pin="1"/><net_sink comp="1868" pin=1"/></net>

<net id="2287"><net_src comp="949" pin="2"/><net_sink comp="2284" pin=0"/></net>

<net id="2288"><net_src comp="2284" pin="1"/><net_sink comp="1858" pin=0"/></net>

<net id="2292"><net_src comp="954" pin="2"/><net_sink comp="2289" pin=0"/></net>

<net id="2293"><net_src comp="2289" pin="1"/><net_sink comp="1032" pin=0"/></net>

<net id="2297"><net_src comp="966" pin="1"/><net_sink comp="2294" pin=0"/></net>

<net id="2298"><net_src comp="2294" pin="1"/><net_sink comp="1066" pin=0"/></net>

<net id="2299"><net_src comp="2294" pin="1"/><net_sink comp="1066" pin=1"/></net>

<net id="2303"><net_src comp="970" pin="1"/><net_sink comp="2300" pin=0"/></net>

<net id="2304"><net_src comp="2300" pin="1"/><net_sink comp="1012" pin=0"/></net>

<net id="2308"><net_src comp="974" pin="2"/><net_sink comp="2305" pin=0"/></net>

<net id="2309"><net_src comp="2305" pin="1"/><net_sink comp="1041" pin=1"/></net>

<net id="2313"><net_src comp="979" pin="1"/><net_sink comp="2310" pin=0"/></net>

<net id="2314"><net_src comp="2310" pin="1"/><net_sink comp="1070" pin=1"/></net>

<net id="2318"><net_src comp="983" pin="1"/><net_sink comp="2315" pin=0"/></net>

<net id="2319"><net_src comp="2315" pin="1"/><net_sink comp="1041" pin=0"/></net>

<net id="2323"><net_src comp="987" pin="1"/><net_sink comp="2320" pin=0"/></net>

<net id="2324"><net_src comp="2320" pin="1"/><net_sink comp="1185" pin=1"/></net>

<net id="2328"><net_src comp="991" pin="1"/><net_sink comp="2325" pin=0"/></net>

<net id="2329"><net_src comp="2325" pin="1"/><net_sink comp="1261" pin=0"/></net>

<net id="2333"><net_src comp="1003" pin="2"/><net_sink comp="2330" pin=0"/></net>

<net id="2334"><net_src comp="2330" pin="1"/><net_sink comp="1175" pin=0"/></net>

<net id="2338"><net_src comp="1008" pin="1"/><net_sink comp="2335" pin=0"/></net>

<net id="2339"><net_src comp="2335" pin="1"/><net_sink comp="1062" pin=1"/></net>

<net id="2340"><net_src comp="2335" pin="1"/><net_sink comp="1074" pin=1"/></net>

<net id="2344"><net_src comp="1022" pin="2"/><net_sink comp="2341" pin=0"/></net>

<net id="2345"><net_src comp="2341" pin="1"/><net_sink comp="1103" pin=0"/></net>

<net id="2349"><net_src comp="1032" pin="2"/><net_sink comp="2346" pin=0"/></net>

<net id="2350"><net_src comp="2346" pin="1"/><net_sink comp="1200" pin=0"/></net>

<net id="2354"><net_src comp="1037" pin="1"/><net_sink comp="2351" pin=0"/></net>

<net id="2355"><net_src comp="2351" pin="1"/><net_sink comp="1070" pin=0"/></net>

<net id="2356"><net_src comp="2351" pin="1"/><net_sink comp="1149" pin=1"/></net>

<net id="2360"><net_src comp="1041" pin="2"/><net_sink comp="2357" pin=0"/></net>

<net id="2361"><net_src comp="2357" pin="1"/><net_sink comp="1133" pin=0"/></net>

<net id="2365"><net_src comp="1045" pin="1"/><net_sink comp="2362" pin=0"/></net>

<net id="2366"><net_src comp="2362" pin="1"/><net_sink comp="1087" pin=0"/></net>

<net id="2370"><net_src comp="1049" pin="1"/><net_sink comp="2367" pin=0"/></net>

<net id="2371"><net_src comp="2367" pin="1"/><net_sink comp="1091" pin=0"/></net>

<net id="2375"><net_src comp="1053" pin="1"/><net_sink comp="2372" pin=0"/></net>

<net id="2376"><net_src comp="2372" pin="1"/><net_sink comp="1426" pin=0"/></net>

<net id="2380"><net_src comp="1070" pin="2"/><net_sink comp="2377" pin=0"/></net>

<net id="2381"><net_src comp="2377" pin="1"/><net_sink comp="1120" pin=0"/></net>

<net id="2382"><net_src comp="2377" pin="1"/><net_sink comp="1149" pin=0"/></net>

<net id="2383"><net_src comp="2377" pin="1"/><net_sink comp="1161" pin=0"/></net>

<net id="2387"><net_src comp="1074" pin="2"/><net_sink comp="2384" pin=0"/></net>

<net id="2388"><net_src comp="2384" pin="1"/><net_sink comp="1197" pin=0"/></net>

<net id="2392"><net_src comp="1082" pin="2"/><net_sink comp="2389" pin=0"/></net>

<net id="2393"><net_src comp="2389" pin="1"/><net_sink comp="1240" pin=0"/></net>

<net id="2397"><net_src comp="1091" pin="2"/><net_sink comp="2394" pin=0"/></net>

<net id="2398"><net_src comp="2394" pin="1"/><net_sink comp="1234" pin=0"/></net>

<net id="2399"><net_src comp="2394" pin="1"/><net_sink comp="1311" pin=1"/></net>

<net id="2403"><net_src comp="1095" pin="1"/><net_sink comp="2400" pin=0"/></net>

<net id="2404"><net_src comp="2400" pin="1"/><net_sink comp="1858" pin=1"/></net>

<net id="2408"><net_src comp="1868" pin="3"/><net_sink comp="2405" pin=0"/></net>

<net id="2409"><net_src comp="2405" pin="1"/><net_sink comp="1189" pin=0"/></net>

<net id="2410"><net_src comp="2405" pin="1"/><net_sink comp="1189" pin=1"/></net>

<net id="2414"><net_src comp="1129" pin="1"/><net_sink comp="2411" pin=0"/></net>

<net id="2415"><net_src comp="2411" pin="1"/><net_sink comp="1172" pin=0"/></net>

<net id="2419"><net_src comp="1133" pin="1"/><net_sink comp="2416" pin=0"/></net>

<net id="2420"><net_src comp="2416" pin="1"/><net_sink comp="1290" pin=1"/></net>

<net id="2421"><net_src comp="2416" pin="1"/><net_sink comp="1353" pin=1"/></net>

<net id="2425"><net_src comp="1139" pin="2"/><net_sink comp="2422" pin=0"/></net>

<net id="2426"><net_src comp="2422" pin="1"/><net_sink comp="1209" pin=0"/></net>

<net id="2430"><net_src comp="1145" pin="1"/><net_sink comp="2427" pin=0"/></net>

<net id="2431"><net_src comp="2427" pin="1"/><net_sink comp="1185" pin=0"/></net>

<net id="2432"><net_src comp="2427" pin="1"/><net_sink comp="1494" pin=1"/></net>

<net id="2436"><net_src comp="1149" pin="2"/><net_sink comp="2433" pin=0"/></net>

<net id="2437"><net_src comp="2433" pin="1"/><net_sink comp="1302" pin=0"/></net>

<net id="2438"><net_src comp="2433" pin="1"/><net_sink comp="1315" pin=0"/></net>

<net id="2442"><net_src comp="1153" pin="1"/><net_sink comp="2439" pin=0"/></net>

<net id="2443"><net_src comp="2439" pin="1"/><net_sink comp="1877" pin=0"/></net>

<net id="2447"><net_src comp="1157" pin="1"/><net_sink comp="2444" pin=0"/></net>

<net id="2448"><net_src comp="2444" pin="1"/><net_sink comp="1886" pin=0"/></net>

<net id="2452"><net_src comp="1164" pin="2"/><net_sink comp="2449" pin=0"/></net>

<net id="2453"><net_src comp="2449" pin="1"/><net_sink comp="1281" pin=0"/></net>

<net id="2454"><net_src comp="2449" pin="1"/><net_sink comp="1405" pin=1"/></net>

<net id="2458"><net_src comp="1169" pin="1"/><net_sink comp="2455" pin=0"/></net>

<net id="2459"><net_src comp="2455" pin="1"/><net_sink comp="1253" pin=0"/></net>

<net id="2463"><net_src comp="1185" pin="2"/><net_sink comp="2460" pin=0"/></net>

<net id="2464"><net_src comp="2460" pin="1"/><net_sink comp="1237" pin=0"/></net>

<net id="2468"><net_src comp="1189" pin="2"/><net_sink comp="2465" pin=0"/></net>

<net id="2469"><net_src comp="2465" pin="1"/><net_sink comp="1327" pin=1"/></net>

<net id="2473"><net_src comp="1193" pin="1"/><net_sink comp="2470" pin=0"/></net>

<net id="2474"><net_src comp="2470" pin="1"/><net_sink comp="1261" pin=1"/></net>

<net id="2475"><net_src comp="2470" pin="1"/><net_sink comp="1265" pin=1"/></net>

<net id="2479"><net_src comp="1205" pin="1"/><net_sink comp="2476" pin=0"/></net>

<net id="2480"><net_src comp="2476" pin="1"/><net_sink comp="1290" pin=0"/></net>

<net id="2484"><net_src comp="1209" pin="2"/><net_sink comp="2481" pin=0"/></net>

<net id="2485"><net_src comp="2481" pin="1"/><net_sink comp="1245" pin=0"/></net>

<net id="2489"><net_src comp="1214" pin="1"/><net_sink comp="2486" pin=0"/></net>

<net id="2490"><net_src comp="2486" pin="1"/><net_sink comp="1245" pin=1"/></net>

<net id="2494"><net_src comp="1218" pin="1"/><net_sink comp="2491" pin=0"/></net>

<net id="2495"><net_src comp="2491" pin="1"/><net_sink comp="1253" pin=1"/></net>

<net id="2499"><net_src comp="1222" pin="1"/><net_sink comp="2496" pin=0"/></net>

<net id="2500"><net_src comp="2496" pin="1"/><net_sink comp="1422" pin=1"/></net>

<net id="2504"><net_src comp="1226" pin="1"/><net_sink comp="2501" pin=0"/></net>

<net id="2505"><net_src comp="2501" pin="1"/><net_sink comp="1894" pin=1"/></net>

<net id="2509"><net_src comp="1230" pin="1"/><net_sink comp="2506" pin=0"/></net>

<net id="2510"><net_src comp="2506" pin="1"/><net_sink comp="1394" pin=0"/></net>

<net id="2514"><net_src comp="1234" pin="1"/><net_sink comp="2511" pin=0"/></net>

<net id="2515"><net_src comp="2511" pin="1"/><net_sink comp="1318" pin=0"/></net>

<net id="2519"><net_src comp="1237" pin="1"/><net_sink comp="2516" pin=0"/></net>

<net id="2520"><net_src comp="2516" pin="1"/><net_sink comp="1886" pin=1"/></net>

<net id="2524"><net_src comp="1240" pin="2"/><net_sink comp="2521" pin=0"/></net>

<net id="2525"><net_src comp="2521" pin="1"/><net_sink comp="1311" pin=0"/></net>

<net id="2529"><net_src comp="1245" pin="2"/><net_sink comp="2526" pin=0"/></net>

<net id="2530"><net_src comp="2526" pin="1"/><net_sink comp="1278" pin=0"/></net>

<net id="2534"><net_src comp="1249" pin="1"/><net_sink comp="2531" pin=0"/></net>

<net id="2535"><net_src comp="2531" pin="1"/><net_sink comp="1461" pin=1"/></net>

<net id="2539"><net_src comp="1253" pin="2"/><net_sink comp="2536" pin=0"/></net>

<net id="2540"><net_src comp="2536" pin="1"/><net_sink comp="1361" pin=0"/></net>

<net id="2541"><net_src comp="2536" pin="1"/><net_sink comp="1402" pin=0"/></net>

<net id="2542"><net_src comp="2536" pin="1"/><net_sink comp="1491" pin=0"/></net>

<net id="2546"><net_src comp="1257" pin="1"/><net_sink comp="2543" pin=0"/></net>

<net id="2547"><net_src comp="2543" pin="1"/><net_sink comp="1877" pin=1"/></net>

<net id="2551"><net_src comp="1265" pin="2"/><net_sink comp="2548" pin=0"/></net>

<net id="2552"><net_src comp="2548" pin="1"/><net_sink comp="1364" pin=0"/></net>

<net id="2556"><net_src comp="1270" pin="1"/><net_sink comp="2553" pin=0"/></net>

<net id="2557"><net_src comp="2553" pin="1"/><net_sink comp="1469" pin=0"/></net>

<net id="2561"><net_src comp="1274" pin="1"/><net_sink comp="2558" pin=0"/></net>

<net id="2562"><net_src comp="2558" pin="1"/><net_sink comp="1348" pin=1"/></net>

<net id="2566"><net_src comp="1294" pin="1"/><net_sink comp="2563" pin=0"/></net>

<net id="2567"><net_src comp="2563" pin="1"/><net_sink comp="1353" pin=0"/></net>

<net id="2571"><net_src comp="1305" pin="2"/><net_sink comp="2568" pin=0"/></net>

<net id="2572"><net_src comp="2568" pin="1"/><net_sink comp="1376" pin=0"/></net>

<net id="2576"><net_src comp="1311" pin="2"/><net_sink comp="2573" pin=0"/></net>

<net id="2577"><net_src comp="2573" pin="1"/><net_sink comp="1577" pin=1"/></net>

<net id="2581"><net_src comp="1318" pin="2"/><net_sink comp="2578" pin=0"/></net>

<net id="2582"><net_src comp="2578" pin="1"/><net_sink comp="1385" pin=1"/></net>

<net id="2586"><net_src comp="1327" pin="2"/><net_sink comp="2583" pin=0"/></net>

<net id="2587"><net_src comp="2583" pin="1"/><net_sink comp="1409" pin=0"/></net>

<net id="2588"><net_src comp="2583" pin="1"/><net_sink comp="1515" pin=0"/></net>

<net id="2592"><net_src comp="1332" pin="1"/><net_sink comp="2589" pin=0"/></net>

<net id="2593"><net_src comp="2589" pin="1"/><net_sink comp="1503" pin=0"/></net>

<net id="2597"><net_src comp="1336" pin="1"/><net_sink comp="2594" pin=0"/></net>

<net id="2598"><net_src comp="2594" pin="1"/><net_sink comp="1367" pin=0"/></net>

<net id="2602"><net_src comp="1344" pin="1"/><net_sink comp="2599" pin=0"/></net>

<net id="2603"><net_src comp="2599" pin="1"/><net_sink comp="1394" pin=1"/></net>

<net id="2607"><net_src comp="1348" pin="2"/><net_sink comp="2604" pin=0"/></net>

<net id="2608"><net_src comp="2604" pin="1"/><net_sink comp="1473" pin=1"/></net>

<net id="2612"><net_src comp="1353" pin="2"/><net_sink comp="2609" pin=0"/></net>

<net id="2613"><net_src comp="2609" pin="1"/><net_sink comp="1405" pin=0"/></net>

<net id="2617"><net_src comp="1357" pin="1"/><net_sink comp="2614" pin=0"/></net>

<net id="2618"><net_src comp="2614" pin="1"/><net_sink comp="1461" pin=0"/></net>

<net id="2622"><net_src comp="1367" pin="2"/><net_sink comp="2619" pin=0"/></net>

<net id="2623"><net_src comp="2619" pin="1"/><net_sink comp="1434" pin=0"/></net>

<net id="2627"><net_src comp="1372" pin="1"/><net_sink comp="2624" pin=0"/></net>

<net id="2628"><net_src comp="2624" pin="1"/><net_sink comp="1426" pin=1"/></net>

<net id="2632"><net_src comp="1376" pin="2"/><net_sink comp="2629" pin=0"/></net>

<net id="2633"><net_src comp="2629" pin="1"/><net_sink comp="1437" pin=0"/></net>

<net id="2637"><net_src comp="1385" pin="2"/><net_sink comp="2634" pin=0"/></net>

<net id="2638"><net_src comp="2634" pin="1"/><net_sink comp="1546" pin=0"/></net>

<net id="2642"><net_src comp="1390" pin="1"/><net_sink comp="2639" pin=0"/></net>

<net id="2643"><net_src comp="2639" pin="1"/><net_sink comp="1507" pin=1"/></net>

<net id="2644"><net_src comp="2639" pin="1"/><net_sink comp="1546" pin=1"/></net>

<net id="2648"><net_src comp="1394" pin="2"/><net_sink comp="2645" pin=0"/></net>

<net id="2649"><net_src comp="2645" pin="1"/><net_sink comp="1886" pin=0"/></net>

<net id="2653"><net_src comp="1398" pin="1"/><net_sink comp="2650" pin=0"/></net>

<net id="2654"><net_src comp="2650" pin="1"/><net_sink comp="1469" pin=1"/></net>

<net id="2658"><net_src comp="1418" pin="1"/><net_sink comp="2655" pin=0"/></net>

<net id="2659"><net_src comp="2655" pin="1"/><net_sink comp="1498" pin=0"/></net>

<net id="2660"><net_src comp="2655" pin="1"/><net_sink comp="1503" pin=1"/></net>

<net id="2661"><net_src comp="2655" pin="1"/><net_sink comp="1541" pin=1"/></net>

<net id="2665"><net_src comp="1422" pin="2"/><net_sink comp="2662" pin=0"/></net>

<net id="2666"><net_src comp="2662" pin="1"/><net_sink comp="1532" pin=1"/></net>

<net id="2670"><net_src comp="1426" pin="2"/><net_sink comp="2667" pin=0"/></net>

<net id="2671"><net_src comp="2667" pin="1"/><net_sink comp="1494" pin=0"/></net>

<net id="2675"><net_src comp="1430" pin="1"/><net_sink comp="2672" pin=0"/></net>

<net id="2676"><net_src comp="2672" pin="1"/><net_sink comp="1518" pin=0"/></net>

<net id="2680"><net_src comp="1437" pin="2"/><net_sink comp="2677" pin=0"/></net>

<net id="2681"><net_src comp="2677" pin="1"/><net_sink comp="1639" pin=1"/></net>

<net id="2685"><net_src comp="1442" pin="1"/><net_sink comp="2682" pin=0"/></net>

<net id="2686"><net_src comp="2682" pin="1"/><net_sink comp="1507" pin=0"/></net>

<net id="2690"><net_src comp="1446" pin="1"/><net_sink comp="2687" pin=0"/></net>

<net id="2691"><net_src comp="2687" pin="1"/><net_sink comp="1903" pin=1"/></net>

<net id="2692"><net_src comp="2687" pin="1"/><net_sink comp="1589" pin=0"/></net>

<net id="2696"><net_src comp="1450" pin="1"/><net_sink comp="2693" pin=0"/></net>

<net id="2697"><net_src comp="2693" pin="1"/><net_sink comp="1511" pin=1"/></net>

<net id="2701"><net_src comp="1453" pin="1"/><net_sink comp="2698" pin=0"/></net>

<net id="2702"><net_src comp="2698" pin="1"/><net_sink comp="1511" pin=0"/></net>

<net id="2703"><net_src comp="2698" pin="1"/><net_sink comp="1527" pin=0"/></net>

<net id="2707"><net_src comp="1457" pin="1"/><net_sink comp="2704" pin=0"/></net>

<net id="2708"><net_src comp="2704" pin="1"/><net_sink comp="1894" pin=0"/></net>

<net id="2712"><net_src comp="1465" pin="1"/><net_sink comp="2709" pin=0"/></net>

<net id="2713"><net_src comp="2709" pin="1"/><net_sink comp="1584" pin=0"/></net>

<net id="2717"><net_src comp="1473" pin="2"/><net_sink comp="2714" pin=0"/></net>

<net id="2718"><net_src comp="2714" pin="1"/><net_sink comp="1665" pin=0"/></net>

<net id="2719"><net_src comp="2714" pin="1"/><net_sink comp="1699" pin=0"/></net>

<net id="2723"><net_src comp="1478" pin="1"/><net_sink comp="2720" pin=0"/></net>

<net id="2724"><net_src comp="2720" pin="1"/><net_sink comp="1651" pin=0"/></net>

<net id="2728"><net_src comp="1482" pin="1"/><net_sink comp="2725" pin=0"/></net>

<net id="2729"><net_src comp="2725" pin="1"/><net_sink comp="1911" pin=1"/></net>

<net id="2733"><net_src comp="1494" pin="2"/><net_sink comp="2730" pin=0"/></net>

<net id="2734"><net_src comp="2730" pin="1"/><net_sink comp="1581" pin=0"/></net>

<net id="2738"><net_src comp="1503" pin="2"/><net_sink comp="2735" pin=0"/></net>

<net id="2739"><net_src comp="2735" pin="1"/><net_sink comp="1577" pin=0"/></net>

<net id="2743"><net_src comp="1511" pin="2"/><net_sink comp="2740" pin=0"/></net>

<net id="2744"><net_src comp="2740" pin="1"/><net_sink comp="1627" pin=1"/></net>

<net id="2748"><net_src comp="1527" pin="2"/><net_sink comp="2745" pin=0"/></net>

<net id="2749"><net_src comp="2745" pin="1"/><net_sink comp="1596" pin=0"/></net>

<net id="2753"><net_src comp="1546" pin="2"/><net_sink comp="2750" pin=0"/></net>

<net id="2754"><net_src comp="2750" pin="1"/><net_sink comp="1732" pin=1"/></net>

<net id="2755"><net_src comp="2750" pin="1"/><net_sink comp="1936" pin=0"/></net>

<net id="2759"><net_src comp="1550" pin="1"/><net_sink comp="2756" pin=0"/></net>

<net id="2760"><net_src comp="2756" pin="1"/><net_sink comp="1903" pin=0"/></net>

<net id="2764"><net_src comp="1554" pin="1"/><net_sink comp="2761" pin=0"/></net>

<net id="2765"><net_src comp="2761" pin="1"/><net_sink comp="1632" pin=0"/></net>

<net id="2769"><net_src comp="1558" pin="1"/><net_sink comp="2766" pin=0"/></net>

<net id="2770"><net_src comp="2766" pin="1"/><net_sink comp="1656" pin=1"/></net>

<net id="2774"><net_src comp="1584" pin="2"/><net_sink comp="2771" pin=0"/></net>

<net id="2775"><net_src comp="2771" pin="1"/><net_sink comp="1677" pin=0"/></net>

<net id="2779"><net_src comp="1589" pin="2"/><net_sink comp="2776" pin=0"/></net>

<net id="2780"><net_src comp="2776" pin="1"/><net_sink comp="1636" pin=0"/></net>

<net id="2784"><net_src comp="1593" pin="1"/><net_sink comp="2781" pin=0"/></net>

<net id="2785"><net_src comp="2781" pin="1"/><net_sink comp="1918" pin=0"/></net>

<net id="2789"><net_src comp="1596" pin="1"/><net_sink comp="2786" pin=0"/></net>

<net id="2790"><net_src comp="2786" pin="1"/><net_sink comp="1918" pin=1"/></net>

<net id="2794"><net_src comp="1599" pin="1"/><net_sink comp="2791" pin=0"/></net>

<net id="2795"><net_src comp="2791" pin="1"/><net_sink comp="1685" pin=0"/></net>

<net id="2799"><net_src comp="1603" pin="1"/><net_sink comp="2796" pin=0"/></net>

<net id="2800"><net_src comp="2796" pin="1"/><net_sink comp="1690" pin=1"/></net>

<net id="2804"><net_src comp="1607" pin="1"/><net_sink comp="2801" pin=0"/></net>

<net id="2805"><net_src comp="2801" pin="1"/><net_sink comp="1702" pin=0"/></net>

<net id="2809"><net_src comp="1611" pin="1"/><net_sink comp="2806" pin=0"/></net>

<net id="2810"><net_src comp="2806" pin="1"/><net_sink comp="1639" pin=0"/></net>

<net id="2811"><net_src comp="2806" pin="1"/><net_sink comp="1695" pin=1"/></net>

<net id="2815"><net_src comp="1615" pin="1"/><net_sink comp="2812" pin=0"/></net>

<net id="2816"><net_src comp="2812" pin="1"/><net_sink comp="1727" pin=1"/></net>

<net id="2820"><net_src comp="1627" pin="2"/><net_sink comp="2817" pin=0"/></net>

<net id="2821"><net_src comp="2817" pin="1"/><net_sink comp="1674" pin=0"/></net>

<net id="2825"><net_src comp="1632" pin="2"/><net_sink comp="2822" pin=0"/></net>

<net id="2826"><net_src comp="2822" pin="1"/><net_sink comp="1707" pin=0"/></net>

<net id="2827"><net_src comp="2822" pin="1"/><net_sink comp="1755" pin=0"/></net>

<net id="2831"><net_src comp="1639" pin="2"/><net_sink comp="2828" pin=0"/></net>

<net id="2832"><net_src comp="2828" pin="1"/><net_sink comp="1695" pin=0"/></net>

<net id="2836"><net_src comp="1643" pin="1"/><net_sink comp="2833" pin=0"/></net>

<net id="2837"><net_src comp="2833" pin="1"/><net_sink comp="1710" pin=0"/></net>

<net id="2838"><net_src comp="2833" pin="1"/><net_sink comp="1803" pin=0"/></net>

<net id="2842"><net_src comp="1656" pin="2"/><net_sink comp="2839" pin=0"/></net>

<net id="2843"><net_src comp="2839" pin="1"/><net_sink comp="1740" pin=1"/></net>

<net id="2847"><net_src comp="1661" pin="1"/><net_sink comp="2844" pin=0"/></net>

<net id="2848"><net_src comp="2844" pin="1"/><net_sink comp="1830" pin=1"/></net>

<net id="2852"><net_src comp="1665" pin="1"/><net_sink comp="2849" pin=0"/></net>

<net id="2853"><net_src comp="2849" pin="1"/><net_sink comp="1936" pin=1"/></net>

<net id="2857"><net_src comp="1668" pin="2"/><net_sink comp="2854" pin=0"/></net>

<net id="2858"><net_src comp="2854" pin="1"/><net_sink comp="1732" pin=0"/></net>

<net id="2862"><net_src comp="1903" pin="3"/><net_sink comp="2859" pin=0"/></net>

<net id="2863"><net_src comp="2859" pin="1"/><net_sink comp="1788" pin=1"/></net>

<net id="2867"><net_src comp="1695" pin="2"/><net_sink comp="2864" pin=0"/></net>

<net id="2868"><net_src comp="2864" pin="1"/><net_sink comp="1758" pin=0"/></net>

<net id="2872"><net_src comp="1702" pin="2"/><net_sink comp="2869" pin=0"/></net>

<net id="2873"><net_src comp="2869" pin="1"/><net_sink comp="1927" pin=1"/></net>

<net id="2877"><net_src comp="1911" pin="3"/><net_sink comp="2874" pin=0"/></net>

<net id="2878"><net_src comp="2874" pin="1"/><net_sink comp="1927" pin=0"/></net>

<net id="2882"><net_src comp="1707" pin="1"/><net_sink comp="2879" pin=0"/></net>

<net id="2883"><net_src comp="2879" pin="1"/><net_sink comp="1778" pin=1"/></net>

<net id="2887"><net_src comp="1710" pin="2"/><net_sink comp="2884" pin=0"/></net>

<net id="2888"><net_src comp="2884" pin="1"/><net_sink comp="1792" pin=1"/></net>

<net id="2892"><net_src comp="1715" pin="1"/><net_sink comp="2889" pin=0"/></net>

<net id="2893"><net_src comp="2889" pin="1"/><net_sink comp="1918" pin=0"/></net>

<net id="2897"><net_src comp="1719" pin="1"/><net_sink comp="2894" pin=0"/></net>

<net id="2898"><net_src comp="2894" pin="1"/><net_sink comp="1770" pin=0"/></net>

<net id="2902"><net_src comp="1727" pin="2"/><net_sink comp="2899" pin=0"/></net>

<net id="2903"><net_src comp="2899" pin="1"/><net_sink comp="1808" pin=0"/></net>

<net id="2907"><net_src comp="1732" pin="2"/><net_sink comp="2904" pin=0"/></net>

<net id="2908"><net_src comp="2904" pin="1"/><net_sink comp="1775" pin=0"/></net>

<net id="2912"><net_src comp="1736" pin="1"/><net_sink comp="2909" pin=0"/></net>

<net id="2913"><net_src comp="2909" pin="1"/><net_sink comp="1936" pin=0"/></net>

<net id="2917"><net_src comp="1770" pin="2"/><net_sink comp="2914" pin=0"/></net>

<net id="2918"><net_src comp="2914" pin="1"/><net_sink comp="1788" pin=0"/></net>

<net id="2922"><net_src comp="1778" pin="2"/><net_sink comp="2919" pin=0"/></net>

<net id="2923"><net_src comp="2919" pin="1"/><net_sink comp="1792" pin=0"/></net>

<net id="2927"><net_src comp="1788" pin="2"/><net_sink comp="2924" pin=0"/></net>

<net id="2928"><net_src comp="2924" pin="1"/><net_sink comp="1800" pin=0"/></net>

<net id="2932"><net_src comp="1792" pin="2"/><net_sink comp="2929" pin=0"/></net>

<net id="2933"><net_src comp="2929" pin="1"/><net_sink comp="1811" pin=0"/></net>

<net id="2937"><net_src comp="1796" pin="1"/><net_sink comp="2934" pin=0"/></net>

<net id="2938"><net_src comp="2934" pin="1"/><net_sink comp="1927" pin=0"/></net>

</net_list>

</model> 
---------------- Datapath Model END ------------------

* FSMD analyzer results:
  - Output states:
	Port: out_data_0 | {5 }
	Port: out_data_1 | {4 }
	Port: out_data_2 | {6 }
	Port: out_data_3 | {7 }
	Port: out_data_4 | {8 }
	Port: out_data_5 | {7 }
	Port: out_data_6 | {9 }
	Port: out_data_7 | {9 }
	Port: out_data_8 | {7 }
	Port: out_data_9 | {10 }
	Port: out_data_10 | {11 }
	Port: out_data_11 | {14 }
	Port: out_data_12 | {12 }
	Port: out_data_13 | {18 }
	Port: out_data_14 | {20 }
	Port: out_data_15 | {19 }
	Port: out_data_16 | {19 }
	Port: out_data_17 | {19 }
	Port: out_data_18 | {22 }
	Port: out_data_19 | {23 }
	Port: out_data_20 | {25 }
	Port: out_data_21 | {26 }
	Port: out_data_22 | {22 }
	Port: out_data_23 | {25 }
	Port: out_data_24 | {25 }
 - Input state : 
	Port: case_11 : in_data_5 | {3 }
	Port: case_11 : in_data_6 | {1 }
	Port: case_11 : in_data_7 | {4 }
	Port: case_11 : in_data_8 | {4 }
	Port: case_11 : in_data_9 | {2 }
	Port: case_11 : in_data_12 | {7 }
	Port: case_11 : in_data_14 | {5 }
	Port: case_11 : in_data_15 | {1 }
	Port: case_11 : in_data_17 | {5 }
	Port: case_11 : in_data_18 | {3 }
	Port: case_11 : in_data_20 | {5 }
	Port: case_11 : in_data_21 | {5 }
	Port: case_11 : in_data_22 | {3 }
	Port: case_11 : in_data_23 | {4 }
  - Chain level:
	State 1
		mul_ln229 : 1
	State 2
		m27 : 1
	State 3
		sext_ln227_1 : 1
		m25 : 2
		sext_ln231_1 : 1
		m29 : 2
		trunc_ln237 : 3
		trunc_ln239 : 3
		m37 : 4
		trunc_ln245 : 3
		trunc_ln246 : 3
		trunc_ln250 : 3
		trunc_ln254 : 3
	State 4
		m28 : 1
		m31 : 1
		sext_ln234 : 2
		m32 : 3
		m40 : 1
		m41 : 1
		trunc_ln294_1 : 1
		trunc_ln253 : 2
		m51 : 3
		sext_ln385 : 2
		write_ln385 : 3
	State 5
		sext_ln232 : 1
		sext_ln232_1 : 1
		m30 : 2
		m33 : 1
		sext_ln238 : 1
		m36 : 2
		trunc_ln240 : 3
		m38 : 4
		trunc_ln241 : 2
		m39 : 3
		m44 : 1
		trunc_ln250_1 : 3
		trunc_ln267 : 2
		sext_ln384 : 4
		write_ln384 : 5
	State 6
		m47 : 1
		trunc_ln257 : 2
		trunc_ln258 : 1
		m61 : 1
		trunc_ln266 : 2
		trunc_ln279 : 2
		sext_ln386 : 1
		write_ln386 : 2
	State 7
		zext_ln236 : 1
		mul_ln236 : 2
		m34 : 3
		trunc_ln248 : 3
		m49 : 1
		m53 : 1
		m55 : 1
		trunc_ln277 : 2
		trunc_ln277_1 : 1
		m67 : 1
		sext_ln387 : 2
		sext_ln389 : 2
		sext_ln392 : 2
		write_ln387 : 3
		write_ln389 : 3
		write_ln392 : 3
	State 8
		m42 : 1
		m46 : 1
		trunc_ln254_1 : 2
		m52 : 3
		trunc_ln256 : 2
		trunc_ln258_1 : 1
		m56 : 2
		m57 : 1
		m58 : 3
		m60 : 2
		trunc_ln266_1 : 3
		trunc_ln270 : 1
		mul_ln271 : 2
		trunc_ln276 : 2
		sext_ln388 : 4
		write_ln388 : 5
	State 9
		trunc_ln267_1 : 1
		m68 : 1
		trunc_ln273 : 1
		m73 : 1
		trunc_ln277_2 : 2
		trunc_ln278 : 2
		trunc_ln290 : 1
		trunc_ln291_1 : 2
		sext_ln390 : 1
		sext_ln391 : 1
		write_ln390 : 2
		write_ln391 : 2
	State 10
		sext_ln272_1 : 1
		add_ln272 : 2
		m71 : 1
		mul_ln294 : 1
		mul_ln294_1 : 2
		m77 : 1
		m78 : 3
		trunc_ln281 : 1
		trunc_ln282 : 2
		mul_ln290 : 1
		trunc_ln286_1 : 2
		trunc_ln290_1 : 2
		trunc_ln297 : 1
		trunc_ln299 : 1
		sext_ln393 : 2
		write_ln393 : 3
	State 11
		m74 : 1
		trunc_ln278_1 : 2
		m81 : 1
		trunc_ln300 : 2
		mul_ln300 : 3
		trunc_ln286 : 4
		trunc_ln291 : 4
		trunc_ln292 : 1
		trunc_ln329 : 1
		sext_ln394 : 1
		write_ln394 : 2
	State 12
		sext_ln289 : 1
		m87 : 2
		sext_ln294_1 : 1
		m92 : 2
		sext_ln296 : 1
		m94 : 2
		sext_ln396 : 3
		write_ln396 : 4
	State 13
		mul_ln287 : 1
		m85 : 2
		trunc_ln293 : 1
		m91 : 2
		trunc_ln297_1 : 2
		trunc_ln302 : 3
		trunc_ln305 : 2
		m105 : 1
		trunc_ln316 : 1
	State 14
		mul_ln295 : 1
		trunc_ln299_1 : 1
		m98 : 1
		sext_ln306 : 2
		mul_ln306 : 3
		trunc_ln306 : 1
		trunc_ln316_1 : 1
		trunc_ln323 : 4
		trunc_ln332 : 4
		trunc_ln338_1 : 2
		write_ln395 : 2
	State 15
		add_ln302 : 1
		mul_ln314 : 1
		trunc_ln312 : 2
		sext_ln327 : 1
		mul_ln327 : 2
		m117 : 1
		trunc_ln355 : 1
		trunc_ln355_1 : 2
	State 16
		m106 : 1
		trunc_ln320 : 2
		sext_ln330 : 1
		mul_ln330 : 2
		add_ln315 : 1
		trunc_ln318 : 2
		m116 : 3
		trunc_ln332_1 : 1
		trunc_ln328 : 1
		trunc_ln355_2 : 2
		trunc_ln338 : 4
		mul_ln355 : 3
	State 17
		trunc_ln312_1 : 1
		m126 : 1
		trunc_ln329_1 : 1
		m128 : 1
		trunc_ln333 : 1
		m131 : 2
		trunc_ln337_2 : 2
		m136 : 1
		trunc_ln355_3 : 3
	State 18
		mul_ln322 : 1
		m123 : 2
		m125 : 1
		m132 : 2
		m133 : 1
		trunc_ln337 : 2
		trunc_ln337_1 : 2
		trunc_ln345 : 1
		trunc_ln345_1 : 2
		trunc_ln344 : 2
		add_ln344 : 1
		m142 : 3
		trunc_ln360 : 2
		m153 : 1
		trunc_ln380 : 2
		trunc_ln367_1 : 2
		sext_ln397 : 1
		write_ln397 : 2
	State 19
		mul_ln340 : 1
		m140 : 1
		trunc_ln347 : 1
		m145 : 2
		m146 : 1
		trunc_ln349 : 1
		m147 : 2
		m149 : 2
		trunc_ln352 : 1
		m150 : 3
		trunc_ln353 : 2
		trunc_ln380_2 : 3
		add_ln367 : 2
		mul_ln367_1 : 3
		sext_ln399 : 2
		sext_ln400 : 2
		sext_ln401 : 3
		write_ln399 : 3
		write_ln400 : 3
		write_ln401 : 4
	State 20
		m144 : 1
		m152 : 1
		trunc_ln356 : 1
		m154 : 2
		trunc_ln362 : 2
		trunc_ln362_1 : 2
		trunc_ln367 : 2
		trunc_ln363 : 2
		trunc_ln372_1 : 2
		sext_ln398 : 1
		write_ln398 : 2
	State 21
		trunc_ln345_2 : 1
		m143 : 2
		m151 : 1
		m157 : 1
		trunc_ln380_1 : 3
		mul_ln380 : 4
		mul_ln380_1 : 5
		trunc_ln373 : 1
		mul_ln374 : 1
	State 22
		m158 : 1
		trunc_ln362_2 : 1
		mul_ln362 : 2
		m160 : 3
		mul_ln367 : 1
		mul_ln377 : 1
		trunc_ln369 : 2
		m167 : 3
		trunc_ln371 : 2
		trunc_ln372 : 4
		m170 : 5
		trunc_ln375 : 2
		m178 : 4
		mul_ln382 : 2
		sext_ln402 : 2
		sext_ln406 : 5
		write_ln402 : 3
		write_ln406 : 6
	State 23
		m162 : 1
		sext_ln371 : 1
		mul_ln371 : 2
		mul_ln377_1 : 1
		mul_ln379 : 1
		sext_ln403 : 2
		write_ln403 : 3
	State 24
		trunc_ln382 : 1
		m180 : 2
	State 25
		m176 : 1
		m179 : 1
		sext_ln404 : 2
		sext_ln407 : 2
		sext_ln408 : 1
		write_ln404 : 3
		write_ln407 : 3
		write_ln408 : 2
	State 26
		m177 : 1
		sext_ln405 : 2
		write_ln405 : 3


============================================================
+ Verbose Summary: Datapath Resource usage 
============================================================

* Functional unit list:
|----------|-----------------------------|---------|---------|---------|
| Operation|       Functional Unit       |   DSP   |    FF   |   LUT   |
|----------|-----------------------------|---------|---------|---------|
|          |       mul_ln229_fu_389      |    0    |    0    |    26   |
|          |          m27_fu_403         |    0    |    0    |    26   |
|          |          m29_fu_441         |    1    |    0    |    6    |
|          |          m37_fu_459         |    0    |    0    |    17   |
|          |          m32_fu_504         |    0    |    0    |    33   |
|          |          m35_fu_510         |    1    |    0    |    6    |
|          |          m40_fu_521         |    1    |    0    |    6    |
|          |          m41_fu_530         |    0    |    0    |    17   |
|          |          m30_fu_568         |    0    |    0    |    6    |
|          |          m33_fu_582         |    0    |    0    |    33   |
|          |          m39_fu_600         |    0    |    0    |    9    |
|          |          m44_fu_612         |    1    |    0    |    6    |
|          |          m43_fu_634         |    0    |    0    |    33   |
|          |          m47_fu_644         |    0    |    0    |    33   |
|          |          m48_fu_650         |    0    |    0    |    63   |
|          |          m61_fu_665         |    1    |    0    |    6    |
|          |       mul_ln236_fu_694      |    1    |    0    |    6    |
|          |          m49_fu_714         |    1    |    0    |    6    |
|          |          m53_fu_732         |    1    |    0    |    6    |
|          |          m55_fu_738         |    0    |    0    |    51   |
|          |          m67_fu_752         |    1    |    0    |    6    |
|          |          m42_fu_772         |    1    |    0    |    6    |
|          |          m52_fu_788         |    0    |    0    |    51   |
|          |          m56_fu_803         |    0    |    0    |    26   |
|          |          m57_fu_811         |    1    |    0    |    6    |
|          |          m58_fu_816         |    0    |    0    |    51   |
|          |          m60_fu_821         |    0    |    0    |    26   |
|          |          m66_fu_834         |    0    |    0    |    41   |
|          |       mul_ln271_fu_842      |    0    |    0    |    63   |
|          |          m63_fu_861         |    1    |    0    |    6    |
|          |          m64_fu_865         |    0    |    0    |    17   |
|          |          m68_fu_876         |    0    |    0    |    33   |
|          |          m69_fu_881         |    0    |    0    |    63   |
|          |          m73_fu_892         |    0    |    0    |    26   |
|          |          m65_fu_924         |    0    |    0    |    33   |
|          |          m71_fu_941         |    1    |    0    |    6    |
|          |       mul_ln294_fu_949      |    0    |    0    |    51   |
|          |          m75_fu_954         |    0    |    0    |    41   |
|          |          m77_fu_961         |    1    |    0    |    6    |
|          |       mul_ln290_fu_974      |    0    |    0    |    41   |
|          |         m81_fu_1022         |    0    |    0    |    51   |
|          |      mul_ln300_fu_1032      |    0    |    0    |    41   |
|          |         m88_fu_1041         |    0    |    0    |    41   |
|          |         m79_fu_1066         |    0    |    0    |    17   |
|          |         m84_fu_1070         |    0    |    0    |    26   |
|          |         m86_fu_1074         |    0    |    0    |    33   |
|          |         m87_fu_1082         |    0    |    0    |    33   |
|          |         m89_fu_1087         |    0    |    0    |    17   |
|          |         m90_fu_1091         |    0    |    0    |    33   |
|          |         m94_fu_1106         |    0    |    0    |    63   |
|          |      mul_ln287_fu_1123      |    1    |    0    |    6    |
|          |         m91_fu_1139         |    0    |    0    |    51   |
|          |         m99_fu_1149         |    0    |    0    |    26   |
|          |         m105_fu_1164        |    0    |    0    |    51   |
|    mul   |      mul_ln295_fu_1178      |    1    |    0    |    6    |
|          |         m95_fu_1185         |    0    |    0    |    26   |
|          |         m96_fu_1189         |    1    |    0    |    6    |
|          |      mul_ln306_fu_1209      |    0    |    0    |    51   |
|          |      mul_ln314_fu_1240      |    0    |    0    |    33   |
|          |         m104_fu_1245        |    0    |    0    |    51   |
|          |      mul_ln319_fu_1261      |    0    |    0    |    13   |
|          |         m117_fu_1265        |    0    |    0    |    13   |
|          |         m106_fu_1284        |    0    |    0    |    51   |
|          |      mul_ln330_fu_1305      |    0    |    0    |    51   |
|          |         m112_fu_1311        |    0    |    0    |    33   |
|          |      mul_ln355_fu_1348      |    0    |    0    |    13   |
|          |      mul_ln320_fu_1353      |    0    |    0    |    51   |
|          |         m126_fu_1367        |    0    |    0    |    26   |
|          |         m128_fu_1376        |    0    |    0    |    63   |
|          |      mul_ln338_fu_1394      |    0    |    0    |    33   |
|          |         m118_fu_1405        |    0    |    0    |    51   |
|          |      mul_ln322_fu_1412      |    1    |    0    |    6    |
|          |         m125_fu_1422        |    0    |    0    |    41   |
|          |      mul_ln329_fu_1426      |    0    |    0    |    26   |
|          |         m133_fu_1437        |    0    |    0    |    63   |
|          |      mul_ln344_fu_1461      |    0    |    0    |    17   |
|          |     mul_ln355_1_fu_1469     |    0    |    0    |    13   |
|          |         m153_fu_1473        |    0    |    0    |    13   |
|          |         m127_fu_1494        |    0    |    0    |    26   |
|          |      mul_ln340_fu_1498      |    0    |    0    |    33   |
|          |      mul_ln332_fu_1503      |    0    |    0    |    33   |
|          |         m140_fu_1518        |    1    |    0    |    6    |
|          |         m145_fu_1527        |    0    |    0    |    13   |
|          |      mul_ln358_fu_1546      |    0    |    0    |    41   |
|          |         m130_fu_1577        |    0    |    0    |    33   |
|          |         m144_fu_1584        |    1    |    0    |    6    |
|          |         m152_fu_1589        |    0    |    0    |    33   |
|          |         m143_fu_1627        |    0    |    0    |    13   |
|          |         m151_fu_1632        |    0    |    0    |    17   |
|          |      mul_ln363_fu_1639      |    0    |    0    |    63   |
|          |      mul_ln380_fu_1651      |    0    |    0    |    9    |
|          |     mul_ln380_1_fu_1656     |    0    |    0    |    9    |
|          |      mul_ln374_fu_1668      |    0    |    0    |    33   |
|          |         m158_fu_1677        |    0    |    0    |    6    |
|          |      mul_ln362_fu_1685      |    0    |    0    |    9    |
|          |         m160_fu_1690        |    0    |    0    |    9    |
|          |         m161_fu_1695        |    0    |    0    |    63   |
|          |      mul_ln367_fu_1702      |    0    |    0    |    33   |
|          |      mul_ln377_fu_1710      |    0    |    0    |    51   |
|          |         m170_fu_1727        |    0    |    0    |    8    |
|          |         m172_fu_1732        |    0    |    0    |    41   |
|          |         m162_fu_1761        |    0    |    0    |    63   |
|          |      mul_ln371_fu_1770      |    0    |    0    |    33   |
|          |     mul_ln377_1_fu_1778     |    0    |    0    |    41   |
|          |         m169_fu_1788        |    0    |    0    |    33   |
|          |         m175_fu_1792        |    0    |    0    |    51   |
|          |         m176_fu_1803        |    0    |    0    |    51   |
|          |         m179_fu_1811        |    0    |    0    |    51   |
|          |         m177_fu_1830        |    0    |    0    |    41   |
|----------|-----------------------------|---------|---------|---------|
|          |          m25_fu_428         |    0    |    0    |    14   |
|          |          m28_fu_495         |    0    |    0    |    13   |
|          |          m46_fu_779         |    0    |    0    |    13   |
|          |          m54_fu_857         |    0    |    0    |    14   |
|          |         m74_fu_1003         |    0    |    0    |    13   |
|          |         m80_fu_1012         |    0    |    0    |    14   |
|          |         m76_fu_1062         |    0    |    0    |    14   |
|          |         m98_fu_1200         |    0    |    0    |    15   |
|    add   |         m114_fu_1253        |    0    |    0    |    14   |
|          |      add_ln309_fu_1290      |    0    |    0    |    15   |
|          |      add_ln315_fu_1318      |    0    |    0    |    14   |
|          |         m116_fu_1327        |    0    |    0    |    12   |
|          |         m131_fu_1385        |    0    |    0    |    15   |
|          |         m135_fu_1507        |    0    |    0    |    15   |
|          |      add_ln345_fu_1511      |    0    |    0    |    13   |
|          |         m146_fu_1532        |    0    |    0    |    15   |
|          |         m147_fu_1541        |    0    |    0    |    14   |
|          |         m178_fu_1740        |    0    |    0    |    11   |
|----------|-----------------------------|---------|---------|---------|
|          |         grp_fu_1839         |    1    |    0    |    0    |
|          |         grp_fu_1849         |    1    |    0    |    0    |
|          |         grp_fu_1868         |    1    |    0    |    0    |
|          |         grp_fu_1877         |    1    |    0    |    0    |
|  addmul  |         grp_fu_1886         |    1    |    0    |    0    |
|          |         grp_fu_1894         |    1    |    0    |    0    |
|          |         grp_fu_1903         |    1    |    0    |    0    |
|          |         grp_fu_1911         |    1    |    0    |    0    |
|          |         grp_fu_1936         |    1    |    0    |    0    |
|----------|-----------------------------|---------|---------|---------|
|  muladd  |         grp_fu_1918         |    1    |    0    |    0    |
|          |         grp_fu_1927         |    1    |    0    |    0    |
|----------|-----------------------------|---------|---------|---------|
| addmuladd|         grp_fu_1858         |    1    |    0    |    0    |
|----------|-----------------------------|---------|---------|---------|
|          |  in_data_6_read_read_fu_122 |    0    |    0    |    0    |
|          | in_data_15_read_read_fu_128 |    0    |    0    |    0    |
|          |  in_data_9_read_read_fu_134 |    0    |    0    |    0    |
|          |  in_data_5_read_read_fu_140 |    0    |    0    |    0    |
|          | in_data_18_read_read_fu_146 |    0    |    0    |    0    |
|          | in_data_22_read_read_fu_152 |    0    |    0    |    0    |
|   read   |  in_data_7_read_read_fu_158 |    0    |    0    |    0    |
|          |  in_data_8_read_read_fu_164 |    0    |    0    |    0    |
|          | in_data_23_read_read_fu_170 |    0    |    0    |    0    |
|          | in_data_14_read_read_fu_183 |    0    |    0    |    0    |
|          | in_data_17_read_read_fu_189 |    0    |    0    |    0    |
|          | in_data_20_read_read_fu_195 |    0    |    0    |    0    |
|          |       in22_read_fu_201      |    0    |    0    |    0    |
|          | in_data_12_read_read_fu_221 |    0    |    0    |    0    |
|----------|-----------------------------|---------|---------|---------|
|          |   write_ln385_write_fu_176  |    0    |    0    |    0    |
|          |   write_ln384_write_fu_207  |    0    |    0    |    0    |
|          |   write_ln386_write_fu_214  |    0    |    0    |    0    |
|          |   write_ln387_write_fu_227  |    0    |    0    |    0    |
|          |   write_ln389_write_fu_234  |    0    |    0    |    0    |
|          |   write_ln392_write_fu_241  |    0    |    0    |    0    |
|          |   write_ln388_write_fu_248  |    0    |    0    |    0    |
|          |   write_ln390_write_fu_255  |    0    |    0    |    0    |
|          |   write_ln391_write_fu_262  |    0    |    0    |    0    |
|          |   write_ln393_write_fu_269  |    0    |    0    |    0    |
|          |   write_ln394_write_fu_276  |    0    |    0    |    0    |
|          |   write_ln396_write_fu_283  |    0    |    0    |    0    |
|   write  |   write_ln395_write_fu_290  |    0    |    0    |    0    |
|          |   write_ln397_write_fu_297  |    0    |    0    |    0    |
|          |   write_ln399_write_fu_304  |    0    |    0    |    0    |
|          |   write_ln400_write_fu_311  |    0    |    0    |    0    |
|          |   write_ln401_write_fu_318  |    0    |    0    |    0    |
|          |   write_ln398_write_fu_325  |    0    |    0    |    0    |
|          |   write_ln402_write_fu_332  |    0    |    0    |    0    |
|          |   write_ln406_write_fu_339  |    0    |    0    |    0    |
|          |   write_ln403_write_fu_346  |    0    |    0    |    0    |
|          |   write_ln404_write_fu_353  |    0    |    0    |    0    |
|          |   write_ln407_write_fu_360  |    0    |    0    |    0    |
|          |   write_ln408_write_fu_367  |    0    |    0    |    0    |
|          |   write_ln405_write_fu_374  |    0    |    0    |    0    |
|----------|-----------------------------|---------|---------|---------|
|          |          in7_fu_381         |    0    |    0    |    0    |
|          |         in16_fu_385         |    0    |    0    |    0    |
|          |     trunc_ln239_1_fu_395    |    0    |    0    |    0    |
|          |      trunc_ln229_fu_399     |    0    |    0    |    0    |
|          |      trunc_ln230_fu_408     |    0    |    0    |    0    |
|          |         in19_fu_412         |    0    |    0    |    0    |
|          |         in23_fu_416         |    0    |    0    |    0    |
|          |      trunc_ln227_fu_420     |    0    |    0    |    0    |
|          |      trunc_ln237_fu_447     |    0    |    0    |    0    |
|          |      trunc_ln238_fu_451     |    0    |    0    |    0    |
|          |      trunc_ln239_fu_455     |    0    |    0    |    0    |
|          |      trunc_ln245_fu_464     |    0    |    0    |    0    |
|          |      trunc_ln246_fu_468     |    0    |    0    |    0    |
|          |      trunc_ln250_fu_472     |    0    |    0    |    0    |
|          |      trunc_ln254_fu_476     |    0    |    0    |    0    |
|          |          in9_fu_480         |    0    |    0    |    0    |
|          |         in24_fu_484         |    0    |    0    |    0    |
|          |     trunc_ln230_1_fu_491    |    0    |    0    |    0    |
|          |     trunc_ln241_1_fu_514    |    0    |    0    |    0    |
|          |      trunc_ln243_fu_526     |    0    |    0    |    0    |
|          |     trunc_ln294_1_fu_535    |    0    |    0    |    0    |
|          |      trunc_ln253_fu_539     |    0    |    0    |    0    |
|          |         in15_fu_548         |    0    |    0    |    0    |
|          |         in18_fu_552         |    0    |    0    |    0    |
|          |         in21_fu_556         |    0    |    0    |    0    |
|          |      trunc_ln235_fu_574     |    0    |    0    |    0    |
|          |     trunc_ln235_1_fu_578    |    0    |    0    |    0    |
|          |      trunc_ln240_fu_592     |    0    |    0    |    0    |
|          |      trunc_ln241_fu_596     |    0    |    0    |    0    |
|          |      trunc_ln244_fu_605     |    0    |    0    |    0    |
|          |      trunc_ln294_fu_617     |    0    |    0    |    0    |
|          |     trunc_ln250_1_fu_621    |    0    |    0    |    0    |
|          |      trunc_ln267_fu_625     |    0    |    0    |    0    |
|          |      trunc_ln257_fu_654     |    0    |    0    |    0    |
|          |      trunc_ln258_fu_658     |    0    |    0    |    0    |
|          |      trunc_ln266_fu_670     |    0    |    0    |    0    |
|          |      trunc_ln279_fu_674     |    0    |    0    |    0    |
|          |      trunc_ln236_fu_686     |    0    |    0    |    0    |
|          |          m34_fu_700         |    0    |    0    |    0    |
|          |      trunc_ln248_fu_704     |    0    |    0    |    0    |
|          |      trunc_ln277_fu_742     |    0    |    0    |    0    |
|          |     trunc_ln277_1_fu_746    |    0    |    0    |    0    |
|          |     trunc_ln254_1_fu_784    |    0    |    0    |    0    |
|          |      trunc_ln256_fu_793     |    0    |    0    |    0    |
|          |     trunc_ln258_1_fu_800    |    0    |    0    |    0    |
|          |     trunc_ln266_1_fu_830    |    0    |    0    |    0    |
|          |      trunc_ln270_fu_838     |    0    |    0    |    0    |
|          |      trunc_ln276_fu_848     |    0    |    0    |    0    |
|          |     trunc_ln267_1_fu_869    |    0    |    0    |    0    |
|          |      trunc_ln273_fu_885     |    0    |    0    |    0    |
|          |     trunc_ln277_2_fu_898    |    0    |    0    |    0    |
|          |      trunc_ln278_fu_902     |    0    |    0    |    0    |
|          |      trunc_ln290_fu_906     |    0    |    0    |    0    |
|          |     trunc_ln291_1_fu_910    |    0    |    0    |    0    |
|          |      trunc_ln281_fu_966     |    0    |    0    |    0    |
|          |      trunc_ln282_fu_970     |    0    |    0    |    0    |
|          |     trunc_ln286_1_fu_979    |    0    |    0    |    0    |
|          |     trunc_ln290_1_fu_983    |    0    |    0    |    0    |
|          |      trunc_ln297_fu_987     |    0    |    0    |    0    |
|          |      trunc_ln299_fu_991     |    0    |    0    |    0    |
|          |    trunc_ln278_1_fu_1008    |    0    |    0    |    0    |
|   trunc  |     trunc_ln300_fu_1028     |    0    |    0    |    0    |
|          |     trunc_ln286_fu_1037     |    0    |    0    |    0    |
|          |     trunc_ln291_fu_1045     |    0    |    0    |    0    |
|          |     trunc_ln292_fu_1049     |    0    |    0    |    0    |
|          |     trunc_ln329_fu_1053     |    0    |    0    |    0    |
|          |         m85_fu_1129         |    0    |    0    |    0    |
|          |     trunc_ln293_fu_1136     |    0    |    0    |    0    |
|          |    trunc_ln297_1_fu_1145    |    0    |    0    |    0    |
|          |     trunc_ln302_fu_1153     |    0    |    0    |    0    |
|          |     trunc_ln305_fu_1157     |    0    |    0    |    0    |
|          |     trunc_ln316_fu_1169     |    0    |    0    |    0    |
|          |    trunc_ln299_1_fu_1193    |    0    |    0    |    0    |
|          |     trunc_ln306_fu_1214     |    0    |    0    |    0    |
|          |    trunc_ln316_1_fu_1218    |    0    |    0    |    0    |
|          |     trunc_ln323_fu_1222     |    0    |    0    |    0    |
|          |     trunc_ln332_fu_1226     |    0    |    0    |    0    |
|          |    trunc_ln338_1_fu_1230    |    0    |    0    |    0    |
|          |     trunc_ln312_fu_1249     |    0    |    0    |    0    |
|          |     trunc_ln355_fu_1270     |    0    |    0    |    0    |
|          |    trunc_ln355_1_fu_1274    |    0    |    0    |    0    |
|          |     trunc_ln320_fu_1294     |    0    |    0    |    0    |
|          |     trunc_ln318_fu_1323     |    0    |    0    |    0    |
|          |    trunc_ln332_1_fu_1332    |    0    |    0    |    0    |
|          |     trunc_ln328_fu_1336     |    0    |    0    |    0    |
|          |    trunc_ln355_2_fu_1340    |    0    |    0    |    0    |
|          |     trunc_ln338_fu_1344     |    0    |    0    |    0    |
|          |    trunc_ln312_1_fu_1357    |    0    |    0    |    0    |
|          |    trunc_ln329_1_fu_1372    |    0    |    0    |    0    |
|          |     trunc_ln333_fu_1381     |    0    |    0    |    0    |
|          |    trunc_ln337_2_fu_1390    |    0    |    0    |    0    |
|          |    trunc_ln355_3_fu_1398    |    0    |    0    |    0    |
|          |         m123_fu_1418        |    0    |    0    |    0    |
|          |         m132_fu_1430        |    0    |    0    |    0    |
|          |     trunc_ln337_fu_1442     |    0    |    0    |    0    |
|          |    trunc_ln337_1_fu_1446    |    0    |    0    |    0    |
|          |     trunc_ln345_fu_1450     |    0    |    0    |    0    |
|          |    trunc_ln345_1_fu_1453    |    0    |    0    |    0    |
|          |     trunc_ln344_fu_1457     |    0    |    0    |    0    |
|          |     trunc_ln360_fu_1465     |    0    |    0    |    0    |
|          |     trunc_ln380_fu_1478     |    0    |    0    |    0    |
|          |    trunc_ln367_1_fu_1482    |    0    |    0    |    0    |
|          |     trunc_ln347_fu_1523     |    0    |    0    |    0    |
|          |     trunc_ln349_fu_1537     |    0    |    0    |    0    |
|          |     trunc_ln352_fu_1550     |    0    |    0    |    0    |
|          |     trunc_ln353_fu_1554     |    0    |    0    |    0    |
|          |    trunc_ln380_2_fu_1558    |    0    |    0    |    0    |
|          |     trunc_ln356_fu_1593     |    0    |    0    |    0    |
|          |     trunc_ln362_fu_1599     |    0    |    0    |    0    |
|          |    trunc_ln362_1_fu_1603    |    0    |    0    |    0    |
|          |     trunc_ln367_fu_1607     |    0    |    0    |    0    |
|          |     trunc_ln363_fu_1611     |    0    |    0    |    0    |
|          |    trunc_ln372_1_fu_1615    |    0    |    0    |    0    |
|          |    trunc_ln345_2_fu_1624    |    0    |    0    |    0    |
|          |         m157_fu_1643        |    0    |    0    |    0    |
|          |    trunc_ln380_1_fu_1647    |    0    |    0    |    0    |
|          |     trunc_ln373_fu_1661     |    0    |    0    |    0    |
|          |    trunc_ln362_2_fu_1682    |    0    |    0    |    0    |
|          |     trunc_ln369_fu_1715     |    0    |    0    |    0    |
|          |     trunc_ln371_fu_1719     |    0    |    0    |    0    |
|          |     trunc_ln372_fu_1723     |    0    |    0    |    0    |
|          |     trunc_ln375_fu_1736     |    0    |    0    |    0    |
|          |     trunc_ln382_fu_1796     |    0    |    0    |    0    |
|----------|-----------------------------|---------|---------|---------|
|          |     sext_ln227_1_fu_424     |    0    |    0    |    0    |
|          |      sext_ln231_fu_434      |    0    |    0    |    0    |
|          |     sext_ln231_1_fu_437     |    0    |    0    |    0    |
|          |      sext_ln227_fu_488      |    0    |    0    |    0    |
|          |      sext_ln234_fu_500      |    0    |    0    |    0    |
|          |      sext_ln242_fu_518      |    0    |    0    |    0    |
|          |      sext_ln385_fu_543      |    0    |    0    |    0    |
|          |      sext_ln232_fu_560      |    0    |    0    |    0    |
|          |     sext_ln232_1_fu_564     |    0    |    0    |    0    |
|          |      sext_ln238_fu_588      |    0    |    0    |    0    |
|          |      sext_ln246_fu_609      |    0    |    0    |    0    |
|          |      sext_ln384_fu_629      |    0    |    0    |    0    |
|          |      sext_ln249_fu_638      |    0    |    0    |    0    |
|          |     sext_ln249_1_fu_641     |    0    |    0    |    0    |
|          |      sext_ln263_fu_662      |    0    |    0    |    0    |
|          |      sext_ln386_fu_678      |    0    |    0    |    0    |
|          |      sext_ln236_fu_683      |    0    |    0    |    0    |
|          |      sext_ln251_fu_708      |    0    |    0    |    0    |
|          |     sext_ln251_1_fu_711     |    0    |    0    |    0    |
|          |      sext_ln255_fu_725      |    0    |    0    |    0    |
|          |     sext_ln255_1_fu_729     |    0    |    0    |    0    |
|          |      sext_ln269_fu_749      |    0    |    0    |    0    |
|          |      sext_ln387_fu_757      |    0    |    0    |    0    |
|          |      sext_ln389_fu_762      |    0    |    0    |    0    |
|          |      sext_ln392_fu_767      |    0    |    0    |    0    |
|          |      sext_ln248_fu_776      |    0    |    0    |    0    |
|          |      sext_ln256_fu_797      |    0    |    0    |    0    |
|          |      sext_ln265_fu_808      |    0    |    0    |    0    |
|          |      sext_ln271_fu_827      |    0    |    0    |    0    |
|          |      sext_ln388_fu_852      |    0    |    0    |    0    |
|          |      sext_ln270_fu_873      |    0    |    0    |    0    |
|          |      sext_ln275_fu_889      |    0    |    0    |    0    |
|          |      sext_ln390_fu_914      |    0    |    0    |    0    |
|          |      sext_ln391_fu_919      |    0    |    0    |    0    |
|          |      sext_ln272_fu_928      |    0    |    0    |    0    |
|          |     sext_ln272_1_fu_931     |    0    |    0    |    0    |
|          |      sext_ln290_fu_935      |    0    |    0    |    0    |
|          |     sext_ln273_1_fu_938     |    0    |    0    |    0    |
|          |      sext_ln294_fu_946      |    0    |    0    |    0    |
|          |      sext_ln279_fu_958      |    0    |    0    |    0    |
|          |      sext_ln393_fu_995      |    0    |    0    |    0    |
|          |      sext_ln276_fu_1000     |    0    |    0    |    0    |
|          |      sext_ln283_fu_1016     |    0    |    0    |    0    |
|          |     sext_ln283_1_fu_1019    |    0    |    0    |    0    |
|          |      sext_ln394_fu_1057     |    0    |    0    |    0    |
|          |      sext_ln289_fu_1078     |    0    |    0    |    0    |
|          |     sext_ln294_1_fu_1095    |    0    |    0    |    0    |
|          |      sext_ln296_fu_1099     |    0    |    0    |    0    |
|   sext   |     sext_ln296_1_fu_1103    |    0    |    0    |    0    |
|          |      sext_ln396_fu_1112     |    0    |    0    |    0    |
|          |      sext_ln273_fu_1117     |    0    |    0    |    0    |
|          |      sext_ln287_fu_1120     |    0    |    0    |    0    |
|          |      sext_ln320_fu_1133     |    0    |    0    |    0    |
|          |      sext_ln307_fu_1161     |    0    |    0    |    0    |
|          |      sext_ln295_fu_1172     |    0    |    0    |    0    |
|          |     sext_ln295_1_fu_1175    |    0    |    0    |    0    |
|          |      sext_ln300_fu_1197     |    0    |    0    |    0    |
|          |      sext_ln306_fu_1205     |    0    |    0    |    0    |
|          |      sext_ln302_fu_1234     |    0    |    0    |    0    |
|          |      sext_ln314_fu_1237     |    0    |    0    |    0    |
|          |      sext_ln327_fu_1257     |    0    |    0    |    0    |
|          |      sext_ln308_fu_1278     |    0    |    0    |    0    |
|          |     sext_ln308_1_fu_1281    |    0    |    0    |    0    |
|          |      sext_ln330_fu_1298     |    0    |    0    |    0    |
|          |     sext_ln330_1_fu_1302    |    0    |    0    |    0    |
|          |      sext_ln315_fu_1315     |    0    |    0    |    0    |
|          |     sext_ln330_2_fu_1361    |    0    |    0    |    0    |
|          |      sext_ln328_fu_1364     |    0    |    0    |    0    |
|          |      sext_ln317_fu_1402     |    0    |    0    |    0    |
|          |      sext_ln322_fu_1409     |    0    |    0    |    0    |
|          |      sext_ln335_fu_1434     |    0    |    0    |    0    |
|          |      sext_ln397_fu_1486     |    0    |    0    |    0    |
|          |      sext_ln340_fu_1491     |    0    |    0    |    0    |
|          |      sext_ln342_fu_1515     |    0    |    0    |    0    |
|          |      sext_ln399_fu_1562     |    0    |    0    |    0    |
|          |      sext_ln400_fu_1567     |    0    |    0    |    0    |
|          |      sext_ln401_fu_1572     |    0    |    0    |    0    |
|          |     sext_ln360_1_fu_1581    |    0    |    0    |    0    |
|          |      sext_ln356_fu_1596     |    0    |    0    |    0    |
|          |      sext_ln398_fu_1619     |    0    |    0    |    0    |
|          |      sext_ln358_fu_1636     |    0    |    0    |    0    |
|          |      sext_ln374_fu_1665     |    0    |    0    |    0    |
|          |      sext_ln360_fu_1674     |    0    |    0    |    0    |
|          |      sext_ln367_fu_1699     |    0    |    0    |    0    |
|          |     sext_ln377_1_fu_1707    |    0    |    0    |    0    |
|          |      sext_ln402_fu_1745     |    0    |    0    |    0    |
|          |      sext_ln406_fu_1750     |    0    |    0    |    0    |
|          |      sext_ln364_fu_1755     |    0    |    0    |    0    |
|          |     sext_ln364_1_fu_1758    |    0    |    0    |    0    |
|          |      sext_ln371_fu_1767     |    0    |    0    |    0    |
|          |      sext_ln377_fu_1775     |    0    |    0    |    0    |
|          |      sext_ln403_fu_1783     |    0    |    0    |    0    |
|          |      sext_ln378_fu_1800     |    0    |    0    |    0    |
|          |      sext_ln381_fu_1808     |    0    |    0    |    0    |
|          |      sext_ln404_fu_1816     |    0    |    0    |    0    |
|          |      sext_ln407_fu_1821     |    0    |    0    |    0    |
|          |      sext_ln408_fu_1826     |    0    |    0    |    0    |
|          |      sext_ln405_fu_1834     |    0    |    0    |    0    |
|----------|-----------------------------|---------|---------|---------|
|   zext   |      zext_ln236_fu_690      |    0    |    0    |    0    |
|----------|-----------------------------|---------|---------|---------|
|    shl   |          m50_fu_720         |    0    |    0    |    0    |
|----------|-----------------------------|---------|---------|---------|
|   Total  |                             |    32   |    0    |   3433  |
|----------|-----------------------------|---------|---------|---------|

Memories:
N/A

* Register list:
+----------------------+--------+
|                      |   FF   |
+----------------------+--------+
|  add_ln315_reg_2578  |    8   |
|  add_ln345_reg_2740  |    4   |
|     in19_reg_1962    |    5   |
|     in24_reg_2015    |    7   |
|     m104_reg_2526    |    9   |
|     m105_reg_2449    |    9   |
|     m112_reg_2573    |    7   |
|     m114_reg_2536    |    6   |
|     m116_reg_2583    |   11   |
|     m117_reg_2548    |    4   |
|     m123_reg_2655    |    7   |
|     m125_reg_2662    |    8   |
|     m126_reg_2619    |    6   |
|     m127_reg_2730    |    6   |
|     m128_reg_2629    |   10   |
|     m131_reg_2634    |    8   |
|     m132_reg_2672    |   13   |
|     m133_reg_2677    |   10   |
|     m143_reg_2817    |    4   |
|     m144_reg_2771    |   12   |
|     m145_reg_2745    |    4   |
|     m150_reg_2859    |    7   |
|     m151_reg_2822    |    5   |
|     m152_reg_2776    |    7   |
|     m153_reg_2714    |    4   |
|     m157_reg_2833    |    9   |
|     m161_reg_2864    |   10   |
|     m169_reg_2924    |    7   |
|     m170_reg_2899    |    2   |
|     m172_reg_2904    |    8   |
|     m175_reg_2929    |    9   |
|     m25_reg_1967     |    7   |
|     m27_reg_1952     |    6   |
|     m32_reg_2020     |    7   |
|     m33_reg_2053     |    7   |
|     m34_reg_2126     |   12   |
|     m35_reg_2027     |   12   |
|     m37_reg_1988     |    5   |
|     m40_reg_2037     |   12   |
|     m42_reg_2157     |   12   |
|     m44_reg_2068     |   14   |
|     m46_reg_2162     |   10   |
|     m47_reg_2088     |   11   |
|     m48_reg_2094     |   10   |
|     m50_reg_2136     |    7   |
|     m55_reg_2141     |    9   |
|     m56_reg_2177     |    6   |
|     m57_reg_2182     |   12   |
|     m58_reg_2187     |    9   |
|     m60_reg_2192     |    6   |
|     m61_reg_2111     |   14   |
|     m63_reg_2224     |   12   |
|     m65_reg_2274     |    7   |
|     m66_reg_2202     |    8   |
|     m68_reg_2234     |    7   |
|     m69_reg_2242     |   10   |
|     m71_reg_2279     |   11   |
|     m74_reg_2330     |   10   |
|     m75_reg_2289     |    8   |
|     m78_reg_2405     |   11   |
|     m81_reg_2341     |   10   |
|     m84_reg_2377     |    6   |
|     m85_reg_2411     |   12   |
|     m86_reg_2384     |    7   |
|     m87_reg_2389     |    7   |
|     m88_reg_2357     |    8   |
|     m90_reg_2394     |    7   |
|     m91_reg_2422     |    9   |
|     m95_reg_2460     |    6   |
|     m96_reg_2465     |   11   |
|     m99_reg_2433     |    6   |
|  mul_ln229_reg_1942  |    6   |
|  mul_ln271_reg_2214  |   10   |
|  mul_ln290_reg_2305  |    8   |
|  mul_ln294_reg_2284  |    9   |
|  mul_ln300_reg_2346  |    8   |
|  mul_ln306_reg_2481  |    9   |
|  mul_ln314_reg_2521  |    7   |
|  mul_ln320_reg_2609  |    9   |
|  mul_ln329_reg_2667  |    6   |
|  mul_ln330_reg_2568  |   10   |
|  mul_ln332_reg_2735  |    7   |
|  mul_ln338_reg_2645  |    7   |
|  mul_ln355_reg_2604  |    4   |
|  mul_ln358_reg_2750  |    8   |
|  mul_ln363_reg_2828  |   10   |
| mul_ln367_1_reg_2874 |    7   |
|  mul_ln367_reg_2869  |    7   |
|  mul_ln371_reg_2914  |    7   |
|  mul_ln374_reg_2854  |    8   |
| mul_ln377_1_reg_2919 |    9   |
|  mul_ln377_reg_2884  |    9   |
| mul_ln380_1_reg_2839 |    3   |
|  sext_ln256_reg_2172 |    6   |
| sext_ln294_1_reg_2400|    9   |
|  sext_ln302_reg_2511 |    8   |
|  sext_ln306_reg_2476 |    9   |
|  sext_ln314_reg_2516 |    7   |
|  sext_ln320_reg_2416 |    9   |
|  sext_ln327_reg_2543 |    8   |
|  sext_ln356_reg_2786 |    6   |
|  sext_ln374_reg_2849 |    8   |
| sext_ln377_1_reg_2879|    9   |
| trunc_ln230_reg_1957 |    5   |
| trunc_ln237_reg_1972 |   12   |
| trunc_ln238_reg_1978 |   12   |
|trunc_ln239_1_reg_1947|    5   |
| trunc_ln239_reg_1983 |    5   |
| trunc_ln240_reg_2058 |   12   |
|trunc_ln241_1_reg_2032|    3   |
| trunc_ln244_reg_2063 |   12   |
| trunc_ln245_reg_1995 |    7   |
| trunc_ln246_reg_2000 |   14   |
| trunc_ln248_reg_2131 |   10   |
|trunc_ln250_1_reg_2078|   10   |
| trunc_ln250_reg_2005 |   10   |
| trunc_ln253_reg_2047 |    9   |
| trunc_ln254_reg_2010 |    9   |
| trunc_ln256_reg_2167 |    6   |
| trunc_ln257_reg_2100 |    9   |
| trunc_ln258_reg_2106 |    6   |
|trunc_ln266_1_reg_2197|    5   |
| trunc_ln266_reg_2116 |    5   |
|trunc_ln267_1_reg_2229|    7   |
| trunc_ln267_reg_2083 |    7   |
| trunc_ln270_reg_2207 |    7   |
| trunc_ln273_reg_2247 |   11   |
| trunc_ln276_reg_2219 |   10   |
|trunc_ln277_1_reg_2152|    8   |
|trunc_ln277_2_reg_2252|    8   |
| trunc_ln277_reg_2147 |    8   |
|trunc_ln278_1_reg_2335|    7   |
| trunc_ln278_reg_2257 |    7   |
| trunc_ln279_reg_2121 |   12   |
| trunc_ln281_reg_2294 |    5   |
| trunc_ln282_reg_2300 |    7   |
|trunc_ln286_1_reg_2310|    6   |
| trunc_ln286_reg_2351 |    6   |
|trunc_ln290_1_reg_2315|    8   |
| trunc_ln290_reg_2264 |    8   |
|trunc_ln291_1_reg_2269|    5   |
| trunc_ln291_reg_2362 |    5   |
| trunc_ln292_reg_2367 |    7   |
|trunc_ln294_1_reg_2042|    9   |
| trunc_ln294_reg_2073 |    9   |
|trunc_ln297_1_reg_2427|    6   |
| trunc_ln297_reg_2320 |    6   |
|trunc_ln299_1_reg_2470|    4   |
| trunc_ln299_reg_2325 |    4   |
| trunc_ln302_reg_2439 |    8   |
| trunc_ln305_reg_2444 |    7   |
| trunc_ln306_reg_2486 |    9   |
|trunc_ln312_1_reg_2614|    5   |
| trunc_ln312_reg_2531 |    5   |
|trunc_ln316_1_reg_2491|    6   |
| trunc_ln316_reg_2455 |    6   |
| trunc_ln320_reg_2563 |    9   |
| trunc_ln323_reg_2496 |    8   |
| trunc_ln328_reg_2594 |    6   |
|trunc_ln329_1_reg_2624|    6   |
| trunc_ln329_reg_2372 |    6   |
|trunc_ln332_1_reg_2589|    7   |
| trunc_ln332_reg_2501 |    5   |
|trunc_ln337_1_reg_2687|    7   |
|trunc_ln337_2_reg_2639|    8   |
| trunc_ln337_reg_2682 |    8   |
|trunc_ln338_1_reg_2506|    7   |
| trunc_ln338_reg_2599 |    7   |
| trunc_ln344_reg_2704 |    5   |
|trunc_ln345_1_reg_2698|    4   |
| trunc_ln345_reg_2693 |    4   |
| trunc_ln352_reg_2756 |    7   |
| trunc_ln353_reg_2761 |    5   |
|trunc_ln355_1_reg_2558|    4   |
|trunc_ln355_3_reg_2650|    4   |
| trunc_ln355_reg_2553 |    4   |
| trunc_ln356_reg_2781 |    6   |
| trunc_ln360_reg_2709 |   12   |
|trunc_ln362_1_reg_2796|    3   |
| trunc_ln362_reg_2791 |    3   |
| trunc_ln363_reg_2806 |   10   |
|trunc_ln367_1_reg_2725|    7   |
| trunc_ln367_reg_2801 |    7   |
| trunc_ln369_reg_2889 |    6   |
| trunc_ln371_reg_2894 |    7   |
|trunc_ln372_1_reg_2812|    2   |
| trunc_ln373_reg_2844 |    8   |
| trunc_ln375_reg_2909 |    8   |
|trunc_ln380_2_reg_2766|    3   |
| trunc_ln380_reg_2720 |    3   |
| trunc_ln382_reg_2934 |    7   |
+----------------------+--------+
|         Total        |  1446  |
+----------------------+--------+

* Multiplexer (MUX) list: 
|-------------|------|------|------|--------||---------||---------||---------|
|     Comp    |  Pin | Size |  BW  | S x BW ||  Delay  ||    FF   ||   LUT   |
|-------------|------|------|------|--------||---------||---------||---------|
| grp_fu_1839 |  p0  |   2  |   9  |   18   ||    0    ||    9    |
| grp_fu_1849 |  p0  |   2  |  12  |   24   ||    0    ||    9    |
| grp_fu_1858 |  p0  |   2  |   9  |   18   ||    0    ||    9    |
| grp_fu_1858 |  p1  |   2  |   9  |   18   ||    0    ||    9    |
| grp_fu_1868 |  p1  |   2  |   7  |   14   ||    0    ||    9    |
| grp_fu_1877 |  p1  |   2  |   7  |   14   ||    0    ||    9    |
| grp_fu_1886 |  p0  |   2  |   7  |   14   ||    0    ||    9    |
| grp_fu_1894 |  p0  |   2  |   5  |   10   ||    0    ||    9    |
| grp_fu_1903 |  p0  |   2  |   7  |   14   ||    0    ||    9    |
| grp_fu_1911 |  p1  |   2  |   6  |   12   ||    0    ||    9    |
| grp_fu_1918 |  p0  |   3  |   6  |   18   ||    0    ||    14   |
| grp_fu_1918 |  p1  |   2  |   4  |    8   ||    0    ||    9    |
| grp_fu_1927 |  p0  |   3  |   7  |   21   ||    0    ||    14   |
| grp_fu_1927 |  p1  |   2  |   7  |   14   ||    0    ||    9    |
| grp_fu_1936 |  p0  |   2  |   8  |   16   ||    0    ||    9    |
|-------------|------|------|------|--------||---------||---------||---------|
|    Total    |      |      |      |   233  || 24.0586 ||    0    ||   145   |
|-------------|------|------|------|--------||---------||---------||---------|



* Summary:
+-----------+--------+--------+--------+--------+
|           |   DSP  |  Delay |   FF   |   LUT  |
+-----------+--------+--------+--------+--------+
|  Function |   32   |    -   |    0   |  3433  |
|   Memory  |    -   |    -   |    -   |    -   |
|Multiplexer|    -   |   24   |    0   |   145  |
|  Register |    -   |    -   |  1446  |    -   |
+-----------+--------+--------+--------+--------+
|   Total   |   32   |   24   |  1446  |  3578  |
+-----------+--------+--------+--------+--------+
