

================================================================
== Vitis HLS Report for 'case_11'
================================================================
* Date:           Tue Dec 23 15:16:01 2025

* Version:        2025.1 (Build 6135595 on May 21 2025)
* Project:        project_tmp
* Solution:       solution_tmp (Vivado IP Flow Target)
* Product family: zynq
* Target device:  xc7z020-clg484-1


================================================================
== Performance Estimates
================================================================
+ Timing: 
    * Summary: 
    +--------+----------+----------+------------+
    |  Clock |  Target  | Estimated| Uncertainty|
    +--------+----------+----------+------------+
    |ap_clk  |  10.00 ns|  7.230 ns|     2.70 ns|
    +--------+----------+----------+------------+

+ Latency: 
    * Summary: 
    +---------+---------+----------+----------+-----+-----+---------+
    |  Latency (cycles) |  Latency (absolute) |  Interval | Pipeline|
    |   min   |   max   |    min   |    max   | min | max |   Type  |
    +---------+---------+----------+----------+-----+-----+---------+
    |       25|       25|  0.250 us|  0.250 us|   26|   26|       no|
    +---------+---------+----------+----------+-----+-----+---------+

    + Detail: 
        * Instance: 
        N/A

        * Loop: 
        N/A

============================================================
+ Verbose Summary: Synthesis Manager
============================================================
InlineROM: 1
ExposeGlobal: 0
============================================================
+ Verbose Summary: CDFG Model
============================================================
IsTopModel: 1
ResetActiveHigh: 1
IsCombinational: 0
IsDatapathOnly: 0
HasWiredReturn: 1
HasMFsm: 0
HasVarLatency: 1
IsPipeline: 0
IsRtlPipelined: 0
IsInstanceOverlapped: 0
IsDontTouch: 0
HasImplIP: 0
IsGatedGlobalClock: 0


============================================================
+ Verbose Summary: Schedule
============================================================
* Number of FSM states : 26
* Pipeline : 0
* Dataflow Pipeline: 0

* FSM state transitions: 
1 --> 2 
2 --> 3 
3 --> 4 
4 --> 5 
5 --> 6 
6 --> 7 
7 --> 8 
8 --> 9 
9 --> 10 
10 --> 11 
11 --> 12 
12 --> 13 
13 --> 14 
14 --> 15 
15 --> 16 
16 --> 17 
17 --> 18 
18 --> 19 
19 --> 20 
20 --> 21 
21 --> 22 
22 --> 23 
23 --> 24 
24 --> 25 
25 --> 26 
26 --> 

* FSM state operations: 

State 1 <SV = 0> <Delay = 3.78>
ST_1 : Operation 27 [1/1] (0.00ns)   --->   "%in_data_6_read = read i16 @_ssdm_op_Read.ap_none.i16P0A, i16 %in_data_6" [CASE/case_11/case_11.cc:34]   --->   Operation 27 'read' 'in_data_6_read' <Predicate = true> <Delay = 0.00>
ST_1 : Operation 28 [1/1] (0.00ns)   --->   "%in7 = trunc i16 %in_data_6_read" [CASE/case_11/case_11.cc:34]   --->   Operation 28 'trunc' 'in7' <Predicate = true> <Delay = 0.00>
ST_1 : Operation 29 [1/1] (0.00ns)   --->   "%in_data_15_read = read i16 @_ssdm_op_Read.ap_none.i16P0A, i16 %in_data_15" [CASE/case_11/case_11.cc:52]   --->   Operation 29 'read' 'in_data_15_read' <Predicate = true> <Delay = 0.00>
ST_1 : Operation 30 [1/1] (0.00ns)   --->   "%in16 = trunc i16 %in_data_15_read" [CASE/case_11/case_11.cc:52]   --->   Operation 30 'trunc' 'in16' <Predicate = true> <Delay = 0.00>
ST_1 : Operation 31 [1/1] (3.78ns)   --->   "%mul_ln229 = mul i6 %in7, i6 %in16" [CASE/case_11/case_11.cc:229]   --->   Operation 31 'mul' 'mul_ln229' <Predicate = true> <Delay = 3.78> <CoreInst = "Multiplier">   --->   Core 3 'Multiplier' <Latency = 0> <II = 1> <Delay = 3.78> <FuncUnit> <Opcode : 'mul'> <InPorts = 2> <OutPorts = 1>
ST_1 : Operation 32 [1/1] (0.00ns)   --->   "%trunc_ln239_1 = trunc i16 %in_data_15_read" [CASE/case_11/case_11.cc:239]   --->   Operation 32 'trunc' 'trunc_ln239_1' <Predicate = true> <Delay = 0.00>

State 2 <SV = 1> <Delay = 3.78>
ST_2 : Operation 33 [1/1] (0.00ns)   --->   "%in_data_9_read = read i16 @_ssdm_op_Read.ap_none.i16P0A, i16 %in_data_9" [CASE/case_11/case_11.cc:40]   --->   Operation 33 'read' 'in_data_9_read' <Predicate = true> <Delay = 0.00>
ST_2 : Operation 34 [1/1] (0.00ns)   --->   "%trunc_ln229 = trunc i16 %in_data_9_read" [CASE/case_11/case_11.cc:229]   --->   Operation 34 'trunc' 'trunc_ln229' <Predicate = true> <Delay = 0.00>
ST_2 : Operation 35 [1/1] (3.78ns)   --->   "%m27 = mul i6 %mul_ln229, i6 %trunc_ln229" [CASE/case_11/case_11.cc:229]   --->   Operation 35 'mul' 'm27' <Predicate = true> <Delay = 3.78> <CoreInst = "Multiplier">   --->   Core 3 'Multiplier' <Latency = 0> <II = 1> <Delay = 3.78> <FuncUnit> <Opcode : 'mul'> <InPorts = 2> <OutPorts = 1>
ST_2 : Operation 36 [1/1] (0.00ns)   --->   "%trunc_ln230 = trunc i16 %in_data_9_read" [CASE/case_11/case_11.cc:230]   --->   Operation 36 'trunc' 'trunc_ln230' <Predicate = true> <Delay = 0.00>

State 3 <SV = 2> <Delay = 5.60>
ST_3 : Operation 37 [1/1] (0.00ns)   --->   "%in_data_5_read = read i16 @_ssdm_op_Read.ap_none.i16P0A, i16 %in_data_5" [CASE/case_11/case_11.cc:32]   --->   Operation 37 'read' 'in_data_5_read' <Predicate = true> <Delay = 0.00>
ST_3 : Operation 38 [1/1] (0.00ns)   --->   "%in_data_18_read = read i16 @_ssdm_op_Read.ap_none.i16P0A, i16 %in_data_18" [CASE/case_11/case_11.cc:58]   --->   Operation 38 'read' 'in_data_18_read' <Predicate = true> <Delay = 0.00>
ST_3 : Operation 39 [1/1] (0.00ns)   --->   "%in19 = trunc i16 %in_data_18_read" [CASE/case_11/case_11.cc:58]   --->   Operation 39 'trunc' 'in19' <Predicate = true> <Delay = 0.00>
ST_3 : Operation 40 [1/1] (0.00ns)   --->   "%in_data_22_read = read i16 @_ssdm_op_Read.ap_none.i16P0A, i16 %in_data_22" [CASE/case_11/case_11.cc:66]   --->   Operation 40 'read' 'in_data_22_read' <Predicate = true> <Delay = 0.00>
ST_3 : Operation 41 [1/1] (0.00ns)   --->   "%in23 = trunc i16 %in_data_22_read" [CASE/case_11/case_11.cc:66]   --->   Operation 41 'trunc' 'in23' <Predicate = true> <Delay = 0.00>
ST_3 : Operation 42 [1/1] (0.00ns)   --->   "%trunc_ln227 = trunc i16 %in_data_5_read" [CASE/case_11/case_11.cc:227]   --->   Operation 42 'trunc' 'trunc_ln227' <Predicate = true> <Delay = 0.00>
ST_3 : Operation 43 [1/1] (0.00ns)   --->   "%sext_ln227_1 = sext i5 %in19" [CASE/case_11/case_11.cc:227]   --->   Operation 43 'sext' 'sext_ln227_1' <Predicate = true> <Delay = 0.00>
ST_3 : Operation 44 [1/1] (1.87ns)   --->   "%m25 = add i7 %trunc_ln227, i7 %sext_ln227_1" [CASE/case_11/case_11.cc:227]   --->   Operation 44 'add' 'm25' <Predicate = true> <Delay = 1.87> <CoreInst = "Adder">   --->   Core 1 'Adder' <Latency = 0> <II = 1> <Delay = 1.87> <FuncUnit> <Opcode : 'add' 'sub'> <InPorts = 2> <OutPorts = 1>
ST_3 : Operation 45 [1/1] (0.00ns)   --->   "%sext_ln231 = sext i6 %m27" [CASE/case_11/case_11.cc:231]   --->   Operation 45 'sext' 'sext_ln231' <Predicate = true> <Delay = 0.00>
ST_3 : Operation 46 [1/1] (0.00ns)   --->   "%sext_ln231_1 = sext i14 %in23" [CASE/case_11/case_11.cc:231]   --->   Operation 46 'sext' 'sext_ln231_1' <Predicate = true> <Delay = 0.00>
ST_3 : Operation 47 [1/1] (5.60ns)   --->   "%m29 = mul i16 %sext_ln231_1, i16 %sext_ln231" [CASE/case_11/case_11.cc:231]   --->   Operation 47 'mul' 'm29' <Predicate = true> <Delay = 5.60> <CoreInst = "Multiplier">   --->   Core 3 'Multiplier' <Latency = 0> <II = 1> <Delay = 5.60> <FuncUnit> <Opcode : 'mul'> <InPorts = 2> <OutPorts = 1>
ST_3 : Operation 48 [1/1] (0.00ns)   --->   "%trunc_ln237 = trunc i16 %m29" [CASE/case_11/case_11.cc:237]   --->   Operation 48 'trunc' 'trunc_ln237' <Predicate = true> <Delay = 0.00>
ST_3 : Operation 49 [1/1] (0.00ns)   --->   "%trunc_ln238 = trunc i16 %in_data_22_read" [CASE/case_11/case_11.cc:238]   --->   Operation 49 'trunc' 'trunc_ln238' <Predicate = true> <Delay = 0.00>
ST_3 : Operation 50 [1/1] (0.00ns)   --->   "%trunc_ln239 = trunc i7 %m25" [CASE/case_11/case_11.cc:239]   --->   Operation 50 'trunc' 'trunc_ln239' <Predicate = true> <Delay = 0.00>
ST_3 : Operation 51 [1/1] (3.49ns)   --->   "%m37 = mul i5 %trunc_ln239, i5 %trunc_ln239_1" [CASE/case_11/case_11.cc:239]   --->   Operation 51 'mul' 'm37' <Predicate = true> <Delay = 3.49> <CoreInst = "Multiplier">   --->   Core 3 'Multiplier' <Latency = 0> <II = 1> <Delay = 3.49> <FuncUnit> <Opcode : 'mul'> <InPorts = 2> <OutPorts = 1>
ST_3 : Operation 52 [1/1] (0.00ns)   --->   "%trunc_ln245 = trunc i16 %m29" [CASE/case_11/case_11.cc:245]   --->   Operation 52 'trunc' 'trunc_ln245' <Predicate = true> <Delay = 0.00>
ST_3 : Operation 53 [1/1] (0.00ns)   --->   "%trunc_ln246 = trunc i16 %m29" [CASE/case_11/case_11.cc:246]   --->   Operation 53 'trunc' 'trunc_ln246' <Predicate = true> <Delay = 0.00>
ST_3 : Operation 54 [1/1] (0.00ns)   --->   "%trunc_ln250 = trunc i16 %m29" [CASE/case_11/case_11.cc:250]   --->   Operation 54 'trunc' 'trunc_ln250' <Predicate = true> <Delay = 0.00>
ST_3 : Operation 55 [1/1] (0.00ns)   --->   "%trunc_ln254 = trunc i16 %m29" [CASE/case_11/case_11.cc:254]   --->   Operation 55 'trunc' 'trunc_ln254' <Predicate = true> <Delay = 0.00>

State 4 <SV = 3> <Delay = 6.67>
ST_4 : Operation 56 [1/1] (0.00ns)   --->   "%in_data_7_read = read i16 @_ssdm_op_Read.ap_none.i16P0A, i16 %in_data_7" [CASE/case_11/case_11.cc:36]   --->   Operation 56 'read' 'in_data_7_read' <Predicate = true> <Delay = 0.00>
ST_4 : Operation 57 [1/1] (0.00ns)   --->   "%in_data_8_read = read i16 @_ssdm_op_Read.ap_none.i16P0A, i16 %in_data_8" [CASE/case_11/case_11.cc:38]   --->   Operation 57 'read' 'in_data_8_read' <Predicate = true> <Delay = 0.00>
ST_4 : Operation 58 [1/1] (0.00ns)   --->   "%in9 = trunc i16 %in_data_8_read" [CASE/case_11/case_11.cc:38]   --->   Operation 58 'trunc' 'in9' <Predicate = true> <Delay = 0.00>
ST_4 : Operation 59 [1/1] (0.00ns)   --->   "%in_data_23_read = read i16 @_ssdm_op_Read.ap_none.i16P0A, i16 %in_data_23" [CASE/case_11/case_11.cc:68]   --->   Operation 59 'read' 'in_data_23_read' <Predicate = true> <Delay = 0.00>
ST_4 : Operation 60 [1/1] (0.00ns)   --->   "%in24 = trunc i16 %in_data_23_read" [CASE/case_11/case_11.cc:68]   --->   Operation 60 'trunc' 'in24' <Predicate = true> <Delay = 0.00>
ST_4 : Operation 61 [1/1] (0.00ns)   --->   "%sext_ln227 = sext i5 %in19" [CASE/case_11/case_11.cc:227]   --->   Operation 61 'sext' 'sext_ln227' <Predicate = true> <Delay = 0.00>
ST_4 : Operation 62 [1/1] (0.00ns)   --->   "%trunc_ln230_1 = trunc i16 %in_data_7_read" [CASE/case_11/case_11.cc:230]   --->   Operation 62 'trunc' 'trunc_ln230_1' <Predicate = true> <Delay = 0.00>
ST_4 : Operation 63 [1/1] (1.78ns)   --->   "%m28 = add i5 %trunc_ln230, i5 %trunc_ln230_1" [CASE/case_11/case_11.cc:230]   --->   Operation 63 'add' 'm28' <Predicate = true> <Delay = 1.78> <CoreInst = "Adder">   --->   Core 1 'Adder' <Latency = 0> <II = 1> <Delay = 1.78> <FuncUnit> <Opcode : 'add' 'sub'> <InPorts = 2> <OutPorts = 1>
ST_4 : Operation 64 [1/1] (2.25ns) (grouped into DSP with root node m51)   --->   "%m31 = add i9 %in9, i9 %sext_ln227" [CASE/case_11/case_11.cc:233]   --->   Operation 64 'add' 'm31' <Predicate = true> <Delay = 2.25> <CoreInst = "DSP48">   --->   Core 116 'DSP48' <Latency = 3> <II = 1> <Delay = 2.15> <IPBlock> <Opcode : 'add' 'sub' 'mul' 'select'> <InPorts = 0> <OutPorts = 1> <Sync> <CReg>
ST_4 : Operation 65 [1/1] (0.00ns)   --->   "%sext_ln234 = sext i5 %m28" [CASE/case_11/case_11.cc:234]   --->   Operation 65 'sext' 'sext_ln234' <Predicate = true> <Delay = 0.00>
ST_4 : Operation 66 [1/1] (3.74ns)   --->   "%m32 = mul i7 %in24, i7 %sext_ln234" [CASE/case_11/case_11.cc:234]   --->   Operation 66 'mul' 'm32' <Predicate = true> <Delay = 3.74> <CoreInst = "Multiplier">   --->   Core 3 'Multiplier' <Latency = 0> <II = 1> <Delay = 3.74> <FuncUnit> <Opcode : 'mul'> <InPorts = 2> <OutPorts = 1>
ST_4 : Operation 67 [1/1] (5.62ns)   --->   "%m35 = mul i12 %trunc_ln237, i12 %trunc_ln238" [CASE/case_11/case_11.cc:238]   --->   Operation 67 'mul' 'm35' <Predicate = true> <Delay = 5.62> <CoreInst = "Multiplier">   --->   Core 3 'Multiplier' <Latency = 0> <II = 1> <Delay = 5.62> <FuncUnit> <Opcode : 'mul'> <InPorts = 2> <OutPorts = 1>
ST_4 : Operation 68 [1/1] (0.00ns)   --->   "%trunc_ln241_1 = trunc i16 %in_data_23_read" [CASE/case_11/case_11.cc:241]   --->   Operation 68 'trunc' 'trunc_ln241_1' <Predicate = true> <Delay = 0.00>
ST_4 : Operation 69 [1/1] (0.00ns)   --->   "%sext_ln242 = sext i7 %m25" [CASE/case_11/case_11.cc:242]   --->   Operation 69 'sext' 'sext_ln242' <Predicate = true> <Delay = 0.00>
ST_4 : Operation 70 [1/1] (5.62ns)   --->   "%m40 = mul i12 %trunc_ln237, i12 %sext_ln242" [CASE/case_11/case_11.cc:242]   --->   Operation 70 'mul' 'm40' <Predicate = true> <Delay = 5.62> <CoreInst = "Multiplier">   --->   Core 3 'Multiplier' <Latency = 0> <II = 1> <Delay = 5.62> <FuncUnit> <Opcode : 'mul'> <InPorts = 2> <OutPorts = 1>
ST_4 : Operation 71 [1/1] (0.00ns)   --->   "%trunc_ln243 = trunc i16 %in_data_23_read" [CASE/case_11/case_11.cc:243]   --->   Operation 71 'trunc' 'trunc_ln243' <Predicate = true> <Delay = 0.00>
ST_4 : Operation 72 [1/1] (3.49ns)   --->   "%m41 = mul i5 %trunc_ln243, i5 %trunc_ln239" [CASE/case_11/case_11.cc:243]   --->   Operation 72 'mul' 'm41' <Predicate = true> <Delay = 3.49> <CoreInst = "Multiplier">   --->   Core 3 'Multiplier' <Latency = 0> <II = 1> <Delay = 3.49> <FuncUnit> <Opcode : 'mul'> <InPorts = 2> <OutPorts = 1>
ST_4 : Operation 73 [1/1] (0.00ns)   --->   "%trunc_ln294_1 = trunc i12 %m35" [CASE/case_11/case_11.cc:294]   --->   Operation 73 'trunc' 'trunc_ln294_1' <Predicate = true> <Delay = 0.00>
ST_4 : Operation 74 [1/1] (0.00ns)   --->   "%trunc_ln253 = trunc i12 %m40" [CASE/case_11/case_11.cc:253]   --->   Operation 74 'trunc' 'trunc_ln253' <Predicate = true> <Delay = 0.00>
ST_4 : Operation 75 [4/4] (1.05ns) (root node of the DSP)   --->   "%m51 = mul i9 %trunc_ln253, i9 %m31" [CASE/case_11/case_11.cc:257]   --->   Operation 75 'mul' 'm51' <Predicate = true> <Delay = 1.05> <CoreInst = "DSP48">   --->   Core 116 'DSP48' <Latency = 3> <II = 1> <Delay = 2.15> <IPBlock> <Opcode : 'add' 'sub' 'mul' 'select'> <InPorts = 0> <OutPorts = 1> <Sync> <CReg>
ST_4 : Operation 76 [1/1] (0.00ns)   --->   "%sext_ln385 = sext i5 %m41" [CASE/case_11/case_11.cc:385]   --->   Operation 76 'sext' 'sext_ln385' <Predicate = true> <Delay = 0.00>
ST_4 : Operation 77 [1/1] (0.00ns)   --->   "%write_ln385 = write void @_ssdm_op_Write.ap_none.i16P0A, i16 %out_data_1, i16 %sext_ln385" [CASE/case_11/case_11.cc:385]   --->   Operation 77 'write' 'write_ln385' <Predicate = true> <Delay = 0.00>

State 5 <SV = 4> <Delay = 6.68>
ST_5 : Operation 78 [1/1] (0.00ns)   --->   "%in_data_14_read = read i16 @_ssdm_op_Read.ap_none.i16P0A, i16 %in_data_14" [CASE/case_11/case_11.cc:50]   --->   Operation 78 'read' 'in_data_14_read' <Predicate = true> <Delay = 0.00>
ST_5 : Operation 79 [1/1] (0.00ns)   --->   "%in15 = trunc i16 %in_data_14_read" [CASE/case_11/case_11.cc:50]   --->   Operation 79 'trunc' 'in15' <Predicate = true> <Delay = 0.00>
ST_5 : Operation 80 [1/1] (0.00ns)   --->   "%in_data_17_read = read i16 @_ssdm_op_Read.ap_none.i16P0A, i16 %in_data_17" [CASE/case_11/case_11.cc:56]   --->   Operation 80 'read' 'in_data_17_read' <Predicate = true> <Delay = 0.00>
ST_5 : Operation 81 [1/1] (0.00ns)   --->   "%in18 = trunc i16 %in_data_17_read" [CASE/case_11/case_11.cc:56]   --->   Operation 81 'trunc' 'in18' <Predicate = true> <Delay = 0.00>
ST_5 : Operation 82 [1/1] (0.00ns)   --->   "%in_data_20_read = read i16 @_ssdm_op_Read.ap_none.i16P0A, i16 %in_data_20" [CASE/case_11/case_11.cc:62]   --->   Operation 82 'read' 'in_data_20_read' <Predicate = true> <Delay = 0.00>
ST_5 : Operation 83 [1/1] (0.00ns)   --->   "%in21 = trunc i16 %in_data_20_read" [CASE/case_11/case_11.cc:62]   --->   Operation 83 'trunc' 'in21' <Predicate = true> <Delay = 0.00>
ST_5 : Operation 84 [1/1] (0.00ns)   --->   "%in22 = read i16 @_ssdm_op_Read.ap_none.i16P0A, i16 %in_data_21" [CASE/case_11/case_11.cc:64]   --->   Operation 84 'read' 'in22' <Predicate = true> <Delay = 0.00>
ST_5 : Operation 85 [1/1] (0.00ns)   --->   "%sext_ln232 = sext i3 %in15" [CASE/case_11/case_11.cc:232]   --->   Operation 85 'sext' 'sext_ln232' <Predicate = true> <Delay = 0.00>
ST_5 : Operation 86 [1/1] (0.00ns)   --->   "%sext_ln232_1 = sext i11 %in18" [CASE/case_11/case_11.cc:232]   --->   Operation 86 'sext' 'sext_ln232_1' <Predicate = true> <Delay = 0.00>
ST_5 : Operation 87 [1/1] (5.63ns)   --->   "%m30 = mul i14 %sext_ln232_1, i14 %sext_ln232" [CASE/case_11/case_11.cc:232]   --->   Operation 87 'mul' 'm30' <Predicate = true> <Delay = 5.63> <CoreInst = "Multiplier">   --->   Core 3 'Multiplier' <Latency = 0> <II = 1> <Delay = 5.63> <FuncUnit> <Opcode : 'mul'> <InPorts = 2> <OutPorts = 1>
ST_5 : Operation 88 [1/1] (0.00ns)   --->   "%trunc_ln235 = trunc i16 %in22" [CASE/case_11/case_11.cc:235]   --->   Operation 88 'trunc' 'trunc_ln235' <Predicate = true> <Delay = 0.00>
ST_5 : Operation 89 [1/1] (0.00ns)   --->   "%trunc_ln235_1 = trunc i16 %in_data_17_read" [CASE/case_11/case_11.cc:235]   --->   Operation 89 'trunc' 'trunc_ln235_1' <Predicate = true> <Delay = 0.00>
ST_5 : Operation 90 [1/1] (3.74ns)   --->   "%m33 = mul i7 %trunc_ln235, i7 %trunc_ln235_1" [CASE/case_11/case_11.cc:235]   --->   Operation 90 'mul' 'm33' <Predicate = true> <Delay = 3.74> <CoreInst = "Multiplier">   --->   Core 3 'Multiplier' <Latency = 0> <II = 1> <Delay = 3.74> <FuncUnit> <Opcode : 'mul'> <InPorts = 2> <OutPorts = 1>
ST_5 : Operation 91 [1/1] (0.00ns)   --->   "%sext_ln238 = sext i11 %in21" [CASE/case_11/case_11.cc:238]   --->   Operation 91 'sext' 'sext_ln238' <Predicate = true> <Delay = 0.00>
ST_5 : Operation 92 [1/1] (2.25ns) (grouped into DSP with root node m38)   --->   "%m36 = add i12 %m35, i12 %sext_ln238" [CASE/case_11/case_11.cc:238]   --->   Operation 92 'add' 'm36' <Predicate = true> <Delay = 2.25> <CoreInst = "DSP48">   --->   Core 116 'DSP48' <Latency = 3> <II = 1> <Delay = 2.15> <IPBlock> <Opcode : 'add' 'sub' 'mul' 'select'> <InPorts = 0> <OutPorts = 1> <Sync> <CReg>
ST_5 : Operation 93 [1/1] (0.00ns)   --->   "%trunc_ln240 = trunc i14 %m30" [CASE/case_11/case_11.cc:240]   --->   Operation 93 'trunc' 'trunc_ln240' <Predicate = true> <Delay = 0.00>
ST_5 : Operation 94 [4/4] (1.05ns) (root node of the DSP)   --->   "%m38 = mul i12 %trunc_ln240, i12 %m36" [CASE/case_11/case_11.cc:240]   --->   Operation 94 'mul' 'm38' <Predicate = true> <Delay = 1.05> <CoreInst = "DSP48">   --->   Core 116 'DSP48' <Latency = 3> <II = 1> <Delay = 2.15> <IPBlock> <Opcode : 'add' 'sub' 'mul' 'select'> <InPorts = 0> <OutPorts = 1> <Sync> <CReg>
ST_5 : Operation 95 [1/1] (0.00ns)   --->   "%trunc_ln241 = trunc i7 %m33" [CASE/case_11/case_11.cc:241]   --->   Operation 95 'trunc' 'trunc_ln241' <Predicate = true> <Delay = 0.00>
ST_5 : Operation 96 [1/1] (1.62ns)   --->   "%m39 = mul i3 %trunc_ln241_1, i3 %trunc_ln241" [CASE/case_11/case_11.cc:241]   --->   Operation 96 'mul' 'm39' <Predicate = true> <Delay = 1.62> <CoreInst = "Multiplier">   --->   Core 3 'Multiplier' <Latency = 0> <II = 1> <Delay = 1.62> <FuncUnit> <Opcode : 'mul'> <InPorts = 2> <OutPorts = 1>
ST_5 : Operation 97 [1/1] (0.00ns)   --->   "%trunc_ln244 = trunc i16 %in22" [CASE/case_11/case_11.cc:244]   --->   Operation 97 'trunc' 'trunc_ln244' <Predicate = true> <Delay = 0.00>
ST_5 : Operation 98 [1/1] (0.00ns)   --->   "%sext_ln246 = sext i7 %m32" [CASE/case_11/case_11.cc:246]   --->   Operation 98 'sext' 'sext_ln246' <Predicate = true> <Delay = 0.00>
ST_5 : Operation 99 [1/1] (5.60ns)   --->   "%m44 = mul i14 %trunc_ln246, i14 %sext_ln246" [CASE/case_11/case_11.cc:246]   --->   Operation 99 'mul' 'm44' <Predicate = true> <Delay = 5.60> <CoreInst = "Multiplier">   --->   Core 3 'Multiplier' <Latency = 0> <II = 1> <Delay = 5.60> <FuncUnit> <Opcode : 'mul'> <InPorts = 2> <OutPorts = 1>
ST_5 : Operation 100 [1/1] (0.00ns)   --->   "%trunc_ln294 = trunc i16 %in_data_20_read" [CASE/case_11/case_11.cc:294]   --->   Operation 100 'trunc' 'trunc_ln294' <Predicate = true> <Delay = 0.00>
ST_5 : Operation 101 [1/1] (0.00ns)   --->   "%trunc_ln250_1 = trunc i14 %m30" [CASE/case_11/case_11.cc:250]   --->   Operation 101 'trunc' 'trunc_ln250_1' <Predicate = true> <Delay = 0.00>
ST_5 : Operation 102 [3/4] (1.05ns) (root node of the DSP)   --->   "%m51 = mul i9 %trunc_ln253, i9 %m31" [CASE/case_11/case_11.cc:257]   --->   Operation 102 'mul' 'm51' <Predicate = true> <Delay = 1.05> <CoreInst = "DSP48">   --->   Core 116 'DSP48' <Latency = 3> <II = 1> <Delay = 2.15> <IPBlock> <Opcode : 'add' 'sub' 'mul' 'select'> <InPorts = 0> <OutPorts = 1> <Sync> <CReg>
ST_5 : Operation 103 [1/1] (0.00ns)   --->   "%trunc_ln267 = trunc i14 %m44" [CASE/case_11/case_11.cc:267]   --->   Operation 103 'trunc' 'trunc_ln267' <Predicate = true> <Delay = 0.00>
ST_5 : Operation 104 [1/1] (0.00ns)   --->   "%sext_ln384 = sext i3 %m39" [CASE/case_11/case_11.cc:384]   --->   Operation 104 'sext' 'sext_ln384' <Predicate = true> <Delay = 0.00>
ST_5 : Operation 105 [1/1] (0.00ns)   --->   "%write_ln384 = write void @_ssdm_op_Write.ap_none.i16P0A, i16 %out_data_0, i16 %sext_ln384" [CASE/case_11/case_11.cc:384]   --->   Operation 105 'write' 'write_ln384' <Predicate = true> <Delay = 0.00>

State 6 <SV = 5> <Delay = 5.60>
ST_6 : Operation 106 [3/4] (1.05ns) (root node of the DSP)   --->   "%m38 = mul i12 %trunc_ln240, i12 %m36" [CASE/case_11/case_11.cc:240]   --->   Operation 106 'mul' 'm38' <Predicate = true> <Delay = 1.05> <CoreInst = "DSP48">   --->   Core 116 'DSP48' <Latency = 3> <II = 1> <Delay = 2.15> <IPBlock> <Opcode : 'add' 'sub' 'mul' 'select'> <InPorts = 0> <OutPorts = 1> <Sync> <CReg>
ST_6 : Operation 107 [1/1] (3.74ns)   --->   "%m43 = mul i7 %trunc_ln245, i7 %m33" [CASE/case_11/case_11.cc:245]   --->   Operation 107 'mul' 'm43' <Predicate = true> <Delay = 3.74> <CoreInst = "Multiplier">   --->   Core 3 'Multiplier' <Latency = 0> <II = 1> <Delay = 3.74> <FuncUnit> <Opcode : 'mul'> <InPorts = 2> <OutPorts = 1>
ST_6 : Operation 108 [1/1] (0.00ns)   --->   "%sext_ln249 = sext i5 %m37" [CASE/case_11/case_11.cc:249]   --->   Operation 108 'sext' 'sext_ln249' <Predicate = true> <Delay = 0.00>
ST_6 : Operation 109 [1/1] (0.00ns)   --->   "%sext_ln249_1 = sext i7 %m32" [CASE/case_11/case_11.cc:249]   --->   Operation 109 'sext' 'sext_ln249_1' <Predicate = true> <Delay = 0.00>
ST_6 : Operation 110 [1/1] (3.74ns)   --->   "%m47 = mul i11 %sext_ln249_1, i11 %sext_ln249" [CASE/case_11/case_11.cc:249]   --->   Operation 110 'mul' 'm47' <Predicate = true> <Delay = 3.74> <CoreInst = "Multiplier">   --->   Core 3 'Multiplier' <Latency = 0> <II = 1> <Delay = 3.74> <FuncUnit> <Opcode : 'mul'> <InPorts = 2> <OutPorts = 1>
ST_6 : Operation 111 [1/1] (4.52ns)   --->   "%m48 = mul i10 %trunc_ln250, i10 %trunc_ln250_1" [CASE/case_11/case_11.cc:250]   --->   Operation 111 'mul' 'm48' <Predicate = true> <Delay = 4.52> <CoreInst = "Multiplier">   --->   Core 3 'Multiplier' <Latency = 0> <II = 1> <Delay = 4.52> <FuncUnit> <Opcode : 'mul'> <InPorts = 2> <OutPorts = 1>
ST_6 : Operation 112 [2/4] (1.05ns) (root node of the DSP)   --->   "%m51 = mul i9 %trunc_ln253, i9 %m31" [CASE/case_11/case_11.cc:257]   --->   Operation 112 'mul' 'm51' <Predicate = true> <Delay = 1.05> <CoreInst = "DSP48">   --->   Core 116 'DSP48' <Latency = 3> <II = 1> <Delay = 2.15> <IPBlock> <Opcode : 'add' 'sub' 'mul' 'select'> <InPorts = 0> <OutPorts = 1> <Sync> <CReg>
ST_6 : Operation 113 [1/1] (0.00ns)   --->   "%trunc_ln257 = trunc i11 %m47" [CASE/case_11/case_11.cc:257]   --->   Operation 113 'trunc' 'trunc_ln257' <Predicate = true> <Delay = 0.00>
ST_6 : Operation 114 [1/1] (0.00ns)   --->   "%trunc_ln258 = trunc i10 %m48" [CASE/case_11/case_11.cc:258]   --->   Operation 114 'trunc' 'trunc_ln258' <Predicate = true> <Delay = 0.00>
ST_6 : Operation 115 [1/1] (0.00ns)   --->   "%sext_ln263 = sext i12 %m40" [CASE/case_11/case_11.cc:263]   --->   Operation 115 'sext' 'sext_ln263' <Predicate = true> <Delay = 0.00>
ST_6 : Operation 116 [1/1] (5.60ns)   --->   "%m61 = mul i14 %m44, i14 %sext_ln263" [CASE/case_11/case_11.cc:263]   --->   Operation 116 'mul' 'm61' <Predicate = true> <Delay = 5.60> <CoreInst = "Multiplier">   --->   Core 3 'Multiplier' <Latency = 0> <II = 1> <Delay = 5.60> <FuncUnit> <Opcode : 'mul'> <InPorts = 2> <OutPorts = 1>
ST_6 : Operation 117 [1/1] (0.00ns)   --->   "%trunc_ln266 = trunc i14 %m61" [CASE/case_11/case_11.cc:266]   --->   Operation 117 'trunc' 'trunc_ln266' <Predicate = true> <Delay = 0.00>
ST_6 : Operation 118 [1/1] (0.00ns)   --->   "%trunc_ln279 = trunc i14 %m61" [CASE/case_11/case_11.cc:279]   --->   Operation 118 'trunc' 'trunc_ln279' <Predicate = true> <Delay = 0.00>
ST_6 : Operation 119 [1/1] (0.00ns)   --->   "%sext_ln386 = sext i7 %m43" [CASE/case_11/case_11.cc:386]   --->   Operation 119 'sext' 'sext_ln386' <Predicate = true> <Delay = 0.00>
ST_6 : Operation 120 [1/1] (0.00ns)   --->   "%write_ln386 = write void @_ssdm_op_Write.ap_none.i16P0A, i16 %out_data_2, i16 %sext_ln386" [CASE/case_11/case_11.cc:386]   --->   Operation 120 'write' 'write_ln386' <Predicate = true> <Delay = 0.00>

State 7 <SV = 6> <Delay = 5.63>
ST_7 : Operation 121 [1/1] (0.00ns)   --->   "%in_data_12_read = read i16 @_ssdm_op_Read.ap_none.i16P0A, i16 %in_data_12" [CASE/case_11/case_11.cc:46]   --->   Operation 121 'read' 'in_data_12_read' <Predicate = true> <Delay = 0.00>
ST_7 : Operation 122 [1/1] (0.00ns)   --->   "%sext_ln236 = sext i7 %in24" [CASE/case_11/case_11.cc:236]   --->   Operation 122 'sext' 'sext_ln236' <Predicate = true> <Delay = 0.00>
ST_7 : Operation 123 [1/1] (0.00ns)   --->   "%trunc_ln236 = trunc i16 %in_data_12_read" [CASE/case_11/case_11.cc:236]   --->   Operation 123 'trunc' 'trunc_ln236' <Predicate = true> <Delay = 0.00>
ST_7 : Operation 124 [1/1] (0.00ns)   --->   "%zext_ln236 = zext i12 %trunc_ln236" [CASE/case_11/case_11.cc:236]   --->   Operation 124 'zext' 'zext_ln236' <Predicate = true> <Delay = 0.00>
ST_7 : Operation 125 [1/1] (5.62ns)   --->   "%mul_ln236 = mul i13 %zext_ln236, i13 %sext_ln236" [CASE/case_11/case_11.cc:236]   --->   Operation 125 'mul' 'mul_ln236' <Predicate = true> <Delay = 5.62> <CoreInst = "Multiplier">   --->   Core 3 'Multiplier' <Latency = 0> <II = 1> <Delay = 5.62> <FuncUnit> <Opcode : 'mul'> <InPorts = 2> <OutPorts = 1>
ST_7 : Operation 126 [1/1] (0.00ns)   --->   "%m34 = trunc i13 %mul_ln236" [CASE/case_11/case_11.cc:265]   --->   Operation 126 'trunc' 'm34' <Predicate = true> <Delay = 0.00>
ST_7 : Operation 127 [2/4] (1.05ns) (root node of the DSP)   --->   "%m38 = mul i12 %trunc_ln240, i12 %m36" [CASE/case_11/case_11.cc:240]   --->   Operation 127 'mul' 'm38' <Predicate = true> <Delay = 1.05> <CoreInst = "DSP48">   --->   Core 116 'DSP48' <Latency = 3> <II = 1> <Delay = 2.15> <IPBlock> <Opcode : 'add' 'sub' 'mul' 'select'> <InPorts = 0> <OutPorts = 1> <Sync> <CReg>
ST_7 : Operation 128 [1/1] (0.00ns)   --->   "%trunc_ln248 = trunc i13 %mul_ln236" [CASE/case_11/case_11.cc:248]   --->   Operation 128 'trunc' 'trunc_ln248' <Predicate = true> <Delay = 0.00>
ST_7 : Operation 129 [1/1] (0.00ns)   --->   "%sext_ln251 = sext i10 %m48" [CASE/case_11/case_11.cc:251]   --->   Operation 129 'sext' 'sext_ln251' <Predicate = true> <Delay = 0.00>
ST_7 : Operation 130 [1/1] (0.00ns)   --->   "%sext_ln251_1 = sext i11 %m47" [CASE/case_11/case_11.cc:251]   --->   Operation 130 'sext' 'sext_ln251_1' <Predicate = true> <Delay = 0.00>
ST_7 : Operation 131 [1/1] (5.63ns)   --->   "%m49 = mul i12 %sext_ln251_1, i12 %sext_ln251" [CASE/case_11/case_11.cc:251]   --->   Operation 131 'mul' 'm49' <Predicate = true> <Delay = 5.63> <CoreInst = "Multiplier">   --->   Core 3 'Multiplier' <Latency = 0> <II = 1> <Delay = 5.63> <FuncUnit> <Opcode : 'mul'> <InPorts = 2> <OutPorts = 1>
ST_7 : Operation 132 [1/1] (0.00ns)   --->   "%m50 = shl i7 %m32, i7 1" [CASE/case_11/case_11.cc:252]   --->   Operation 132 'shl' 'm50' <Predicate = true> <Delay = 0.00>
ST_7 : Operation 133 [1/4] (0.00ns) (root node of the DSP)   --->   "%m51 = mul i9 %trunc_ln253, i9 %m31" [CASE/case_11/case_11.cc:257]   --->   Operation 133 'mul' 'm51' <Predicate = true> <Delay = 0.00> <CoreInst = "DSP48">   --->   Core 116 'DSP48' <Latency = 3> <II = 1> <Delay = 2.15> <IPBlock> <Opcode : 'add' 'sub' 'mul' 'select'> <InPorts = 0> <OutPorts = 1> <Sync> <CReg>
ST_7 : Operation 134 [1/1] (0.00ns)   --->   "%sext_ln255 = sext i7 %m50" [CASE/case_11/case_11.cc:255]   --->   Operation 134 'sext' 'sext_ln255' <Predicate = true> <Delay = 0.00>
ST_7 : Operation 135 [1/1] (0.00ns)   --->   "%sext_ln255_1 = sext i11 %m47" [CASE/case_11/case_11.cc:255]   --->   Operation 135 'sext' 'sext_ln255_1' <Predicate = true> <Delay = 0.00>
ST_7 : Operation 136 [1/1] (5.63ns)   --->   "%m53 = mul i15 %sext_ln255_1, i15 %sext_ln255" [CASE/case_11/case_11.cc:255]   --->   Operation 136 'mul' 'm53' <Predicate = true> <Delay = 5.63> <CoreInst = "Multiplier">   --->   Core 3 'Multiplier' <Latency = 0> <II = 1> <Delay = 5.63> <FuncUnit> <Opcode : 'mul'> <InPorts = 2> <OutPorts = 1>
ST_7 : Operation 137 [1/1] (4.35ns)   --->   "%m55 = mul i9 %m51, i9 %trunc_ln257" [CASE/case_11/case_11.cc:257]   --->   Operation 137 'mul' 'm55' <Predicate = true> <Delay = 4.35> <CoreInst = "Multiplier">   --->   Core 3 'Multiplier' <Latency = 0> <II = 1> <Delay = 4.35> <FuncUnit> <Opcode : 'mul'> <InPorts = 2> <OutPorts = 1>
ST_7 : Operation 138 [1/1] (0.00ns)   --->   "%trunc_ln277 = trunc i9 %m55" [CASE/case_11/case_11.cc:277]   --->   Operation 138 'trunc' 'trunc_ln277' <Predicate = true> <Delay = 0.00>
ST_7 : Operation 139 [1/1] (0.00ns)   --->   "%trunc_ln277_1 = trunc i9 %m51" [CASE/case_11/case_11.cc:277]   --->   Operation 139 'trunc' 'trunc_ln277_1' <Predicate = true> <Delay = 0.00>
ST_7 : Operation 140 [1/1] (0.00ns)   --->   "%sext_ln269 = sext i10 %m48" [CASE/case_11/case_11.cc:269]   --->   Operation 140 'sext' 'sext_ln269' <Predicate = true> <Delay = 0.00>
ST_7 : Operation 141 [1/1] (5.60ns)   --->   "%m67 = mul i14 %m61, i14 %sext_ln269" [CASE/case_11/case_11.cc:269]   --->   Operation 141 'mul' 'm67' <Predicate = true> <Delay = 5.60> <CoreInst = "Multiplier">   --->   Core 3 'Multiplier' <Latency = 0> <II = 1> <Delay = 5.60> <FuncUnit> <Opcode : 'mul'> <InPorts = 2> <OutPorts = 1>
ST_7 : Operation 142 [1/1] (0.00ns)   --->   "%sext_ln387 = sext i12 %m49" [CASE/case_11/case_11.cc:387]   --->   Operation 142 'sext' 'sext_ln387' <Predicate = true> <Delay = 0.00>
ST_7 : Operation 143 [1/1] (0.00ns)   --->   "%sext_ln389 = sext i15 %m53" [CASE/case_11/case_11.cc:389]   --->   Operation 143 'sext' 'sext_ln389' <Predicate = true> <Delay = 0.00>
ST_7 : Operation 144 [1/1] (0.00ns)   --->   "%sext_ln392 = sext i14 %m67" [CASE/case_11/case_11.cc:392]   --->   Operation 144 'sext' 'sext_ln392' <Predicate = true> <Delay = 0.00>
ST_7 : Operation 145 [1/1] (0.00ns)   --->   "%write_ln387 = write void @_ssdm_op_Write.ap_none.i16P0A, i16 %out_data_3, i16 %sext_ln387" [CASE/case_11/case_11.cc:387]   --->   Operation 145 'write' 'write_ln387' <Predicate = true> <Delay = 0.00>
ST_7 : Operation 146 [1/1] (0.00ns)   --->   "%write_ln389 = write void @_ssdm_op_Write.ap_none.i16P0A, i16 %out_data_5, i16 %sext_ln389" [CASE/case_11/case_11.cc:389]   --->   Operation 146 'write' 'write_ln389' <Predicate = true> <Delay = 0.00>
ST_7 : Operation 147 [1/1] (0.00ns)   --->   "%write_ln392 = write void @_ssdm_op_Write.ap_none.i16P0A, i16 %out_data_8, i16 %sext_ln392" [CASE/case_11/case_11.cc:392]   --->   Operation 147 'write' 'write_ln392' <Predicate = true> <Delay = 0.00>

State 8 <SV = 7> <Delay = 6.25>
ST_8 : Operation 148 [1/4] (0.00ns) (root node of the DSP)   --->   "%m38 = mul i12 %trunc_ln240, i12 %m36" [CASE/case_11/case_11.cc:240]   --->   Operation 148 'mul' 'm38' <Predicate = true> <Delay = 0.00> <CoreInst = "DSP48">   --->   Core 116 'DSP48' <Latency = 3> <II = 1> <Delay = 2.15> <IPBlock> <Opcode : 'add' 'sub' 'mul' 'select'> <InPorts = 0> <OutPorts = 1> <Sync> <CReg>
ST_8 : Operation 149 [1/1] (5.62ns)   --->   "%m42 = mul i12 %trunc_ln244, i12 %m38" [CASE/case_11/case_11.cc:265]   --->   Operation 149 'mul' 'm42' <Predicate = true> <Delay = 5.62> <CoreInst = "Multiplier">   --->   Core 3 'Multiplier' <Latency = 0> <II = 1> <Delay = 5.62> <FuncUnit> <Opcode : 'mul'> <InPorts = 2> <OutPorts = 1>
ST_8 : Operation 150 [1/1] (0.00ns)   --->   "%sext_ln248 = sext i5 %m37" [CASE/case_11/case_11.cc:248]   --->   Operation 150 'sext' 'sext_ln248' <Predicate = true> <Delay = 0.00>
ST_8 : Operation 151 [1/1] (1.73ns)   --->   "%m46 = add i10 %trunc_ln248, i10 %sext_ln248" [CASE/case_11/case_11.cc:271]   --->   Operation 151 'add' 'm46' <Predicate = true> <Delay = 1.73> <CoreInst = "Adder">   --->   Core 1 'Adder' <Latency = 0> <II = 1> <Delay = 1.73> <FuncUnit> <Opcode : 'add' 'sub'> <InPorts = 2> <OutPorts = 1>
ST_8 : Operation 152 [1/1] (0.00ns)   --->   "%trunc_ln254_1 = trunc i10 %m46" [CASE/case_11/case_11.cc:254]   --->   Operation 152 'trunc' 'trunc_ln254_1' <Predicate = true> <Delay = 0.00>
ST_8 : Operation 153 [1/1] (4.35ns)   --->   "%m52 = mul i9 %trunc_ln254_1, i9 %trunc_ln254" [CASE/case_11/case_11.cc:254]   --->   Operation 153 'mul' 'm52' <Predicate = true> <Delay = 4.35> <CoreInst = "Multiplier">   --->   Core 3 'Multiplier' <Latency = 0> <II = 1> <Delay = 4.35> <FuncUnit> <Opcode : 'mul'> <InPorts = 2> <OutPorts = 1>
ST_8 : Operation 154 [1/1] (0.00ns)   --->   "%trunc_ln256 = trunc i12 %m42" [CASE/case_11/case_11.cc:256]   --->   Operation 154 'trunc' 'trunc_ln256' <Predicate = true> <Delay = 0.00>
ST_8 : Operation 155 [1/1] (0.00ns)   --->   "%sext_ln256 = sext i5 %m37" [CASE/case_11/case_11.cc:256]   --->   Operation 155 'sext' 'sext_ln256' <Predicate = true> <Delay = 0.00>
ST_8 : Operation 156 [1/1] (0.00ns)   --->   "%trunc_ln258_1 = trunc i12 %m38" [CASE/case_11/case_11.cc:258]   --->   Operation 156 'trunc' 'trunc_ln258_1' <Predicate = true> <Delay = 0.00>
ST_8 : Operation 157 [1/1] (3.78ns)   --->   "%m56 = mul i6 %trunc_ln258_1, i6 %trunc_ln258" [CASE/case_11/case_11.cc:258]   --->   Operation 157 'mul' 'm56' <Predicate = true> <Delay = 3.78> <CoreInst = "Multiplier">   --->   Core 3 'Multiplier' <Latency = 0> <II = 1> <Delay = 3.78> <FuncUnit> <Opcode : 'mul'> <InPorts = 2> <OutPorts = 1>
ST_8 : Operation 158 [1/1] (0.00ns)   --->   "%sext_ln265 = sext i9 %m55" [CASE/case_11/case_11.cc:265]   --->   Operation 158 'sext' 'sext_ln265' <Predicate = true> <Delay = 0.00>
ST_8 : Operation 159 [1/1] (5.62ns)   --->   "%m57 = mul i12 %m34, i12 %sext_ln265" [CASE/case_11/case_11.cc:265]   --->   Operation 159 'mul' 'm57' <Predicate = true> <Delay = 5.62> <CoreInst = "Multiplier">   --->   Core 3 'Multiplier' <Latency = 0> <II = 1> <Delay = 5.62> <FuncUnit> <Opcode : 'mul'> <InPorts = 2> <OutPorts = 1>
ST_8 : Operation 160 [1/1] (4.35ns)   --->   "%m58 = mul i9 %trunc_ln254_1, i9 %trunc_ln253" [CASE/case_11/case_11.cc:260]   --->   Operation 160 'mul' 'm58' <Predicate = true> <Delay = 4.35> <CoreInst = "Multiplier">   --->   Core 3 'Multiplier' <Latency = 0> <II = 1> <Delay = 4.35> <FuncUnit> <Opcode : 'mul'> <InPorts = 2> <OutPorts = 1>
ST_8 : Operation 161 [1/1] (3.78ns)   --->   "%m60 = mul i6 %trunc_ln258_1, i6 %sext_ln256" [CASE/case_11/case_11.cc:262]   --->   Operation 161 'mul' 'm60' <Predicate = true> <Delay = 3.78> <CoreInst = "Multiplier">   --->   Core 3 'Multiplier' <Latency = 0> <II = 1> <Delay = 3.78> <FuncUnit> <Opcode : 'mul'> <InPorts = 2> <OutPorts = 1>
ST_8 : Operation 162 [1/1] (0.00ns)   --->   "%sext_ln271 = sext i9 %m55" [CASE/case_11/case_11.cc:271]   --->   Operation 162 'sext' 'sext_ln271' <Predicate = true> <Delay = 0.00>
ST_8 : Operation 163 [1/1] (0.00ns)   --->   "%trunc_ln266_1 = trunc i6 %m60" [CASE/case_11/case_11.cc:266]   --->   Operation 163 'trunc' 'trunc_ln266_1' <Predicate = true> <Delay = 0.00>
ST_8 : Operation 164 [1/1] (4.17ns)   --->   "%m66 = mul i8 %trunc_ln277_1, i8 %trunc_ln277" [CASE/case_11/case_11.cc:277]   --->   Operation 164 'mul' 'm66' <Predicate = true> <Delay = 4.17> <CoreInst = "Multiplier">   --->   Core 3 'Multiplier' <Latency = 0> <II = 1> <Delay = 4.17> <FuncUnit> <Opcode : 'mul'> <InPorts = 2> <OutPorts = 1>
ST_8 : Operation 165 [1/1] (0.00ns)   --->   "%trunc_ln270 = trunc i8 %m66" [CASE/case_11/case_11.cc:270]   --->   Operation 165 'trunc' 'trunc_ln270' <Predicate = true> <Delay = 0.00>
ST_8 : Operation 166 [1/1] (4.52ns)   --->   "%mul_ln271 = mul i10 %m46, i10 %sext_ln271" [CASE/case_11/case_11.cc:271]   --->   Operation 166 'mul' 'mul_ln271' <Predicate = true> <Delay = 4.52> <CoreInst = "Multiplier">   --->   Core 3 'Multiplier' <Latency = 0> <II = 1> <Delay = 4.52> <FuncUnit> <Opcode : 'mul'> <InPorts = 2> <OutPorts = 1>
ST_8 : Operation 167 [1/1] (0.00ns)   --->   "%trunc_ln276 = trunc i12 %m57" [CASE/case_11/case_11.cc:276]   --->   Operation 167 'trunc' 'trunc_ln276' <Predicate = true> <Delay = 0.00>
ST_8 : Operation 168 [1/1] (0.00ns)   --->   "%sext_ln388 = sext i9 %m52" [CASE/case_11/case_11.cc:388]   --->   Operation 168 'sext' 'sext_ln388' <Predicate = true> <Delay = 0.00>
ST_8 : Operation 169 [1/1] (0.00ns)   --->   "%write_ln388 = write void @_ssdm_op_Write.ap_none.i16P0A, i16 %out_data_4, i16 %sext_ln388" [CASE/case_11/case_11.cc:388]   --->   Operation 169 'write' 'write_ln388' <Predicate = true> <Delay = 0.00>

State 9 <SV = 8> <Delay = 5.62>
ST_9 : Operation 170 [1/1] (1.82ns)   --->   "%m54 = add i6 %trunc_ln256, i6 %sext_ln256" [CASE/case_11/case_11.cc:256]   --->   Operation 170 'add' 'm54' <Predicate = true> <Delay = 1.82> <CoreInst = "Adder">   --->   Core 1 'Adder' <Latency = 0> <II = 1> <Delay = 1.82> <FuncUnit> <Opcode : 'add' 'sub'> <InPorts = 2> <OutPorts = 1>
ST_9 : Operation 171 [1/1] (5.62ns)   --->   "%m63 = mul i12 %m42, i12 %m57" [CASE/case_11/case_11.cc:265]   --->   Operation 171 'mul' 'm63' <Predicate = true> <Delay = 5.62> <CoreInst = "Multiplier">   --->   Core 3 'Multiplier' <Latency = 0> <II = 1> <Delay = 5.62> <FuncUnit> <Opcode : 'mul'> <InPorts = 2> <OutPorts = 1>
ST_9 : Operation 172 [1/1] (3.49ns)   --->   "%m64 = mul i5 %trunc_ln266_1, i5 %trunc_ln266" [CASE/case_11/case_11.cc:266]   --->   Operation 172 'mul' 'm64' <Predicate = true> <Delay = 3.49> <CoreInst = "Multiplier">   --->   Core 3 'Multiplier' <Latency = 0> <II = 1> <Delay = 3.49> <FuncUnit> <Opcode : 'mul'> <InPorts = 2> <OutPorts = 1>
ST_9 : Operation 173 [1/1] (0.00ns)   --->   "%trunc_ln267_1 = trunc i12 %m63" [CASE/case_11/case_11.cc:267]   --->   Operation 173 'trunc' 'trunc_ln267_1' <Predicate = true> <Delay = 0.00>
ST_9 : Operation 174 [1/1] (0.00ns)   --->   "%sext_ln270 = sext i6 %m60" [CASE/case_11/case_11.cc:270]   --->   Operation 174 'sext' 'sext_ln270' <Predicate = true> <Delay = 0.00>
ST_9 : Operation 175 [1/1] (3.74ns)   --->   "%m68 = mul i7 %trunc_ln270, i7 %sext_ln270" [CASE/case_11/case_11.cc:270]   --->   Operation 175 'mul' 'm68' <Predicate = true> <Delay = 3.74> <CoreInst = "Multiplier">   --->   Core 3 'Multiplier' <Latency = 0> <II = 1> <Delay = 3.74> <FuncUnit> <Opcode : 'mul'> <InPorts = 2> <OutPorts = 1>
ST_9 : Operation 176 [1/1] (4.52ns)   --->   "%m69 = mul i10 %mul_ln271, i10 %m46" [CASE/case_11/case_11.cc:271]   --->   Operation 176 'mul' 'm69' <Predicate = true> <Delay = 4.52> <CoreInst = "Multiplier">   --->   Core 3 'Multiplier' <Latency = 0> <II = 1> <Delay = 4.52> <FuncUnit> <Opcode : 'mul'> <InPorts = 2> <OutPorts = 1>
ST_9 : Operation 177 [1/1] (0.00ns)   --->   "%trunc_ln273 = trunc i12 %m63" [CASE/case_11/case_11.cc:273]   --->   Operation 177 'trunc' 'trunc_ln273' <Predicate = true> <Delay = 0.00>
ST_9 : Operation 178 [1/1] (0.00ns)   --->   "%sext_ln275 = sext i6 %m56" [CASE/case_11/case_11.cc:275]   --->   Operation 178 'sext' 'sext_ln275' <Predicate = true> <Delay = 0.00>
ST_9 : Operation 179 [1/1] (3.78ns)   --->   "%m73 = mul i12 %sext_ln275, i12 %sext_ln275" [CASE/case_11/case_11.cc:275]   --->   Operation 179 'mul' 'm73' <Predicate = true> <Delay = 3.78> <CoreInst = "Multiplier">   --->   Core 3 'Multiplier' <Latency = 0> <II = 1> <Delay = 3.78> <FuncUnit> <Opcode : 'mul'> <InPorts = 2> <OutPorts = 1>
ST_9 : Operation 180 [1/1] (0.00ns)   --->   "%trunc_ln277_2 = trunc i12 %m73" [CASE/case_11/case_11.cc:277]   --->   Operation 180 'trunc' 'trunc_ln277_2' <Predicate = true> <Delay = 0.00>
ST_9 : Operation 181 [1/1] (0.00ns)   --->   "%trunc_ln278 = trunc i12 %m73" [CASE/case_11/case_11.cc:278]   --->   Operation 181 'trunc' 'trunc_ln278' <Predicate = true> <Delay = 0.00>
ST_9 : Operation 182 [1/1] (0.00ns)   --->   "%trunc_ln290 = trunc i10 %m69" [CASE/case_11/case_11.cc:290]   --->   Operation 182 'trunc' 'trunc_ln290' <Predicate = true> <Delay = 0.00>
ST_9 : Operation 183 [1/1] (0.00ns)   --->   "%trunc_ln291_1 = trunc i12 %m73" [CASE/case_11/case_11.cc:291]   --->   Operation 183 'trunc' 'trunc_ln291_1' <Predicate = true> <Delay = 0.00>
ST_9 : Operation 184 [1/1] (0.00ns)   --->   "%sext_ln390 = sext i6 %m54" [CASE/case_11/case_11.cc:390]   --->   Operation 184 'sext' 'sext_ln390' <Predicate = true> <Delay = 0.00>
ST_9 : Operation 185 [1/1] (0.00ns)   --->   "%sext_ln391 = sext i5 %m64" [CASE/case_11/case_11.cc:391]   --->   Operation 185 'sext' 'sext_ln391' <Predicate = true> <Delay = 0.00>
ST_9 : Operation 186 [1/1] (0.00ns)   --->   "%write_ln390 = write void @_ssdm_op_Write.ap_none.i16P0A, i16 %out_data_6, i16 %sext_ln390" [CASE/case_11/case_11.cc:390]   --->   Operation 186 'write' 'write_ln390' <Predicate = true> <Delay = 0.00>
ST_9 : Operation 187 [1/1] (0.00ns)   --->   "%write_ln391 = write void @_ssdm_op_Write.ap_none.i16P0A, i16 %out_data_7, i16 %sext_ln391" [CASE/case_11/case_11.cc:391]   --->   Operation 187 'write' 'write_ln391' <Predicate = true> <Delay = 0.00>

State 10 <SV = 9> <Delay = 7.04>
ST_10 : Operation 188 [1/1] (1.65ns) (grouped into DSP with root node m92)   --->   "%add_ln294 = add i9 %trunc_ln294_1, i9 %trunc_ln294" [CASE/case_11/case_11.cc:294]   --->   Operation 188 'add' 'add_ln294' <Predicate = true> <Delay = 1.65> <CoreInst = "DSP48">   --->   Core 116 'DSP48' <Latency = 3> <II = 1> <Delay = 2.15> <IPBlock> <Opcode : 'add' 'sub' 'mul' 'select'> <InPorts = 0> <OutPorts = 1> <Sync> <CReg>
ST_10 : Operation 189 [1/1] (3.74ns)   --->   "%m65 = mul i7 %trunc_ln267_1, i7 %trunc_ln267" [CASE/case_11/case_11.cc:267]   --->   Operation 189 'mul' 'm65' <Predicate = true> <Delay = 3.74> <CoreInst = "Multiplier">   --->   Core 3 'Multiplier' <Latency = 0> <II = 1> <Delay = 3.74> <FuncUnit> <Opcode : 'mul'> <InPorts = 2> <OutPorts = 1>
ST_10 : Operation 190 [1/1] (0.00ns)   --->   "%sext_ln272 = sext i10 %m69" [CASE/case_11/case_11.cc:272]   --->   Operation 190 'sext' 'sext_ln272' <Predicate = true> <Delay = 0.00>
ST_10 : Operation 191 [1/1] (0.00ns)   --->   "%sext_ln272_1 = sext i7 %m65" [CASE/case_11/case_11.cc:272]   --->   Operation 191 'sext' 'sext_ln272_1' <Predicate = true> <Delay = 0.00>
ST_10 : Operation 192 [1/1] (2.25ns) (grouped into DSP with root node m78)   --->   "%add_ln272 = add i11 %sext_ln272, i11 %sext_ln272_1" [CASE/case_11/case_11.cc:272]   --->   Operation 192 'add' 'add_ln272' <Predicate = true> <Delay = 2.25> <CoreInst = "DSP48">   --->   Core 116 'DSP48' <Latency = 3> <II = 1> <Delay = 2.15> <IPBlock> <Opcode : 'add' 'sub' 'mul' 'select'> <InPorts = 0> <OutPorts = 1> <Sync> <CReg>
ST_10 : Operation 193 [1/1] (0.00ns)   --->   "%sext_ln290 = sext i7 %m68" [CASE/case_11/case_11.cc:290]   --->   Operation 193 'sext' 'sext_ln290' <Predicate = true> <Delay = 0.00>
ST_10 : Operation 194 [1/1] (0.00ns)   --->   "%sext_ln273_1 = sext i7 %m68" [CASE/case_11/case_11.cc:273]   --->   Operation 194 'sext' 'sext_ln273_1' <Predicate = true> <Delay = 0.00>
ST_10 : Operation 195 [1/1] (5.63ns)   --->   "%m71 = mul i11 %trunc_ln273, i11 %sext_ln273_1" [CASE/case_11/case_11.cc:273]   --->   Operation 195 'mul' 'm71' <Predicate = true> <Delay = 5.63> <CoreInst = "Multiplier">   --->   Core 3 'Multiplier' <Latency = 0> <II = 1> <Delay = 5.63> <FuncUnit> <Opcode : 'mul'> <InPorts = 2> <OutPorts = 1>
ST_10 : Operation 196 [1/1] (0.00ns)   --->   "%sext_ln294 = sext i7 %m68" [CASE/case_11/case_11.cc:294]   --->   Operation 196 'sext' 'sext_ln294' <Predicate = true> <Delay = 0.00>
ST_10 : Operation 197 [1/1] (4.35ns)   --->   "%mul_ln294 = mul i9 %trunc_ln257, i9 %sext_ln294" [CASE/case_11/case_11.cc:294]   --->   Operation 197 'mul' 'mul_ln294' <Predicate = true> <Delay = 4.35> <CoreInst = "Multiplier">   --->   Core 3 'Multiplier' <Latency = 0> <II = 1> <Delay = 4.35> <FuncUnit> <Opcode : 'mul'> <InPorts = 2> <OutPorts = 1>
ST_10 : Operation 198 [3/3] (1.05ns) (grouped into DSP with root node m92)   --->   "%mul_ln294_1 = mul i9 %mul_ln294, i9 %add_ln294" [CASE/case_11/case_11.cc:294]   --->   Operation 198 'mul' 'mul_ln294_1' <Predicate = true> <Delay = 1.05> <CoreInst = "DSP48">   --->   Core 116 'DSP48' <Latency = 3> <II = 1> <Delay = 2.15> <IPBlock> <Opcode : 'add' 'sub' 'mul' 'select'> <InPorts = 0> <OutPorts = 1> <Sync> <CReg>
ST_10 : Operation 199 [1/1] (4.17ns)   --->   "%m75 = mul i8 %trunc_ln277_2, i8 %m66" [CASE/case_11/case_11.cc:277]   --->   Operation 199 'mul' 'm75' <Predicate = true> <Delay = 4.17> <CoreInst = "Multiplier">   --->   Core 3 'Multiplier' <Latency = 0> <II = 1> <Delay = 4.17> <FuncUnit> <Opcode : 'mul'> <InPorts = 2> <OutPorts = 1>
ST_10 : Operation 200 [1/1] (0.00ns)   --->   "%sext_ln279 = sext i7 %m68" [CASE/case_11/case_11.cc:279]   --->   Operation 200 'sext' 'sext_ln279' <Predicate = true> <Delay = 0.00>
ST_10 : Operation 201 [1/1] (5.62ns)   --->   "%m77 = mul i12 %trunc_ln279, i12 %sext_ln279" [CASE/case_11/case_11.cc:279]   --->   Operation 201 'mul' 'm77' <Predicate = true> <Delay = 5.62> <CoreInst = "Multiplier">   --->   Core 3 'Multiplier' <Latency = 0> <II = 1> <Delay = 5.62> <FuncUnit> <Opcode : 'mul'> <InPorts = 2> <OutPorts = 1>
ST_10 : Operation 202 [4/4] (1.05ns) (root node of the DSP)   --->   "%m78 = mul i11 %add_ln272, i11 %m71" [CASE/case_11/case_11.cc:280]   --->   Operation 202 'mul' 'm78' <Predicate = true> <Delay = 1.05> <CoreInst = "DSP48">   --->   Core 116 'DSP48' <Latency = 3> <II = 1> <Delay = 2.15> <IPBlock> <Opcode : 'add' 'sub' 'mul' 'select'> <InPorts = 0> <OutPorts = 1> <Sync> <CReg>
ST_10 : Operation 203 [1/1] (0.00ns)   --->   "%trunc_ln281 = trunc i7 %m65" [CASE/case_11/case_11.cc:281]   --->   Operation 203 'trunc' 'trunc_ln281' <Predicate = true> <Delay = 0.00>
ST_10 : Operation 204 [1/1] (0.00ns)   --->   "%trunc_ln282 = trunc i11 %m71" [CASE/case_11/case_11.cc:282]   --->   Operation 204 'trunc' 'trunc_ln282' <Predicate = true> <Delay = 0.00>
ST_10 : Operation 205 [1/1] (4.17ns)   --->   "%mul_ln290 = mul i8 %trunc_ln290, i8 %sext_ln290" [CASE/case_11/case_11.cc:290]   --->   Operation 205 'mul' 'mul_ln290' <Predicate = true> <Delay = 4.17> <CoreInst = "Multiplier">   --->   Core 3 'Multiplier' <Latency = 0> <II = 1> <Delay = 4.17> <FuncUnit> <Opcode : 'mul'> <InPorts = 2> <OutPorts = 1>
ST_10 : Operation 206 [1/1] (0.00ns)   --->   "%trunc_ln286_1 = trunc i8 %mul_ln290" [CASE/case_11/case_11.cc:286]   --->   Operation 206 'trunc' 'trunc_ln286_1' <Predicate = true> <Delay = 0.00>
ST_10 : Operation 207 [1/1] (0.00ns)   --->   "%trunc_ln290_1 = trunc i11 %m71" [CASE/case_11/case_11.cc:290]   --->   Operation 207 'trunc' 'trunc_ln290_1' <Predicate = true> <Delay = 0.00>
ST_10 : Operation 208 [1/1] (0.00ns)   --->   "%trunc_ln297 = trunc i8 %m75" [CASE/case_11/case_11.cc:297]   --->   Operation 208 'trunc' 'trunc_ln297' <Predicate = true> <Delay = 0.00>
ST_10 : Operation 209 [1/1] (0.00ns)   --->   "%trunc_ln299 = trunc i8 %m75" [CASE/case_11/case_11.cc:299]   --->   Operation 209 'trunc' 'trunc_ln299' <Predicate = true> <Delay = 0.00>
ST_10 : Operation 210 [1/1] (0.00ns)   --->   "%sext_ln393 = sext i12 %m77" [CASE/case_11/case_11.cc:393]   --->   Operation 210 'sext' 'sext_ln393' <Predicate = true> <Delay = 0.00>
ST_10 : Operation 211 [1/1] (0.00ns)   --->   "%write_ln393 = write void @_ssdm_op_Write.ap_none.i16P0A, i16 %out_data_9, i16 %sext_ln393" [CASE/case_11/case_11.cc:393]   --->   Operation 211 'write' 'write_ln393' <Predicate = true> <Delay = 0.00>

State 11 <SV = 10> <Delay = 5.90>
ST_11 : Operation 212 [2/3] (1.05ns) (grouped into DSP with root node m92)   --->   "%mul_ln294_1 = mul i9 %mul_ln294, i9 %add_ln294" [CASE/case_11/case_11.cc:294]   --->   Operation 212 'mul' 'mul_ln294_1' <Predicate = true> <Delay = 1.05> <CoreInst = "DSP48">   --->   Core 116 'DSP48' <Latency = 3> <II = 1> <Delay = 2.15> <IPBlock> <Opcode : 'add' 'sub' 'mul' 'select'> <InPorts = 0> <OutPorts = 1> <Sync> <CReg>
ST_11 : Operation 213 [1/1] (0.00ns)   --->   "%sext_ln276 = sext i7 %m50" [CASE/case_11/case_11.cc:276]   --->   Operation 213 'sext' 'sext_ln276' <Predicate = true> <Delay = 0.00>
ST_11 : Operation 214 [1/1] (1.73ns)   --->   "%m74 = add i10 %trunc_ln276, i10 %sext_ln276" [CASE/case_11/case_11.cc:276]   --->   Operation 214 'add' 'm74' <Predicate = true> <Delay = 1.73> <CoreInst = "Adder">   --->   Core 1 'Adder' <Latency = 0> <II = 1> <Delay = 1.73> <FuncUnit> <Opcode : 'add' 'sub'> <InPorts = 2> <OutPorts = 1>
ST_11 : Operation 215 [1/1] (0.00ns)   --->   "%trunc_ln278_1 = trunc i10 %m74" [CASE/case_11/case_11.cc:278]   --->   Operation 215 'trunc' 'trunc_ln278_1' <Predicate = true> <Delay = 0.00>
ST_11 : Operation 216 [3/4] (1.05ns) (root node of the DSP)   --->   "%m78 = mul i11 %add_ln272, i11 %m71" [CASE/case_11/case_11.cc:280]   --->   Operation 216 'mul' 'm78' <Predicate = true> <Delay = 1.05> <CoreInst = "DSP48">   --->   Core 116 'DSP48' <Latency = 3> <II = 1> <Delay = 2.15> <IPBlock> <Opcode : 'add' 'sub' 'mul' 'select'> <InPorts = 0> <OutPorts = 1> <Sync> <CReg>
ST_11 : Operation 217 [1/1] (1.87ns)   --->   "%m80 = add i7 %trunc_ln282, i7 %trunc_ln270" [CASE/case_11/case_11.cc:282]   --->   Operation 217 'add' 'm80' <Predicate = true> <Delay = 1.87> <CoreInst = "Adder">   --->   Core 1 'Adder' <Latency = 0> <II = 1> <Delay = 1.87> <FuncUnit> <Opcode : 'add' 'sub'> <InPorts = 2> <OutPorts = 1>
ST_11 : Operation 218 [1/1] (0.00ns)   --->   "%sext_ln283 = sext i9 %m58" [CASE/case_11/case_11.cc:283]   --->   Operation 218 'sext' 'sext_ln283' <Predicate = true> <Delay = 0.00>
ST_11 : Operation 219 [1/1] (0.00ns)   --->   "%sext_ln283_1 = sext i7 %m65" [CASE/case_11/case_11.cc:283]   --->   Operation 219 'sext' 'sext_ln283_1' <Predicate = true> <Delay = 0.00>
ST_11 : Operation 220 [1/1] (4.35ns)   --->   "%m81 = mul i10 %sext_ln283, i10 %sext_ln283_1" [CASE/case_11/case_11.cc:283]   --->   Operation 220 'mul' 'm81' <Predicate = true> <Delay = 4.35> <CoreInst = "Multiplier">   --->   Core 3 'Multiplier' <Latency = 0> <II = 1> <Delay = 4.35> <FuncUnit> <Opcode : 'mul'> <InPorts = 2> <OutPorts = 1>
ST_11 : Operation 221 [1/1] (0.00ns)   --->   "%trunc_ln300 = trunc i10 %m74" [CASE/case_11/case_11.cc:300]   --->   Operation 221 'trunc' 'trunc_ln300' <Predicate = true> <Delay = 0.00>
ST_11 : Operation 222 [1/1] (4.17ns)   --->   "%mul_ln300 = mul i8 %m75, i8 %trunc_ln300" [CASE/case_11/case_11.cc:300]   --->   Operation 222 'mul' 'mul_ln300' <Predicate = true> <Delay = 4.17> <CoreInst = "Multiplier">   --->   Core 3 'Multiplier' <Latency = 0> <II = 1> <Delay = 4.17> <FuncUnit> <Opcode : 'mul'> <InPorts = 2> <OutPorts = 1>
ST_11 : Operation 223 [1/1] (0.00ns)   --->   "%trunc_ln286 = trunc i8 %mul_ln300" [CASE/case_11/case_11.cc:286]   --->   Operation 223 'trunc' 'trunc_ln286' <Predicate = true> <Delay = 0.00>
ST_11 : Operation 224 [1/1] (4.17ns)   --->   "%m88 = mul i8 %trunc_ln290_1, i8 %mul_ln290" [CASE/case_11/case_11.cc:290]   --->   Operation 224 'mul' 'm88' <Predicate = true> <Delay = 4.17> <CoreInst = "Multiplier">   --->   Core 3 'Multiplier' <Latency = 0> <II = 1> <Delay = 4.17> <FuncUnit> <Opcode : 'mul'> <InPorts = 2> <OutPorts = 1>
ST_11 : Operation 225 [1/1] (0.00ns)   --->   "%trunc_ln291 = trunc i8 %mul_ln300" [CASE/case_11/case_11.cc:291]   --->   Operation 225 'trunc' 'trunc_ln291' <Predicate = true> <Delay = 0.00>
ST_11 : Operation 226 [1/1] (0.00ns)   --->   "%trunc_ln292 = trunc i8 %m88" [CASE/case_11/case_11.cc:292]   --->   Operation 226 'trunc' 'trunc_ln292' <Predicate = true> <Delay = 0.00>
ST_11 : Operation 227 [1/1] (0.00ns)   --->   "%trunc_ln329 = trunc i8 %m88" [CASE/case_11/case_11.cc:329]   --->   Operation 227 'trunc' 'trunc_ln329' <Predicate = true> <Delay = 0.00>
ST_11 : Operation 228 [1/1] (0.00ns)   --->   "%sext_ln394 = sext i7 %m80" [CASE/case_11/case_11.cc:394]   --->   Operation 228 'sext' 'sext_ln394' <Predicate = true> <Delay = 0.00>
ST_11 : Operation 229 [1/1] (0.00ns)   --->   "%write_ln394 = write void @_ssdm_op_Write.ap_none.i16P0A, i16 %out_data_10, i16 %sext_ln394" [CASE/case_11/case_11.cc:394]   --->   Operation 229 'write' 'write_ln394' <Predicate = true> <Delay = 0.00>

State 12 <SV = 11> <Delay = 7.23>
ST_12 : Operation 230 [1/3] (0.00ns) (grouped into DSP with root node m92)   --->   "%mul_ln294_1 = mul i9 %mul_ln294, i9 %add_ln294" [CASE/case_11/case_11.cc:294]   --->   Operation 230 'mul' 'mul_ln294_1' <Predicate = true> <Delay = 0.00> <CoreInst = "DSP48">   --->   Core 116 'DSP48' <Latency = 3> <II = 1> <Delay = 2.15> <IPBlock> <Opcode : 'add' 'sub' 'mul' 'select'> <InPorts = 0> <OutPorts = 1> <Sync> <CReg>
ST_12 : Operation 231 [1/1] (1.87ns)   --->   "%m76 = add i7 %trunc_ln278, i7 %trunc_ln278_1" [CASE/case_11/case_11.cc:278]   --->   Operation 231 'add' 'm76' <Predicate = true> <Delay = 1.87> <CoreInst = "Adder">   --->   Core 1 'Adder' <Latency = 0> <II = 1> <Delay = 1.87> <FuncUnit> <Opcode : 'add' 'sub'> <InPorts = 2> <OutPorts = 1>
ST_12 : Operation 232 [2/4] (1.05ns) (root node of the DSP)   --->   "%m78 = mul i11 %add_ln272, i11 %m71" [CASE/case_11/case_11.cc:280]   --->   Operation 232 'mul' 'm78' <Predicate = true> <Delay = 1.05> <CoreInst = "DSP48">   --->   Core 116 'DSP48' <Latency = 3> <II = 1> <Delay = 2.15> <IPBlock> <Opcode : 'add' 'sub' 'mul' 'select'> <InPorts = 0> <OutPorts = 1> <Sync> <CReg>
ST_12 : Operation 233 [1/1] (3.49ns)   --->   "%m79 = mul i5 %trunc_ln281, i5 %trunc_ln281" [CASE/case_11/case_11.cc:281]   --->   Operation 233 'mul' 'm79' <Predicate = true> <Delay = 3.49> <CoreInst = "Multiplier">   --->   Core 3 'Multiplier' <Latency = 0> <II = 1> <Delay = 3.49> <FuncUnit> <Opcode : 'mul'> <InPorts = 2> <OutPorts = 1>
ST_12 : Operation 234 [1/1] (3.78ns)   --->   "%m84 = mul i6 %trunc_ln286, i6 %trunc_ln286_1" [CASE/case_11/case_11.cc:286]   --->   Operation 234 'mul' 'm84' <Predicate = true> <Delay = 3.78> <CoreInst = "Multiplier">   --->   Core 3 'Multiplier' <Latency = 0> <II = 1> <Delay = 3.78> <FuncUnit> <Opcode : 'mul'> <InPorts = 2> <OutPorts = 1>
ST_12 : Operation 235 [1/1] (3.74ns)   --->   "%m86 = mul i7 %trunc_ln278, i7 %trunc_ln278_1" [CASE/case_11/case_11.cc:288]   --->   Operation 235 'mul' 'm86' <Predicate = true> <Delay = 3.74> <CoreInst = "Multiplier">   --->   Core 3 'Multiplier' <Latency = 0> <II = 1> <Delay = 3.74> <FuncUnit> <Opcode : 'mul'> <InPorts = 2> <OutPorts = 1>
ST_12 : Operation 236 [1/1] (0.00ns)   --->   "%sext_ln289 = sext i5 %m79" [CASE/case_11/case_11.cc:289]   --->   Operation 236 'sext' 'sext_ln289' <Predicate = true> <Delay = 0.00>
ST_12 : Operation 237 [1/1] (3.74ns)   --->   "%m87 = mul i7 %trunc_ln278, i7 %sext_ln289" [CASE/case_11/case_11.cc:289]   --->   Operation 237 'mul' 'm87' <Predicate = true> <Delay = 3.74> <CoreInst = "Multiplier">   --->   Core 3 'Multiplier' <Latency = 0> <II = 1> <Delay = 3.74> <FuncUnit> <Opcode : 'mul'> <InPorts = 2> <OutPorts = 1>
ST_12 : Operation 238 [1/1] (3.49ns)   --->   "%m89 = mul i5 %trunc_ln291, i5 %trunc_ln291_1" [CASE/case_11/case_11.cc:291]   --->   Operation 238 'mul' 'm89' <Predicate = true> <Delay = 3.49> <CoreInst = "Multiplier">   --->   Core 3 'Multiplier' <Latency = 0> <II = 1> <Delay = 3.49> <FuncUnit> <Opcode : 'mul'> <InPorts = 2> <OutPorts = 1>
ST_12 : Operation 239 [1/1] (3.74ns)   --->   "%m90 = mul i7 %trunc_ln292, i7 %trunc_ln270" [CASE/case_11/case_11.cc:292]   --->   Operation 239 'mul' 'm90' <Predicate = true> <Delay = 3.74> <CoreInst = "Multiplier">   --->   Core 3 'Multiplier' <Latency = 0> <II = 1> <Delay = 3.74> <FuncUnit> <Opcode : 'mul'> <InPorts = 2> <OutPorts = 1>
ST_12 : Operation 240 [1/1] (0.00ns)   --->   "%sext_ln294_1 = sext i5 %m89" [CASE/case_11/case_11.cc:294]   --->   Operation 240 'sext' 'sext_ln294_1' <Predicate = true> <Delay = 0.00>
ST_12 : Operation 241 [2/2] (2.10ns) (root node of the DSP)   --->   "%m92 = add i9 %mul_ln294_1, i9 %sext_ln294_1" [CASE/case_11/case_11.cc:307]   --->   Operation 241 'add' 'm92' <Predicate = true> <Delay = 2.10> <CoreInst = "DSP48">   --->   Core 116 'DSP48' <Latency = 3> <II = 1> <Delay = 2.15> <IPBlock> <Opcode : 'add' 'sub' 'mul' 'select'> <InPorts = 0> <OutPorts = 1> <Sync> <CReg>
ST_12 : Operation 242 [1/1] (0.00ns)   --->   "%sext_ln296 = sext i7 %m76" [CASE/case_11/case_11.cc:296]   --->   Operation 242 'sext' 'sext_ln296' <Predicate = true> <Delay = 0.00>
ST_12 : Operation 243 [1/1] (0.00ns)   --->   "%sext_ln296_1 = sext i10 %m81" [CASE/case_11/case_11.cc:296]   --->   Operation 243 'sext' 'sext_ln296_1' <Predicate = true> <Delay = 0.00>
ST_12 : Operation 244 [1/1] (4.52ns)   --->   "%m94 = mul i15 %sext_ln296_1, i15 %sext_ln296" [CASE/case_11/case_11.cc:296]   --->   Operation 244 'mul' 'm94' <Predicate = true> <Delay = 4.52> <CoreInst = "Multiplier">   --->   Core 3 'Multiplier' <Latency = 0> <II = 1> <Delay = 4.52> <FuncUnit> <Opcode : 'mul'> <InPorts = 2> <OutPorts = 1>
ST_12 : Operation 245 [1/1] (0.00ns)   --->   "%sext_ln396 = sext i15 %m94" [CASE/case_11/case_11.cc:396]   --->   Operation 245 'sext' 'sext_ln396' <Predicate = true> <Delay = 0.00>
ST_12 : Operation 246 [1/1] (0.00ns)   --->   "%write_ln396 = write void @_ssdm_op_Write.ap_none.i16P0A, i16 %out_data_12, i16 %sext_ln396" [CASE/case_11/case_11.cc:396]   --->   Operation 246 'write' 'write_ln396' <Predicate = true> <Delay = 0.00>

State 13 <SV = 12> <Delay = 6.45>
ST_13 : Operation 247 [1/1] (0.00ns)   --->   "%sext_ln273 = sext i12 %m63" [CASE/case_11/case_11.cc:273]   --->   Operation 247 'sext' 'sext_ln273' <Predicate = true> <Delay = 0.00>
ST_13 : Operation 248 [1/4] (0.00ns) (root node of the DSP)   --->   "%m78 = mul i11 %add_ln272, i11 %m71" [CASE/case_11/case_11.cc:280]   --->   Operation 248 'mul' 'm78' <Predicate = true> <Delay = 0.00> <CoreInst = "DSP48">   --->   Core 116 'DSP48' <Latency = 3> <II = 1> <Delay = 2.15> <IPBlock> <Opcode : 'add' 'sub' 'mul' 'select'> <InPorts = 0> <OutPorts = 1> <Sync> <CReg>
ST_13 : Operation 249 [1/1] (0.00ns)   --->   "%sext_ln287 = sext i6 %m84" [CASE/case_11/case_11.cc:287]   --->   Operation 249 'sext' 'sext_ln287' <Predicate = true> <Delay = 0.00>
ST_13 : Operation 250 [1/1] (5.62ns)   --->   "%mul_ln287 = mul i18 %sext_ln273, i18 %sext_ln287" [CASE/case_11/case_11.cc:287]   --->   Operation 250 'mul' 'mul_ln287' <Predicate = true> <Delay = 5.62> <CoreInst = "Multiplier">   --->   Core 3 'Multiplier' <Latency = 0> <II = 1> <Delay = 5.62> <FuncUnit> <Opcode : 'mul'> <InPorts = 2> <OutPorts = 1>
ST_13 : Operation 251 [1/1] (0.00ns)   --->   "%m85 = trunc i18 %mul_ln287" [CASE/case_11/case_11.cc:287]   --->   Operation 251 'trunc' 'm85' <Predicate = true> <Delay = 0.00>
ST_13 : Operation 252 [1/1] (0.00ns)   --->   "%sext_ln320 = sext i8 %m88" [CASE/case_11/case_11.cc:320]   --->   Operation 252 'sext' 'sext_ln320' <Predicate = true> <Delay = 0.00>
ST_13 : Operation 253 [1/1] (0.00ns)   --->   "%trunc_ln293 = trunc i11 %m78" [CASE/case_11/case_11.cc:293]   --->   Operation 253 'trunc' 'trunc_ln293' <Predicate = true> <Delay = 0.00>
ST_13 : Operation 254 [1/1] (4.35ns)   --->   "%m91 = mul i9 %trunc_ln293, i9 %sext_ln320" [CASE/case_11/case_11.cc:293]   --->   Operation 254 'mul' 'm91' <Predicate = true> <Delay = 4.35> <CoreInst = "Multiplier">   --->   Core 3 'Multiplier' <Latency = 0> <II = 1> <Delay = 4.35> <FuncUnit> <Opcode : 'mul'> <InPorts = 2> <OutPorts = 1>
ST_13 : Operation 255 [1/2] (2.10ns) (root node of the DSP)   --->   "%m92 = add i9 %mul_ln294_1, i9 %sext_ln294_1" [CASE/case_11/case_11.cc:307]   --->   Operation 255 'add' 'm92' <Predicate = true> <Delay = 2.10> <CoreInst = "DSP48">   --->   Core 116 'DSP48' <Latency = 3> <II = 1> <Delay = 2.15> <IPBlock> <Opcode : 'add' 'sub' 'mul' 'select'> <InPorts = 0> <OutPorts = 1> <Sync> <CReg>
ST_13 : Operation 256 [1/1] (0.00ns)   --->   "%trunc_ln297_1 = trunc i18 %mul_ln287" [CASE/case_11/case_11.cc:297]   --->   Operation 256 'trunc' 'trunc_ln297_1' <Predicate = true> <Delay = 0.00>
ST_13 : Operation 257 [1/1] (3.78ns)   --->   "%m99 = mul i6 %m84, i6 %trunc_ln286" [CASE/case_11/case_11.cc:301]   --->   Operation 257 'mul' 'm99' <Predicate = true> <Delay = 3.78> <CoreInst = "Multiplier">   --->   Core 3 'Multiplier' <Latency = 0> <II = 1> <Delay = 3.78> <FuncUnit> <Opcode : 'mul'> <InPorts = 2> <OutPorts = 1>
ST_13 : Operation 258 [1/1] (0.00ns)   --->   "%trunc_ln302 = trunc i9 %m91" [CASE/case_11/case_11.cc:302]   --->   Operation 258 'trunc' 'trunc_ln302' <Predicate = true> <Delay = 0.00>
ST_13 : Operation 259 [1/1] (0.00ns)   --->   "%trunc_ln305 = trunc i18 %mul_ln287" [CASE/case_11/case_11.cc:305]   --->   Operation 259 'trunc' 'trunc_ln305' <Predicate = true> <Delay = 0.00>
ST_13 : Operation 260 [1/1] (0.00ns)   --->   "%sext_ln307 = sext i6 %m84" [CASE/case_11/case_11.cc:307]   --->   Operation 260 'sext' 'sext_ln307' <Predicate = true> <Delay = 0.00>
ST_13 : Operation 261 [1/1] (4.35ns)   --->   "%m105 = mul i9 %m92, i9 %sext_ln307" [CASE/case_11/case_11.cc:307]   --->   Operation 261 'mul' 'm105' <Predicate = true> <Delay = 4.35> <CoreInst = "Multiplier">   --->   Core 3 'Multiplier' <Latency = 0> <II = 1> <Delay = 4.35> <FuncUnit> <Opcode : 'mul'> <InPorts = 2> <OutPorts = 1>
ST_13 : Operation 262 [1/1] (0.00ns)   --->   "%trunc_ln316 = trunc i9 %m92" [CASE/case_11/case_11.cc:316]   --->   Operation 262 'trunc' 'trunc_ln316' <Predicate = true> <Delay = 0.00>

State 14 <SV = 13> <Delay = 6.26>
ST_14 : Operation 263 [1/1] (0.00ns)   --->   "%sext_ln295 = sext i12 %m85" [CASE/case_11/case_11.cc:295]   --->   Operation 263 'sext' 'sext_ln295' <Predicate = true> <Delay = 0.00>
ST_14 : Operation 264 [1/1] (0.00ns)   --->   "%sext_ln295_1 = sext i10 %m74" [CASE/case_11/case_11.cc:295]   --->   Operation 264 'sext' 'sext_ln295_1' <Predicate = true> <Delay = 0.00>
ST_14 : Operation 265 [1/1] (5.62ns)   --->   "%mul_ln295 = mul i16 %sext_ln295, i16 %sext_ln295_1" [CASE/case_11/case_11.cc:295]   --->   Operation 265 'mul' 'mul_ln295' <Predicate = true> <Delay = 5.62> <CoreInst = "Multiplier">   --->   Core 3 'Multiplier' <Latency = 0> <II = 1> <Delay = 5.62> <FuncUnit> <Opcode : 'mul'> <InPorts = 2> <OutPorts = 1>
ST_14 : Operation 266 [1/1] (3.78ns)   --->   "%m95 = mul i6 %trunc_ln297_1, i6 %trunc_ln297" [CASE/case_11/case_11.cc:297]   --->   Operation 266 'mul' 'm95' <Predicate = true> <Delay = 3.78> <CoreInst = "Multiplier">   --->   Core 3 'Multiplier' <Latency = 0> <II = 1> <Delay = 3.78> <FuncUnit> <Opcode : 'mul'> <InPorts = 2> <OutPorts = 1>
ST_14 : Operation 267 [1/1] (5.63ns)   --->   "%m96 = mul i11 %m78, i11 %m78" [CASE/case_11/case_11.cc:298]   --->   Operation 267 'mul' 'm96' <Predicate = true> <Delay = 5.63> <CoreInst = "Multiplier">   --->   Core 3 'Multiplier' <Latency = 0> <II = 1> <Delay = 5.63> <FuncUnit> <Opcode : 'mul'> <InPorts = 2> <OutPorts = 1>
ST_14 : Operation 268 [1/1] (0.00ns)   --->   "%trunc_ln299_1 = trunc i6 %m95" [CASE/case_11/case_11.cc:299]   --->   Operation 268 'trunc' 'trunc_ln299_1' <Predicate = true> <Delay = 0.00>
ST_14 : Operation 269 [1/1] (0.00ns)   --->   "%sext_ln300 = sext i7 %m86" [CASE/case_11/case_11.cc:300]   --->   Operation 269 'sext' 'sext_ln300' <Predicate = true> <Delay = 0.00>
ST_14 : Operation 270 [1/1] (1.91ns)   --->   "%m98 = add i8 %mul_ln300, i8 %sext_ln300" [CASE/case_11/case_11.cc:300]   --->   Operation 270 'add' 'm98' <Predicate = true> <Delay = 1.91> <CoreInst = "Adder">   --->   Core 1 'Adder' <Latency = 0> <II = 1> <Delay = 1.91> <FuncUnit> <Opcode : 'add' 'sub'> <InPorts = 2> <OutPorts = 1>
ST_14 : Operation 271 [1/1] (0.00ns)   --->   "%sext_ln306 = sext i8 %m98" [CASE/case_11/case_11.cc:306]   --->   Operation 271 'sext' 'sext_ln306' <Predicate = true> <Delay = 0.00>
ST_14 : Operation 272 [1/1] (4.35ns)   --->   "%mul_ln306 = mul i9 %m91, i9 %sext_ln306" [CASE/case_11/case_11.cc:306]   --->   Operation 272 'mul' 'mul_ln306' <Predicate = true> <Delay = 4.35> <CoreInst = "Multiplier">   --->   Core 3 'Multiplier' <Latency = 0> <II = 1> <Delay = 4.35> <FuncUnit> <Opcode : 'mul'> <InPorts = 2> <OutPorts = 1>
ST_14 : Operation 273 [1/1] (0.00ns)   --->   "%trunc_ln306 = trunc i11 %m96" [CASE/case_11/case_11.cc:306]   --->   Operation 273 'trunc' 'trunc_ln306' <Predicate = true> <Delay = 0.00>
ST_14 : Operation 274 [1/1] (0.00ns)   --->   "%trunc_ln316_1 = trunc i11 %m96" [CASE/case_11/case_11.cc:316]   --->   Operation 274 'trunc' 'trunc_ln316_1' <Predicate = true> <Delay = 0.00>
ST_14 : Operation 275 [1/1] (0.00ns)   --->   "%trunc_ln323 = trunc i9 %mul_ln306" [CASE/case_11/case_11.cc:323]   --->   Operation 275 'trunc' 'trunc_ln323' <Predicate = true> <Delay = 0.00>
ST_14 : Operation 276 [1/1] (0.00ns)   --->   "%trunc_ln332 = trunc i9 %mul_ln306" [CASE/case_11/case_11.cc:332]   --->   Operation 276 'trunc' 'trunc_ln332' <Predicate = true> <Delay = 0.00>
ST_14 : Operation 277 [1/1] (0.00ns)   --->   "%trunc_ln338_1 = trunc i8 %m98" [CASE/case_11/case_11.cc:338]   --->   Operation 277 'trunc' 'trunc_ln338_1' <Predicate = true> <Delay = 0.00>
ST_14 : Operation 278 [1/1] (0.00ns)   --->   "%write_ln395 = write void @_ssdm_op_Write.ap_none.i16P0A, i16 %out_data_11, i16 %mul_ln295" [CASE/case_11/case_11.cc:395]   --->   Operation 278 'write' 'write_ln395' <Predicate = true> <Delay = 0.00>

State 15 <SV = 14> <Delay = 4.68>
ST_15 : Operation 279 [1/1] (0.00ns)   --->   "%sext_ln302 = sext i7 %m90" [CASE/case_11/case_11.cc:302]   --->   Operation 279 'sext' 'sext_ln302' <Predicate = true> <Delay = 0.00>
ST_15 : Operation 280 [1/1] (2.25ns) (grouped into DSP with root node mul_ln327)   --->   "%add_ln302 = add i8 %trunc_ln302, i8 %sext_ln302" [CASE/case_11/case_11.cc:302]   --->   Operation 280 'add' 'add_ln302' <Predicate = true> <Delay = 2.25> <CoreInst = "DSP48">   --->   Core 116 'DSP48' <Latency = 3> <II = 1> <Delay = 2.15> <IPBlock> <Opcode : 'add' 'sub' 'mul' 'select'> <InPorts = 0> <OutPorts = 1> <Sync> <CReg>
ST_15 : Operation 281 [1/1] (0.00ns)   --->   "%sext_ln314 = sext i6 %m95" [CASE/case_11/case_11.cc:314]   --->   Operation 281 'sext' 'sext_ln314' <Predicate = true> <Delay = 0.00>
ST_15 : Operation 282 [1/1] (3.74ns)   --->   "%mul_ln314 = mul i7 %m87, i7 %sext_ln314" [CASE/case_11/case_11.cc:314]   --->   Operation 282 'mul' 'mul_ln314' <Predicate = true> <Delay = 3.74> <CoreInst = "Multiplier">   --->   Core 3 'Multiplier' <Latency = 0> <II = 1> <Delay = 3.74> <FuncUnit> <Opcode : 'mul'> <InPorts = 2> <OutPorts = 1>
ST_15 : Operation 283 [1/1] (4.35ns)   --->   "%m104 = mul i9 %mul_ln306, i9 %trunc_ln306" [CASE/case_11/case_11.cc:306]   --->   Operation 283 'mul' 'm104' <Predicate = true> <Delay = 4.35> <CoreInst = "Multiplier">   --->   Core 3 'Multiplier' <Latency = 0> <II = 1> <Delay = 4.35> <FuncUnit> <Opcode : 'mul'> <InPorts = 2> <OutPorts = 1>
ST_15 : Operation 284 [1/1] (0.00ns)   --->   "%trunc_ln312 = trunc i7 %mul_ln314" [CASE/case_11/case_11.cc:312]   --->   Operation 284 'trunc' 'trunc_ln312' <Predicate = true> <Delay = 0.00>
ST_15 : Operation 285 [1/1] (1.82ns)   --->   "%m114 = add i6 %trunc_ln316, i6 %trunc_ln316_1" [CASE/case_11/case_11.cc:316]   --->   Operation 285 'add' 'm114' <Predicate = true> <Delay = 1.82> <CoreInst = "Adder">   --->   Core 1 'Adder' <Latency = 0> <II = 1> <Delay = 1.82> <FuncUnit> <Opcode : 'add' 'sub'> <InPorts = 2> <OutPorts = 1>
ST_15 : Operation 286 [1/1] (0.00ns)   --->   "%sext_ln327 = sext i6 %m114" [CASE/case_11/case_11.cc:327]   --->   Operation 286 'sext' 'sext_ln327' <Predicate = true> <Delay = 0.00>
ST_15 : Operation 287 [4/4] (1.05ns) (root node of the DSP)   --->   "%mul_ln327 = mul i8 %add_ln302, i8 %sext_ln327" [CASE/case_11/case_11.cc:327]   --->   Operation 287 'mul' 'mul_ln327' <Predicate = true> <Delay = 1.05> <CoreInst = "DSP48">   --->   Core 116 'DSP48' <Latency = 3> <II = 1> <Delay = 2.15> <IPBlock> <Opcode : 'add' 'sub' 'mul' 'select'> <InPorts = 0> <OutPorts = 1> <Sync> <CReg>
ST_15 : Operation 288 [1/1] (2.34ns)   --->   "%mul_ln319 = mul i4 %trunc_ln299, i4 %trunc_ln299_1" [CASE/case_11/case_11.cc:319]   --->   Operation 288 'mul' 'mul_ln319' <Predicate = true> <Delay = 2.34> <CoreInst = "Multiplier">   --->   Core 3 'Multiplier' <Latency = 0> <II = 1> <Delay = 2.34> <FuncUnit> <Opcode : 'mul'> <InPorts = 2> <OutPorts = 1>
ST_15 : Operation 289 [1/1] (2.34ns)   --->   "%m117 = mul i4 %mul_ln319, i4 %trunc_ln299_1" [CASE/case_11/case_11.cc:319]   --->   Operation 289 'mul' 'm117' <Predicate = true> <Delay = 2.34> <CoreInst = "Multiplier">   --->   Core 3 'Multiplier' <Latency = 0> <II = 1> <Delay = 2.34> <FuncUnit> <Opcode : 'mul'> <InPorts = 2> <OutPorts = 1>
ST_15 : Operation 290 [1/1] (0.00ns)   --->   "%trunc_ln355 = trunc i9 %m104" [CASE/case_11/case_11.cc:355]   --->   Operation 290 'trunc' 'trunc_ln355' <Predicate = true> <Delay = 0.00>
ST_15 : Operation 291 [1/1] (0.00ns)   --->   "%trunc_ln355_1 = trunc i7 %mul_ln314" [CASE/case_11/case_11.cc:355]   --->   Operation 291 'trunc' 'trunc_ln355_1' <Predicate = true> <Delay = 0.00>

State 16 <SV = 15> <Delay = 6.26>
ST_16 : Operation 292 [1/1] (0.00ns)   --->   "%sext_ln308 = sext i9 %m104" [CASE/case_11/case_11.cc:308]   --->   Operation 292 'sext' 'sext_ln308' <Predicate = true> <Delay = 0.00>
ST_16 : Operation 293 [1/1] (0.00ns)   --->   "%sext_ln308_1 = sext i9 %m105" [CASE/case_11/case_11.cc:308]   --->   Operation 293 'sext' 'sext_ln308_1' <Predicate = true> <Delay = 0.00>
ST_16 : Operation 294 [1/1] (4.35ns)   --->   "%m106 = mul i14 %sext_ln308, i14 %sext_ln308_1" [CASE/case_11/case_11.cc:308]   --->   Operation 294 'mul' 'm106' <Predicate = true> <Delay = 4.35> <CoreInst = "Multiplier">   --->   Core 3 'Multiplier' <Latency = 0> <II = 1> <Delay = 4.35> <FuncUnit> <Opcode : 'mul'> <InPorts = 2> <OutPorts = 1>
ST_16 : Operation 295 [1/1] (1.91ns)   --->   "%add_ln309 = add i9 %sext_ln306, i9 %sext_ln320" [CASE/case_11/case_11.cc:309]   --->   Operation 295 'add' 'add_ln309' <Predicate = true> <Delay = 1.91> <CoreInst = "Adder">   --->   Core 1 'Adder' <Latency = 0> <II = 1> <Delay = 1.91> <FuncUnit> <Opcode : 'add' 'sub'> <InPorts = 2> <OutPorts = 1>
ST_16 : Operation 296 [1/1] (0.00ns)   --->   "%trunc_ln320 = trunc i14 %m106" [CASE/case_11/case_11.cc:320]   --->   Operation 296 'trunc' 'trunc_ln320' <Predicate = true> <Delay = 0.00>
ST_16 : Operation 297 [1/1] (0.00ns)   --->   "%sext_ln330 = sext i9 %add_ln309" [CASE/case_11/case_11.cc:330]   --->   Operation 297 'sext' 'sext_ln330' <Predicate = true> <Delay = 0.00>
ST_16 : Operation 298 [1/1] (0.00ns)   --->   "%sext_ln330_1 = sext i6 %m99" [CASE/case_11/case_11.cc:330]   --->   Operation 298 'sext' 'sext_ln330_1' <Predicate = true> <Delay = 0.00>
ST_16 : Operation 299 [1/1] (4.35ns)   --->   "%mul_ln330 = mul i10 %sext_ln330, i10 %sext_ln330_1" [CASE/case_11/case_11.cc:330]   --->   Operation 299 'mul' 'mul_ln330' <Predicate = true> <Delay = 4.35> <CoreInst = "Multiplier">   --->   Core 3 'Multiplier' <Latency = 0> <II = 1> <Delay = 4.35> <FuncUnit> <Opcode : 'mul'> <InPorts = 2> <OutPorts = 1>
ST_16 : Operation 300 [1/1] (3.74ns)   --->   "%m112 = mul i7 %mul_ln314, i7 %m90" [CASE/case_11/case_11.cc:314]   --->   Operation 300 'mul' 'm112' <Predicate = true> <Delay = 3.74> <CoreInst = "Multiplier">   --->   Core 3 'Multiplier' <Latency = 0> <II = 1> <Delay = 3.74> <FuncUnit> <Opcode : 'mul'> <InPorts = 2> <OutPorts = 1>
ST_16 : Operation 301 [1/1] (0.00ns)   --->   "%sext_ln315 = sext i6 %m99" [CASE/case_11/case_11.cc:315]   --->   Operation 301 'sext' 'sext_ln315' <Predicate = true> <Delay = 0.00>
ST_16 : Operation 302 [1/1] (1.87ns)   --->   "%add_ln315 = add i8 %sext_ln302, i8 %sext_ln315" [CASE/case_11/case_11.cc:315]   --->   Operation 302 'add' 'add_ln315' <Predicate = true> <Delay = 1.87> <CoreInst = "Adder">   --->   Core 1 'Adder' <Latency = 0> <II = 1> <Delay = 1.87> <FuncUnit> <Opcode : 'add' 'sub'> <InPorts = 2> <OutPorts = 1>
ST_16 : Operation 303 [3/4] (1.05ns) (root node of the DSP)   --->   "%mul_ln327 = mul i8 %add_ln302, i8 %sext_ln327" [CASE/case_11/case_11.cc:327]   --->   Operation 303 'mul' 'mul_ln327' <Predicate = true> <Delay = 1.05> <CoreInst = "DSP48">   --->   Core 116 'DSP48' <Latency = 3> <II = 1> <Delay = 2.15> <IPBlock> <Opcode : 'add' 'sub' 'mul' 'select'> <InPorts = 0> <OutPorts = 1> <Sync> <CReg>
ST_16 : Operation 304 [1/1] (0.00ns)   --->   "%trunc_ln318 = trunc i14 %m106" [CASE/case_11/case_11.cc:318]   --->   Operation 304 'trunc' 'trunc_ln318' <Predicate = true> <Delay = 0.00>
ST_16 : Operation 305 [1/1] (1.63ns)   --->   "%m116 = add i11 %trunc_ln318, i11 %m96" [CASE/case_11/case_11.cc:318]   --->   Operation 305 'add' 'm116' <Predicate = true> <Delay = 1.63> <CoreInst = "Adder">   --->   Core 1 'Adder' <Latency = 0> <II = 1> <Delay = 1.63> <FuncUnit> <Opcode : 'add' 'sub'> <InPorts = 2> <OutPorts = 1>
ST_16 : Operation 306 [1/1] (0.00ns)   --->   "%trunc_ln332_1 = trunc i9 %add_ln309" [CASE/case_11/case_11.cc:332]   --->   Operation 306 'trunc' 'trunc_ln332_1' <Predicate = true> <Delay = 0.00>
ST_16 : Operation 307 [1/1] (0.00ns)   --->   "%trunc_ln328 = trunc i7 %m112" [CASE/case_11/case_11.cc:328]   --->   Operation 307 'trunc' 'trunc_ln328' <Predicate = true> <Delay = 0.00>
ST_16 : Operation 308 [1/1] (0.00ns)   --->   "%trunc_ln355_2 = trunc i8 %add_ln315" [CASE/case_11/case_11.cc:355]   --->   Operation 308 'trunc' 'trunc_ln355_2' <Predicate = true> <Delay = 0.00>
ST_16 : Operation 309 [1/1] (0.00ns)   --->   "%trunc_ln338 = trunc i11 %m116" [CASE/case_11/case_11.cc:338]   --->   Operation 309 'trunc' 'trunc_ln338' <Predicate = true> <Delay = 0.00>
ST_16 : Operation 310 [1/1] (2.34ns)   --->   "%mul_ln355 = mul i4 %trunc_ln355_2, i4 %trunc_ln355_1" [CASE/case_11/case_11.cc:355]   --->   Operation 310 'mul' 'mul_ln355' <Predicate = true> <Delay = 2.34> <CoreInst = "Multiplier">   --->   Core 3 'Multiplier' <Latency = 0> <II = 1> <Delay = 2.34> <FuncUnit> <Opcode : 'mul'> <InPorts = 2> <OutPorts = 1>

State 17 <SV = 16> <Delay = 6.26>
ST_17 : Operation 311 [1/1] (4.35ns)   --->   "%mul_ln320 = mul i9 %trunc_ln320, i9 %sext_ln320" [CASE/case_11/case_11.cc:320]   --->   Operation 311 'mul' 'mul_ln320' <Predicate = true> <Delay = 4.35> <CoreInst = "Multiplier">   --->   Core 3 'Multiplier' <Latency = 0> <II = 1> <Delay = 4.35> <FuncUnit> <Opcode : 'mul'> <InPorts = 2> <OutPorts = 1>
ST_17 : Operation 312 [1/1] (0.00ns)   --->   "%trunc_ln312_1 = trunc i9 %mul_ln320" [CASE/case_11/case_11.cc:312]   --->   Operation 312 'trunc' 'trunc_ln312_1' <Predicate = true> <Delay = 0.00>
ST_17 : Operation 313 [1/1] (0.00ns)   --->   "%sext_ln330_2 = sext i6 %m114" [CASE/case_11/case_11.cc:330]   --->   Operation 313 'sext' 'sext_ln330_2' <Predicate = true> <Delay = 0.00>
ST_17 : Operation 314 [2/4] (1.05ns) (root node of the DSP)   --->   "%mul_ln327 = mul i8 %add_ln302, i8 %sext_ln327" [CASE/case_11/case_11.cc:327]   --->   Operation 314 'mul' 'mul_ln327' <Predicate = true> <Delay = 1.05> <CoreInst = "DSP48">   --->   Core 116 'DSP48' <Latency = 3> <II = 1> <Delay = 2.15> <IPBlock> <Opcode : 'add' 'sub' 'mul' 'select'> <InPorts = 0> <OutPorts = 1> <Sync> <CReg>
ST_17 : Operation 315 [1/1] (0.00ns)   --->   "%sext_ln328 = sext i4 %m117" [CASE/case_11/case_11.cc:328]   --->   Operation 315 'sext' 'sext_ln328' <Predicate = true> <Delay = 0.00>
ST_17 : Operation 316 [1/1] (3.78ns)   --->   "%m126 = mul i6 %trunc_ln328, i6 %sext_ln328" [CASE/case_11/case_11.cc:328]   --->   Operation 316 'mul' 'm126' <Predicate = true> <Delay = 3.78> <CoreInst = "Multiplier">   --->   Core 3 'Multiplier' <Latency = 0> <II = 1> <Delay = 3.78> <FuncUnit> <Opcode : 'mul'> <InPorts = 2> <OutPorts = 1>
ST_17 : Operation 317 [1/1] (0.00ns)   --->   "%trunc_ln329_1 = trunc i9 %mul_ln320" [CASE/case_11/case_11.cc:329]   --->   Operation 317 'trunc' 'trunc_ln329_1' <Predicate = true> <Delay = 0.00>
ST_17 : Operation 318 [1/1] (4.52ns)   --->   "%m128 = mul i10 %mul_ln330, i10 %sext_ln330_2" [CASE/case_11/case_11.cc:330]   --->   Operation 318 'mul' 'm128' <Predicate = true> <Delay = 4.52> <CoreInst = "Multiplier">   --->   Core 3 'Multiplier' <Latency = 0> <II = 1> <Delay = 4.52> <FuncUnit> <Opcode : 'mul'> <InPorts = 2> <OutPorts = 1>
ST_17 : Operation 319 [1/1] (0.00ns)   --->   "%trunc_ln333 = trunc i9 %mul_ln320" [CASE/case_11/case_11.cc:333]   --->   Operation 319 'trunc' 'trunc_ln333' <Predicate = true> <Delay = 0.00>
ST_17 : Operation 320 [1/1] (1.91ns)   --->   "%m131 = add i8 %trunc_ln333, i8 %add_ln315" [CASE/case_11/case_11.cc:333]   --->   Operation 320 'add' 'm131' <Predicate = true> <Delay = 1.91> <CoreInst = "Adder">   --->   Core 1 'Adder' <Latency = 0> <II = 1> <Delay = 1.91> <FuncUnit> <Opcode : 'add' 'sub'> <InPorts = 2> <OutPorts = 1>
ST_17 : Operation 321 [1/1] (0.00ns)   --->   "%trunc_ln337_2 = trunc i10 %m128" [CASE/case_11/case_11.cc:337]   --->   Operation 321 'trunc' 'trunc_ln337_2' <Predicate = true> <Delay = 0.00>
ST_17 : Operation 322 [1/1] (2.25ns) (grouped into DSP with root node m136)   --->   "%add_ln338 = add i7 %trunc_ln305, i7 %sext_ln314" [CASE/case_11/case_11.cc:338]   --->   Operation 322 'add' 'add_ln338' <Predicate = true> <Delay = 2.25> <CoreInst = "DSP48">   --->   Core 116 'DSP48' <Latency = 3> <II = 1> <Delay = 2.15> <IPBlock> <Opcode : 'add' 'sub' 'mul' 'select'> <InPorts = 0> <OutPorts = 1> <Sync> <CReg>
ST_17 : Operation 323 [1/1] (3.74ns)   --->   "%mul_ln338 = mul i7 %trunc_ln338_1, i7 %trunc_ln338" [CASE/case_11/case_11.cc:338]   --->   Operation 323 'mul' 'mul_ln338' <Predicate = true> <Delay = 3.74> <CoreInst = "Multiplier">   --->   Core 3 'Multiplier' <Latency = 0> <II = 1> <Delay = 3.74> <FuncUnit> <Opcode : 'mul'> <InPorts = 2> <OutPorts = 1>
ST_17 : Operation 324 [4/4] (1.05ns) (root node of the DSP)   --->   "%m136 = mul i7 %mul_ln338, i7 %add_ln338" [CASE/case_11/case_11.cc:354]   --->   Operation 324 'mul' 'm136' <Predicate = true> <Delay = 1.05> <CoreInst = "DSP48">   --->   Core 116 'DSP48' <Latency = 3> <II = 1> <Delay = 2.15> <IPBlock> <Opcode : 'add' 'sub' 'mul' 'select'> <InPorts = 0> <OutPorts = 1> <Sync> <CReg>
ST_17 : Operation 325 [1/1] (0.00ns)   --->   "%trunc_ln355_3 = trunc i8 %m131" [CASE/case_11/case_11.cc:355]   --->   Operation 325 'trunc' 'trunc_ln355_3' <Predicate = true> <Delay = 0.00>

State 18 <SV = 17> <Delay = 6.79>
ST_18 : Operation 326 [1/1] (0.00ns)   --->   "%sext_ln317 = sext i6 %m114" [CASE/case_11/case_11.cc:317]   --->   Operation 326 'sext' 'sext_ln317' <Predicate = true> <Delay = 0.00>
ST_18 : Operation 327 [1/4] (0.00ns) (root node of the DSP)   --->   "%mul_ln327 = mul i8 %add_ln302, i8 %sext_ln327" [CASE/case_11/case_11.cc:327]   --->   Operation 327 'mul' 'mul_ln327' <Predicate = true> <Delay = 0.00> <CoreInst = "DSP48">   --->   Core 116 'DSP48' <Latency = 3> <II = 1> <Delay = 2.15> <IPBlock> <Opcode : 'add' 'sub' 'mul' 'select'> <InPorts = 0> <OutPorts = 1> <Sync> <CReg>
ST_18 : Operation 328 [1/1] (4.35ns)   --->   "%m118 = mul i9 %mul_ln320, i9 %m105" [CASE/case_11/case_11.cc:320]   --->   Operation 328 'mul' 'm118' <Predicate = true> <Delay = 4.35> <CoreInst = "Multiplier">   --->   Core 3 'Multiplier' <Latency = 0> <II = 1> <Delay = 4.35> <FuncUnit> <Opcode : 'mul'> <InPorts = 2> <OutPorts = 1>
ST_18 : Operation 329 [1/1] (0.00ns)   --->   "%sext_ln322 = sext i11 %m116" [CASE/case_11/case_11.cc:322]   --->   Operation 329 'sext' 'sext_ln322' <Predicate = true> <Delay = 0.00>
ST_18 : Operation 330 [1/1] (5.63ns)   --->   "%mul_ln322 = mul i17 %sext_ln322, i17 %sext_ln317" [CASE/case_11/case_11.cc:322]   --->   Operation 330 'mul' 'mul_ln322' <Predicate = true> <Delay = 5.63> <CoreInst = "Multiplier">   --->   Core 3 'Multiplier' <Latency = 0> <II = 1> <Delay = 5.63> <FuncUnit> <Opcode : 'mul'> <InPorts = 2> <OutPorts = 1>
ST_18 : Operation 331 [1/1] (0.00ns)   --->   "%m123 = trunc i17 %mul_ln322" [CASE/case_11/case_11.cc:325]   --->   Operation 331 'trunc' 'm123' <Predicate = true> <Delay = 0.00>
ST_18 : Operation 332 [1/1] (4.17ns)   --->   "%m125 = mul i8 %mul_ln327, i8 %trunc_ln323" [CASE/case_11/case_11.cc:327]   --->   Operation 332 'mul' 'm125' <Predicate = true> <Delay = 4.17> <CoreInst = "Multiplier">   --->   Core 3 'Multiplier' <Latency = 0> <II = 1> <Delay = 4.17> <FuncUnit> <Opcode : 'mul'> <InPorts = 2> <OutPorts = 1>
ST_18 : Operation 333 [1/1] (3.78ns)   --->   "%mul_ln329 = mul i6 %trunc_ln329, i6 %trunc_ln329_1" [CASE/case_11/case_11.cc:329]   --->   Operation 333 'mul' 'mul_ln329' <Predicate = true> <Delay = 3.78> <CoreInst = "Multiplier">   --->   Core 3 'Multiplier' <Latency = 0> <II = 1> <Delay = 3.78> <FuncUnit> <Opcode : 'mul'> <InPorts = 2> <OutPorts = 1>
ST_18 : Operation 334 [1/1] (0.00ns)   --->   "%m132 = trunc i17 %mul_ln322" [CASE/case_11/case_11.cc:334]   --->   Operation 334 'trunc' 'm132' <Predicate = true> <Delay = 0.00>
ST_18 : Operation 335 [1/1] (0.00ns)   --->   "%sext_ln335 = sext i6 %m126" [CASE/case_11/case_11.cc:335]   --->   Operation 335 'sext' 'sext_ln335' <Predicate = true> <Delay = 0.00>
ST_18 : Operation 336 [1/1] (4.52ns)   --->   "%m133 = mul i10 %m128, i10 %sext_ln335" [CASE/case_11/case_11.cc:335]   --->   Operation 336 'mul' 'm133' <Predicate = true> <Delay = 4.52> <CoreInst = "Multiplier">   --->   Core 3 'Multiplier' <Latency = 0> <II = 1> <Delay = 4.52> <FuncUnit> <Opcode : 'mul'> <InPorts = 2> <OutPorts = 1>
ST_18 : Operation 337 [1/1] (0.00ns)   --->   "%trunc_ln337 = trunc i10 %m133" [CASE/case_11/case_11.cc:337]   --->   Operation 337 'trunc' 'trunc_ln337' <Predicate = true> <Delay = 0.00>
ST_18 : Operation 338 [1/1] (0.00ns)   --->   "%trunc_ln337_1 = trunc i10 %m133" [CASE/case_11/case_11.cc:337]   --->   Operation 338 'trunc' 'trunc_ln337_1' <Predicate = true> <Delay = 0.00>
ST_18 : Operation 339 [3/4] (1.05ns) (root node of the DSP)   --->   "%m136 = mul i7 %mul_ln338, i7 %add_ln338" [CASE/case_11/case_11.cc:354]   --->   Operation 339 'mul' 'm136' <Predicate = true> <Delay = 1.05> <CoreInst = "DSP48">   --->   Core 116 'DSP48' <Latency = 3> <II = 1> <Delay = 2.15> <IPBlock> <Opcode : 'add' 'sub' 'mul' 'select'> <InPorts = 0> <OutPorts = 1> <Sync> <CReg>
ST_18 : Operation 340 [1/1] (0.00ns)   --->   "%trunc_ln345 = trunc i8 %mul_ln327" [CASE/case_11/case_11.cc:345]   --->   Operation 340 'trunc' 'trunc_ln345' <Predicate = true> <Delay = 0.00>
ST_18 : Operation 341 [1/1] (0.00ns)   --->   "%trunc_ln345_1 = trunc i17 %mul_ln322" [CASE/case_11/case_11.cc:345]   --->   Operation 341 'trunc' 'trunc_ln345_1' <Predicate = true> <Delay = 0.00>
ST_18 : Operation 342 [1/1] (0.00ns)   --->   "%trunc_ln344 = trunc i17 %mul_ln322" [CASE/case_11/case_11.cc:344]   --->   Operation 342 'trunc' 'trunc_ln344' <Predicate = true> <Delay = 0.00>
ST_18 : Operation 343 [1/1] (3.49ns)   --->   "%mul_ln344 = mul i5 %trunc_ln312_1, i5 %trunc_ln312" [CASE/case_11/case_11.cc:344]   --->   Operation 343 'mul' 'mul_ln344' <Predicate = true> <Delay = 3.49> <CoreInst = "Multiplier">   --->   Core 3 'Multiplier' <Latency = 0> <II = 1> <Delay = 3.49> <FuncUnit> <Opcode : 'mul'> <InPorts = 2> <OutPorts = 1>
ST_18 : Operation 344 [1/1] (2.25ns) (grouped into DSP with root node m142)   --->   "%add_ln344 = add i5 %mul_ln344, i5 %trunc_ln332" [CASE/case_11/case_11.cc:344]   --->   Operation 344 'add' 'add_ln344' <Predicate = true> <Delay = 2.25> <CoreInst = "DSP48">   --->   Core 116 'DSP48' <Latency = 3> <II = 1> <Delay = 2.15> <IPBlock> <Opcode : 'add' 'sub' 'mul' 'select'> <InPorts = 0> <OutPorts = 1> <Sync> <CReg>
ST_18 : Operation 345 [4/4] (1.05ns) (root node of the DSP)   --->   "%m142 = mul i5 %trunc_ln344, i5 %add_ln344" [CASE/case_11/case_11.cc:353]   --->   Operation 345 'mul' 'm142' <Predicate = true> <Delay = 1.05> <CoreInst = "DSP48">   --->   Core 116 'DSP48' <Latency = 3> <II = 1> <Delay = 2.15> <IPBlock> <Opcode : 'add' 'sub' 'mul' 'select'> <InPorts = 0> <OutPorts = 1> <Sync> <CReg>
ST_18 : Operation 346 [1/1] (0.00ns)   --->   "%trunc_ln360 = trunc i17 %mul_ln322" [CASE/case_11/case_11.cc:360]   --->   Operation 346 'trunc' 'trunc_ln360' <Predicate = true> <Delay = 0.00>
ST_18 : Operation 347 [1/1] (2.34ns)   --->   "%mul_ln355_1 = mul i4 %trunc_ln355, i4 %trunc_ln355_3" [CASE/case_11/case_11.cc:355]   --->   Operation 347 'mul' 'mul_ln355_1' <Predicate = true> <Delay = 2.34> <CoreInst = "Multiplier">   --->   Core 3 'Multiplier' <Latency = 0> <II = 1> <Delay = 2.34> <FuncUnit> <Opcode : 'mul'> <InPorts = 2> <OutPorts = 1>
ST_18 : Operation 348 [1/1] (2.34ns)   --->   "%m153 = mul i4 %mul_ln355_1, i4 %mul_ln355" [CASE/case_11/case_11.cc:355]   --->   Operation 348 'mul' 'm153' <Predicate = true> <Delay = 2.34> <CoreInst = "Multiplier">   --->   Core 3 'Multiplier' <Latency = 0> <II = 1> <Delay = 2.34> <FuncUnit> <Opcode : 'mul'> <InPorts = 2> <OutPorts = 1>
ST_18 : Operation 349 [1/1] (0.00ns)   --->   "%trunc_ln380 = trunc i17 %mul_ln322" [CASE/case_11/case_11.cc:380]   --->   Operation 349 'trunc' 'trunc_ln380' <Predicate = true> <Delay = 0.00>
ST_18 : Operation 350 [1/1] (0.00ns)   --->   "%trunc_ln367_1 = trunc i8 %m125" [CASE/case_11/case_11.cc:367]   --->   Operation 350 'trunc' 'trunc_ln367_1' <Predicate = true> <Delay = 0.00>
ST_18 : Operation 351 [1/1] (0.00ns)   --->   "%sext_ln397 = sext i9 %m118" [CASE/case_11/case_11.cc:397]   --->   Operation 351 'sext' 'sext_ln397' <Predicate = true> <Delay = 0.00>
ST_18 : Operation 352 [1/1] (0.00ns)   --->   "%write_ln397 = write void @_ssdm_op_Write.ap_none.i16P0A, i16 %out_data_13, i16 %sext_ln397" [CASE/case_11/case_11.cc:397]   --->   Operation 352 'write' 'write_ln397' <Predicate = true> <Delay = 0.00>

State 19 <SV = 18> <Delay = 7.04>
ST_19 : Operation 353 [1/1] (0.00ns)   --->   "%sext_ln340 = sext i6 %m114" [CASE/case_11/case_11.cc:340]   --->   Operation 353 'sext' 'sext_ln340' <Predicate = true> <Delay = 0.00>
ST_19 : Operation 354 [1/1] (3.78ns)   --->   "%m127 = mul i6 %mul_ln329, i6 %trunc_ln297_1" [CASE/case_11/case_11.cc:329]   --->   Operation 354 'mul' 'm127' <Predicate = true> <Delay = 3.78> <CoreInst = "Multiplier">   --->   Core 3 'Multiplier' <Latency = 0> <II = 1> <Delay = 3.78> <FuncUnit> <Opcode : 'mul'> <InPorts = 2> <OutPorts = 1>
ST_19 : Operation 355 [1/1] (3.74ns)   --->   "%mul_ln340 = mul i7 %m123, i7 %sext_ln340" [CASE/case_11/case_11.cc:340]   --->   Operation 355 'mul' 'mul_ln340' <Predicate = true> <Delay = 3.74> <CoreInst = "Multiplier">   --->   Core 3 'Multiplier' <Latency = 0> <II = 1> <Delay = 3.74> <FuncUnit> <Opcode : 'mul'> <InPorts = 2> <OutPorts = 1>
ST_19 : Operation 356 [1/1] (3.74ns)   --->   "%mul_ln332 = mul i7 %trunc_ln332_1, i7 %m123" [CASE/case_11/case_11.cc:332]   --->   Operation 356 'mul' 'mul_ln332' <Predicate = true> <Delay = 3.74> <CoreInst = "Multiplier">   --->   Core 3 'Multiplier' <Latency = 0> <II = 1> <Delay = 3.74> <FuncUnit> <Opcode : 'mul'> <InPorts = 2> <OutPorts = 1>
ST_19 : Operation 357 [1/1] (1.91ns)   --->   "%m135 = add i8 %trunc_ln337, i8 %trunc_ln337_2" [CASE/case_11/case_11.cc:337]   --->   Operation 357 'add' 'm135' <Predicate = true> <Delay = 1.91> <CoreInst = "Adder">   --->   Core 1 'Adder' <Latency = 0> <II = 1> <Delay = 1.91> <FuncUnit> <Opcode : 'add' 'sub'> <InPorts = 2> <OutPorts = 1>
ST_19 : Operation 358 [2/4] (1.05ns) (root node of the DSP)   --->   "%m136 = mul i7 %mul_ln338, i7 %add_ln338" [CASE/case_11/case_11.cc:354]   --->   Operation 358 'mul' 'm136' <Predicate = true> <Delay = 1.05> <CoreInst = "DSP48">   --->   Core 116 'DSP48' <Latency = 3> <II = 1> <Delay = 2.15> <IPBlock> <Opcode : 'add' 'sub' 'mul' 'select'> <InPorts = 0> <OutPorts = 1> <Sync> <CReg>
ST_19 : Operation 359 [1/1] (1.73ns)   --->   "%add_ln345 = add i4 %trunc_ln345_1, i4 %trunc_ln345" [CASE/case_11/case_11.cc:345]   --->   Operation 359 'add' 'add_ln345' <Predicate = true> <Delay = 1.73> <CoreInst = "Adder">   --->   Core 1 'Adder' <Latency = 0> <II = 1> <Delay = 1.73> <FuncUnit> <Opcode : 'add' 'sub'> <InPorts = 2> <OutPorts = 1>
ST_19 : Operation 360 [1/1] (0.00ns)   --->   "%sext_ln342 = sext i11 %m116" [CASE/case_11/case_11.cc:342]   --->   Operation 360 'sext' 'sext_ln342' <Predicate = true> <Delay = 0.00>
ST_19 : Operation 361 [1/1] (5.61ns)   --->   "%m140 = mul i13 %m132, i13 %sext_ln342" [CASE/case_11/case_11.cc:342]   --->   Operation 361 'mul' 'm140' <Predicate = true> <Delay = 5.61> <CoreInst = "Multiplier">   --->   Core 3 'Multiplier' <Latency = 0> <II = 1> <Delay = 5.61> <FuncUnit> <Opcode : 'mul'> <InPorts = 2> <OutPorts = 1>
ST_19 : Operation 362 [3/4] (1.05ns) (root node of the DSP)   --->   "%m142 = mul i5 %trunc_ln344, i5 %add_ln344" [CASE/case_11/case_11.cc:353]   --->   Operation 362 'mul' 'm142' <Predicate = true> <Delay = 1.05> <CoreInst = "DSP48">   --->   Core 116 'DSP48' <Latency = 3> <II = 1> <Delay = 2.15> <IPBlock> <Opcode : 'add' 'sub' 'mul' 'select'> <InPorts = 0> <OutPorts = 1> <Sync> <CReg>
ST_19 : Operation 363 [1/1] (0.00ns)   --->   "%trunc_ln347 = trunc i6 %m127" [CASE/case_11/case_11.cc:347]   --->   Operation 363 'trunc' 'trunc_ln347' <Predicate = true> <Delay = 0.00>
ST_19 : Operation 364 [1/1] (2.34ns)   --->   "%m145 = mul i4 %trunc_ln345_1, i4 %trunc_ln347" [CASE/case_11/case_11.cc:347]   --->   Operation 364 'mul' 'm145' <Predicate = true> <Delay = 2.34> <CoreInst = "Multiplier">   --->   Core 3 'Multiplier' <Latency = 0> <II = 1> <Delay = 2.34> <FuncUnit> <Opcode : 'mul'> <InPorts = 2> <OutPorts = 1>
ST_19 : Operation 365 [1/1] (1.91ns)   --->   "%m146 = add i8 %m135, i8 %m125" [CASE/case_11/case_11.cc:348]   --->   Operation 365 'add' 'm146' <Predicate = true> <Delay = 1.91> <CoreInst = "Adder">   --->   Core 1 'Adder' <Latency = 0> <II = 1> <Delay = 1.91> <FuncUnit> <Opcode : 'add' 'sub'> <InPorts = 2> <OutPorts = 1>
ST_19 : Operation 366 [1/1] (0.00ns)   --->   "%trunc_ln349 = trunc i8 %m135" [CASE/case_11/case_11.cc:349]   --->   Operation 366 'trunc' 'trunc_ln349' <Predicate = true> <Delay = 0.00>
ST_19 : Operation 367 [1/1] (1.87ns)   --->   "%m147 = add i7 %trunc_ln349, i7 %m123" [CASE/case_11/case_11.cc:349]   --->   Operation 367 'add' 'm147' <Predicate = true> <Delay = 1.87> <CoreInst = "Adder">   --->   Core 1 'Adder' <Latency = 0> <II = 1> <Delay = 1.87> <FuncUnit> <Opcode : 'add' 'sub'> <InPorts = 2> <OutPorts = 1>
ST_19 : Operation 368 [1/1] (4.17ns)   --->   "%mul_ln358 = mul i8 %m131, i8 %trunc_ln337_2" [CASE/case_11/case_11.cc:358]   --->   Operation 368 'mul' 'mul_ln358' <Predicate = true> <Delay = 4.17> <CoreInst = "Multiplier">   --->   Core 3 'Multiplier' <Latency = 0> <II = 1> <Delay = 4.17> <FuncUnit> <Opcode : 'mul'> <InPorts = 2> <OutPorts = 1>
ST_19 : Operation 369 [1/1] (2.25ns) (grouped into DSP with root node m150)   --->   "%m149 = add i7 %mul_ln340, i7 %trunc_ln337_1" [CASE/case_11/case_11.cc:351]   --->   Operation 369 'add' 'm149' <Predicate = true> <Delay = 2.25> <CoreInst = "DSP48">   --->   Core 116 'DSP48' <Latency = 3> <II = 1> <Delay = 2.15> <IPBlock> <Opcode : 'add' 'sub' 'mul' 'select'> <InPorts = 0> <OutPorts = 1> <Sync> <CReg>
ST_19 : Operation 370 [1/1] (0.00ns)   --->   "%trunc_ln352 = trunc i8 %mul_ln358" [CASE/case_11/case_11.cc:352]   --->   Operation 370 'trunc' 'trunc_ln352' <Predicate = true> <Delay = 0.00>
ST_19 : Operation 371 [4/4] (1.05ns) (root node of the DSP)   --->   "%m150 = mul i7 %trunc_ln352, i7 %m149" [CASE/case_11/case_11.cc:371]   --->   Operation 371 'mul' 'm150' <Predicate = true> <Delay = 1.05> <CoreInst = "DSP48">   --->   Core 116 'DSP48' <Latency = 3> <II = 1> <Delay = 2.15> <IPBlock> <Opcode : 'add' 'sub' 'mul' 'select'> <InPorts = 0> <OutPorts = 1> <Sync> <CReg>
ST_19 : Operation 372 [1/1] (0.00ns)   --->   "%trunc_ln353 = trunc i7 %mul_ln340" [CASE/case_11/case_11.cc:353]   --->   Operation 372 'trunc' 'trunc_ln353' <Predicate = true> <Delay = 0.00>
ST_19 : Operation 373 [1/1] (0.00ns)   --->   "%trunc_ln380_2 = trunc i4 %m145" [CASE/case_11/case_11.cc:380]   --->   Operation 373 'trunc' 'trunc_ln380_2' <Predicate = true> <Delay = 0.00>
ST_19 : Operation 374 [1/1] (2.25ns) (grouped into DSP with root node mul_ln367_1)   --->   "%add_ln367 = add i7 %mul_ln340, i7 %sext_ln340" [CASE/case_11/case_11.cc:367]   --->   Operation 374 'add' 'add_ln367' <Predicate = true> <Delay = 2.25> <CoreInst = "DSP48">   --->   Core 116 'DSP48' <Latency = 3> <II = 1> <Delay = 2.15> <IPBlock> <Opcode : 'add' 'sub' 'mul' 'select'> <InPorts = 0> <OutPorts = 1> <Sync> <CReg>
ST_19 : Operation 375 [4/4] (1.05ns) (root node of the DSP)   --->   "%mul_ln367_1 = mul i7 %add_ln367, i7 %trunc_ln367_1" [CASE/case_11/case_11.cc:367]   --->   Operation 375 'mul' 'mul_ln367_1' <Predicate = true> <Delay = 1.05> <CoreInst = "DSP48">   --->   Core 116 'DSP48' <Latency = 3> <II = 1> <Delay = 2.15> <IPBlock> <Opcode : 'add' 'sub' 'mul' 'select'> <InPorts = 0> <OutPorts = 1> <Sync> <CReg>
ST_19 : Operation 376 [1/1] (0.00ns)   --->   "%sext_ln399 = sext i13 %m140" [CASE/case_11/case_11.cc:399]   --->   Operation 376 'sext' 'sext_ln399' <Predicate = true> <Delay = 0.00>
ST_19 : Operation 377 [1/1] (0.00ns)   --->   "%sext_ln400 = sext i8 %m146" [CASE/case_11/case_11.cc:400]   --->   Operation 377 'sext' 'sext_ln400' <Predicate = true> <Delay = 0.00>
ST_19 : Operation 378 [1/1] (0.00ns)   --->   "%sext_ln401 = sext i7 %m147" [CASE/case_11/case_11.cc:401]   --->   Operation 378 'sext' 'sext_ln401' <Predicate = true> <Delay = 0.00>
ST_19 : Operation 379 [1/1] (0.00ns)   --->   "%write_ln399 = write void @_ssdm_op_Write.ap_none.i16P0A, i16 %out_data_15, i16 %sext_ln399" [CASE/case_11/case_11.cc:399]   --->   Operation 379 'write' 'write_ln399' <Predicate = true> <Delay = 0.00>
ST_19 : Operation 380 [1/1] (0.00ns)   --->   "%write_ln400 = write void @_ssdm_op_Write.ap_none.i16P0A, i16 %out_data_16, i16 %sext_ln400" [CASE/case_11/case_11.cc:400]   --->   Operation 380 'write' 'write_ln400' <Predicate = true> <Delay = 0.00>
ST_19 : Operation 381 [1/1] (0.00ns)   --->   "%write_ln401 = write void @_ssdm_op_Write.ap_none.i16P0A, i16 %out_data_17, i16 %sext_ln401" [CASE/case_11/case_11.cc:401]   --->   Operation 381 'write' 'write_ln401' <Predicate = true> <Delay = 0.00>

State 20 <SV = 19> <Delay = 5.62>
ST_20 : Operation 382 [1/1] (3.74ns)   --->   "%m130 = mul i7 %mul_ln332, i7 %m112" [CASE/case_11/case_11.cc:332]   --->   Operation 382 'mul' 'm130' <Predicate = true> <Delay = 3.74> <CoreInst = "Multiplier">   --->   Core 3 'Multiplier' <Latency = 0> <II = 1> <Delay = 3.74> <FuncUnit> <Opcode : 'mul'> <InPorts = 2> <OutPorts = 1>
ST_20 : Operation 383 [1/4] (0.00ns) (root node of the DSP)   --->   "%m136 = mul i7 %mul_ln338, i7 %add_ln338" [CASE/case_11/case_11.cc:354]   --->   Operation 383 'mul' 'm136' <Predicate = true> <Delay = 0.00> <CoreInst = "DSP48">   --->   Core 116 'DSP48' <Latency = 3> <II = 1> <Delay = 2.15> <IPBlock> <Opcode : 'add' 'sub' 'mul' 'select'> <InPorts = 0> <OutPorts = 1> <Sync> <CReg>
ST_20 : Operation 384 [2/4] (1.05ns) (root node of the DSP)   --->   "%m142 = mul i5 %trunc_ln344, i5 %add_ln344" [CASE/case_11/case_11.cc:353]   --->   Operation 384 'mul' 'm142' <Predicate = true> <Delay = 1.05> <CoreInst = "DSP48">   --->   Core 116 'DSP48' <Latency = 3> <II = 1> <Delay = 2.15> <IPBlock> <Opcode : 'add' 'sub' 'mul' 'select'> <InPorts = 0> <OutPorts = 1> <Sync> <CReg>
ST_20 : Operation 385 [1/1] (0.00ns)   --->   "%sext_ln360_1 = sext i6 %m127" [CASE/case_11/case_11.cc:360]   --->   Operation 385 'sext' 'sext_ln360_1' <Predicate = true> <Delay = 0.00>
ST_20 : Operation 386 [1/1] (5.62ns)   --->   "%m144 = mul i12 %trunc_ln360, i12 %sext_ln360_1" [CASE/case_11/case_11.cc:360]   --->   Operation 386 'mul' 'm144' <Predicate = true> <Delay = 5.62> <CoreInst = "Multiplier">   --->   Core 3 'Multiplier' <Latency = 0> <II = 1> <Delay = 5.62> <FuncUnit> <Opcode : 'mul'> <InPorts = 2> <OutPorts = 1>
ST_20 : Operation 387 [3/4] (1.05ns) (root node of the DSP)   --->   "%m150 = mul i7 %trunc_ln352, i7 %m149" [CASE/case_11/case_11.cc:371]   --->   Operation 387 'mul' 'm150' <Predicate = true> <Delay = 1.05> <CoreInst = "DSP48">   --->   Core 116 'DSP48' <Latency = 3> <II = 1> <Delay = 2.15> <IPBlock> <Opcode : 'add' 'sub' 'mul' 'select'> <InPorts = 0> <OutPorts = 1> <Sync> <CReg>
ST_20 : Operation 388 [1/1] (3.74ns)   --->   "%m152 = mul i7 %trunc_ln337_1, i7 %m136" [CASE/case_11/case_11.cc:354]   --->   Operation 388 'mul' 'm152' <Predicate = true> <Delay = 3.74> <CoreInst = "Multiplier">   --->   Core 3 'Multiplier' <Latency = 0> <II = 1> <Delay = 3.74> <FuncUnit> <Opcode : 'mul'> <InPorts = 2> <OutPorts = 1>
ST_20 : Operation 389 [1/1] (0.00ns)   --->   "%trunc_ln356 = trunc i7 %m136" [CASE/case_11/case_11.cc:356]   --->   Operation 389 'trunc' 'trunc_ln356' <Predicate = true> <Delay = 0.00>
ST_20 : Operation 390 [1/1] (0.00ns)   --->   "%sext_ln356 = sext i4 %m145" [CASE/case_11/case_11.cc:356]   --->   Operation 390 'sext' 'sext_ln356' <Predicate = true> <Delay = 0.00>
ST_20 : Operation 391 [3/3] (1.05ns) (grouped into DSP with root node m167)   --->   "%m154 = mul i6 %trunc_ln356, i6 %sext_ln356" [CASE/case_11/case_11.cc:356]   --->   Operation 391 'mul' 'm154' <Predicate = true> <Delay = 1.05> <CoreInst = "DSP48">   --->   Core 116 'DSP48' <Latency = 3> <II = 1> <Delay = 2.15> <IPBlock> <Opcode : 'add' 'sub' 'mul' 'select'> <InPorts = 0> <OutPorts = 1> <Sync> <CReg>
ST_20 : Operation 392 [1/1] (0.00ns)   --->   "%trunc_ln362 = trunc i7 %m152" [CASE/case_11/case_11.cc:362]   --->   Operation 392 'trunc' 'trunc_ln362' <Predicate = true> <Delay = 0.00>
ST_20 : Operation 393 [1/1] (0.00ns)   --->   "%trunc_ln362_1 = trunc i12 %m144" [CASE/case_11/case_11.cc:362]   --->   Operation 393 'trunc' 'trunc_ln362_1' <Predicate = true> <Delay = 0.00>
ST_20 : Operation 394 [1/1] (0.00ns)   --->   "%trunc_ln367 = trunc i12 %m144" [CASE/case_11/case_11.cc:367]   --->   Operation 394 'trunc' 'trunc_ln367' <Predicate = true> <Delay = 0.00>
ST_20 : Operation 395 [1/1] (0.00ns)   --->   "%trunc_ln363 = trunc i12 %m144" [CASE/case_11/case_11.cc:363]   --->   Operation 395 'trunc' 'trunc_ln363' <Predicate = true> <Delay = 0.00>
ST_20 : Operation 396 [3/4] (1.05ns) (root node of the DSP)   --->   "%mul_ln367_1 = mul i7 %add_ln367, i7 %trunc_ln367_1" [CASE/case_11/case_11.cc:367]   --->   Operation 396 'mul' 'mul_ln367_1' <Predicate = true> <Delay = 1.05> <CoreInst = "DSP48">   --->   Core 116 'DSP48' <Latency = 3> <II = 1> <Delay = 2.15> <IPBlock> <Opcode : 'add' 'sub' 'mul' 'select'> <InPorts = 0> <OutPorts = 1> <Sync> <CReg>
ST_20 : Operation 397 [1/1] (0.00ns)   --->   "%trunc_ln372_1 = trunc i7 %m152" [CASE/case_11/case_11.cc:372]   --->   Operation 397 'trunc' 'trunc_ln372_1' <Predicate = true> <Delay = 0.00>
ST_20 : Operation 398 [1/1] (0.00ns)   --->   "%sext_ln398 = sext i7 %m130" [CASE/case_11/case_11.cc:398]   --->   Operation 398 'sext' 'sext_ln398' <Predicate = true> <Delay = 0.00>
ST_20 : Operation 399 [1/1] (0.00ns)   --->   "%write_ln398 = write void @_ssdm_op_Write.ap_none.i16P0A, i16 %out_data_14, i16 %sext_ln398" [CASE/case_11/case_11.cc:398]   --->   Operation 399 'write' 'write_ln398' <Predicate = true> <Delay = 0.00>

State 21 <SV = 20> <Delay = 5.58>
ST_21 : Operation 400 [1/4] (0.00ns) (root node of the DSP)   --->   "%m142 = mul i5 %trunc_ln344, i5 %add_ln344" [CASE/case_11/case_11.cc:353]   --->   Operation 400 'mul' 'm142' <Predicate = true> <Delay = 0.00> <CoreInst = "DSP48">   --->   Core 116 'DSP48' <Latency = 3> <II = 1> <Delay = 2.15> <IPBlock> <Opcode : 'add' 'sub' 'mul' 'select'> <InPorts = 0> <OutPorts = 1> <Sync> <CReg>
ST_21 : Operation 401 [1/1] (0.00ns)   --->   "%trunc_ln345_2 = trunc i5 %m142" [CASE/case_11/case_11.cc:345]   --->   Operation 401 'trunc' 'trunc_ln345_2' <Predicate = true> <Delay = 0.00>
ST_21 : Operation 402 [1/1] (2.34ns)   --->   "%m143 = mul i4 %trunc_ln345_2, i4 %add_ln345" [CASE/case_11/case_11.cc:345]   --->   Operation 402 'mul' 'm143' <Predicate = true> <Delay = 2.34> <CoreInst = "Multiplier">   --->   Core 3 'Multiplier' <Latency = 0> <II = 1> <Delay = 2.34> <FuncUnit> <Opcode : 'mul'> <InPorts = 2> <OutPorts = 1>
ST_21 : Operation 403 [2/4] (1.05ns) (root node of the DSP)   --->   "%m150 = mul i7 %trunc_ln352, i7 %m149" [CASE/case_11/case_11.cc:371]   --->   Operation 403 'mul' 'm150' <Predicate = true> <Delay = 1.05> <CoreInst = "DSP48">   --->   Core 116 'DSP48' <Latency = 3> <II = 1> <Delay = 2.15> <IPBlock> <Opcode : 'add' 'sub' 'mul' 'select'> <InPorts = 0> <OutPorts = 1> <Sync> <CReg>
ST_21 : Operation 404 [1/1] (3.49ns)   --->   "%m151 = mul i5 %trunc_ln353, i5 %m142" [CASE/case_11/case_11.cc:353]   --->   Operation 404 'mul' 'm151' <Predicate = true> <Delay = 3.49> <CoreInst = "Multiplier">   --->   Core 3 'Multiplier' <Latency = 0> <II = 1> <Delay = 3.49> <FuncUnit> <Opcode : 'mul'> <InPorts = 2> <OutPorts = 1>
ST_21 : Operation 405 [2/3] (1.05ns) (grouped into DSP with root node m167)   --->   "%m154 = mul i6 %trunc_ln356, i6 %sext_ln356" [CASE/case_11/case_11.cc:356]   --->   Operation 405 'mul' 'm154' <Predicate = true> <Delay = 1.05> <CoreInst = "DSP48">   --->   Core 116 'DSP48' <Latency = 3> <II = 1> <Delay = 2.15> <IPBlock> <Opcode : 'add' 'sub' 'mul' 'select'> <InPorts = 0> <OutPorts = 1> <Sync> <CReg>
ST_21 : Operation 406 [1/1] (0.00ns)   --->   "%sext_ln358 = sext i7 %m152" [CASE/case_11/case_11.cc:358]   --->   Operation 406 'sext' 'sext_ln358' <Predicate = true> <Delay = 0.00>
ST_21 : Operation 407 [1/1] (4.52ns)   --->   "%mul_ln363 = mul i10 %trunc_ln363, i10 %m133" [CASE/case_11/case_11.cc:363]   --->   Operation 407 'mul' 'mul_ln363' <Predicate = true> <Delay = 4.52> <CoreInst = "Multiplier">   --->   Core 3 'Multiplier' <Latency = 0> <II = 1> <Delay = 4.52> <FuncUnit> <Opcode : 'mul'> <InPorts = 2> <OutPorts = 1>
ST_21 : Operation 408 [1/1] (0.00ns)   --->   "%m157 = trunc i10 %mul_ln363" [CASE/case_11/case_11.cc:359]   --->   Operation 408 'trunc' 'm157' <Predicate = true> <Delay = 0.00>
ST_21 : Operation 409 [1/1] (0.00ns)   --->   "%trunc_ln380_1 = trunc i4 %m143" [CASE/case_11/case_11.cc:380]   --->   Operation 409 'trunc' 'trunc_ln380_1' <Predicate = true> <Delay = 0.00>
ST_21 : Operation 410 [1/1] (1.62ns)   --->   "%mul_ln380 = mul i3 %trunc_ln380, i3 %trunc_ln380_1" [CASE/case_11/case_11.cc:380]   --->   Operation 410 'mul' 'mul_ln380' <Predicate = true> <Delay = 1.62> <CoreInst = "Multiplier">   --->   Core 3 'Multiplier' <Latency = 0> <II = 1> <Delay = 1.62> <FuncUnit> <Opcode : 'mul'> <InPorts = 2> <OutPorts = 1>
ST_21 : Operation 411 [1/1] (1.62ns)   --->   "%mul_ln380_1 = mul i3 %mul_ln380, i3 %trunc_ln380_2" [CASE/case_11/case_11.cc:380]   --->   Operation 411 'mul' 'mul_ln380_1' <Predicate = true> <Delay = 1.62> <CoreInst = "Multiplier">   --->   Core 3 'Multiplier' <Latency = 0> <II = 1> <Delay = 1.62> <FuncUnit> <Opcode : 'mul'> <InPorts = 2> <OutPorts = 1>
ST_21 : Operation 412 [2/4] (1.05ns) (root node of the DSP)   --->   "%mul_ln367_1 = mul i7 %add_ln367, i7 %trunc_ln367_1" [CASE/case_11/case_11.cc:367]   --->   Operation 412 'mul' 'mul_ln367_1' <Predicate = true> <Delay = 1.05> <CoreInst = "DSP48">   --->   Core 116 'DSP48' <Latency = 3> <II = 1> <Delay = 2.15> <IPBlock> <Opcode : 'add' 'sub' 'mul' 'select'> <InPorts = 0> <OutPorts = 1> <Sync> <CReg>
ST_21 : Operation 413 [1/1] (0.00ns)   --->   "%trunc_ln373 = trunc i10 %mul_ln363" [CASE/case_11/case_11.cc:373]   --->   Operation 413 'trunc' 'trunc_ln373' <Predicate = true> <Delay = 0.00>
ST_21 : Operation 414 [1/1] (0.00ns)   --->   "%sext_ln374 = sext i4 %m153" [CASE/case_11/case_11.cc:374]   --->   Operation 414 'sext' 'sext_ln374' <Predicate = true> <Delay = 0.00>
ST_21 : Operation 415 [1/1] (3.74ns)   --->   "%mul_ln374 = mul i8 %sext_ln358, i8 %sext_ln374" [CASE/case_11/case_11.cc:374]   --->   Operation 415 'mul' 'mul_ln374' <Predicate = true> <Delay = 3.74> <CoreInst = "Multiplier">   --->   Core 3 'Multiplier' <Latency = 0> <II = 1> <Delay = 3.74> <FuncUnit> <Opcode : 'mul'> <InPorts = 2> <OutPorts = 1>

State 22 <SV = 21> <Delay = 5.84>
ST_22 : Operation 416 [1/4] (0.00ns) (root node of the DSP)   --->   "%m150 = mul i7 %trunc_ln352, i7 %m149" [CASE/case_11/case_11.cc:371]   --->   Operation 416 'mul' 'm150' <Predicate = true> <Delay = 0.00> <CoreInst = "DSP48">   --->   Core 116 'DSP48' <Latency = 3> <II = 1> <Delay = 2.15> <IPBlock> <Opcode : 'add' 'sub' 'mul' 'select'> <InPorts = 0> <OutPorts = 1> <Sync> <CReg>
ST_22 : Operation 417 [1/3] (0.00ns) (grouped into DSP with root node m167)   --->   "%m154 = mul i6 %trunc_ln356, i6 %sext_ln356" [CASE/case_11/case_11.cc:356]   --->   Operation 417 'mul' 'm154' <Predicate = true> <Delay = 0.00> <CoreInst = "DSP48">   --->   Core 116 'DSP48' <Latency = 3> <II = 1> <Delay = 2.15> <IPBlock> <Opcode : 'add' 'sub' 'mul' 'select'> <InPorts = 0> <OutPorts = 1> <Sync> <CReg>
ST_22 : Operation 418 [1/1] (0.00ns)   --->   "%sext_ln360 = sext i4 %m143" [CASE/case_11/case_11.cc:360]   --->   Operation 418 'sext' 'sext_ln360' <Predicate = true> <Delay = 0.00>
ST_22 : Operation 419 [1/1] (5.62ns)   --->   "%m158 = mul i12 %m144, i12 %sext_ln360" [CASE/case_11/case_11.cc:360]   --->   Operation 419 'mul' 'm158' <Predicate = true> <Delay = 5.62> <CoreInst = "Multiplier">   --->   Core 3 'Multiplier' <Latency = 0> <II = 1> <Delay = 5.62> <FuncUnit> <Opcode : 'mul'> <InPorts = 2> <OutPorts = 1>
ST_22 : Operation 420 [1/1] (0.00ns)   --->   "%trunc_ln362_2 = trunc i7 %m150" [CASE/case_11/case_11.cc:362]   --->   Operation 420 'trunc' 'trunc_ln362_2' <Predicate = true> <Delay = 0.00>
ST_22 : Operation 421 [1/1] (1.62ns)   --->   "%mul_ln362 = mul i3 %trunc_ln362, i3 %trunc_ln362_2" [CASE/case_11/case_11.cc:362]   --->   Operation 421 'mul' 'mul_ln362' <Predicate = true> <Delay = 1.62> <CoreInst = "Multiplier">   --->   Core 3 'Multiplier' <Latency = 0> <II = 1> <Delay = 1.62> <FuncUnit> <Opcode : 'mul'> <InPorts = 2> <OutPorts = 1>
ST_22 : Operation 422 [1/1] (1.62ns)   --->   "%m160 = mul i3 %mul_ln362, i3 %trunc_ln362_1" [CASE/case_11/case_11.cc:362]   --->   Operation 422 'mul' 'm160' <Predicate = true> <Delay = 1.62> <CoreInst = "Multiplier">   --->   Core 3 'Multiplier' <Latency = 0> <II = 1> <Delay = 1.62> <FuncUnit> <Opcode : 'mul'> <InPorts = 2> <OutPorts = 1>
ST_22 : Operation 423 [1/1] (4.52ns)   --->   "%m161 = mul i10 %mul_ln363, i10 %trunc_ln363" [CASE/case_11/case_11.cc:363]   --->   Operation 423 'mul' 'm161' <Predicate = true> <Delay = 4.52> <CoreInst = "Multiplier">   --->   Core 3 'Multiplier' <Latency = 0> <II = 1> <Delay = 4.52> <FuncUnit> <Opcode : 'mul'> <InPorts = 2> <OutPorts = 1>
ST_22 : Operation 424 [1/1] (0.00ns)   --->   "%sext_ln367 = sext i4 %m153" [CASE/case_11/case_11.cc:367]   --->   Operation 424 'sext' 'sext_ln367' <Predicate = true> <Delay = 0.00>
ST_22 : Operation 425 [1/1] (3.74ns)   --->   "%mul_ln367 = mul i7 %trunc_ln367, i7 %sext_ln367" [CASE/case_11/case_11.cc:367]   --->   Operation 425 'mul' 'mul_ln367' <Predicate = true> <Delay = 3.74> <CoreInst = "Multiplier">   --->   Core 3 'Multiplier' <Latency = 0> <II = 1> <Delay = 3.74> <FuncUnit> <Opcode : 'mul'> <InPorts = 2> <OutPorts = 1>
ST_22 : Operation 426 [1/4] (0.00ns) (root node of the DSP)   --->   "%mul_ln367_1 = mul i7 %add_ln367, i7 %trunc_ln367_1" [CASE/case_11/case_11.cc:367]   --->   Operation 426 'mul' 'mul_ln367_1' <Predicate = true> <Delay = 0.00> <CoreInst = "DSP48">   --->   Core 116 'DSP48' <Latency = 3> <II = 1> <Delay = 2.15> <IPBlock> <Opcode : 'add' 'sub' 'mul' 'select'> <InPorts = 0> <OutPorts = 1> <Sync> <CReg>
ST_22 : Operation 427 [1/1] (0.00ns)   --->   "%sext_ln377_1 = sext i5 %m151" [CASE/case_11/case_11.cc:377]   --->   Operation 427 'sext' 'sext_ln377_1' <Predicate = true> <Delay = 0.00>
ST_22 : Operation 428 [1/1] (4.35ns)   --->   "%mul_ln377 = mul i9 %m157, i9 %sext_ln377_1" [CASE/case_11/case_11.cc:377]   --->   Operation 428 'mul' 'mul_ln377' <Predicate = true> <Delay = 4.35> <CoreInst = "Multiplier">   --->   Core 3 'Multiplier' <Latency = 0> <II = 1> <Delay = 4.35> <FuncUnit> <Opcode : 'mul'> <InPorts = 2> <OutPorts = 1>
ST_22 : Operation 429 [1/1] (0.00ns)   --->   "%trunc_ln369 = trunc i7 %mul_ln367" [CASE/case_11/case_11.cc:369]   --->   Operation 429 'trunc' 'trunc_ln369' <Predicate = true> <Delay = 0.00>
ST_22 : Operation 430 [2/2] (2.10ns) (root node of the DSP)   --->   "%m167 = add i6 %trunc_ln369, i6 %m154" [CASE/case_11/case_11.cc:369]   --->   Operation 430 'add' 'm167' <Predicate = true> <Delay = 2.10> <CoreInst = "DSP48">   --->   Core 116 'DSP48' <Latency = 3> <II = 1> <Delay = 2.15> <IPBlock> <Opcode : 'add' 'sub' 'mul' 'select'> <InPorts = 0> <OutPorts = 1> <Sync> <CReg>
ST_22 : Operation 431 [1/1] (0.00ns)   --->   "%trunc_ln371 = trunc i9 %mul_ln377" [CASE/case_11/case_11.cc:371]   --->   Operation 431 'trunc' 'trunc_ln371' <Predicate = true> <Delay = 0.00>
ST_22 : Operation 432 [1/1] (0.00ns)   --->   "%trunc_ln372 = trunc i3 %m160" [CASE/case_11/case_11.cc:372]   --->   Operation 432 'trunc' 'trunc_ln372' <Predicate = true> <Delay = 0.00>
ST_22 : Operation 433 [1/1] (1.34ns)   --->   "%m170 = mul i2 %trunc_ln372, i2 %trunc_ln372_1" [CASE/case_11/case_11.cc:372]   --->   Operation 433 'mul' 'm170' <Predicate = true> <Delay = 1.34> <CoreInst = "Multiplier">   --->   Core 3 'Multiplier' <Latency = 0> <II = 1> <Delay = 1.34> <FuncUnit> <Opcode : 'mul'> <InPorts = 2> <OutPorts = 1>
ST_22 : Operation 434 [1/1] (4.17ns)   --->   "%m172 = mul i8 %mul_ln374, i8 %mul_ln358" [CASE/case_11/case_11.cc:374]   --->   Operation 434 'mul' 'm172' <Predicate = true> <Delay = 4.17> <CoreInst = "Multiplier">   --->   Core 3 'Multiplier' <Latency = 0> <II = 1> <Delay = 4.17> <FuncUnit> <Opcode : 'mul'> <InPorts = 2> <OutPorts = 1>
ST_22 : Operation 435 [1/1] (0.00ns)   --->   "%trunc_ln375 = trunc i9 %mul_ln377" [CASE/case_11/case_11.cc:375]   --->   Operation 435 'trunc' 'trunc_ln375' <Predicate = true> <Delay = 0.00>
ST_22 : Operation 436 [1/1] (1.65ns)   --->   "%m178 = add i3 %m160, i3 %mul_ln380_1" [CASE/case_11/case_11.cc:380]   --->   Operation 436 'add' 'm178' <Predicate = true> <Delay = 1.65> <CoreInst = "Adder">   --->   Core 1 'Adder' <Latency = 0> <II = 1> <Delay = 1.65> <FuncUnit> <Opcode : 'add' 'sub'> <InPorts = 2> <OutPorts = 1>
ST_22 : Operation 437 [3/3] (1.05ns) (grouped into DSP with root node m180)   --->   "%mul_ln382 = mul i7 %mul_ln367_1, i7 %mul_ln367" [CASE/case_11/case_11.cc:382]   --->   Operation 437 'mul' 'mul_ln382' <Predicate = true> <Delay = 1.05> <CoreInst = "DSP48">   --->   Core 116 'DSP48' <Latency = 3> <II = 1> <Delay = 2.15> <IPBlock> <Opcode : 'add' 'sub' 'mul' 'select'> <InPorts = 0> <OutPorts = 1> <Sync> <CReg>
ST_22 : Operation 438 [1/1] (0.00ns)   --->   "%sext_ln402 = sext i12 %m158" [CASE/case_11/case_11.cc:402]   --->   Operation 438 'sext' 'sext_ln402' <Predicate = true> <Delay = 0.00>
ST_22 : Operation 439 [1/1] (0.00ns)   --->   "%sext_ln406 = sext i3 %m178" [CASE/case_11/case_11.cc:406]   --->   Operation 439 'sext' 'sext_ln406' <Predicate = true> <Delay = 0.00>
ST_22 : Operation 440 [1/1] (0.00ns)   --->   "%write_ln402 = write void @_ssdm_op_Write.ap_none.i16P0A, i16 %out_data_18, i16 %sext_ln402" [CASE/case_11/case_11.cc:402]   --->   Operation 440 'write' 'write_ln402' <Predicate = true> <Delay = 0.00>
ST_22 : Operation 441 [1/1] (0.00ns)   --->   "%write_ln406 = write void @_ssdm_op_Write.ap_none.i16P0A, i16 %out_data_22, i16 %sext_ln406" [CASE/case_11/case_11.cc:406]   --->   Operation 441 'write' 'write_ln406' <Predicate = true> <Delay = 0.00>

State 23 <SV = 22> <Delay = 5.84>
ST_23 : Operation 442 [1/1] (0.00ns)   --->   "%sext_ln364 = sext i5 %m151" [CASE/case_11/case_11.cc:364]   --->   Operation 442 'sext' 'sext_ln364' <Predicate = true> <Delay = 0.00>
ST_23 : Operation 443 [1/1] (0.00ns)   --->   "%sext_ln364_1 = sext i10 %m161" [CASE/case_11/case_11.cc:364]   --->   Operation 443 'sext' 'sext_ln364_1' <Predicate = true> <Delay = 0.00>
ST_23 : Operation 444 [1/1] (4.52ns)   --->   "%m162 = mul i14 %sext_ln364_1, i14 %sext_ln364" [CASE/case_11/case_11.cc:364]   --->   Operation 444 'mul' 'm162' <Predicate = true> <Delay = 4.52> <CoreInst = "Multiplier">   --->   Core 3 'Multiplier' <Latency = 0> <II = 1> <Delay = 4.52> <FuncUnit> <Opcode : 'mul'> <InPorts = 2> <OutPorts = 1>
ST_23 : Operation 445 [1/2] (2.10ns) (root node of the DSP)   --->   "%m167 = add i6 %trunc_ln369, i6 %m154" [CASE/case_11/case_11.cc:369]   --->   Operation 445 'add' 'm167' <Predicate = true> <Delay = 2.10> <CoreInst = "DSP48">   --->   Core 116 'DSP48' <Latency = 3> <II = 1> <Delay = 2.15> <IPBlock> <Opcode : 'add' 'sub' 'mul' 'select'> <InPorts = 0> <OutPorts = 1> <Sync> <CReg>
ST_23 : Operation 446 [1/1] (0.00ns)   --->   "%sext_ln371 = sext i6 %m167" [CASE/case_11/case_11.cc:371]   --->   Operation 446 'sext' 'sext_ln371' <Predicate = true> <Delay = 0.00>
ST_23 : Operation 447 [1/1] (3.74ns)   --->   "%mul_ln371 = mul i7 %trunc_ln371, i7 %sext_ln371" [CASE/case_11/case_11.cc:371]   --->   Operation 447 'mul' 'mul_ln371' <Predicate = true> <Delay = 3.74> <CoreInst = "Multiplier">   --->   Core 3 'Multiplier' <Latency = 0> <II = 1> <Delay = 3.74> <FuncUnit> <Opcode : 'mul'> <InPorts = 2> <OutPorts = 1>
ST_23 : Operation 448 [1/1] (0.00ns)   --->   "%sext_ln377 = sext i8 %m172" [CASE/case_11/case_11.cc:377]   --->   Operation 448 'sext' 'sext_ln377' <Predicate = true> <Delay = 0.00>
ST_23 : Operation 449 [1/1] (4.17ns)   --->   "%mul_ln377_1 = mul i9 %sext_ln377, i9 %sext_ln377_1" [CASE/case_11/case_11.cc:377]   --->   Operation 449 'mul' 'mul_ln377_1' <Predicate = true> <Delay = 4.17> <CoreInst = "Multiplier">   --->   Core 3 'Multiplier' <Latency = 0> <II = 1> <Delay = 4.17> <FuncUnit> <Opcode : 'mul'> <InPorts = 2> <OutPorts = 1>
ST_23 : Operation 450 [1/1] (2.25ns) (grouped into DSP with root node mul_ln379)   --->   "%add_ln379 = add i8 %trunc_ln375, i8 %sext_ln374" [CASE/case_11/case_11.cc:379]   --->   Operation 450 'add' 'add_ln379' <Predicate = true> <Delay = 2.25> <CoreInst = "DSP48">   --->   Core 116 'DSP48' <Latency = 3> <II = 1> <Delay = 2.15> <IPBlock> <Opcode : 'add' 'sub' 'mul' 'select'> <InPorts = 0> <OutPorts = 1> <Sync> <CReg>
ST_23 : Operation 451 [4/4] (1.05ns) (root node of the DSP)   --->   "%mul_ln379 = mul i8 %mul_ln358, i8 %add_ln379" [CASE/case_11/case_11.cc:379]   --->   Operation 451 'mul' 'mul_ln379' <Predicate = true> <Delay = 1.05> <CoreInst = "DSP48">   --->   Core 116 'DSP48' <Latency = 3> <II = 1> <Delay = 2.15> <IPBlock> <Opcode : 'add' 'sub' 'mul' 'select'> <InPorts = 0> <OutPorts = 1> <Sync> <CReg>
ST_23 : Operation 452 [2/3] (1.05ns) (grouped into DSP with root node m180)   --->   "%mul_ln382 = mul i7 %mul_ln367_1, i7 %mul_ln367" [CASE/case_11/case_11.cc:382]   --->   Operation 452 'mul' 'mul_ln382' <Predicate = true> <Delay = 1.05> <CoreInst = "DSP48">   --->   Core 116 'DSP48' <Latency = 3> <II = 1> <Delay = 2.15> <IPBlock> <Opcode : 'add' 'sub' 'mul' 'select'> <InPorts = 0> <OutPorts = 1> <Sync> <CReg>
ST_23 : Operation 453 [1/1] (0.00ns)   --->   "%sext_ln403 = sext i14 %m162" [CASE/case_11/case_11.cc:403]   --->   Operation 453 'sext' 'sext_ln403' <Predicate = true> <Delay = 0.00>
ST_23 : Operation 454 [1/1] (0.00ns)   --->   "%write_ln403 = write void @_ssdm_op_Write.ap_none.i16P0A, i16 %out_data_19, i16 %sext_ln403" [CASE/case_11/case_11.cc:403]   --->   Operation 454 'write' 'write_ln403' <Predicate = true> <Delay = 0.00>

State 24 <SV = 23> <Delay = 6.45>
ST_24 : Operation 455 [1/1] (3.74ns)   --->   "%m169 = mul i7 %mul_ln371, i7 %m150" [CASE/case_11/case_11.cc:371]   --->   Operation 455 'mul' 'm169' <Predicate = true> <Delay = 3.74> <CoreInst = "Multiplier">   --->   Core 3 'Multiplier' <Latency = 0> <II = 1> <Delay = 3.74> <FuncUnit> <Opcode : 'mul'> <InPorts = 2> <OutPorts = 1>
ST_24 : Operation 456 [1/1] (4.35ns)   --->   "%m175 = mul i9 %mul_ln377_1, i9 %mul_ln377" [CASE/case_11/case_11.cc:377]   --->   Operation 456 'mul' 'm175' <Predicate = true> <Delay = 4.35> <CoreInst = "Multiplier">   --->   Core 3 'Multiplier' <Latency = 0> <II = 1> <Delay = 4.35> <FuncUnit> <Opcode : 'mul'> <InPorts = 2> <OutPorts = 1>
ST_24 : Operation 457 [3/4] (1.05ns) (root node of the DSP)   --->   "%mul_ln379 = mul i8 %mul_ln358, i8 %add_ln379" [CASE/case_11/case_11.cc:379]   --->   Operation 457 'mul' 'mul_ln379' <Predicate = true> <Delay = 1.05> <CoreInst = "DSP48">   --->   Core 116 'DSP48' <Latency = 3> <II = 1> <Delay = 2.15> <IPBlock> <Opcode : 'add' 'sub' 'mul' 'select'> <InPorts = 0> <OutPorts = 1> <Sync> <CReg>
ST_24 : Operation 458 [1/1] (0.00ns)   --->   "%trunc_ln382 = trunc i9 %m175" [CASE/case_11/case_11.cc:382]   --->   Operation 458 'trunc' 'trunc_ln382' <Predicate = true> <Delay = 0.00>
ST_24 : Operation 459 [1/3] (0.00ns) (grouped into DSP with root node m180)   --->   "%mul_ln382 = mul i7 %mul_ln367_1, i7 %mul_ln367" [CASE/case_11/case_11.cc:382]   --->   Operation 459 'mul' 'mul_ln382' <Predicate = true> <Delay = 0.00> <CoreInst = "DSP48">   --->   Core 116 'DSP48' <Latency = 3> <II = 1> <Delay = 2.15> <IPBlock> <Opcode : 'add' 'sub' 'mul' 'select'> <InPorts = 0> <OutPorts = 1> <Sync> <CReg>
ST_24 : Operation 460 [2/2] (2.10ns) (root node of the DSP)   --->   "%m180 = add i7 %trunc_ln382, i7 %mul_ln382" [CASE/case_11/case_11.cc:382]   --->   Operation 460 'add' 'm180' <Predicate = true> <Delay = 2.10> <CoreInst = "DSP48">   --->   Core 116 'DSP48' <Latency = 3> <II = 1> <Delay = 2.15> <IPBlock> <Opcode : 'add' 'sub' 'mul' 'select'> <InPorts = 0> <OutPorts = 1> <Sync> <CReg>

State 25 <SV = 24> <Delay = 4.35>
ST_25 : Operation 461 [1/1] (0.00ns)   --->   "%sext_ln378 = sext i7 %m169" [CASE/case_11/case_11.cc:378]   --->   Operation 461 'sext' 'sext_ln378' <Predicate = true> <Delay = 0.00>
ST_25 : Operation 462 [1/1] (4.35ns)   --->   "%m176 = mul i9 %m157, i9 %sext_ln378" [CASE/case_11/case_11.cc:378]   --->   Operation 462 'mul' 'm176' <Predicate = true> <Delay = 4.35> <CoreInst = "Multiplier">   --->   Core 3 'Multiplier' <Latency = 0> <II = 1> <Delay = 4.35> <FuncUnit> <Opcode : 'mul'> <InPorts = 2> <OutPorts = 1>
ST_25 : Operation 463 [2/4] (1.05ns) (root node of the DSP)   --->   "%mul_ln379 = mul i8 %mul_ln358, i8 %add_ln379" [CASE/case_11/case_11.cc:379]   --->   Operation 463 'mul' 'mul_ln379' <Predicate = true> <Delay = 1.05> <CoreInst = "DSP48">   --->   Core 116 'DSP48' <Latency = 3> <II = 1> <Delay = 2.15> <IPBlock> <Opcode : 'add' 'sub' 'mul' 'select'> <InPorts = 0> <OutPorts = 1> <Sync> <CReg>
ST_25 : Operation 464 [1/1] (0.00ns)   --->   "%sext_ln381 = sext i2 %m170" [CASE/case_11/case_11.cc:381]   --->   Operation 464 'sext' 'sext_ln381' <Predicate = true> <Delay = 0.00>
ST_25 : Operation 465 [1/1] (4.35ns)   --->   "%m179 = mul i9 %m175, i9 %sext_ln381" [CASE/case_11/case_11.cc:381]   --->   Operation 465 'mul' 'm179' <Predicate = true> <Delay = 4.35> <CoreInst = "Multiplier">   --->   Core 3 'Multiplier' <Latency = 0> <II = 1> <Delay = 4.35> <FuncUnit> <Opcode : 'mul'> <InPorts = 2> <OutPorts = 1>
ST_25 : Operation 466 [1/2] (2.10ns) (root node of the DSP)   --->   "%m180 = add i7 %trunc_ln382, i7 %mul_ln382" [CASE/case_11/case_11.cc:382]   --->   Operation 466 'add' 'm180' <Predicate = true> <Delay = 2.10> <CoreInst = "DSP48">   --->   Core 116 'DSP48' <Latency = 3> <II = 1> <Delay = 2.15> <IPBlock> <Opcode : 'add' 'sub' 'mul' 'select'> <InPorts = 0> <OutPorts = 1> <Sync> <CReg>
ST_25 : Operation 467 [1/1] (0.00ns)   --->   "%sext_ln404 = sext i9 %m176" [CASE/case_11/case_11.cc:404]   --->   Operation 467 'sext' 'sext_ln404' <Predicate = true> <Delay = 0.00>
ST_25 : Operation 468 [1/1] (0.00ns)   --->   "%sext_ln407 = sext i9 %m179" [CASE/case_11/case_11.cc:407]   --->   Operation 468 'sext' 'sext_ln407' <Predicate = true> <Delay = 0.00>
ST_25 : Operation 469 [1/1] (0.00ns)   --->   "%sext_ln408 = sext i7 %m180" [CASE/case_11/case_11.cc:408]   --->   Operation 469 'sext' 'sext_ln408' <Predicate = true> <Delay = 0.00>
ST_25 : Operation 470 [1/1] (0.00ns)   --->   "%write_ln404 = write void @_ssdm_op_Write.ap_none.i16P0A, i16 %out_data_20, i16 %sext_ln404" [CASE/case_11/case_11.cc:404]   --->   Operation 470 'write' 'write_ln404' <Predicate = true> <Delay = 0.00>
ST_25 : Operation 471 [1/1] (0.00ns)   --->   "%write_ln407 = write void @_ssdm_op_Write.ap_none.i16P0A, i16 %out_data_23, i16 %sext_ln407" [CASE/case_11/case_11.cc:407]   --->   Operation 471 'write' 'write_ln407' <Predicate = true> <Delay = 0.00>
ST_25 : Operation 472 [1/1] (0.00ns)   --->   "%write_ln408 = write void @_ssdm_op_Write.ap_none.i16P0A, i16 %out_data_24, i16 %sext_ln408" [CASE/case_11/case_11.cc:408]   --->   Operation 472 'write' 'write_ln408' <Predicate = true> <Delay = 0.00>

State 26 <SV = 25> <Delay = 4.17>
ST_26 : Operation 473 [1/1] (0.00ns)   --->   "%spectopmodule_ln6 = spectopmodule void @_ssdm_op_SpecTopModule, void @empty_1" [CASE/case_11/case_11.cc:6]   --->   Operation 473 'spectopmodule' 'spectopmodule_ln6' <Predicate = true> <Delay = 0.00>
ST_26 : Operation 474 [1/1] (0.00ns)   --->   "%specinterface_ln6 = specinterface void @_ssdm_op_SpecInterface, i32 0, void @empty_2, i32 0, i32 0, void @empty_0, i32 0, i32 0, void @empty_0, void @empty_0, void @empty_0, i32 0, i32 0, i32 0, i32 0, void @empty_0, void @empty_0, i32 4294967295, i32 0, i32 0" [CASE/case_11/case_11.cc:6]   --->   Operation 474 'specinterface' 'specinterface_ln6' <Predicate = true> <Delay = 0.00>
ST_26 : Operation 475 [1/1] (0.00ns)   --->   "%specbitsmap_ln0 = specbitsmap void @_ssdm_op_SpecBitsMap, i16 %in_data_0"   --->   Operation 475 'specbitsmap' 'specbitsmap_ln0' <Predicate = true> <Delay = 0.00>
ST_26 : Operation 476 [1/1] (0.00ns)   --->   "%specinterface_ln0 = specinterface void @_ssdm_op_SpecInterface, i16 %in_data_0, void @empty, i32 4294967295, i32 4294967295, void @empty_0, i32 0, i32 0, void @empty_0, void @empty_0, void @empty_0, i32 0, i32 0, i32 0, i32 0, void @empty_0, void @empty_0, i32 4294967295, i32 0, i32 0"   --->   Operation 476 'specinterface' 'specinterface_ln0' <Predicate = true> <Delay = 0.00>
ST_26 : Operation 477 [1/1] (0.00ns)   --->   "%specbitsmap_ln0 = specbitsmap void @_ssdm_op_SpecBitsMap, i16 %in_data_1"   --->   Operation 477 'specbitsmap' 'specbitsmap_ln0' <Predicate = true> <Delay = 0.00>
ST_26 : Operation 478 [1/1] (0.00ns)   --->   "%specinterface_ln0 = specinterface void @_ssdm_op_SpecInterface, i16 %in_data_1, void @empty, i32 4294967295, i32 4294967295, void @empty_0, i32 0, i32 0, void @empty_0, void @empty_0, void @empty_0, i32 0, i32 0, i32 0, i32 0, void @empty_0, void @empty_0, i32 4294967295, i32 0, i32 0"   --->   Operation 478 'specinterface' 'specinterface_ln0' <Predicate = true> <Delay = 0.00>
ST_26 : Operation 479 [1/1] (0.00ns)   --->   "%specbitsmap_ln0 = specbitsmap void @_ssdm_op_SpecBitsMap, i16 %in_data_2"   --->   Operation 479 'specbitsmap' 'specbitsmap_ln0' <Predicate = true> <Delay = 0.00>
ST_26 : Operation 480 [1/1] (0.00ns)   --->   "%specinterface_ln0 = specinterface void @_ssdm_op_SpecInterface, i16 %in_data_2, void @empty, i32 4294967295, i32 4294967295, void @empty_0, i32 0, i32 0, void @empty_0, void @empty_0, void @empty_0, i32 0, i32 0, i32 0, i32 0, void @empty_0, void @empty_0, i32 4294967295, i32 0, i32 0"   --->   Operation 480 'specinterface' 'specinterface_ln0' <Predicate = true> <Delay = 0.00>
ST_26 : Operation 481 [1/1] (0.00ns)   --->   "%specbitsmap_ln0 = specbitsmap void @_ssdm_op_SpecBitsMap, i16 %in_data_3"   --->   Operation 481 'specbitsmap' 'specbitsmap_ln0' <Predicate = true> <Delay = 0.00>
ST_26 : Operation 482 [1/1] (0.00ns)   --->   "%specinterface_ln0 = specinterface void @_ssdm_op_SpecInterface, i16 %in_data_3, void @empty, i32 4294967295, i32 4294967295, void @empty_0, i32 0, i32 0, void @empty_0, void @empty_0, void @empty_0, i32 0, i32 0, i32 0, i32 0, void @empty_0, void @empty_0, i32 4294967295, i32 0, i32 0"   --->   Operation 482 'specinterface' 'specinterface_ln0' <Predicate = true> <Delay = 0.00>
ST_26 : Operation 483 [1/1] (0.00ns)   --->   "%specbitsmap_ln0 = specbitsmap void @_ssdm_op_SpecBitsMap, i16 %in_data_4"   --->   Operation 483 'specbitsmap' 'specbitsmap_ln0' <Predicate = true> <Delay = 0.00>
ST_26 : Operation 484 [1/1] (0.00ns)   --->   "%specinterface_ln0 = specinterface void @_ssdm_op_SpecInterface, i16 %in_data_4, void @empty, i32 4294967295, i32 4294967295, void @empty_0, i32 0, i32 0, void @empty_0, void @empty_0, void @empty_0, i32 0, i32 0, i32 0, i32 0, void @empty_0, void @empty_0, i32 4294967295, i32 0, i32 0"   --->   Operation 484 'specinterface' 'specinterface_ln0' <Predicate = true> <Delay = 0.00>
ST_26 : Operation 485 [1/1] (0.00ns)   --->   "%specbitsmap_ln0 = specbitsmap void @_ssdm_op_SpecBitsMap, i16 %in_data_5"   --->   Operation 485 'specbitsmap' 'specbitsmap_ln0' <Predicate = true> <Delay = 0.00>
ST_26 : Operation 486 [1/1] (0.00ns)   --->   "%specinterface_ln0 = specinterface void @_ssdm_op_SpecInterface, i16 %in_data_5, void @empty, i32 4294967295, i32 4294967295, void @empty_0, i32 0, i32 0, void @empty_0, void @empty_0, void @empty_0, i32 0, i32 0, i32 0, i32 0, void @empty_0, void @empty_0, i32 4294967295, i32 0, i32 0"   --->   Operation 486 'specinterface' 'specinterface_ln0' <Predicate = true> <Delay = 0.00>
ST_26 : Operation 487 [1/1] (0.00ns)   --->   "%specbitsmap_ln0 = specbitsmap void @_ssdm_op_SpecBitsMap, i16 %in_data_6"   --->   Operation 487 'specbitsmap' 'specbitsmap_ln0' <Predicate = true> <Delay = 0.00>
ST_26 : Operation 488 [1/1] (0.00ns)   --->   "%specinterface_ln0 = specinterface void @_ssdm_op_SpecInterface, i16 %in_data_6, void @empty, i32 4294967295, i32 4294967295, void @empty_0, i32 0, i32 0, void @empty_0, void @empty_0, void @empty_0, i32 0, i32 0, i32 0, i32 0, void @empty_0, void @empty_0, i32 4294967295, i32 0, i32 0"   --->   Operation 488 'specinterface' 'specinterface_ln0' <Predicate = true> <Delay = 0.00>
ST_26 : Operation 489 [1/1] (0.00ns)   --->   "%specbitsmap_ln0 = specbitsmap void @_ssdm_op_SpecBitsMap, i16 %in_data_7"   --->   Operation 489 'specbitsmap' 'specbitsmap_ln0' <Predicate = true> <Delay = 0.00>
ST_26 : Operation 490 [1/1] (0.00ns)   --->   "%specinterface_ln0 = specinterface void @_ssdm_op_SpecInterface, i16 %in_data_7, void @empty, i32 4294967295, i32 4294967295, void @empty_0, i32 0, i32 0, void @empty_0, void @empty_0, void @empty_0, i32 0, i32 0, i32 0, i32 0, void @empty_0, void @empty_0, i32 4294967295, i32 0, i32 0"   --->   Operation 490 'specinterface' 'specinterface_ln0' <Predicate = true> <Delay = 0.00>
ST_26 : Operation 491 [1/1] (0.00ns)   --->   "%specbitsmap_ln0 = specbitsmap void @_ssdm_op_SpecBitsMap, i16 %in_data_8"   --->   Operation 491 'specbitsmap' 'specbitsmap_ln0' <Predicate = true> <Delay = 0.00>
ST_26 : Operation 492 [1/1] (0.00ns)   --->   "%specinterface_ln0 = specinterface void @_ssdm_op_SpecInterface, i16 %in_data_8, void @empty, i32 4294967295, i32 4294967295, void @empty_0, i32 0, i32 0, void @empty_0, void @empty_0, void @empty_0, i32 0, i32 0, i32 0, i32 0, void @empty_0, void @empty_0, i32 4294967295, i32 0, i32 0"   --->   Operation 492 'specinterface' 'specinterface_ln0' <Predicate = true> <Delay = 0.00>
ST_26 : Operation 493 [1/1] (0.00ns)   --->   "%specbitsmap_ln0 = specbitsmap void @_ssdm_op_SpecBitsMap, i16 %in_data_9"   --->   Operation 493 'specbitsmap' 'specbitsmap_ln0' <Predicate = true> <Delay = 0.00>
ST_26 : Operation 494 [1/1] (0.00ns)   --->   "%specinterface_ln0 = specinterface void @_ssdm_op_SpecInterface, i16 %in_data_9, void @empty, i32 4294967295, i32 4294967295, void @empty_0, i32 0, i32 0, void @empty_0, void @empty_0, void @empty_0, i32 0, i32 0, i32 0, i32 0, void @empty_0, void @empty_0, i32 4294967295, i32 0, i32 0"   --->   Operation 494 'specinterface' 'specinterface_ln0' <Predicate = true> <Delay = 0.00>
ST_26 : Operation 495 [1/1] (0.00ns)   --->   "%specbitsmap_ln0 = specbitsmap void @_ssdm_op_SpecBitsMap, i16 %in_data_10"   --->   Operation 495 'specbitsmap' 'specbitsmap_ln0' <Predicate = true> <Delay = 0.00>
ST_26 : Operation 496 [1/1] (0.00ns)   --->   "%specinterface_ln0 = specinterface void @_ssdm_op_SpecInterface, i16 %in_data_10, void @empty, i32 4294967295, i32 4294967295, void @empty_0, i32 0, i32 0, void @empty_0, void @empty_0, void @empty_0, i32 0, i32 0, i32 0, i32 0, void @empty_0, void @empty_0, i32 4294967295, i32 0, i32 0"   --->   Operation 496 'specinterface' 'specinterface_ln0' <Predicate = true> <Delay = 0.00>
ST_26 : Operation 497 [1/1] (0.00ns)   --->   "%specbitsmap_ln0 = specbitsmap void @_ssdm_op_SpecBitsMap, i16 %in_data_11"   --->   Operation 497 'specbitsmap' 'specbitsmap_ln0' <Predicate = true> <Delay = 0.00>
ST_26 : Operation 498 [1/1] (0.00ns)   --->   "%specinterface_ln0 = specinterface void @_ssdm_op_SpecInterface, i16 %in_data_11, void @empty, i32 4294967295, i32 4294967295, void @empty_0, i32 0, i32 0, void @empty_0, void @empty_0, void @empty_0, i32 0, i32 0, i32 0, i32 0, void @empty_0, void @empty_0, i32 4294967295, i32 0, i32 0"   --->   Operation 498 'specinterface' 'specinterface_ln0' <Predicate = true> <Delay = 0.00>
ST_26 : Operation 499 [1/1] (0.00ns)   --->   "%specbitsmap_ln0 = specbitsmap void @_ssdm_op_SpecBitsMap, i16 %in_data_12"   --->   Operation 499 'specbitsmap' 'specbitsmap_ln0' <Predicate = true> <Delay = 0.00>
ST_26 : Operation 500 [1/1] (0.00ns)   --->   "%specinterface_ln0 = specinterface void @_ssdm_op_SpecInterface, i16 %in_data_12, void @empty, i32 4294967295, i32 4294967295, void @empty_0, i32 0, i32 0, void @empty_0, void @empty_0, void @empty_0, i32 0, i32 0, i32 0, i32 0, void @empty_0, void @empty_0, i32 4294967295, i32 0, i32 0"   --->   Operation 500 'specinterface' 'specinterface_ln0' <Predicate = true> <Delay = 0.00>
ST_26 : Operation 501 [1/1] (0.00ns)   --->   "%specbitsmap_ln0 = specbitsmap void @_ssdm_op_SpecBitsMap, i16 %in_data_13"   --->   Operation 501 'specbitsmap' 'specbitsmap_ln0' <Predicate = true> <Delay = 0.00>
ST_26 : Operation 502 [1/1] (0.00ns)   --->   "%specinterface_ln0 = specinterface void @_ssdm_op_SpecInterface, i16 %in_data_13, void @empty, i32 4294967295, i32 4294967295, void @empty_0, i32 0, i32 0, void @empty_0, void @empty_0, void @empty_0, i32 0, i32 0, i32 0, i32 0, void @empty_0, void @empty_0, i32 4294967295, i32 0, i32 0"   --->   Operation 502 'specinterface' 'specinterface_ln0' <Predicate = true> <Delay = 0.00>
ST_26 : Operation 503 [1/1] (0.00ns)   --->   "%specbitsmap_ln0 = specbitsmap void @_ssdm_op_SpecBitsMap, i16 %in_data_14"   --->   Operation 503 'specbitsmap' 'specbitsmap_ln0' <Predicate = true> <Delay = 0.00>
ST_26 : Operation 504 [1/1] (0.00ns)   --->   "%specinterface_ln0 = specinterface void @_ssdm_op_SpecInterface, i16 %in_data_14, void @empty, i32 4294967295, i32 4294967295, void @empty_0, i32 0, i32 0, void @empty_0, void @empty_0, void @empty_0, i32 0, i32 0, i32 0, i32 0, void @empty_0, void @empty_0, i32 4294967295, i32 0, i32 0"   --->   Operation 504 'specinterface' 'specinterface_ln0' <Predicate = true> <Delay = 0.00>
ST_26 : Operation 505 [1/1] (0.00ns)   --->   "%specbitsmap_ln0 = specbitsmap void @_ssdm_op_SpecBitsMap, i16 %in_data_15"   --->   Operation 505 'specbitsmap' 'specbitsmap_ln0' <Predicate = true> <Delay = 0.00>
ST_26 : Operation 506 [1/1] (0.00ns)   --->   "%specinterface_ln0 = specinterface void @_ssdm_op_SpecInterface, i16 %in_data_15, void @empty, i32 4294967295, i32 4294967295, void @empty_0, i32 0, i32 0, void @empty_0, void @empty_0, void @empty_0, i32 0, i32 0, i32 0, i32 0, void @empty_0, void @empty_0, i32 4294967295, i32 0, i32 0"   --->   Operation 506 'specinterface' 'specinterface_ln0' <Predicate = true> <Delay = 0.00>
ST_26 : Operation 507 [1/1] (0.00ns)   --->   "%specbitsmap_ln0 = specbitsmap void @_ssdm_op_SpecBitsMap, i16 %in_data_16"   --->   Operation 507 'specbitsmap' 'specbitsmap_ln0' <Predicate = true> <Delay = 0.00>
ST_26 : Operation 508 [1/1] (0.00ns)   --->   "%specinterface_ln0 = specinterface void @_ssdm_op_SpecInterface, i16 %in_data_16, void @empty, i32 4294967295, i32 4294967295, void @empty_0, i32 0, i32 0, void @empty_0, void @empty_0, void @empty_0, i32 0, i32 0, i32 0, i32 0, void @empty_0, void @empty_0, i32 4294967295, i32 0, i32 0"   --->   Operation 508 'specinterface' 'specinterface_ln0' <Predicate = true> <Delay = 0.00>
ST_26 : Operation 509 [1/1] (0.00ns)   --->   "%specbitsmap_ln0 = specbitsmap void @_ssdm_op_SpecBitsMap, i16 %in_data_17"   --->   Operation 509 'specbitsmap' 'specbitsmap_ln0' <Predicate = true> <Delay = 0.00>
ST_26 : Operation 510 [1/1] (0.00ns)   --->   "%specinterface_ln0 = specinterface void @_ssdm_op_SpecInterface, i16 %in_data_17, void @empty, i32 4294967295, i32 4294967295, void @empty_0, i32 0, i32 0, void @empty_0, void @empty_0, void @empty_0, i32 0, i32 0, i32 0, i32 0, void @empty_0, void @empty_0, i32 4294967295, i32 0, i32 0"   --->   Operation 510 'specinterface' 'specinterface_ln0' <Predicate = true> <Delay = 0.00>
ST_26 : Operation 511 [1/1] (0.00ns)   --->   "%specbitsmap_ln0 = specbitsmap void @_ssdm_op_SpecBitsMap, i16 %in_data_18"   --->   Operation 511 'specbitsmap' 'specbitsmap_ln0' <Predicate = true> <Delay = 0.00>
ST_26 : Operation 512 [1/1] (0.00ns)   --->   "%specinterface_ln0 = specinterface void @_ssdm_op_SpecInterface, i16 %in_data_18, void @empty, i32 4294967295, i32 4294967295, void @empty_0, i32 0, i32 0, void @empty_0, void @empty_0, void @empty_0, i32 0, i32 0, i32 0, i32 0, void @empty_0, void @empty_0, i32 4294967295, i32 0, i32 0"   --->   Operation 512 'specinterface' 'specinterface_ln0' <Predicate = true> <Delay = 0.00>
ST_26 : Operation 513 [1/1] (0.00ns)   --->   "%specbitsmap_ln0 = specbitsmap void @_ssdm_op_SpecBitsMap, i16 %in_data_19"   --->   Operation 513 'specbitsmap' 'specbitsmap_ln0' <Predicate = true> <Delay = 0.00>
ST_26 : Operation 514 [1/1] (0.00ns)   --->   "%specinterface_ln0 = specinterface void @_ssdm_op_SpecInterface, i16 %in_data_19, void @empty, i32 4294967295, i32 4294967295, void @empty_0, i32 0, i32 0, void @empty_0, void @empty_0, void @empty_0, i32 0, i32 0, i32 0, i32 0, void @empty_0, void @empty_0, i32 4294967295, i32 0, i32 0"   --->   Operation 514 'specinterface' 'specinterface_ln0' <Predicate = true> <Delay = 0.00>
ST_26 : Operation 515 [1/1] (0.00ns)   --->   "%specbitsmap_ln0 = specbitsmap void @_ssdm_op_SpecBitsMap, i16 %in_data_20"   --->   Operation 515 'specbitsmap' 'specbitsmap_ln0' <Predicate = true> <Delay = 0.00>
ST_26 : Operation 516 [1/1] (0.00ns)   --->   "%specinterface_ln0 = specinterface void @_ssdm_op_SpecInterface, i16 %in_data_20, void @empty, i32 4294967295, i32 4294967295, void @empty_0, i32 0, i32 0, void @empty_0, void @empty_0, void @empty_0, i32 0, i32 0, i32 0, i32 0, void @empty_0, void @empty_0, i32 4294967295, i32 0, i32 0"   --->   Operation 516 'specinterface' 'specinterface_ln0' <Predicate = true> <Delay = 0.00>
ST_26 : Operation 517 [1/1] (0.00ns)   --->   "%specbitsmap_ln0 = specbitsmap void @_ssdm_op_SpecBitsMap, i16 %in_data_21"   --->   Operation 517 'specbitsmap' 'specbitsmap_ln0' <Predicate = true> <Delay = 0.00>
ST_26 : Operation 518 [1/1] (0.00ns)   --->   "%specinterface_ln0 = specinterface void @_ssdm_op_SpecInterface, i16 %in_data_21, void @empty, i32 4294967295, i32 4294967295, void @empty_0, i32 0, i32 0, void @empty_0, void @empty_0, void @empty_0, i32 0, i32 0, i32 0, i32 0, void @empty_0, void @empty_0, i32 4294967295, i32 0, i32 0"   --->   Operation 518 'specinterface' 'specinterface_ln0' <Predicate = true> <Delay = 0.00>
ST_26 : Operation 519 [1/1] (0.00ns)   --->   "%specbitsmap_ln0 = specbitsmap void @_ssdm_op_SpecBitsMap, i16 %in_data_22"   --->   Operation 519 'specbitsmap' 'specbitsmap_ln0' <Predicate = true> <Delay = 0.00>
ST_26 : Operation 520 [1/1] (0.00ns)   --->   "%specinterface_ln0 = specinterface void @_ssdm_op_SpecInterface, i16 %in_data_22, void @empty, i32 4294967295, i32 4294967295, void @empty_0, i32 0, i32 0, void @empty_0, void @empty_0, void @empty_0, i32 0, i32 0, i32 0, i32 0, void @empty_0, void @empty_0, i32 4294967295, i32 0, i32 0"   --->   Operation 520 'specinterface' 'specinterface_ln0' <Predicate = true> <Delay = 0.00>
ST_26 : Operation 521 [1/1] (0.00ns)   --->   "%specbitsmap_ln0 = specbitsmap void @_ssdm_op_SpecBitsMap, i16 %in_data_23"   --->   Operation 521 'specbitsmap' 'specbitsmap_ln0' <Predicate = true> <Delay = 0.00>
ST_26 : Operation 522 [1/1] (0.00ns)   --->   "%specinterface_ln0 = specinterface void @_ssdm_op_SpecInterface, i16 %in_data_23, void @empty, i32 4294967295, i32 4294967295, void @empty_0, i32 0, i32 0, void @empty_0, void @empty_0, void @empty_0, i32 0, i32 0, i32 0, i32 0, void @empty_0, void @empty_0, i32 4294967295, i32 0, i32 0"   --->   Operation 522 'specinterface' 'specinterface_ln0' <Predicate = true> <Delay = 0.00>
ST_26 : Operation 523 [1/1] (0.00ns)   --->   "%specbitsmap_ln0 = specbitsmap void @_ssdm_op_SpecBitsMap, i16 %out_data_0"   --->   Operation 523 'specbitsmap' 'specbitsmap_ln0' <Predicate = true> <Delay = 0.00>
ST_26 : Operation 524 [1/1] (0.00ns)   --->   "%specinterface_ln0 = specinterface void @_ssdm_op_SpecInterface, i16 %out_data_0, void @empty, i32 4294967295, i32 4294967295, void @empty_0, i32 0, i32 0, void @empty_0, void @empty_0, void @empty_0, i32 0, i32 0, i32 0, i32 0, void @empty_0, void @empty_0, i32 4294967295, i32 0, i32 0"   --->   Operation 524 'specinterface' 'specinterface_ln0' <Predicate = true> <Delay = 0.00>
ST_26 : Operation 525 [1/1] (0.00ns)   --->   "%specbitsmap_ln0 = specbitsmap void @_ssdm_op_SpecBitsMap, i16 %out_data_1"   --->   Operation 525 'specbitsmap' 'specbitsmap_ln0' <Predicate = true> <Delay = 0.00>
ST_26 : Operation 526 [1/1] (0.00ns)   --->   "%specinterface_ln0 = specinterface void @_ssdm_op_SpecInterface, i16 %out_data_1, void @empty, i32 4294967295, i32 4294967295, void @empty_0, i32 0, i32 0, void @empty_0, void @empty_0, void @empty_0, i32 0, i32 0, i32 0, i32 0, void @empty_0, void @empty_0, i32 4294967295, i32 0, i32 0"   --->   Operation 526 'specinterface' 'specinterface_ln0' <Predicate = true> <Delay = 0.00>
ST_26 : Operation 527 [1/1] (0.00ns)   --->   "%specbitsmap_ln0 = specbitsmap void @_ssdm_op_SpecBitsMap, i16 %out_data_2"   --->   Operation 527 'specbitsmap' 'specbitsmap_ln0' <Predicate = true> <Delay = 0.00>
ST_26 : Operation 528 [1/1] (0.00ns)   --->   "%specinterface_ln0 = specinterface void @_ssdm_op_SpecInterface, i16 %out_data_2, void @empty, i32 4294967295, i32 4294967295, void @empty_0, i32 0, i32 0, void @empty_0, void @empty_0, void @empty_0, i32 0, i32 0, i32 0, i32 0, void @empty_0, void @empty_0, i32 4294967295, i32 0, i32 0"   --->   Operation 528 'specinterface' 'specinterface_ln0' <Predicate = true> <Delay = 0.00>
ST_26 : Operation 529 [1/1] (0.00ns)   --->   "%specbitsmap_ln0 = specbitsmap void @_ssdm_op_SpecBitsMap, i16 %out_data_3"   --->   Operation 529 'specbitsmap' 'specbitsmap_ln0' <Predicate = true> <Delay = 0.00>
ST_26 : Operation 530 [1/1] (0.00ns)   --->   "%specinterface_ln0 = specinterface void @_ssdm_op_SpecInterface, i16 %out_data_3, void @empty, i32 4294967295, i32 4294967295, void @empty_0, i32 0, i32 0, void @empty_0, void @empty_0, void @empty_0, i32 0, i32 0, i32 0, i32 0, void @empty_0, void @empty_0, i32 4294967295, i32 0, i32 0"   --->   Operation 530 'specinterface' 'specinterface_ln0' <Predicate = true> <Delay = 0.00>
ST_26 : Operation 531 [1/1] (0.00ns)   --->   "%specbitsmap_ln0 = specbitsmap void @_ssdm_op_SpecBitsMap, i16 %out_data_4"   --->   Operation 531 'specbitsmap' 'specbitsmap_ln0' <Predicate = true> <Delay = 0.00>
ST_26 : Operation 532 [1/1] (0.00ns)   --->   "%specinterface_ln0 = specinterface void @_ssdm_op_SpecInterface, i16 %out_data_4, void @empty, i32 4294967295, i32 4294967295, void @empty_0, i32 0, i32 0, void @empty_0, void @empty_0, void @empty_0, i32 0, i32 0, i32 0, i32 0, void @empty_0, void @empty_0, i32 4294967295, i32 0, i32 0"   --->   Operation 532 'specinterface' 'specinterface_ln0' <Predicate = true> <Delay = 0.00>
ST_26 : Operation 533 [1/1] (0.00ns)   --->   "%specbitsmap_ln0 = specbitsmap void @_ssdm_op_SpecBitsMap, i16 %out_data_5"   --->   Operation 533 'specbitsmap' 'specbitsmap_ln0' <Predicate = true> <Delay = 0.00>
ST_26 : Operation 534 [1/1] (0.00ns)   --->   "%specinterface_ln0 = specinterface void @_ssdm_op_SpecInterface, i16 %out_data_5, void @empty, i32 4294967295, i32 4294967295, void @empty_0, i32 0, i32 0, void @empty_0, void @empty_0, void @empty_0, i32 0, i32 0, i32 0, i32 0, void @empty_0, void @empty_0, i32 4294967295, i32 0, i32 0"   --->   Operation 534 'specinterface' 'specinterface_ln0' <Predicate = true> <Delay = 0.00>
ST_26 : Operation 535 [1/1] (0.00ns)   --->   "%specbitsmap_ln0 = specbitsmap void @_ssdm_op_SpecBitsMap, i16 %out_data_6"   --->   Operation 535 'specbitsmap' 'specbitsmap_ln0' <Predicate = true> <Delay = 0.00>
ST_26 : Operation 536 [1/1] (0.00ns)   --->   "%specinterface_ln0 = specinterface void @_ssdm_op_SpecInterface, i16 %out_data_6, void @empty, i32 4294967295, i32 4294967295, void @empty_0, i32 0, i32 0, void @empty_0, void @empty_0, void @empty_0, i32 0, i32 0, i32 0, i32 0, void @empty_0, void @empty_0, i32 4294967295, i32 0, i32 0"   --->   Operation 536 'specinterface' 'specinterface_ln0' <Predicate = true> <Delay = 0.00>
ST_26 : Operation 537 [1/1] (0.00ns)   --->   "%specbitsmap_ln0 = specbitsmap void @_ssdm_op_SpecBitsMap, i16 %out_data_7"   --->   Operation 537 'specbitsmap' 'specbitsmap_ln0' <Predicate = true> <Delay = 0.00>
ST_26 : Operation 538 [1/1] (0.00ns)   --->   "%specinterface_ln0 = specinterface void @_ssdm_op_SpecInterface, i16 %out_data_7, void @empty, i32 4294967295, i32 4294967295, void @empty_0, i32 0, i32 0, void @empty_0, void @empty_0, void @empty_0, i32 0, i32 0, i32 0, i32 0, void @empty_0, void @empty_0, i32 4294967295, i32 0, i32 0"   --->   Operation 538 'specinterface' 'specinterface_ln0' <Predicate = true> <Delay = 0.00>
ST_26 : Operation 539 [1/1] (0.00ns)   --->   "%specbitsmap_ln0 = specbitsmap void @_ssdm_op_SpecBitsMap, i16 %out_data_8"   --->   Operation 539 'specbitsmap' 'specbitsmap_ln0' <Predicate = true> <Delay = 0.00>
ST_26 : Operation 540 [1/1] (0.00ns)   --->   "%specinterface_ln0 = specinterface void @_ssdm_op_SpecInterface, i16 %out_data_8, void @empty, i32 4294967295, i32 4294967295, void @empty_0, i32 0, i32 0, void @empty_0, void @empty_0, void @empty_0, i32 0, i32 0, i32 0, i32 0, void @empty_0, void @empty_0, i32 4294967295, i32 0, i32 0"   --->   Operation 540 'specinterface' 'specinterface_ln0' <Predicate = true> <Delay = 0.00>
ST_26 : Operation 541 [1/1] (0.00ns)   --->   "%specbitsmap_ln0 = specbitsmap void @_ssdm_op_SpecBitsMap, i16 %out_data_9"   --->   Operation 541 'specbitsmap' 'specbitsmap_ln0' <Predicate = true> <Delay = 0.00>
ST_26 : Operation 542 [1/1] (0.00ns)   --->   "%specinterface_ln0 = specinterface void @_ssdm_op_SpecInterface, i16 %out_data_9, void @empty, i32 4294967295, i32 4294967295, void @empty_0, i32 0, i32 0, void @empty_0, void @empty_0, void @empty_0, i32 0, i32 0, i32 0, i32 0, void @empty_0, void @empty_0, i32 4294967295, i32 0, i32 0"   --->   Operation 542 'specinterface' 'specinterface_ln0' <Predicate = true> <Delay = 0.00>
ST_26 : Operation 543 [1/1] (0.00ns)   --->   "%specbitsmap_ln0 = specbitsmap void @_ssdm_op_SpecBitsMap, i16 %out_data_10"   --->   Operation 543 'specbitsmap' 'specbitsmap_ln0' <Predicate = true> <Delay = 0.00>
ST_26 : Operation 544 [1/1] (0.00ns)   --->   "%specinterface_ln0 = specinterface void @_ssdm_op_SpecInterface, i16 %out_data_10, void @empty, i32 4294967295, i32 4294967295, void @empty_0, i32 0, i32 0, void @empty_0, void @empty_0, void @empty_0, i32 0, i32 0, i32 0, i32 0, void @empty_0, void @empty_0, i32 4294967295, i32 0, i32 0"   --->   Operation 544 'specinterface' 'specinterface_ln0' <Predicate = true> <Delay = 0.00>
ST_26 : Operation 545 [1/1] (0.00ns)   --->   "%specbitsmap_ln0 = specbitsmap void @_ssdm_op_SpecBitsMap, i16 %out_data_11"   --->   Operation 545 'specbitsmap' 'specbitsmap_ln0' <Predicate = true> <Delay = 0.00>
ST_26 : Operation 546 [1/1] (0.00ns)   --->   "%specinterface_ln0 = specinterface void @_ssdm_op_SpecInterface, i16 %out_data_11, void @empty, i32 4294967295, i32 4294967295, void @empty_0, i32 0, i32 0, void @empty_0, void @empty_0, void @empty_0, i32 0, i32 0, i32 0, i32 0, void @empty_0, void @empty_0, i32 4294967295, i32 0, i32 0"   --->   Operation 546 'specinterface' 'specinterface_ln0' <Predicate = true> <Delay = 0.00>
ST_26 : Operation 547 [1/1] (0.00ns)   --->   "%specbitsmap_ln0 = specbitsmap void @_ssdm_op_SpecBitsMap, i16 %out_data_12"   --->   Operation 547 'specbitsmap' 'specbitsmap_ln0' <Predicate = true> <Delay = 0.00>
ST_26 : Operation 548 [1/1] (0.00ns)   --->   "%specinterface_ln0 = specinterface void @_ssdm_op_SpecInterface, i16 %out_data_12, void @empty, i32 4294967295, i32 4294967295, void @empty_0, i32 0, i32 0, void @empty_0, void @empty_0, void @empty_0, i32 0, i32 0, i32 0, i32 0, void @empty_0, void @empty_0, i32 4294967295, i32 0, i32 0"   --->   Operation 548 'specinterface' 'specinterface_ln0' <Predicate = true> <Delay = 0.00>
ST_26 : Operation 549 [1/1] (0.00ns)   --->   "%specbitsmap_ln0 = specbitsmap void @_ssdm_op_SpecBitsMap, i16 %out_data_13"   --->   Operation 549 'specbitsmap' 'specbitsmap_ln0' <Predicate = true> <Delay = 0.00>
ST_26 : Operation 550 [1/1] (0.00ns)   --->   "%specinterface_ln0 = specinterface void @_ssdm_op_SpecInterface, i16 %out_data_13, void @empty, i32 4294967295, i32 4294967295, void @empty_0, i32 0, i32 0, void @empty_0, void @empty_0, void @empty_0, i32 0, i32 0, i32 0, i32 0, void @empty_0, void @empty_0, i32 4294967295, i32 0, i32 0"   --->   Operation 550 'specinterface' 'specinterface_ln0' <Predicate = true> <Delay = 0.00>
ST_26 : Operation 551 [1/1] (0.00ns)   --->   "%specbitsmap_ln0 = specbitsmap void @_ssdm_op_SpecBitsMap, i16 %out_data_14"   --->   Operation 551 'specbitsmap' 'specbitsmap_ln0' <Predicate = true> <Delay = 0.00>
ST_26 : Operation 552 [1/1] (0.00ns)   --->   "%specinterface_ln0 = specinterface void @_ssdm_op_SpecInterface, i16 %out_data_14, void @empty, i32 4294967295, i32 4294967295, void @empty_0, i32 0, i32 0, void @empty_0, void @empty_0, void @empty_0, i32 0, i32 0, i32 0, i32 0, void @empty_0, void @empty_0, i32 4294967295, i32 0, i32 0"   --->   Operation 552 'specinterface' 'specinterface_ln0' <Predicate = true> <Delay = 0.00>
ST_26 : Operation 553 [1/1] (0.00ns)   --->   "%specbitsmap_ln0 = specbitsmap void @_ssdm_op_SpecBitsMap, i16 %out_data_15"   --->   Operation 553 'specbitsmap' 'specbitsmap_ln0' <Predicate = true> <Delay = 0.00>
ST_26 : Operation 554 [1/1] (0.00ns)   --->   "%specinterface_ln0 = specinterface void @_ssdm_op_SpecInterface, i16 %out_data_15, void @empty, i32 4294967295, i32 4294967295, void @empty_0, i32 0, i32 0, void @empty_0, void @empty_0, void @empty_0, i32 0, i32 0, i32 0, i32 0, void @empty_0, void @empty_0, i32 4294967295, i32 0, i32 0"   --->   Operation 554 'specinterface' 'specinterface_ln0' <Predicate = true> <Delay = 0.00>
ST_26 : Operation 555 [1/1] (0.00ns)   --->   "%specbitsmap_ln0 = specbitsmap void @_ssdm_op_SpecBitsMap, i16 %out_data_16"   --->   Operation 555 'specbitsmap' 'specbitsmap_ln0' <Predicate = true> <Delay = 0.00>
ST_26 : Operation 556 [1/1] (0.00ns)   --->   "%specinterface_ln0 = specinterface void @_ssdm_op_SpecInterface, i16 %out_data_16, void @empty, i32 4294967295, i32 4294967295, void @empty_0, i32 0, i32 0, void @empty_0, void @empty_0, void @empty_0, i32 0, i32 0, i32 0, i32 0, void @empty_0, void @empty_0, i32 4294967295, i32 0, i32 0"   --->   Operation 556 'specinterface' 'specinterface_ln0' <Predicate = true> <Delay = 0.00>
ST_26 : Operation 557 [1/1] (0.00ns)   --->   "%specbitsmap_ln0 = specbitsmap void @_ssdm_op_SpecBitsMap, i16 %out_data_17"   --->   Operation 557 'specbitsmap' 'specbitsmap_ln0' <Predicate = true> <Delay = 0.00>
ST_26 : Operation 558 [1/1] (0.00ns)   --->   "%specinterface_ln0 = specinterface void @_ssdm_op_SpecInterface, i16 %out_data_17, void @empty, i32 4294967295, i32 4294967295, void @empty_0, i32 0, i32 0, void @empty_0, void @empty_0, void @empty_0, i32 0, i32 0, i32 0, i32 0, void @empty_0, void @empty_0, i32 4294967295, i32 0, i32 0"   --->   Operation 558 'specinterface' 'specinterface_ln0' <Predicate = true> <Delay = 0.00>
ST_26 : Operation 559 [1/1] (0.00ns)   --->   "%specbitsmap_ln0 = specbitsmap void @_ssdm_op_SpecBitsMap, i16 %out_data_18"   --->   Operation 559 'specbitsmap' 'specbitsmap_ln0' <Predicate = true> <Delay = 0.00>
ST_26 : Operation 560 [1/1] (0.00ns)   --->   "%specinterface_ln0 = specinterface void @_ssdm_op_SpecInterface, i16 %out_data_18, void @empty, i32 4294967295, i32 4294967295, void @empty_0, i32 0, i32 0, void @empty_0, void @empty_0, void @empty_0, i32 0, i32 0, i32 0, i32 0, void @empty_0, void @empty_0, i32 4294967295, i32 0, i32 0"   --->   Operation 560 'specinterface' 'specinterface_ln0' <Predicate = true> <Delay = 0.00>
ST_26 : Operation 561 [1/1] (0.00ns)   --->   "%specbitsmap_ln0 = specbitsmap void @_ssdm_op_SpecBitsMap, i16 %out_data_19"   --->   Operation 561 'specbitsmap' 'specbitsmap_ln0' <Predicate = true> <Delay = 0.00>
ST_26 : Operation 562 [1/1] (0.00ns)   --->   "%specinterface_ln0 = specinterface void @_ssdm_op_SpecInterface, i16 %out_data_19, void @empty, i32 4294967295, i32 4294967295, void @empty_0, i32 0, i32 0, void @empty_0, void @empty_0, void @empty_0, i32 0, i32 0, i32 0, i32 0, void @empty_0, void @empty_0, i32 4294967295, i32 0, i32 0"   --->   Operation 562 'specinterface' 'specinterface_ln0' <Predicate = true> <Delay = 0.00>
ST_26 : Operation 563 [1/1] (0.00ns)   --->   "%specbitsmap_ln0 = specbitsmap void @_ssdm_op_SpecBitsMap, i16 %out_data_20"   --->   Operation 563 'specbitsmap' 'specbitsmap_ln0' <Predicate = true> <Delay = 0.00>
ST_26 : Operation 564 [1/1] (0.00ns)   --->   "%specinterface_ln0 = specinterface void @_ssdm_op_SpecInterface, i16 %out_data_20, void @empty, i32 4294967295, i32 4294967295, void @empty_0, i32 0, i32 0, void @empty_0, void @empty_0, void @empty_0, i32 0, i32 0, i32 0, i32 0, void @empty_0, void @empty_0, i32 4294967295, i32 0, i32 0"   --->   Operation 564 'specinterface' 'specinterface_ln0' <Predicate = true> <Delay = 0.00>
ST_26 : Operation 565 [1/1] (0.00ns)   --->   "%specbitsmap_ln0 = specbitsmap void @_ssdm_op_SpecBitsMap, i16 %out_data_21"   --->   Operation 565 'specbitsmap' 'specbitsmap_ln0' <Predicate = true> <Delay = 0.00>
ST_26 : Operation 566 [1/1] (0.00ns)   --->   "%specinterface_ln0 = specinterface void @_ssdm_op_SpecInterface, i16 %out_data_21, void @empty, i32 4294967295, i32 4294967295, void @empty_0, i32 0, i32 0, void @empty_0, void @empty_0, void @empty_0, i32 0, i32 0, i32 0, i32 0, void @empty_0, void @empty_0, i32 4294967295, i32 0, i32 0"   --->   Operation 566 'specinterface' 'specinterface_ln0' <Predicate = true> <Delay = 0.00>
ST_26 : Operation 567 [1/1] (0.00ns)   --->   "%specbitsmap_ln0 = specbitsmap void @_ssdm_op_SpecBitsMap, i16 %out_data_22"   --->   Operation 567 'specbitsmap' 'specbitsmap_ln0' <Predicate = true> <Delay = 0.00>
ST_26 : Operation 568 [1/1] (0.00ns)   --->   "%specinterface_ln0 = specinterface void @_ssdm_op_SpecInterface, i16 %out_data_22, void @empty, i32 4294967295, i32 4294967295, void @empty_0, i32 0, i32 0, void @empty_0, void @empty_0, void @empty_0, i32 0, i32 0, i32 0, i32 0, void @empty_0, void @empty_0, i32 4294967295, i32 0, i32 0"   --->   Operation 568 'specinterface' 'specinterface_ln0' <Predicate = true> <Delay = 0.00>
ST_26 : Operation 569 [1/1] (0.00ns)   --->   "%specbitsmap_ln0 = specbitsmap void @_ssdm_op_SpecBitsMap, i16 %out_data_23"   --->   Operation 569 'specbitsmap' 'specbitsmap_ln0' <Predicate = true> <Delay = 0.00>
ST_26 : Operation 570 [1/1] (0.00ns)   --->   "%specinterface_ln0 = specinterface void @_ssdm_op_SpecInterface, i16 %out_data_23, void @empty, i32 4294967295, i32 4294967295, void @empty_0, i32 0, i32 0, void @empty_0, void @empty_0, void @empty_0, i32 0, i32 0, i32 0, i32 0, void @empty_0, void @empty_0, i32 4294967295, i32 0, i32 0"   --->   Operation 570 'specinterface' 'specinterface_ln0' <Predicate = true> <Delay = 0.00>
ST_26 : Operation 571 [1/1] (0.00ns)   --->   "%specbitsmap_ln0 = specbitsmap void @_ssdm_op_SpecBitsMap, i16 %out_data_24"   --->   Operation 571 'specbitsmap' 'specbitsmap_ln0' <Predicate = true> <Delay = 0.00>
ST_26 : Operation 572 [1/1] (0.00ns)   --->   "%specinterface_ln0 = specinterface void @_ssdm_op_SpecInterface, i16 %out_data_24, void @empty, i32 4294967295, i32 4294967295, void @empty_0, i32 0, i32 0, void @empty_0, void @empty_0, void @empty_0, i32 0, i32 0, i32 0, i32 0, void @empty_0, void @empty_0, i32 4294967295, i32 0, i32 0"   --->   Operation 572 'specinterface' 'specinterface_ln0' <Predicate = true> <Delay = 0.00>
ST_26 : Operation 573 [1/4] (0.00ns) (root node of the DSP)   --->   "%mul_ln379 = mul i8 %mul_ln358, i8 %add_ln379" [CASE/case_11/case_11.cc:379]   --->   Operation 573 'mul' 'mul_ln379' <Predicate = true> <Delay = 0.00> <CoreInst = "DSP48">   --->   Core 116 'DSP48' <Latency = 3> <II = 1> <Delay = 2.15> <IPBlock> <Opcode : 'add' 'sub' 'mul' 'select'> <InPorts = 0> <OutPorts = 1> <Sync> <CReg>
ST_26 : Operation 574 [1/1] (4.17ns)   --->   "%m177 = mul i8 %mul_ln379, i8 %trunc_ln373" [CASE/case_11/case_11.cc:379]   --->   Operation 574 'mul' 'm177' <Predicate = true> <Delay = 4.17> <CoreInst = "Multiplier">   --->   Core 3 'Multiplier' <Latency = 0> <II = 1> <Delay = 4.17> <FuncUnit> <Opcode : 'mul'> <InPorts = 2> <OutPorts = 1>
ST_26 : Operation 575 [1/1] (0.00ns)   --->   "%sext_ln405 = sext i8 %m177" [CASE/case_11/case_11.cc:405]   --->   Operation 575 'sext' 'sext_ln405' <Predicate = true> <Delay = 0.00>
ST_26 : Operation 576 [1/1] (0.00ns)   --->   "%write_ln405 = write void @_ssdm_op_Write.ap_none.i16P0A, i16 %out_data_21, i16 %sext_ln405" [CASE/case_11/case_11.cc:405]   --->   Operation 576 'write' 'write_ln405' <Predicate = true> <Delay = 0.00>
ST_26 : Operation 577 [1/1] (0.00ns)   --->   "%ret_ln411 = ret" [CASE/case_11/case_11.cc:411]   --->   Operation 577 'ret' 'ret_ln411' <Predicate = true> <Delay = 0.00>


============================================================
+ Verbose Summary: Timing violations
============================================================
Target clock period: 10.000ns, clock uncertainty: 2.700ns.

 <State 1>: 3.780ns
The critical path consists of the following:
	wire read operation ('in_data_6_read', CASE/case_11/case_11.cc:34) on port 'in_data_6' (CASE/case_11/case_11.cc:34) [151]  (0.000 ns)
	'mul' operation 6 bit ('mul_ln229', CASE/case_11/case_11.cc:229) [178]  (3.780 ns)

 <State 2>: 3.780ns
The critical path consists of the following:
	wire read operation ('in_data_9_read', CASE/case_11/case_11.cc:40) on port 'in_data_9' (CASE/case_11/case_11.cc:40) [156]  (0.000 ns)
	'mul' operation 6 bit ('m27', CASE/case_11/case_11.cc:229) [179]  (3.780 ns)

 <State 3>: 5.600ns
The critical path consists of the following:
	wire read operation ('in_data_22_read', CASE/case_11/case_11.cc:66) on port 'in_data_22' (CASE/case_11/case_11.cc:66) [169]  (0.000 ns)
	'mul' operation 16 bit ('m29', CASE/case_11/case_11.cc:231) [185]  (5.600 ns)

 <State 4>: 6.670ns
The critical path consists of the following:
	'mul' operation 12 bit ('m40', CASE/case_11/case_11.cc:242) [214]  (5.620 ns)
	'mul' operation 9 bit of DSP[240] ('m51', CASE/case_11/case_11.cc:257) [240]  (1.050 ns)

 <State 5>: 6.680ns
The critical path consists of the following:
	wire read operation ('in_data_14_read', CASE/case_11/case_11.cc:50) on port 'in_data_14' (CASE/case_11/case_11.cc:50) [158]  (0.000 ns)
	'mul' operation 14 bit ('m30', CASE/case_11/case_11.cc:232) [188]  (5.630 ns)
	'mul' operation 12 bit of DSP[209] ('m38', CASE/case_11/case_11.cc:240) [209]  (1.050 ns)

 <State 6>: 5.600ns
The critical path consists of the following:
	'mul' operation 14 bit ('m61', CASE/case_11/case_11.cc:263) [262]  (5.600 ns)

 <State 7>: 5.630ns
The critical path consists of the following:
	'mul' operation 12 bit ('m49', CASE/case_11/case_11.cc:251) [237]  (5.630 ns)

 <State 8>: 6.251ns
The critical path consists of the following:
	'add' operation 10 bit ('m46', CASE/case_11/case_11.cc:271) [228]  (1.731 ns)
	'mul' operation 10 bit ('mul_ln271', CASE/case_11/case_11.cc:271) [278]  (4.520 ns)

 <State 9>: 5.620ns
The critical path consists of the following:
	'mul' operation 12 bit ('m63', CASE/case_11/case_11.cc:265) [264]  (5.620 ns)

 <State 10>: 7.040ns
The critical path consists of the following:
	'mul' operation 7 bit ('m65', CASE/case_11/case_11.cc:267) [269]  (3.740 ns)
	'add' operation 11 bit of DSP[304] ('add_ln272', CASE/case_11/case_11.cc:272) [282]  (2.250 ns)
	'mul' operation 11 bit of DSP[304] ('m78', CASE/case_11/case_11.cc:280) [304]  (1.050 ns)

 <State 11>: 5.901ns
The critical path consists of the following:
	'add' operation 10 bit ('m74', CASE/case_11/case_11.cc:276) [295]  (1.731 ns)
	'mul' operation 8 bit ('mul_ln300', CASE/case_11/case_11.cc:300) [315]  (4.170 ns)

 <State 12>: 7.230ns
The critical path consists of the following:
	'mul' operation 5 bit ('m79', CASE/case_11/case_11.cc:281) [306]  (3.490 ns)
	'mul' operation 7 bit ('m87', CASE/case_11/case_11.cc:289) [324]  (3.740 ns)

 <State 13>: 6.450ns
The critical path consists of the following:
	'add' operation 9 bit of DSP[336] ('m92', CASE/case_11/case_11.cc:307) [336]  (2.100 ns)
	'mul' operation 9 bit ('m105', CASE/case_11/case_11.cc:307) [363]  (4.350 ns)

 <State 14>: 6.265ns
The critical path consists of the following:
	'add' operation 8 bit ('m98', CASE/case_11/case_11.cc:300) [350]  (1.915 ns)
	'mul' operation 9 bit ('mul_ln306', CASE/case_11/case_11.cc:306) [358]  (4.350 ns)

 <State 15>: 4.680ns
The critical path consists of the following:
	'mul' operation 4 bit ('mul_ln319', CASE/case_11/case_11.cc:319) [389]  (2.340 ns)
	'mul' operation 4 bit ('m117', CASE/case_11/case_11.cc:319) [390]  (2.340 ns)

 <State 16>: 6.265ns
The critical path consists of the following:
	'add' operation 9 bit ('add_ln309', CASE/case_11/case_11.cc:309) [367]  (1.915 ns)
	'mul' operation 10 bit ('mul_ln330', CASE/case_11/case_11.cc:330) [375]  (4.350 ns)

 <State 17>: 6.265ns
The critical path consists of the following:
	'mul' operation 9 bit ('mul_ln320', CASE/case_11/case_11.cc:320) [370]  (4.350 ns)
	'add' operation 8 bit ('m131', CASE/case_11/case_11.cc:333) [412]  (1.915 ns)

 <State 18>: 6.790ns
The critical path consists of the following:
	'mul' operation 5 bit ('mul_ln344', CASE/case_11/case_11.cc:344) [432]  (3.490 ns)
	'add' operation 5 bit of DSP[434] ('add_ln344', CASE/case_11/case_11.cc:344) [433]  (2.250 ns)
	'mul' operation 5 bit of DSP[434] ('m142', CASE/case_11/case_11.cc:353) [434]  (1.050 ns)

 <State 19>: 7.040ns
The critical path consists of the following:
	'mul' operation 7 bit ('mul_ln340', CASE/case_11/case_11.cc:340) [408]  (3.740 ns)
	'add' operation 7 bit of DSP[448] ('m149', CASE/case_11/case_11.cc:351) [446]  (2.250 ns)
	'mul' operation 7 bit of DSP[448] ('m150', CASE/case_11/case_11.cc:371) [448]  (1.050 ns)

 <State 20>: 5.620ns
The critical path consists of the following:
	'mul' operation 12 bit ('m144', CASE/case_11/case_11.cc:360) [439]  (5.620 ns)

 <State 21>: 5.580ns
The critical path consists of the following:
	'mul' operation 5 bit of DSP[434] ('m142', CASE/case_11/case_11.cc:353) [434]  (0.000 ns)
	'mul' operation 4 bit ('m143', CASE/case_11/case_11.cc:345) [436]  (2.340 ns)
	'mul' operation 3 bit ('mul_ln380', CASE/case_11/case_11.cc:380) [478]  (1.620 ns)
	'mul' operation 3 bit ('mul_ln380_1', CASE/case_11/case_11.cc:380) [479]  (1.620 ns)

 <State 22>: 5.840ns
The critical path consists of the following:
	'mul' operation 7 bit ('mul_ln367', CASE/case_11/case_11.cc:367) [481]  (3.740 ns)
	'add' operation 6 bit of DSP[488] ('m167', CASE/case_11/case_11.cc:369) [488]  (2.100 ns)

 <State 23>: 5.840ns
The critical path consists of the following:
	'add' operation 6 bit of DSP[488] ('m167', CASE/case_11/case_11.cc:369) [488]  (2.100 ns)
	'mul' operation 7 bit ('mul_ln371', CASE/case_11/case_11.cc:371) [491]  (3.740 ns)

 <State 24>: 6.450ns
The critical path consists of the following:
	'mul' operation 9 bit ('m175', CASE/case_11/case_11.cc:377) [503]  (4.350 ns)
	'add' operation 7 bit of DSP[514] ('m180', CASE/case_11/case_11.cc:382) [514]  (2.100 ns)

 <State 25>: 4.350ns
The critical path consists of the following:
	'mul' operation 9 bit ('m176', CASE/case_11/case_11.cc:378) [505]  (4.350 ns)

 <State 26>: 4.170ns
The critical path consists of the following:
	'mul' operation 8 bit of DSP[507] ('mul_ln379', CASE/case_11/case_11.cc:379) [507]  (0.000 ns)
	'mul' operation 8 bit ('m177', CASE/case_11/case_11.cc:379) [508]  (4.170 ns)


============================================================
+ Verbose Summary: Binding
============================================================
N/A
* FSMD analyzer results:
  - Output states:
 - Input state : 
  - Chain level:
	State 1
	State 2
	State 3
	State 4
	State 5
	State 6
	State 7
	State 8
	State 9
	State 10
	State 11
	State 12
	State 13
	State 14
	State 15
	State 16
	State 17
	State 18
	State 19
	State 20
	State 21
	State 22
	State 23
	State 24
	State 25
	State 26


============================================================
+ Verbose Summary: Datapath Resource usage 
============================================================
N/A
