Copyright 1986-2022 Xilinx, Inc. All Rights Reserved. Copyright 2022-2025 Advanced Micro Devices, Inc. All Rights Reserved.
------------------------------------------------------------------------------------------------------------------------------------------------------------------------------------------------------------------------------------------------
| Tool Version : Vivado v.2025.1 (lin64) Build 6140274 Wed May 21 22:58:25 MDT 2025
| Date         : Tue Dec 23 15:22:05 2025
| Host         : woong-Super-Server running 64-bit Ubuntu 24.04.3 LTS
| Command      : report_timing_summary -max_paths 10 -routable_nets -report_unconstrained -file bd_0_wrapper_timing_summary_routed.rpt -pb bd_0_wrapper_timing_summary_routed.pb -rpx bd_0_wrapper_timing_summary_routed.rpx -warn_on_violation
| Design       : bd_0_wrapper
| Device       : 7z020-clg484
| Speed File   : -1  PRODUCTION 1.12 2019-11-22
| Design State : Routed
------------------------------------------------------------------------------------------------------------------------------------------------------------------------------------------------------------------------------------------------

Timing Summary Report

------------------------------------------------------------------------------------------------
| Timer Settings
| --------------
------------------------------------------------------------------------------------------------

  Enable Multi Corner Analysis               :  Yes
  Enable Pessimism Removal                   :  Yes
  Pessimism Removal Resolution               :  Nearest Common Node
  Enable Input Delay Default Clock           :  No
  Enable Preset / Clear Arcs                 :  No
  Disable Flight Delays                      :  No
  Ignore I/O Paths                           :  No
  Timing Early Launch at Borrowing Latches   :  No
  Borrow Time for Max Delay Exceptions       :  Yes
  Merge Timing Exceptions                    :  Yes
  Inter-SLR Compensation                     :  Conservative

  Corner  Analyze    Analyze    
  Name    Max Paths  Min Paths  
  ------  ---------  ---------  
  Slow    Yes        Yes        
  Fast    Yes        Yes        


------------------------------------------------------------------------------------------------
| Report Methodology
| ------------------
------------------------------------------------------------------------------------------------

Rule       Severity  Description                    Violations  
---------  --------  -----------------------------  ----------  
TIMING-18  Warning   Missing input or output delay  629         

Note: This report is based on the most recent report_methodology run and may not be up-to-date. Run report_methodology on the current design for the latest report.



check_timing report

Table of Contents
-----------------
1. checking no_clock (0)
2. checking constant_clock (0)
3. checking pulse_width_clock (0)
4. checking unconstrained_internal_endpoints (0)
5. checking no_input_delay (116)
6. checking no_output_delay (403)
7. checking multiple_clock (0)
8. checking generated_clocks (0)
9. checking loops (0)
10. checking partial_input_delay (0)
11. checking partial_output_delay (0)
12. checking latch_loops (0)

1. checking no_clock (0)
------------------------
 There are 0 register/latch pins with no clock.


2. checking constant_clock (0)
------------------------------
 There are 0 register/latch pins with constant_clock.


3. checking pulse_width_clock (0)
---------------------------------
 There are 0 register/latch pins which need pulse_width check


4. checking unconstrained_internal_endpoints (0)
------------------------------------------------
 There are 0 pins that are not constrained for maximum delay.

 There are 0 pins that are not constrained for maximum delay due to constant clock.


5. checking no_input_delay (116)
--------------------------------
 There are 116 input ports with no input delay specified. (HIGH)

 There are 0 input ports with no input delay but user has a false path constraint.


6. checking no_output_delay (403)
---------------------------------
 There are 403 ports with no output delay specified. (HIGH)

 There are 0 ports with no output delay but user has a false path constraint

 There are 0 ports with no output delay but with a timing clock defined on it or propagating through it


7. checking multiple_clock (0)
------------------------------
 There are 0 register/latch pins with multiple clocks.


8. checking generated_clocks (0)
--------------------------------
 There are 0 generated clocks that are not connected to a clock source.


9. checking loops (0)
---------------------
 There are 0 combinational loops in the design.


10. checking partial_input_delay (0)
------------------------------------
 There are 0 input ports with partial input delay specified.


11. checking partial_output_delay (0)
-------------------------------------
 There are 0 ports with partial output delay specified.


12. checking latch_loops (0)
----------------------------
 There are 0 combinational latch loops in the design through latch input



------------------------------------------------------------------------------------------------
| Design Timing Summary
| ---------------------
------------------------------------------------------------------------------------------------

    WNS(ns)      TNS(ns)  TNS Failing Endpoints  TNS Total Endpoints      WHS(ns)      THS(ns)  THS Failing Endpoints  THS Total Endpoints     WPWS(ns)     TPWS(ns)  TPWS Failing Endpoints  TPWS Total Endpoints  
    -------      -------  ---------------------  -------------------      -------      -------  ---------------------  -------------------     --------     --------  ----------------------  --------------------  
      0.582        0.000                      0                 4677        0.100        0.000                      0                 4677        4.500        0.000                       0                   838  


All user specified timing constraints are met.


------------------------------------------------------------------------------------------------
| Clock Summary
| -------------
------------------------------------------------------------------------------------------------

Clock   Waveform(ns)       Period(ns)      Frequency(MHz)
-----   ------------       ----------      --------------
ap_clk  {0.000 5.000}      10.000          100.000         


------------------------------------------------------------------------------------------------
| Intra Clock Table
| -----------------
------------------------------------------------------------------------------------------------

Clock             WNS(ns)      TNS(ns)  TNS Failing Endpoints  TNS Total Endpoints      WHS(ns)      THS(ns)  THS Failing Endpoints  THS Total Endpoints     WPWS(ns)     TPWS(ns)  TPWS Failing Endpoints  TPWS Total Endpoints  
-----             -------      -------  ---------------------  -------------------      -------      -------  ---------------------  -------------------     --------     --------  ----------------------  --------------------  
ap_clk              0.582        0.000                      0                 4677        0.100        0.000                      0                 4677        4.500        0.000                       0                   838  


------------------------------------------------------------------------------------------------
| Inter Clock Table
| -----------------
------------------------------------------------------------------------------------------------

From Clock    To Clock          WNS(ns)      TNS(ns)  TNS Failing Endpoints  TNS Total Endpoints      WHS(ns)      THS(ns)  THS Failing Endpoints  THS Total Endpoints  
----------    --------          -------      -------  ---------------------  -------------------      -------      -------  ---------------------  -------------------  


------------------------------------------------------------------------------------------------
| Other Path Groups Table
| -----------------------
------------------------------------------------------------------------------------------------

Path Group    From Clock    To Clock          WNS(ns)      TNS(ns)  TNS Failing Endpoints  TNS Total Endpoints      WHS(ns)      THS(ns)  THS Failing Endpoints  THS Total Endpoints  
----------    ----------    --------          -------      -------  ---------------------  -------------------      -------      -------  ---------------------  -------------------  


------------------------------------------------------------------------------------------------
| User Ignored Path Table
| -----------------------
------------------------------------------------------------------------------------------------

Path Group    From Clock    To Clock    
----------    ----------    --------    


------------------------------------------------------------------------------------------------
| Unconstrained Path Table
| ------------------------
------------------------------------------------------------------------------------------------

Path Group    From Clock    To Clock    
----------    ----------    --------    
(none)                                    
(none)        ap_clk                      
(none)                      ap_clk        


------------------------------------------------------------------------------------------------
| Timing Details
| --------------
------------------------------------------------------------------------------------------------


---------------------------------------------------------------------------------------------------
From Clock:  ap_clk
  To Clock:  ap_clk

Setup :            0  Failing Endpoints,  Worst Slack        0.582ns,  Total Violation        0.000ns
Hold  :            0  Failing Endpoints,  Worst Slack        0.100ns,  Total Violation        0.000ns
PW    :            0  Failing Endpoints,  Worst Slack        4.500ns,  Total Violation        0.000ns
---------------------------------------------------------------------------------------------------


Max Delay Paths
--------------------------------------------------------------------------------------
Slack (MET) :             0.582ns  (required time - arrival time)
  Source:                 bd_0_i/hls_inst/inst/trunc_ln286_reg_2351_reg[1]/C
                            (rising edge-triggered cell FDRE clocked by ap_clk  {rise@0.000ns fall@5.000ns period=10.000ns})
  Destination:            bd_0_i/hls_inst/inst/mul_9s_9s_9_1_1_U60/tmp_product/A[11]
                            (rising edge-triggered cell DSP48E1 clocked by ap_clk  {rise@0.000ns fall@5.000ns period=10.000ns})
  Path Group:             ap_clk
  Path Type:              Setup (Max at Slow Process Corner)
  Requirement:            10.000ns  (ap_clk rise@10.000ns - ap_clk rise@0.000ns)
  Data Path Delay:        8.972ns  (logic 5.297ns (59.040%)  route 3.675ns (40.960%))
  Logic Levels:           4  (CARRY4=2 DSP48E1=1 LUT2=1)
  Clock Path Skew:        -0.049ns (DCD - SCD + CPR)
    Destination Clock Delay (DCD):    0.924ns = ( 10.924 - 10.000 ) 
    Source Clock Delay      (SCD):    0.973ns
    Clock Pessimism Removal (CPR):    0.000ns
  Clock Uncertainty:      0.035ns  ((TSJ^2 + TIJ^2)^1/2 + DJ) / 2 + PE
    Total System Jitter     (TSJ):    0.071ns
    Total Input Jitter      (TIJ):    0.000ns
    Discrete Jitter          (DJ):    0.000ns
    Phase Error              (PE):    0.000ns

    Location             Delay type                Incr(ns)  Path(ns)    Netlist Resource(s)
  -------------------------------------------------------------------    -------------------
                         (clock ap_clk rise edge)     0.000     0.000 r  
                                                      0.000     0.000 r  ap_clk (IN)
                         net (fo=864, unset)          0.973     0.973    bd_0_i/hls_inst/inst/ap_clk
    SLICE_X48Y23         FDRE                                         r  bd_0_i/hls_inst/inst/trunc_ln286_reg_2351_reg[1]/C
  -------------------------------------------------------------------    -------------------
    SLICE_X48Y23         FDRE (Prop_fdre_C_Q)         0.456     1.429 r  bd_0_i/hls_inst/inst/trunc_ln286_reg_2351_reg[1]/Q
                         net (fo=20, routed)          1.601     3.030    bd_0_i/hls_inst/inst/mul_9s_8s_9_1_1_U58/trunc_ln286_reg_2351[1]
    SLICE_X84Y18         LUT2 (Prop_lut2_I0_O)        0.124     3.154 r  bd_0_i/hls_inst/inst/mul_9s_8s_9_1_1_U58/tmp_product_i_4__1/O
                         net (fo=1, routed)           0.000     3.154    bd_0_i/hls_inst/inst/mul_9s_8s_9_1_1_U58/tmp_product_i_4__1_n_0
    SLICE_X84Y18         CARRY4 (Prop_carry4_S[1]_CO[3])
                                                      0.550     3.704 r  bd_0_i/hls_inst/inst/mul_9s_8s_9_1_1_U58/tmp_product_i_1/CO[3]
                         net (fo=1, routed)           0.000     3.704    bd_0_i/hls_inst/inst/mul_9s_8s_9_1_1_U58/tmp_product_i_1_n_0
    SLICE_X84Y19         CARRY4 (Prop_carry4_CI_O[3])
                                                      0.329     4.033 r  bd_0_i/hls_inst/inst/mul_9s_8s_9_1_1_U58/sext_ln306_reg_2476_reg[7]_i_1/O[3]
                         net (fo=12, routed)          0.991     5.023    bd_0_i/hls_inst/inst/mul_9s_8s_9_1_1_U58/B[7]
    DSP48_X3Y7           DSP48E1 (Prop_dsp48e1_B[11]_P[8])
                                                      3.838     8.861 r  bd_0_i/hls_inst/inst/mul_9s_8s_9_1_1_U58/tmp_product/P[8]
                         net (fo=22, routed)          1.084     9.945    bd_0_i/hls_inst/inst/mul_9s_9s_9_1_1_U60/tmp_product_1[8]
    DSP48_X3Y5           DSP48E1                                      r  bd_0_i/hls_inst/inst/mul_9s_9s_9_1_1_U60/tmp_product/A[11]
  -------------------------------------------------------------------    -------------------

                         (clock ap_clk rise edge)    10.000    10.000 r  
                                                      0.000    10.000 r  ap_clk (IN)
                         net (fo=864, unset)          0.924    10.924    bd_0_i/hls_inst/inst/mul_9s_9s_9_1_1_U60/ap_clk
    DSP48_X3Y5           DSP48E1                                      r  bd_0_i/hls_inst/inst/mul_9s_9s_9_1_1_U60/tmp_product/CLK
                         clock pessimism              0.000    10.924    
                         clock uncertainty           -0.035    10.889    
    DSP48_X3Y5           DSP48E1 (Setup_dsp48e1_CLK_A[11])
                                                     -0.362    10.527    bd_0_i/hls_inst/inst/mul_9s_9s_9_1_1_U60/tmp_product
  -------------------------------------------------------------------
                         required time                         10.527    
                         arrival time                          -9.945    
  -------------------------------------------------------------------
                         slack                                  0.582    

Slack (MET) :             0.598ns  (required time - arrival time)
  Source:                 bd_0_i/hls_inst/inst/trunc_ln286_reg_2351_reg[1]/C
                            (rising edge-triggered cell FDRE clocked by ap_clk  {rise@0.000ns fall@5.000ns period=10.000ns})
  Destination:            bd_0_i/hls_inst/inst/mul_9s_9s_9_1_1_U60/tmp_product/A[9]
                            (rising edge-triggered cell DSP48E1 clocked by ap_clk  {rise@0.000ns fall@5.000ns period=10.000ns})
  Path Group:             ap_clk
  Path Type:              Setup (Max at Slow Process Corner)
  Requirement:            10.000ns  (ap_clk rise@10.000ns - ap_clk rise@0.000ns)
  Data Path Delay:        8.956ns  (logic 5.297ns (59.143%)  route 3.659ns (40.857%))
  Logic Levels:           4  (CARRY4=2 DSP48E1=1 LUT2=1)
  Clock Path Skew:        -0.049ns (DCD - SCD + CPR)
    Destination Clock Delay (DCD):    0.924ns = ( 10.924 - 10.000 ) 
    Source Clock Delay      (SCD):    0.973ns
    Clock Pessimism Removal (CPR):    0.000ns
  Clock Uncertainty:      0.035ns  ((TSJ^2 + TIJ^2)^1/2 + DJ) / 2 + PE
    Total System Jitter     (TSJ):    0.071ns
    Total Input Jitter      (TIJ):    0.000ns
    Discrete Jitter          (DJ):    0.000ns
    Phase Error              (PE):    0.000ns

    Location             Delay type                Incr(ns)  Path(ns)    Netlist Resource(s)
  -------------------------------------------------------------------    -------------------
                         (clock ap_clk rise edge)     0.000     0.000 r  
                                                      0.000     0.000 r  ap_clk (IN)
                         net (fo=864, unset)          0.973     0.973    bd_0_i/hls_inst/inst/ap_clk
    SLICE_X48Y23         FDRE                                         r  bd_0_i/hls_inst/inst/trunc_ln286_reg_2351_reg[1]/C
  -------------------------------------------------------------------    -------------------
    SLICE_X48Y23         FDRE (Prop_fdre_C_Q)         0.456     1.429 r  bd_0_i/hls_inst/inst/trunc_ln286_reg_2351_reg[1]/Q
                         net (fo=20, routed)          1.601     3.030    bd_0_i/hls_inst/inst/mul_9s_8s_9_1_1_U58/trunc_ln286_reg_2351[1]
    SLICE_X84Y18         LUT2 (Prop_lut2_I0_O)        0.124     3.154 r  bd_0_i/hls_inst/inst/mul_9s_8s_9_1_1_U58/tmp_product_i_4__1/O
                         net (fo=1, routed)           0.000     3.154    bd_0_i/hls_inst/inst/mul_9s_8s_9_1_1_U58/tmp_product_i_4__1_n_0
    SLICE_X84Y18         CARRY4 (Prop_carry4_S[1]_CO[3])
                                                      0.550     3.704 r  bd_0_i/hls_inst/inst/mul_9s_8s_9_1_1_U58/tmp_product_i_1/CO[3]
                         net (fo=1, routed)           0.000     3.704    bd_0_i/hls_inst/inst/mul_9s_8s_9_1_1_U58/tmp_product_i_1_n_0
    SLICE_X84Y19         CARRY4 (Prop_carry4_CI_O[3])
                                                      0.329     4.033 r  bd_0_i/hls_inst/inst/mul_9s_8s_9_1_1_U58/sext_ln306_reg_2476_reg[7]_i_1/O[3]
                         net (fo=12, routed)          0.991     5.023    bd_0_i/hls_inst/inst/mul_9s_8s_9_1_1_U58/B[7]
    DSP48_X3Y7           DSP48E1 (Prop_dsp48e1_B[11]_P[8])
                                                      3.838     8.861 r  bd_0_i/hls_inst/inst/mul_9s_8s_9_1_1_U58/tmp_product/P[8]
                         net (fo=22, routed)          1.068     9.929    bd_0_i/hls_inst/inst/mul_9s_9s_9_1_1_U60/tmp_product_1[8]
    DSP48_X3Y5           DSP48E1                                      r  bd_0_i/hls_inst/inst/mul_9s_9s_9_1_1_U60/tmp_product/A[9]
  -------------------------------------------------------------------    -------------------

                         (clock ap_clk rise edge)    10.000    10.000 r  
                                                      0.000    10.000 r  ap_clk (IN)
                         net (fo=864, unset)          0.924    10.924    bd_0_i/hls_inst/inst/mul_9s_9s_9_1_1_U60/ap_clk
    DSP48_X3Y5           DSP48E1                                      r  bd_0_i/hls_inst/inst/mul_9s_9s_9_1_1_U60/tmp_product/CLK
                         clock pessimism              0.000    10.924    
                         clock uncertainty           -0.035    10.889    
    DSP48_X3Y5           DSP48E1 (Setup_dsp48e1_CLK_A[9])
                                                     -0.362    10.527    bd_0_i/hls_inst/inst/mul_9s_9s_9_1_1_U60/tmp_product
  -------------------------------------------------------------------
                         required time                         10.527    
                         arrival time                          -9.929    
  -------------------------------------------------------------------
                         slack                                  0.598    

Slack (MET) :             0.608ns  (required time - arrival time)
  Source:                 bd_0_i/hls_inst/inst/trunc_ln286_reg_2351_reg[1]/C
                            (rising edge-triggered cell FDRE clocked by ap_clk  {rise@0.000ns fall@5.000ns period=10.000ns})
  Destination:            bd_0_i/hls_inst/inst/mul_9s_9s_9_1_1_U60/tmp_product/A[20]
                            (rising edge-triggered cell DSP48E1 clocked by ap_clk  {rise@0.000ns fall@5.000ns period=10.000ns})
  Path Group:             ap_clk
  Path Type:              Setup (Max at Slow Process Corner)
  Requirement:            10.000ns  (ap_clk rise@10.000ns - ap_clk rise@0.000ns)
  Data Path Delay:        8.946ns  (logic 5.297ns (59.208%)  route 3.649ns (40.792%))
  Logic Levels:           4  (CARRY4=2 DSP48E1=1 LUT2=1)
  Clock Path Skew:        -0.049ns (DCD - SCD + CPR)
    Destination Clock Delay (DCD):    0.924ns = ( 10.924 - 10.000 ) 
    Source Clock Delay      (SCD):    0.973ns
    Clock Pessimism Removal (CPR):    0.000ns
  Clock Uncertainty:      0.035ns  ((TSJ^2 + TIJ^2)^1/2 + DJ) / 2 + PE
    Total System Jitter     (TSJ):    0.071ns
    Total Input Jitter      (TIJ):    0.000ns
    Discrete Jitter          (DJ):    0.000ns
    Phase Error              (PE):    0.000ns

    Location             Delay type                Incr(ns)  Path(ns)    Netlist Resource(s)
  -------------------------------------------------------------------    -------------------
                         (clock ap_clk rise edge)     0.000     0.000 r  
                                                      0.000     0.000 r  ap_clk (IN)
                         net (fo=864, unset)          0.973     0.973    bd_0_i/hls_inst/inst/ap_clk
    SLICE_X48Y23         FDRE                                         r  bd_0_i/hls_inst/inst/trunc_ln286_reg_2351_reg[1]/C
  -------------------------------------------------------------------    -------------------
    SLICE_X48Y23         FDRE (Prop_fdre_C_Q)         0.456     1.429 r  bd_0_i/hls_inst/inst/trunc_ln286_reg_2351_reg[1]/Q
                         net (fo=20, routed)          1.601     3.030    bd_0_i/hls_inst/inst/mul_9s_8s_9_1_1_U58/trunc_ln286_reg_2351[1]
    SLICE_X84Y18         LUT2 (Prop_lut2_I0_O)        0.124     3.154 r  bd_0_i/hls_inst/inst/mul_9s_8s_9_1_1_U58/tmp_product_i_4__1/O
                         net (fo=1, routed)           0.000     3.154    bd_0_i/hls_inst/inst/mul_9s_8s_9_1_1_U58/tmp_product_i_4__1_n_0
    SLICE_X84Y18         CARRY4 (Prop_carry4_S[1]_CO[3])
                                                      0.550     3.704 r  bd_0_i/hls_inst/inst/mul_9s_8s_9_1_1_U58/tmp_product_i_1/CO[3]
                         net (fo=1, routed)           0.000     3.704    bd_0_i/hls_inst/inst/mul_9s_8s_9_1_1_U58/tmp_product_i_1_n_0
    SLICE_X84Y19         CARRY4 (Prop_carry4_CI_O[3])
                                                      0.329     4.033 r  bd_0_i/hls_inst/inst/mul_9s_8s_9_1_1_U58/sext_ln306_reg_2476_reg[7]_i_1/O[3]
                         net (fo=12, routed)          0.991     5.023    bd_0_i/hls_inst/inst/mul_9s_8s_9_1_1_U58/B[7]
    DSP48_X3Y7           DSP48E1 (Prop_dsp48e1_B[11]_P[8])
                                                      3.838     8.861 r  bd_0_i/hls_inst/inst/mul_9s_8s_9_1_1_U58/tmp_product/P[8]
                         net (fo=22, routed)          1.058     9.919    bd_0_i/hls_inst/inst/mul_9s_9s_9_1_1_U60/tmp_product_1[8]
    DSP48_X3Y5           DSP48E1                                      r  bd_0_i/hls_inst/inst/mul_9s_9s_9_1_1_U60/tmp_product/A[20]
  -------------------------------------------------------------------    -------------------

                         (clock ap_clk rise edge)    10.000    10.000 r  
                                                      0.000    10.000 r  ap_clk (IN)
                         net (fo=864, unset)          0.924    10.924    bd_0_i/hls_inst/inst/mul_9s_9s_9_1_1_U60/ap_clk
    DSP48_X3Y5           DSP48E1                                      r  bd_0_i/hls_inst/inst/mul_9s_9s_9_1_1_U60/tmp_product/CLK
                         clock pessimism              0.000    10.924    
                         clock uncertainty           -0.035    10.889    
    DSP48_X3Y5           DSP48E1 (Setup_dsp48e1_CLK_A[20])
                                                     -0.362    10.527    bd_0_i/hls_inst/inst/mul_9s_9s_9_1_1_U60/tmp_product
  -------------------------------------------------------------------
                         required time                         10.527    
                         arrival time                          -9.919    
  -------------------------------------------------------------------
                         slack                                  0.608    

Slack (MET) :             0.608ns  (required time - arrival time)
  Source:                 bd_0_i/hls_inst/inst/trunc_ln286_reg_2351_reg[1]/C
                            (rising edge-triggered cell FDRE clocked by ap_clk  {rise@0.000ns fall@5.000ns period=10.000ns})
  Destination:            bd_0_i/hls_inst/inst/mul_9s_9s_9_1_1_U60/tmp_product/A[21]
                            (rising edge-triggered cell DSP48E1 clocked by ap_clk  {rise@0.000ns fall@5.000ns period=10.000ns})
  Path Group:             ap_clk
  Path Type:              Setup (Max at Slow Process Corner)
  Requirement:            10.000ns  (ap_clk rise@10.000ns - ap_clk rise@0.000ns)
  Data Path Delay:        8.946ns  (logic 5.297ns (59.208%)  route 3.649ns (40.792%))
  Logic Levels:           4  (CARRY4=2 DSP48E1=1 LUT2=1)
  Clock Path Skew:        -0.049ns (DCD - SCD + CPR)
    Destination Clock Delay (DCD):    0.924ns = ( 10.924 - 10.000 ) 
    Source Clock Delay      (SCD):    0.973ns
    Clock Pessimism Removal (CPR):    0.000ns
  Clock Uncertainty:      0.035ns  ((TSJ^2 + TIJ^2)^1/2 + DJ) / 2 + PE
    Total System Jitter     (TSJ):    0.071ns
    Total Input Jitter      (TIJ):    0.000ns
    Discrete Jitter          (DJ):    0.000ns
    Phase Error              (PE):    0.000ns

    Location             Delay type                Incr(ns)  Path(ns)    Netlist Resource(s)
  -------------------------------------------------------------------    -------------------
                         (clock ap_clk rise edge)     0.000     0.000 r  
                                                      0.000     0.000 r  ap_clk (IN)
                         net (fo=864, unset)          0.973     0.973    bd_0_i/hls_inst/inst/ap_clk
    SLICE_X48Y23         FDRE                                         r  bd_0_i/hls_inst/inst/trunc_ln286_reg_2351_reg[1]/C
  -------------------------------------------------------------------    -------------------
    SLICE_X48Y23         FDRE (Prop_fdre_C_Q)         0.456     1.429 r  bd_0_i/hls_inst/inst/trunc_ln286_reg_2351_reg[1]/Q
                         net (fo=20, routed)          1.601     3.030    bd_0_i/hls_inst/inst/mul_9s_8s_9_1_1_U58/trunc_ln286_reg_2351[1]
    SLICE_X84Y18         LUT2 (Prop_lut2_I0_O)        0.124     3.154 r  bd_0_i/hls_inst/inst/mul_9s_8s_9_1_1_U58/tmp_product_i_4__1/O
                         net (fo=1, routed)           0.000     3.154    bd_0_i/hls_inst/inst/mul_9s_8s_9_1_1_U58/tmp_product_i_4__1_n_0
    SLICE_X84Y18         CARRY4 (Prop_carry4_S[1]_CO[3])
                                                      0.550     3.704 r  bd_0_i/hls_inst/inst/mul_9s_8s_9_1_1_U58/tmp_product_i_1/CO[3]
                         net (fo=1, routed)           0.000     3.704    bd_0_i/hls_inst/inst/mul_9s_8s_9_1_1_U58/tmp_product_i_1_n_0
    SLICE_X84Y19         CARRY4 (Prop_carry4_CI_O[3])
                                                      0.329     4.033 r  bd_0_i/hls_inst/inst/mul_9s_8s_9_1_1_U58/sext_ln306_reg_2476_reg[7]_i_1/O[3]
                         net (fo=12, routed)          0.991     5.023    bd_0_i/hls_inst/inst/mul_9s_8s_9_1_1_U58/B[7]
    DSP48_X3Y7           DSP48E1 (Prop_dsp48e1_B[11]_P[8])
                                                      3.838     8.861 r  bd_0_i/hls_inst/inst/mul_9s_8s_9_1_1_U58/tmp_product/P[8]
                         net (fo=22, routed)          1.058     9.919    bd_0_i/hls_inst/inst/mul_9s_9s_9_1_1_U60/tmp_product_1[8]
    DSP48_X3Y5           DSP48E1                                      r  bd_0_i/hls_inst/inst/mul_9s_9s_9_1_1_U60/tmp_product/A[21]
  -------------------------------------------------------------------    -------------------

                         (clock ap_clk rise edge)    10.000    10.000 r  
                                                      0.000    10.000 r  ap_clk (IN)
                         net (fo=864, unset)          0.924    10.924    bd_0_i/hls_inst/inst/mul_9s_9s_9_1_1_U60/ap_clk
    DSP48_X3Y5           DSP48E1                                      r  bd_0_i/hls_inst/inst/mul_9s_9s_9_1_1_U60/tmp_product/CLK
                         clock pessimism              0.000    10.924    
                         clock uncertainty           -0.035    10.889    
    DSP48_X3Y5           DSP48E1 (Setup_dsp48e1_CLK_A[21])
                                                     -0.362    10.527    bd_0_i/hls_inst/inst/mul_9s_9s_9_1_1_U60/tmp_product
  -------------------------------------------------------------------
                         required time                         10.527    
                         arrival time                          -9.919    
  -------------------------------------------------------------------
                         slack                                  0.608    

Slack (MET) :             0.638ns  (required time - arrival time)
  Source:                 bd_0_i/hls_inst/inst/trunc_ln286_reg_2351_reg[1]/C
                            (rising edge-triggered cell FDRE clocked by ap_clk  {rise@0.000ns fall@5.000ns period=10.000ns})
  Destination:            bd_0_i/hls_inst/inst/mul_9s_9s_9_1_1_U60/tmp_product/A[14]
                            (rising edge-triggered cell DSP48E1 clocked by ap_clk  {rise@0.000ns fall@5.000ns period=10.000ns})
  Path Group:             ap_clk
  Path Type:              Setup (Max at Slow Process Corner)
  Requirement:            10.000ns  (ap_clk rise@10.000ns - ap_clk rise@0.000ns)
  Data Path Delay:        8.916ns  (logic 5.297ns (59.411%)  route 3.619ns (40.589%))
  Logic Levels:           4  (CARRY4=2 DSP48E1=1 LUT2=1)
  Clock Path Skew:        -0.049ns (DCD - SCD + CPR)
    Destination Clock Delay (DCD):    0.924ns = ( 10.924 - 10.000 ) 
    Source Clock Delay      (SCD):    0.973ns
    Clock Pessimism Removal (CPR):    0.000ns
  Clock Uncertainty:      0.035ns  ((TSJ^2 + TIJ^2)^1/2 + DJ) / 2 + PE
    Total System Jitter     (TSJ):    0.071ns
    Total Input Jitter      (TIJ):    0.000ns
    Discrete Jitter          (DJ):    0.000ns
    Phase Error              (PE):    0.000ns

    Location             Delay type                Incr(ns)  Path(ns)    Netlist Resource(s)
  -------------------------------------------------------------------    -------------------
                         (clock ap_clk rise edge)     0.000     0.000 r  
                                                      0.000     0.000 r  ap_clk (IN)
                         net (fo=864, unset)          0.973     0.973    bd_0_i/hls_inst/inst/ap_clk
    SLICE_X48Y23         FDRE                                         r  bd_0_i/hls_inst/inst/trunc_ln286_reg_2351_reg[1]/C
  -------------------------------------------------------------------    -------------------
    SLICE_X48Y23         FDRE (Prop_fdre_C_Q)         0.456     1.429 r  bd_0_i/hls_inst/inst/trunc_ln286_reg_2351_reg[1]/Q
                         net (fo=20, routed)          1.601     3.030    bd_0_i/hls_inst/inst/mul_9s_8s_9_1_1_U58/trunc_ln286_reg_2351[1]
    SLICE_X84Y18         LUT2 (Prop_lut2_I0_O)        0.124     3.154 r  bd_0_i/hls_inst/inst/mul_9s_8s_9_1_1_U58/tmp_product_i_4__1/O
                         net (fo=1, routed)           0.000     3.154    bd_0_i/hls_inst/inst/mul_9s_8s_9_1_1_U58/tmp_product_i_4__1_n_0
    SLICE_X84Y18         CARRY4 (Prop_carry4_S[1]_CO[3])
                                                      0.550     3.704 r  bd_0_i/hls_inst/inst/mul_9s_8s_9_1_1_U58/tmp_product_i_1/CO[3]
                         net (fo=1, routed)           0.000     3.704    bd_0_i/hls_inst/inst/mul_9s_8s_9_1_1_U58/tmp_product_i_1_n_0
    SLICE_X84Y19         CARRY4 (Prop_carry4_CI_O[3])
                                                      0.329     4.033 r  bd_0_i/hls_inst/inst/mul_9s_8s_9_1_1_U58/sext_ln306_reg_2476_reg[7]_i_1/O[3]
                         net (fo=12, routed)          0.991     5.023    bd_0_i/hls_inst/inst/mul_9s_8s_9_1_1_U58/B[7]
    DSP48_X3Y7           DSP48E1 (Prop_dsp48e1_B[11]_P[8])
                                                      3.838     8.861 r  bd_0_i/hls_inst/inst/mul_9s_8s_9_1_1_U58/tmp_product/P[8]
                         net (fo=22, routed)          1.028     9.889    bd_0_i/hls_inst/inst/mul_9s_9s_9_1_1_U60/tmp_product_1[8]
    DSP48_X3Y5           DSP48E1                                      r  bd_0_i/hls_inst/inst/mul_9s_9s_9_1_1_U60/tmp_product/A[14]
  -------------------------------------------------------------------    -------------------

                         (clock ap_clk rise edge)    10.000    10.000 r  
                                                      0.000    10.000 r  ap_clk (IN)
                         net (fo=864, unset)          0.924    10.924    bd_0_i/hls_inst/inst/mul_9s_9s_9_1_1_U60/ap_clk
    DSP48_X3Y5           DSP48E1                                      r  bd_0_i/hls_inst/inst/mul_9s_9s_9_1_1_U60/tmp_product/CLK
                         clock pessimism              0.000    10.924    
                         clock uncertainty           -0.035    10.889    
    DSP48_X3Y5           DSP48E1 (Setup_dsp48e1_CLK_A[14])
                                                     -0.362    10.527    bd_0_i/hls_inst/inst/mul_9s_9s_9_1_1_U60/tmp_product
  -------------------------------------------------------------------
                         required time                         10.527    
                         arrival time                          -9.889    
  -------------------------------------------------------------------
                         slack                                  0.638    

Slack (MET) :             0.638ns  (required time - arrival time)
  Source:                 bd_0_i/hls_inst/inst/trunc_ln286_reg_2351_reg[1]/C
                            (rising edge-triggered cell FDRE clocked by ap_clk  {rise@0.000ns fall@5.000ns period=10.000ns})
  Destination:            bd_0_i/hls_inst/inst/mul_9s_9s_9_1_1_U60/tmp_product/A[15]
                            (rising edge-triggered cell DSP48E1 clocked by ap_clk  {rise@0.000ns fall@5.000ns period=10.000ns})
  Path Group:             ap_clk
  Path Type:              Setup (Max at Slow Process Corner)
  Requirement:            10.000ns  (ap_clk rise@10.000ns - ap_clk rise@0.000ns)
  Data Path Delay:        8.916ns  (logic 5.297ns (59.411%)  route 3.619ns (40.589%))
  Logic Levels:           4  (CARRY4=2 DSP48E1=1 LUT2=1)
  Clock Path Skew:        -0.049ns (DCD - SCD + CPR)
    Destination Clock Delay (DCD):    0.924ns = ( 10.924 - 10.000 ) 
    Source Clock Delay      (SCD):    0.973ns
    Clock Pessimism Removal (CPR):    0.000ns
  Clock Uncertainty:      0.035ns  ((TSJ^2 + TIJ^2)^1/2 + DJ) / 2 + PE
    Total System Jitter     (TSJ):    0.071ns
    Total Input Jitter      (TIJ):    0.000ns
    Discrete Jitter          (DJ):    0.000ns
    Phase Error              (PE):    0.000ns

    Location             Delay type                Incr(ns)  Path(ns)    Netlist Resource(s)
  -------------------------------------------------------------------    -------------------
                         (clock ap_clk rise edge)     0.000     0.000 r  
                                                      0.000     0.000 r  ap_clk (IN)
                         net (fo=864, unset)          0.973     0.973    bd_0_i/hls_inst/inst/ap_clk
    SLICE_X48Y23         FDRE                                         r  bd_0_i/hls_inst/inst/trunc_ln286_reg_2351_reg[1]/C
  -------------------------------------------------------------------    -------------------
    SLICE_X48Y23         FDRE (Prop_fdre_C_Q)         0.456     1.429 r  bd_0_i/hls_inst/inst/trunc_ln286_reg_2351_reg[1]/Q
                         net (fo=20, routed)          1.601     3.030    bd_0_i/hls_inst/inst/mul_9s_8s_9_1_1_U58/trunc_ln286_reg_2351[1]
    SLICE_X84Y18         LUT2 (Prop_lut2_I0_O)        0.124     3.154 r  bd_0_i/hls_inst/inst/mul_9s_8s_9_1_1_U58/tmp_product_i_4__1/O
                         net (fo=1, routed)           0.000     3.154    bd_0_i/hls_inst/inst/mul_9s_8s_9_1_1_U58/tmp_product_i_4__1_n_0
    SLICE_X84Y18         CARRY4 (Prop_carry4_S[1]_CO[3])
                                                      0.550     3.704 r  bd_0_i/hls_inst/inst/mul_9s_8s_9_1_1_U58/tmp_product_i_1/CO[3]
                         net (fo=1, routed)           0.000     3.704    bd_0_i/hls_inst/inst/mul_9s_8s_9_1_1_U58/tmp_product_i_1_n_0
    SLICE_X84Y19         CARRY4 (Prop_carry4_CI_O[3])
                                                      0.329     4.033 r  bd_0_i/hls_inst/inst/mul_9s_8s_9_1_1_U58/sext_ln306_reg_2476_reg[7]_i_1/O[3]
                         net (fo=12, routed)          0.991     5.023    bd_0_i/hls_inst/inst/mul_9s_8s_9_1_1_U58/B[7]
    DSP48_X3Y7           DSP48E1 (Prop_dsp48e1_B[11]_P[8])
                                                      3.838     8.861 r  bd_0_i/hls_inst/inst/mul_9s_8s_9_1_1_U58/tmp_product/P[8]
                         net (fo=22, routed)          1.028     9.889    bd_0_i/hls_inst/inst/mul_9s_9s_9_1_1_U60/tmp_product_1[8]
    DSP48_X3Y5           DSP48E1                                      r  bd_0_i/hls_inst/inst/mul_9s_9s_9_1_1_U60/tmp_product/A[15]
  -------------------------------------------------------------------    -------------------

                         (clock ap_clk rise edge)    10.000    10.000 r  
                                                      0.000    10.000 r  ap_clk (IN)
                         net (fo=864, unset)          0.924    10.924    bd_0_i/hls_inst/inst/mul_9s_9s_9_1_1_U60/ap_clk
    DSP48_X3Y5           DSP48E1                                      r  bd_0_i/hls_inst/inst/mul_9s_9s_9_1_1_U60/tmp_product/CLK
                         clock pessimism              0.000    10.924    
                         clock uncertainty           -0.035    10.889    
    DSP48_X3Y5           DSP48E1 (Setup_dsp48e1_CLK_A[15])
                                                     -0.362    10.527    bd_0_i/hls_inst/inst/mul_9s_9s_9_1_1_U60/tmp_product
  -------------------------------------------------------------------
                         required time                         10.527    
                         arrival time                          -9.889    
  -------------------------------------------------------------------
                         slack                                  0.638    

Slack (MET) :             0.646ns  (required time - arrival time)
  Source:                 bd_0_i/hls_inst/inst/trunc_ln286_reg_2351_reg[1]/C
                            (rising edge-triggered cell FDRE clocked by ap_clk  {rise@0.000ns fall@5.000ns period=10.000ns})
  Destination:            bd_0_i/hls_inst/inst/mul_9s_9s_9_1_1_U60/tmp_product/A[24]
                            (rising edge-triggered cell DSP48E1 clocked by ap_clk  {rise@0.000ns fall@5.000ns period=10.000ns})
  Path Group:             ap_clk
  Path Type:              Setup (Max at Slow Process Corner)
  Requirement:            10.000ns  (ap_clk rise@10.000ns - ap_clk rise@0.000ns)
  Data Path Delay:        8.908ns  (logic 5.297ns (59.465%)  route 3.611ns (40.535%))
  Logic Levels:           4  (CARRY4=2 DSP48E1=1 LUT2=1)
  Clock Path Skew:        -0.049ns (DCD - SCD + CPR)
    Destination Clock Delay (DCD):    0.924ns = ( 10.924 - 10.000 ) 
    Source Clock Delay      (SCD):    0.973ns
    Clock Pessimism Removal (CPR):    0.000ns
  Clock Uncertainty:      0.035ns  ((TSJ^2 + TIJ^2)^1/2 + DJ) / 2 + PE
    Total System Jitter     (TSJ):    0.071ns
    Total Input Jitter      (TIJ):    0.000ns
    Discrete Jitter          (DJ):    0.000ns
    Phase Error              (PE):    0.000ns

    Location             Delay type                Incr(ns)  Path(ns)    Netlist Resource(s)
  -------------------------------------------------------------------    -------------------
                         (clock ap_clk rise edge)     0.000     0.000 r  
                                                      0.000     0.000 r  ap_clk (IN)
                         net (fo=864, unset)          0.973     0.973    bd_0_i/hls_inst/inst/ap_clk
    SLICE_X48Y23         FDRE                                         r  bd_0_i/hls_inst/inst/trunc_ln286_reg_2351_reg[1]/C
  -------------------------------------------------------------------    -------------------
    SLICE_X48Y23         FDRE (Prop_fdre_C_Q)         0.456     1.429 r  bd_0_i/hls_inst/inst/trunc_ln286_reg_2351_reg[1]/Q
                         net (fo=20, routed)          1.601     3.030    bd_0_i/hls_inst/inst/mul_9s_8s_9_1_1_U58/trunc_ln286_reg_2351[1]
    SLICE_X84Y18         LUT2 (Prop_lut2_I0_O)        0.124     3.154 r  bd_0_i/hls_inst/inst/mul_9s_8s_9_1_1_U58/tmp_product_i_4__1/O
                         net (fo=1, routed)           0.000     3.154    bd_0_i/hls_inst/inst/mul_9s_8s_9_1_1_U58/tmp_product_i_4__1_n_0
    SLICE_X84Y18         CARRY4 (Prop_carry4_S[1]_CO[3])
                                                      0.550     3.704 r  bd_0_i/hls_inst/inst/mul_9s_8s_9_1_1_U58/tmp_product_i_1/CO[3]
                         net (fo=1, routed)           0.000     3.704    bd_0_i/hls_inst/inst/mul_9s_8s_9_1_1_U58/tmp_product_i_1_n_0
    SLICE_X84Y19         CARRY4 (Prop_carry4_CI_O[3])
                                                      0.329     4.033 r  bd_0_i/hls_inst/inst/mul_9s_8s_9_1_1_U58/sext_ln306_reg_2476_reg[7]_i_1/O[3]
                         net (fo=12, routed)          0.991     5.023    bd_0_i/hls_inst/inst/mul_9s_8s_9_1_1_U58/B[7]
    DSP48_X3Y7           DSP48E1 (Prop_dsp48e1_B[11]_P[8])
                                                      3.838     8.861 r  bd_0_i/hls_inst/inst/mul_9s_8s_9_1_1_U58/tmp_product/P[8]
                         net (fo=22, routed)          1.020     9.881    bd_0_i/hls_inst/inst/mul_9s_9s_9_1_1_U60/tmp_product_1[8]
    DSP48_X3Y5           DSP48E1                                      r  bd_0_i/hls_inst/inst/mul_9s_9s_9_1_1_U60/tmp_product/A[24]
  -------------------------------------------------------------------    -------------------

                         (clock ap_clk rise edge)    10.000    10.000 r  
                                                      0.000    10.000 r  ap_clk (IN)
                         net (fo=864, unset)          0.924    10.924    bd_0_i/hls_inst/inst/mul_9s_9s_9_1_1_U60/ap_clk
    DSP48_X3Y5           DSP48E1                                      r  bd_0_i/hls_inst/inst/mul_9s_9s_9_1_1_U60/tmp_product/CLK
                         clock pessimism              0.000    10.924    
                         clock uncertainty           -0.035    10.889    
    DSP48_X3Y5           DSP48E1 (Setup_dsp48e1_CLK_A[24])
                                                     -0.362    10.527    bd_0_i/hls_inst/inst/mul_9s_9s_9_1_1_U60/tmp_product
  -------------------------------------------------------------------
                         required time                         10.527    
                         arrival time                          -9.881    
  -------------------------------------------------------------------
                         slack                                  0.646    

Slack (MET) :             0.646ns  (required time - arrival time)
  Source:                 bd_0_i/hls_inst/inst/trunc_ln286_reg_2351_reg[1]/C
                            (rising edge-triggered cell FDRE clocked by ap_clk  {rise@0.000ns fall@5.000ns period=10.000ns})
  Destination:            bd_0_i/hls_inst/inst/mul_9s_9s_9_1_1_U60/tmp_product/A[25]
                            (rising edge-triggered cell DSP48E1 clocked by ap_clk  {rise@0.000ns fall@5.000ns period=10.000ns})
  Path Group:             ap_clk
  Path Type:              Setup (Max at Slow Process Corner)
  Requirement:            10.000ns  (ap_clk rise@10.000ns - ap_clk rise@0.000ns)
  Data Path Delay:        8.908ns  (logic 5.297ns (59.465%)  route 3.611ns (40.535%))
  Logic Levels:           4  (CARRY4=2 DSP48E1=1 LUT2=1)
  Clock Path Skew:        -0.049ns (DCD - SCD + CPR)
    Destination Clock Delay (DCD):    0.924ns = ( 10.924 - 10.000 ) 
    Source Clock Delay      (SCD):    0.973ns
    Clock Pessimism Removal (CPR):    0.000ns
  Clock Uncertainty:      0.035ns  ((TSJ^2 + TIJ^2)^1/2 + DJ) / 2 + PE
    Total System Jitter     (TSJ):    0.071ns
    Total Input Jitter      (TIJ):    0.000ns
    Discrete Jitter          (DJ):    0.000ns
    Phase Error              (PE):    0.000ns

    Location             Delay type                Incr(ns)  Path(ns)    Netlist Resource(s)
  -------------------------------------------------------------------    -------------------
                         (clock ap_clk rise edge)     0.000     0.000 r  
                                                      0.000     0.000 r  ap_clk (IN)
                         net (fo=864, unset)          0.973     0.973    bd_0_i/hls_inst/inst/ap_clk
    SLICE_X48Y23         FDRE                                         r  bd_0_i/hls_inst/inst/trunc_ln286_reg_2351_reg[1]/C
  -------------------------------------------------------------------    -------------------
    SLICE_X48Y23         FDRE (Prop_fdre_C_Q)         0.456     1.429 r  bd_0_i/hls_inst/inst/trunc_ln286_reg_2351_reg[1]/Q
                         net (fo=20, routed)          1.601     3.030    bd_0_i/hls_inst/inst/mul_9s_8s_9_1_1_U58/trunc_ln286_reg_2351[1]
    SLICE_X84Y18         LUT2 (Prop_lut2_I0_O)        0.124     3.154 r  bd_0_i/hls_inst/inst/mul_9s_8s_9_1_1_U58/tmp_product_i_4__1/O
                         net (fo=1, routed)           0.000     3.154    bd_0_i/hls_inst/inst/mul_9s_8s_9_1_1_U58/tmp_product_i_4__1_n_0
    SLICE_X84Y18         CARRY4 (Prop_carry4_S[1]_CO[3])
                                                      0.550     3.704 r  bd_0_i/hls_inst/inst/mul_9s_8s_9_1_1_U58/tmp_product_i_1/CO[3]
                         net (fo=1, routed)           0.000     3.704    bd_0_i/hls_inst/inst/mul_9s_8s_9_1_1_U58/tmp_product_i_1_n_0
    SLICE_X84Y19         CARRY4 (Prop_carry4_CI_O[3])
                                                      0.329     4.033 r  bd_0_i/hls_inst/inst/mul_9s_8s_9_1_1_U58/sext_ln306_reg_2476_reg[7]_i_1/O[3]
                         net (fo=12, routed)          0.991     5.023    bd_0_i/hls_inst/inst/mul_9s_8s_9_1_1_U58/B[7]
    DSP48_X3Y7           DSP48E1 (Prop_dsp48e1_B[11]_P[8])
                                                      3.838     8.861 r  bd_0_i/hls_inst/inst/mul_9s_8s_9_1_1_U58/tmp_product/P[8]
                         net (fo=22, routed)          1.020     9.881    bd_0_i/hls_inst/inst/mul_9s_9s_9_1_1_U60/tmp_product_1[8]
    DSP48_X3Y5           DSP48E1                                      r  bd_0_i/hls_inst/inst/mul_9s_9s_9_1_1_U60/tmp_product/A[25]
  -------------------------------------------------------------------    -------------------

                         (clock ap_clk rise edge)    10.000    10.000 r  
                                                      0.000    10.000 r  ap_clk (IN)
                         net (fo=864, unset)          0.924    10.924    bd_0_i/hls_inst/inst/mul_9s_9s_9_1_1_U60/ap_clk
    DSP48_X3Y5           DSP48E1                                      r  bd_0_i/hls_inst/inst/mul_9s_9s_9_1_1_U60/tmp_product/CLK
                         clock pessimism              0.000    10.924    
                         clock uncertainty           -0.035    10.889    
    DSP48_X3Y5           DSP48E1 (Setup_dsp48e1_CLK_A[25])
                                                     -0.362    10.527    bd_0_i/hls_inst/inst/mul_9s_9s_9_1_1_U60/tmp_product
  -------------------------------------------------------------------
                         required time                         10.527    
                         arrival time                          -9.881    
  -------------------------------------------------------------------
                         slack                                  0.646    

Slack (MET) :             0.646ns  (required time - arrival time)
  Source:                 bd_0_i/hls_inst/inst/trunc_ln286_reg_2351_reg[1]/C
                            (rising edge-triggered cell FDRE clocked by ap_clk  {rise@0.000ns fall@5.000ns period=10.000ns})
  Destination:            bd_0_i/hls_inst/inst/mul_9s_9s_9_1_1_U60/tmp_product/A[26]
                            (rising edge-triggered cell DSP48E1 clocked by ap_clk  {rise@0.000ns fall@5.000ns period=10.000ns})
  Path Group:             ap_clk
  Path Type:              Setup (Max at Slow Process Corner)
  Requirement:            10.000ns  (ap_clk rise@10.000ns - ap_clk rise@0.000ns)
  Data Path Delay:        8.908ns  (logic 5.297ns (59.465%)  route 3.611ns (40.535%))
  Logic Levels:           4  (CARRY4=2 DSP48E1=1 LUT2=1)
  Clock Path Skew:        -0.049ns (DCD - SCD + CPR)
    Destination Clock Delay (DCD):    0.924ns = ( 10.924 - 10.000 ) 
    Source Clock Delay      (SCD):    0.973ns
    Clock Pessimism Removal (CPR):    0.000ns
  Clock Uncertainty:      0.035ns  ((TSJ^2 + TIJ^2)^1/2 + DJ) / 2 + PE
    Total System Jitter     (TSJ):    0.071ns
    Total Input Jitter      (TIJ):    0.000ns
    Discrete Jitter          (DJ):    0.000ns
    Phase Error              (PE):    0.000ns

    Location             Delay type                Incr(ns)  Path(ns)    Netlist Resource(s)
  -------------------------------------------------------------------    -------------------
                         (clock ap_clk rise edge)     0.000     0.000 r  
                                                      0.000     0.000 r  ap_clk (IN)
                         net (fo=864, unset)          0.973     0.973    bd_0_i/hls_inst/inst/ap_clk
    SLICE_X48Y23         FDRE                                         r  bd_0_i/hls_inst/inst/trunc_ln286_reg_2351_reg[1]/C
  -------------------------------------------------------------------    -------------------
    SLICE_X48Y23         FDRE (Prop_fdre_C_Q)         0.456     1.429 r  bd_0_i/hls_inst/inst/trunc_ln286_reg_2351_reg[1]/Q
                         net (fo=20, routed)          1.601     3.030    bd_0_i/hls_inst/inst/mul_9s_8s_9_1_1_U58/trunc_ln286_reg_2351[1]
    SLICE_X84Y18         LUT2 (Prop_lut2_I0_O)        0.124     3.154 r  bd_0_i/hls_inst/inst/mul_9s_8s_9_1_1_U58/tmp_product_i_4__1/O
                         net (fo=1, routed)           0.000     3.154    bd_0_i/hls_inst/inst/mul_9s_8s_9_1_1_U58/tmp_product_i_4__1_n_0
    SLICE_X84Y18         CARRY4 (Prop_carry4_S[1]_CO[3])
                                                      0.550     3.704 r  bd_0_i/hls_inst/inst/mul_9s_8s_9_1_1_U58/tmp_product_i_1/CO[3]
                         net (fo=1, routed)           0.000     3.704    bd_0_i/hls_inst/inst/mul_9s_8s_9_1_1_U58/tmp_product_i_1_n_0
    SLICE_X84Y19         CARRY4 (Prop_carry4_CI_O[3])
                                                      0.329     4.033 r  bd_0_i/hls_inst/inst/mul_9s_8s_9_1_1_U58/sext_ln306_reg_2476_reg[7]_i_1/O[3]
                         net (fo=12, routed)          0.991     5.023    bd_0_i/hls_inst/inst/mul_9s_8s_9_1_1_U58/B[7]
    DSP48_X3Y7           DSP48E1 (Prop_dsp48e1_B[11]_P[8])
                                                      3.838     8.861 r  bd_0_i/hls_inst/inst/mul_9s_8s_9_1_1_U58/tmp_product/P[8]
                         net (fo=22, routed)          1.020     9.881    bd_0_i/hls_inst/inst/mul_9s_9s_9_1_1_U60/tmp_product_1[8]
    DSP48_X3Y5           DSP48E1                                      r  bd_0_i/hls_inst/inst/mul_9s_9s_9_1_1_U60/tmp_product/A[26]
  -------------------------------------------------------------------    -------------------

                         (clock ap_clk rise edge)    10.000    10.000 r  
                                                      0.000    10.000 r  ap_clk (IN)
                         net (fo=864, unset)          0.924    10.924    bd_0_i/hls_inst/inst/mul_9s_9s_9_1_1_U60/ap_clk
    DSP48_X3Y5           DSP48E1                                      r  bd_0_i/hls_inst/inst/mul_9s_9s_9_1_1_U60/tmp_product/CLK
                         clock pessimism              0.000    10.924    
                         clock uncertainty           -0.035    10.889    
    DSP48_X3Y5           DSP48E1 (Setup_dsp48e1_CLK_A[26])
                                                     -0.362    10.527    bd_0_i/hls_inst/inst/mul_9s_9s_9_1_1_U60/tmp_product
  -------------------------------------------------------------------
                         required time                         10.527    
                         arrival time                          -9.881    
  -------------------------------------------------------------------
                         slack                                  0.646    

Slack (MET) :             0.646ns  (required time - arrival time)
  Source:                 bd_0_i/hls_inst/inst/trunc_ln286_reg_2351_reg[1]/C
                            (rising edge-triggered cell FDRE clocked by ap_clk  {rise@0.000ns fall@5.000ns period=10.000ns})
  Destination:            bd_0_i/hls_inst/inst/mul_9s_9s_9_1_1_U60/tmp_product/A[27]
                            (rising edge-triggered cell DSP48E1 clocked by ap_clk  {rise@0.000ns fall@5.000ns period=10.000ns})
  Path Group:             ap_clk
  Path Type:              Setup (Max at Slow Process Corner)
  Requirement:            10.000ns  (ap_clk rise@10.000ns - ap_clk rise@0.000ns)
  Data Path Delay:        8.908ns  (logic 5.297ns (59.465%)  route 3.611ns (40.535%))
  Logic Levels:           4  (CARRY4=2 DSP48E1=1 LUT2=1)
  Clock Path Skew:        -0.049ns (DCD - SCD + CPR)
    Destination Clock Delay (DCD):    0.924ns = ( 10.924 - 10.000 ) 
    Source Clock Delay      (SCD):    0.973ns
    Clock Pessimism Removal (CPR):    0.000ns
  Clock Uncertainty:      0.035ns  ((TSJ^2 + TIJ^2)^1/2 + DJ) / 2 + PE
    Total System Jitter     (TSJ):    0.071ns
    Total Input Jitter      (TIJ):    0.000ns
    Discrete Jitter          (DJ):    0.000ns
    Phase Error              (PE):    0.000ns

    Location             Delay type                Incr(ns)  Path(ns)    Netlist Resource(s)
  -------------------------------------------------------------------    -------------------
                         (clock ap_clk rise edge)     0.000     0.000 r  
                                                      0.000     0.000 r  ap_clk (IN)
                         net (fo=864, unset)          0.973     0.973    bd_0_i/hls_inst/inst/ap_clk
    SLICE_X48Y23         FDRE                                         r  bd_0_i/hls_inst/inst/trunc_ln286_reg_2351_reg[1]/C
  -------------------------------------------------------------------    -------------------
    SLICE_X48Y23         FDRE (Prop_fdre_C_Q)         0.456     1.429 r  bd_0_i/hls_inst/inst/trunc_ln286_reg_2351_reg[1]/Q
                         net (fo=20, routed)          1.601     3.030    bd_0_i/hls_inst/inst/mul_9s_8s_9_1_1_U58/trunc_ln286_reg_2351[1]
    SLICE_X84Y18         LUT2 (Prop_lut2_I0_O)        0.124     3.154 r  bd_0_i/hls_inst/inst/mul_9s_8s_9_1_1_U58/tmp_product_i_4__1/O
                         net (fo=1, routed)           0.000     3.154    bd_0_i/hls_inst/inst/mul_9s_8s_9_1_1_U58/tmp_product_i_4__1_n_0
    SLICE_X84Y18         CARRY4 (Prop_carry4_S[1]_CO[3])
                                                      0.550     3.704 r  bd_0_i/hls_inst/inst/mul_9s_8s_9_1_1_U58/tmp_product_i_1/CO[3]
                         net (fo=1, routed)           0.000     3.704    bd_0_i/hls_inst/inst/mul_9s_8s_9_1_1_U58/tmp_product_i_1_n_0
    SLICE_X84Y19         CARRY4 (Prop_carry4_CI_O[3])
                                                      0.329     4.033 r  bd_0_i/hls_inst/inst/mul_9s_8s_9_1_1_U58/sext_ln306_reg_2476_reg[7]_i_1/O[3]
                         net (fo=12, routed)          0.991     5.023    bd_0_i/hls_inst/inst/mul_9s_8s_9_1_1_U58/B[7]
    DSP48_X3Y7           DSP48E1 (Prop_dsp48e1_B[11]_P[8])
                                                      3.838     8.861 r  bd_0_i/hls_inst/inst/mul_9s_8s_9_1_1_U58/tmp_product/P[8]
                         net (fo=22, routed)          1.020     9.881    bd_0_i/hls_inst/inst/mul_9s_9s_9_1_1_U60/tmp_product_1[8]
    DSP48_X3Y5           DSP48E1                                      r  bd_0_i/hls_inst/inst/mul_9s_9s_9_1_1_U60/tmp_product/A[27]
  -------------------------------------------------------------------    -------------------

                         (clock ap_clk rise edge)    10.000    10.000 r  
                                                      0.000    10.000 r  ap_clk (IN)
                         net (fo=864, unset)          0.924    10.924    bd_0_i/hls_inst/inst/mul_9s_9s_9_1_1_U60/ap_clk
    DSP48_X3Y5           DSP48E1                                      r  bd_0_i/hls_inst/inst/mul_9s_9s_9_1_1_U60/tmp_product/CLK
                         clock pessimism              0.000    10.924    
                         clock uncertainty           -0.035    10.889    
    DSP48_X3Y5           DSP48E1 (Setup_dsp48e1_CLK_A[27])
                                                     -0.362    10.527    bd_0_i/hls_inst/inst/mul_9s_9s_9_1_1_U60/tmp_product
  -------------------------------------------------------------------
                         required time                         10.527    
                         arrival time                          -9.881    
  -------------------------------------------------------------------
                         slack                                  0.646    





Min Delay Paths
--------------------------------------------------------------------------------------
Slack (MET) :             0.100ns  (arrival time - required time)
  Source:                 bd_0_i/hls_inst/inst/am_addmul_7s_7s_7s_7_4_1_U117/case_11_am_addmul_7s_7s_7s_7_4_1_DSP48_0_U/m_reg_reg[0]/C
                            (rising edge-triggered cell FDRE clocked by ap_clk  {rise@0.000ns fall@5.000ns period=10.000ns})
  Destination:            bd_0_i/hls_inst/inst/am_addmul_7s_7s_7s_7_4_1_U117/case_11_am_addmul_7s_7s_7s_7_4_1_DSP48_0_U/p_reg_reg[0]/D
                            (rising edge-triggered cell FDRE clocked by ap_clk  {rise@0.000ns fall@5.000ns period=10.000ns})
  Path Group:             ap_clk
  Path Type:              Hold (Min at Fast Process Corner)
  Requirement:            0.000ns  (ap_clk rise@0.000ns - ap_clk rise@0.000ns)
  Data Path Delay:        0.197ns  (logic 0.141ns (71.611%)  route 0.056ns (28.389%))
  Logic Levels:           0  
  Clock Path Skew:        0.022ns (DCD - SCD - CPR)
    Destination Clock Delay (DCD):    0.432ns
    Source Clock Delay      (SCD):    0.410ns
    Clock Pessimism Removal (CPR):    -0.000ns

    Location             Delay type                Incr(ns)  Path(ns)    Netlist Resource(s)
  -------------------------------------------------------------------    -------------------
                         (clock ap_clk rise edge)     0.000     0.000 r  
                                                      0.000     0.000 r  ap_clk (IN)
                         net (fo=864, unset)          0.410     0.410    bd_0_i/hls_inst/inst/am_addmul_7s_7s_7s_7_4_1_U117/case_11_am_addmul_7s_7s_7s_7_4_1_DSP48_0_U/ap_clk
    SLICE_X13Y7          FDRE                                         r  bd_0_i/hls_inst/inst/am_addmul_7s_7s_7s_7_4_1_U117/case_11_am_addmul_7s_7s_7s_7_4_1_DSP48_0_U/m_reg_reg[0]/C
  -------------------------------------------------------------------    -------------------
    SLICE_X13Y7          FDRE (Prop_fdre_C_Q)         0.141     0.551 r  bd_0_i/hls_inst/inst/am_addmul_7s_7s_7s_7_4_1_U117/case_11_am_addmul_7s_7s_7s_7_4_1_DSP48_0_U/m_reg_reg[0]/Q
                         net (fo=1, routed)           0.056     0.607    bd_0_i/hls_inst/inst/am_addmul_7s_7s_7s_7_4_1_U117/case_11_am_addmul_7s_7s_7s_7_4_1_DSP48_0_U/m_reg_reg_n_0_[0]
    SLICE_X13Y7          FDRE                                         r  bd_0_i/hls_inst/inst/am_addmul_7s_7s_7s_7_4_1_U117/case_11_am_addmul_7s_7s_7s_7_4_1_DSP48_0_U/p_reg_reg[0]/D
  -------------------------------------------------------------------    -------------------

                         (clock ap_clk rise edge)     0.000     0.000 r  
                                                      0.000     0.000 r  ap_clk (IN)
                         net (fo=864, unset)          0.432     0.432    bd_0_i/hls_inst/inst/am_addmul_7s_7s_7s_7_4_1_U117/case_11_am_addmul_7s_7s_7s_7_4_1_DSP48_0_U/ap_clk
    SLICE_X13Y7          FDRE                                         r  bd_0_i/hls_inst/inst/am_addmul_7s_7s_7s_7_4_1_U117/case_11_am_addmul_7s_7s_7s_7_4_1_DSP48_0_U/p_reg_reg[0]/C
                         clock pessimism              0.000     0.432    
    SLICE_X13Y7          FDRE (Hold_fdre_C_D)         0.075     0.507    bd_0_i/hls_inst/inst/am_addmul_7s_7s_7s_7_4_1_U117/case_11_am_addmul_7s_7s_7s_7_4_1_DSP48_0_U/p_reg_reg[0]
  -------------------------------------------------------------------
                         required time                         -0.507    
                         arrival time                           0.607    
  -------------------------------------------------------------------
                         slack                                  0.100    

Slack (MET) :             0.104ns  (arrival time - required time)
  Source:                 bd_0_i/hls_inst/inst/am_addmul_7s_7s_7s_7_4_1_U117/case_11_am_addmul_7s_7s_7s_7_4_1_DSP48_0_U/m_reg_reg[1]/C
                            (rising edge-triggered cell FDRE clocked by ap_clk  {rise@0.000ns fall@5.000ns period=10.000ns})
  Destination:            bd_0_i/hls_inst/inst/am_addmul_7s_7s_7s_7_4_1_U117/case_11_am_addmul_7s_7s_7s_7_4_1_DSP48_0_U/p_reg_reg[1]/D
                            (rising edge-triggered cell FDRE clocked by ap_clk  {rise@0.000ns fall@5.000ns period=10.000ns})
  Path Group:             ap_clk
  Path Type:              Hold (Min at Fast Process Corner)
  Requirement:            0.000ns  (ap_clk rise@0.000ns - ap_clk rise@0.000ns)
  Data Path Delay:        0.197ns  (logic 0.141ns (71.611%)  route 0.056ns (28.389%))
  Logic Levels:           0  
  Clock Path Skew:        0.022ns (DCD - SCD - CPR)
    Destination Clock Delay (DCD):    0.432ns
    Source Clock Delay      (SCD):    0.410ns
    Clock Pessimism Removal (CPR):    -0.000ns

    Location             Delay type                Incr(ns)  Path(ns)    Netlist Resource(s)
  -------------------------------------------------------------------    -------------------
                         (clock ap_clk rise edge)     0.000     0.000 r  
                                                      0.000     0.000 r  ap_clk (IN)
                         net (fo=864, unset)          0.410     0.410    bd_0_i/hls_inst/inst/am_addmul_7s_7s_7s_7_4_1_U117/case_11_am_addmul_7s_7s_7s_7_4_1_DSP48_0_U/ap_clk
    SLICE_X13Y7          FDRE                                         r  bd_0_i/hls_inst/inst/am_addmul_7s_7s_7s_7_4_1_U117/case_11_am_addmul_7s_7s_7s_7_4_1_DSP48_0_U/m_reg_reg[1]/C
  -------------------------------------------------------------------    -------------------
    SLICE_X13Y7          FDRE (Prop_fdre_C_Q)         0.141     0.551 r  bd_0_i/hls_inst/inst/am_addmul_7s_7s_7s_7_4_1_U117/case_11_am_addmul_7s_7s_7s_7_4_1_DSP48_0_U/m_reg_reg[1]/Q
                         net (fo=1, routed)           0.056     0.607    bd_0_i/hls_inst/inst/am_addmul_7s_7s_7s_7_4_1_U117/case_11_am_addmul_7s_7s_7s_7_4_1_DSP48_0_U/m_reg_reg_n_0_[1]
    SLICE_X13Y7          FDRE                                         r  bd_0_i/hls_inst/inst/am_addmul_7s_7s_7s_7_4_1_U117/case_11_am_addmul_7s_7s_7s_7_4_1_DSP48_0_U/p_reg_reg[1]/D
  -------------------------------------------------------------------    -------------------

                         (clock ap_clk rise edge)     0.000     0.000 r  
                                                      0.000     0.000 r  ap_clk (IN)
                         net (fo=864, unset)          0.432     0.432    bd_0_i/hls_inst/inst/am_addmul_7s_7s_7s_7_4_1_U117/case_11_am_addmul_7s_7s_7s_7_4_1_DSP48_0_U/ap_clk
    SLICE_X13Y7          FDRE                                         r  bd_0_i/hls_inst/inst/am_addmul_7s_7s_7s_7_4_1_U117/case_11_am_addmul_7s_7s_7s_7_4_1_DSP48_0_U/p_reg_reg[1]/C
                         clock pessimism              0.000     0.432    
    SLICE_X13Y7          FDRE (Hold_fdre_C_D)         0.071     0.503    bd_0_i/hls_inst/inst/am_addmul_7s_7s_7s_7_4_1_U117/case_11_am_addmul_7s_7s_7s_7_4_1_DSP48_0_U/p_reg_reg[1]
  -------------------------------------------------------------------
                         required time                         -0.503    
                         arrival time                           0.607    
  -------------------------------------------------------------------
                         slack                                  0.104    

Slack (MET) :             0.122ns  (arrival time - required time)
  Source:                 bd_0_i/hls_inst/inst/am_addmul_7s_6s_7s_7_4_1_U115/case_11_am_addmul_7s_6s_7s_7_4_1_DSP48_0_U/m_reg_reg[3]/C
                            (rising edge-triggered cell FDRE clocked by ap_clk  {rise@0.000ns fall@5.000ns period=10.000ns})
  Destination:            bd_0_i/hls_inst/inst/am_addmul_7s_6s_7s_7_4_1_U115/case_11_am_addmul_7s_6s_7s_7_4_1_DSP48_0_U/p_reg_reg[3]/D
                            (rising edge-triggered cell FDRE clocked by ap_clk  {rise@0.000ns fall@5.000ns period=10.000ns})
  Path Group:             ap_clk
  Path Type:              Hold (Min at Fast Process Corner)
  Requirement:            0.000ns  (ap_clk rise@0.000ns - ap_clk rise@0.000ns)
  Data Path Delay:        0.228ns  (logic 0.141ns (61.814%)  route 0.087ns (38.186%))
  Logic Levels:           0  
  Clock Path Skew:        0.022ns (DCD - SCD - CPR)
    Destination Clock Delay (DCD):    0.432ns
    Source Clock Delay      (SCD):    0.410ns
    Clock Pessimism Removal (CPR):    -0.000ns

    Location             Delay type                Incr(ns)  Path(ns)    Netlist Resource(s)
  -------------------------------------------------------------------    -------------------
                         (clock ap_clk rise edge)     0.000     0.000 r  
                                                      0.000     0.000 r  ap_clk (IN)
                         net (fo=864, unset)          0.410     0.410    bd_0_i/hls_inst/inst/am_addmul_7s_6s_7s_7_4_1_U115/case_11_am_addmul_7s_6s_7s_7_4_1_DSP48_0_U/ap_clk
    SLICE_X19Y18         FDRE                                         r  bd_0_i/hls_inst/inst/am_addmul_7s_6s_7s_7_4_1_U115/case_11_am_addmul_7s_6s_7s_7_4_1_DSP48_0_U/m_reg_reg[3]/C
  -------------------------------------------------------------------    -------------------
    SLICE_X19Y18         FDRE (Prop_fdre_C_Q)         0.141     0.551 r  bd_0_i/hls_inst/inst/am_addmul_7s_6s_7s_7_4_1_U115/case_11_am_addmul_7s_6s_7s_7_4_1_DSP48_0_U/m_reg_reg[3]/Q
                         net (fo=1, routed)           0.087     0.638    bd_0_i/hls_inst/inst/am_addmul_7s_6s_7s_7_4_1_U115/case_11_am_addmul_7s_6s_7s_7_4_1_DSP48_0_U/m_reg_reg_n_0_[3]
    SLICE_X18Y18         FDRE                                         r  bd_0_i/hls_inst/inst/am_addmul_7s_6s_7s_7_4_1_U115/case_11_am_addmul_7s_6s_7s_7_4_1_DSP48_0_U/p_reg_reg[3]/D
  -------------------------------------------------------------------    -------------------

                         (clock ap_clk rise edge)     0.000     0.000 r  
                                                      0.000     0.000 r  ap_clk (IN)
                         net (fo=864, unset)          0.432     0.432    bd_0_i/hls_inst/inst/am_addmul_7s_6s_7s_7_4_1_U115/case_11_am_addmul_7s_6s_7s_7_4_1_DSP48_0_U/ap_clk
    SLICE_X18Y18         FDRE                                         r  bd_0_i/hls_inst/inst/am_addmul_7s_6s_7s_7_4_1_U115/case_11_am_addmul_7s_6s_7s_7_4_1_DSP48_0_U/p_reg_reg[3]/C
                         clock pessimism              0.000     0.432    
    SLICE_X18Y18         FDRE (Hold_fdre_C_D)         0.085     0.517    bd_0_i/hls_inst/inst/am_addmul_7s_6s_7s_7_4_1_U115/case_11_am_addmul_7s_6s_7s_7_4_1_DSP48_0_U/p_reg_reg[3]
  -------------------------------------------------------------------
                         required time                         -0.517    
                         arrival time                           0.638    
  -------------------------------------------------------------------
                         slack                                  0.122    

Slack (MET) :             0.144ns  (arrival time - required time)
  Source:                 bd_0_i/hls_inst/inst/mul_ln380_1_reg_2839_reg[0]/C
                            (rising edge-triggered cell FDRE clocked by ap_clk  {rise@0.000ns fall@5.000ns period=10.000ns})
  Destination:            bd_0_i/hls_inst/inst/out_data_22_preg_reg[1]/D
                            (rising edge-triggered cell FDRE clocked by ap_clk  {rise@0.000ns fall@5.000ns period=10.000ns})
  Path Group:             ap_clk
  Path Type:              Hold (Min at Fast Process Corner)
  Requirement:            0.000ns  (ap_clk rise@0.000ns - ap_clk rise@0.000ns)
  Data Path Delay:        0.285ns  (logic 0.186ns (65.209%)  route 0.099ns (34.791%))
  Logic Levels:           1  (LUT6=1)
  Clock Path Skew:        0.022ns (DCD - SCD - CPR)
    Destination Clock Delay (DCD):    0.432ns
    Source Clock Delay      (SCD):    0.410ns
    Clock Pessimism Removal (CPR):    -0.000ns

    Location             Delay type                Incr(ns)  Path(ns)    Netlist Resource(s)
  -------------------------------------------------------------------    -------------------
                         (clock ap_clk rise edge)     0.000     0.000 r  
                                                      0.000     0.000 r  ap_clk (IN)
                         net (fo=864, unset)          0.410     0.410    bd_0_i/hls_inst/inst/ap_clk
    SLICE_X19Y7          FDRE                                         r  bd_0_i/hls_inst/inst/mul_ln380_1_reg_2839_reg[0]/C
  -------------------------------------------------------------------    -------------------
    SLICE_X19Y7          FDRE (Prop_fdre_C_Q)         0.141     0.551 r  bd_0_i/hls_inst/inst/mul_ln380_1_reg_2839_reg[0]/Q
                         net (fo=4, routed)           0.099     0.650    bd_0_i/hls_inst/inst/am_addmul_7s_7s_7s_7_4_1_U117/case_11_am_addmul_7s_7s_7s_7_4_1_DSP48_0_U/out_data_22_preg_reg[15][0]
    SLICE_X18Y7          LUT6 (Prop_lut6_I3_O)        0.045     0.695 r  bd_0_i/hls_inst/inst/am_addmul_7s_7s_7s_7_4_1_U117/case_11_am_addmul_7s_7s_7s_7_4_1_DSP48_0_U/out_data_22[1]_INST_0/O
                         net (fo=1, routed)           0.000     0.695    bd_0_i/hls_inst/inst/out_data_22[1]
    SLICE_X18Y7          FDRE                                         r  bd_0_i/hls_inst/inst/out_data_22_preg_reg[1]/D
  -------------------------------------------------------------------    -------------------

                         (clock ap_clk rise edge)     0.000     0.000 r  
                                                      0.000     0.000 r  ap_clk (IN)
                         net (fo=864, unset)          0.432     0.432    bd_0_i/hls_inst/inst/ap_clk
    SLICE_X18Y7          FDRE                                         r  bd_0_i/hls_inst/inst/out_data_22_preg_reg[1]/C
                         clock pessimism              0.000     0.432    
    SLICE_X18Y7          FDRE (Hold_fdre_C_D)         0.120     0.552    bd_0_i/hls_inst/inst/out_data_22_preg_reg[1]
  -------------------------------------------------------------------
                         required time                         -0.552    
                         arrival time                           0.695    
  -------------------------------------------------------------------
                         slack                                  0.144    

Slack (MET) :             0.157ns  (arrival time - required time)
  Source:                 bd_0_i/hls_inst/inst/trunc_ln241_1_reg_2032_reg[0]/C
                            (rising edge-triggered cell FDRE clocked by ap_clk  {rise@0.000ns fall@5.000ns period=10.000ns})
  Destination:            bd_0_i/hls_inst/inst/out_data_0_preg_reg[1]/D
                            (rising edge-triggered cell FDRE clocked by ap_clk  {rise@0.000ns fall@5.000ns period=10.000ns})
  Path Group:             ap_clk
  Path Type:              Hold (Min at Fast Process Corner)
  Requirement:            0.000ns  (ap_clk rise@0.000ns - ap_clk rise@0.000ns)
  Data Path Delay:        0.309ns  (logic 0.189ns (61.083%)  route 0.120ns (38.917%))
  Logic Levels:           1  (LUT4=1)
  Clock Path Skew:        0.022ns (DCD - SCD - CPR)
    Destination Clock Delay (DCD):    0.432ns
    Source Clock Delay      (SCD):    0.410ns
    Clock Pessimism Removal (CPR):    -0.000ns

    Location             Delay type                Incr(ns)  Path(ns)    Netlist Resource(s)
  -------------------------------------------------------------------    -------------------
                         (clock ap_clk rise edge)     0.000     0.000 r  
                                                      0.000     0.000 r  ap_clk (IN)
                         net (fo=864, unset)          0.410     0.410    bd_0_i/hls_inst/inst/ap_clk
    SLICE_X39Y39         FDRE                                         r  bd_0_i/hls_inst/inst/trunc_ln241_1_reg_2032_reg[0]/C
  -------------------------------------------------------------------    -------------------
    SLICE_X39Y39         FDRE (Prop_fdre_C_Q)         0.141     0.551 r  bd_0_i/hls_inst/inst/trunc_ln241_1_reg_2032_reg[0]/Q
                         net (fo=5, routed)           0.120     0.672    bd_0_i/hls_inst/inst/mul_7s_7s_7_1_1_U10/out_data_0_preg_reg[15][0]
    SLICE_X38Y39         LUT4 (Prop_lut4_I0_O)        0.048     0.720 r  bd_0_i/hls_inst/inst/mul_7s_7s_7_1_1_U10/out_data_0_preg[1]_i_1/O
                         net (fo=1, routed)           0.000     0.720    bd_0_i/hls_inst/inst/mul_7s_7s_7_1_1_U10_n_12
    SLICE_X38Y39         FDRE                                         r  bd_0_i/hls_inst/inst/out_data_0_preg_reg[1]/D
  -------------------------------------------------------------------    -------------------

                         (clock ap_clk rise edge)     0.000     0.000 r  
                                                      0.000     0.000 r  ap_clk (IN)
                         net (fo=864, unset)          0.432     0.432    bd_0_i/hls_inst/inst/ap_clk
    SLICE_X38Y39         FDRE                                         r  bd_0_i/hls_inst/inst/out_data_0_preg_reg[1]/C
                         clock pessimism              0.000     0.432    
    SLICE_X38Y39         FDRE (Hold_fdre_C_D)         0.131     0.563    bd_0_i/hls_inst/inst/out_data_0_preg_reg[1]
  -------------------------------------------------------------------
                         required time                         -0.563    
                         arrival time                           0.720    
  -------------------------------------------------------------------
                         slack                                  0.157    

Slack (MET) :             0.157ns  (arrival time - required time)
  Source:                 bd_0_i/hls_inst/inst/am_addmul_7s_6s_7s_7_4_1_U115/case_11_am_addmul_7s_6s_7s_7_4_1_DSP48_0_U/m_reg_reg[5]/C
                            (rising edge-triggered cell FDRE clocked by ap_clk  {rise@0.000ns fall@5.000ns period=10.000ns})
  Destination:            bd_0_i/hls_inst/inst/am_addmul_7s_6s_7s_7_4_1_U115/case_11_am_addmul_7s_6s_7s_7_4_1_DSP48_0_U/p_reg_reg[5]/D
                            (rising edge-triggered cell FDRE clocked by ap_clk  {rise@0.000ns fall@5.000ns period=10.000ns})
  Path Group:             ap_clk
  Path Type:              Hold (Min at Fast Process Corner)
  Requirement:            0.000ns  (ap_clk rise@0.000ns - ap_clk rise@0.000ns)
  Data Path Delay:        0.254ns  (logic 0.141ns (55.511%)  route 0.113ns (44.489%))
  Logic Levels:           0  
  Clock Path Skew:        0.022ns (DCD - SCD - CPR)
    Destination Clock Delay (DCD):    0.432ns
    Source Clock Delay      (SCD):    0.410ns
    Clock Pessimism Removal (CPR):    -0.000ns

    Location             Delay type                Incr(ns)  Path(ns)    Netlist Resource(s)
  -------------------------------------------------------------------    -------------------
                         (clock ap_clk rise edge)     0.000     0.000 r  
                                                      0.000     0.000 r  ap_clk (IN)
                         net (fo=864, unset)          0.410     0.410    bd_0_i/hls_inst/inst/am_addmul_7s_6s_7s_7_4_1_U115/case_11_am_addmul_7s_6s_7s_7_4_1_DSP48_0_U/ap_clk
    SLICE_X19Y18         FDRE                                         r  bd_0_i/hls_inst/inst/am_addmul_7s_6s_7s_7_4_1_U115/case_11_am_addmul_7s_6s_7s_7_4_1_DSP48_0_U/m_reg_reg[5]/C
  -------------------------------------------------------------------    -------------------
    SLICE_X19Y18         FDRE (Prop_fdre_C_Q)         0.141     0.551 r  bd_0_i/hls_inst/inst/am_addmul_7s_6s_7s_7_4_1_U115/case_11_am_addmul_7s_6s_7s_7_4_1_DSP48_0_U/m_reg_reg[5]/Q
                         net (fo=1, routed)           0.113     0.664    bd_0_i/hls_inst/inst/am_addmul_7s_6s_7s_7_4_1_U115/case_11_am_addmul_7s_6s_7s_7_4_1_DSP48_0_U/m_reg_reg_n_0_[5]
    SLICE_X19Y18         FDRE                                         r  bd_0_i/hls_inst/inst/am_addmul_7s_6s_7s_7_4_1_U115/case_11_am_addmul_7s_6s_7s_7_4_1_DSP48_0_U/p_reg_reg[5]/D
  -------------------------------------------------------------------    -------------------

                         (clock ap_clk rise edge)     0.000     0.000 r  
                                                      0.000     0.000 r  ap_clk (IN)
                         net (fo=864, unset)          0.432     0.432    bd_0_i/hls_inst/inst/am_addmul_7s_6s_7s_7_4_1_U115/case_11_am_addmul_7s_6s_7s_7_4_1_DSP48_0_U/ap_clk
    SLICE_X19Y18         FDRE                                         r  bd_0_i/hls_inst/inst/am_addmul_7s_6s_7s_7_4_1_U115/case_11_am_addmul_7s_6s_7s_7_4_1_DSP48_0_U/p_reg_reg[5]/C
                         clock pessimism              0.000     0.432    
    SLICE_X19Y18         FDRE (Hold_fdre_C_D)         0.075     0.507    bd_0_i/hls_inst/inst/am_addmul_7s_6s_7s_7_4_1_U115/case_11_am_addmul_7s_6s_7s_7_4_1_DSP48_0_U/p_reg_reg[5]
  -------------------------------------------------------------------
                         required time                         -0.507    
                         arrival time                           0.664    
  -------------------------------------------------------------------
                         slack                                  0.157    

Slack (MET) :             0.165ns  (arrival time - required time)
  Source:                 bd_0_i/hls_inst/inst/trunc_ln241_1_reg_2032_reg[0]/C
                            (rising edge-triggered cell FDRE clocked by ap_clk  {rise@0.000ns fall@5.000ns period=10.000ns})
  Destination:            bd_0_i/hls_inst/inst/out_data_0_preg_reg[0]/D
                            (rising edge-triggered cell FDRE clocked by ap_clk  {rise@0.000ns fall@5.000ns period=10.000ns})
  Path Group:             ap_clk
  Path Type:              Hold (Min at Fast Process Corner)
  Requirement:            0.000ns  (ap_clk rise@0.000ns - ap_clk rise@0.000ns)
  Data Path Delay:        0.306ns  (logic 0.186ns (60.702%)  route 0.120ns (39.298%))
  Logic Levels:           1  (LUT2=1)
  Clock Path Skew:        0.022ns (DCD - SCD - CPR)
    Destination Clock Delay (DCD):    0.432ns
    Source Clock Delay      (SCD):    0.410ns
    Clock Pessimism Removal (CPR):    -0.000ns

    Location             Delay type                Incr(ns)  Path(ns)    Netlist Resource(s)
  -------------------------------------------------------------------    -------------------
                         (clock ap_clk rise edge)     0.000     0.000 r  
                                                      0.000     0.000 r  ap_clk (IN)
                         net (fo=864, unset)          0.410     0.410    bd_0_i/hls_inst/inst/ap_clk
    SLICE_X39Y39         FDRE                                         r  bd_0_i/hls_inst/inst/trunc_ln241_1_reg_2032_reg[0]/C
  -------------------------------------------------------------------    -------------------
    SLICE_X39Y39         FDRE (Prop_fdre_C_Q)         0.141     0.551 r  bd_0_i/hls_inst/inst/trunc_ln241_1_reg_2032_reg[0]/Q
                         net (fo=5, routed)           0.120     0.672    bd_0_i/hls_inst/inst/mul_7s_7s_7_1_1_U10/out_data_0_preg_reg[15][0]
    SLICE_X38Y39         LUT2 (Prop_lut2_I0_O)        0.045     0.717 r  bd_0_i/hls_inst/inst/mul_7s_7s_7_1_1_U10/out_data_0_preg[0]_i_1/O
                         net (fo=1, routed)           0.000     0.717    bd_0_i/hls_inst/inst/mul_7s_7s_7_1_1_U10_n_11
    SLICE_X38Y39         FDRE                                         r  bd_0_i/hls_inst/inst/out_data_0_preg_reg[0]/D
  -------------------------------------------------------------------    -------------------

                         (clock ap_clk rise edge)     0.000     0.000 r  
                                                      0.000     0.000 r  ap_clk (IN)
                         net (fo=864, unset)          0.432     0.432    bd_0_i/hls_inst/inst/ap_clk
    SLICE_X38Y39         FDRE                                         r  bd_0_i/hls_inst/inst/out_data_0_preg_reg[0]/C
                         clock pessimism              0.000     0.432    
    SLICE_X38Y39         FDRE (Hold_fdre_C_D)         0.120     0.552    bd_0_i/hls_inst/inst/out_data_0_preg_reg[0]
  -------------------------------------------------------------------
                         required time                         -0.552    
                         arrival time                           0.717    
  -------------------------------------------------------------------
                         slack                                  0.165    

Slack (MET) :             0.170ns  (arrival time - required time)
  Source:                 bd_0_i/hls_inst/inst/am_addmul_7s_7s_7s_7_4_1_U117/case_11_am_addmul_7s_7s_7s_7_4_1_DSP48_0_U/m_reg_reg[2]/C
                            (rising edge-triggered cell FDRE clocked by ap_clk  {rise@0.000ns fall@5.000ns period=10.000ns})
  Destination:            bd_0_i/hls_inst/inst/am_addmul_7s_7s_7s_7_4_1_U117/case_11_am_addmul_7s_7s_7s_7_4_1_DSP48_0_U/p_reg_reg[2]/D
                            (rising edge-triggered cell FDRE clocked by ap_clk  {rise@0.000ns fall@5.000ns period=10.000ns})
  Path Group:             ap_clk
  Path Type:              Hold (Min at Fast Process Corner)
  Requirement:            0.000ns  (ap_clk rise@0.000ns - ap_clk rise@0.000ns)
  Data Path Delay:        0.257ns  (logic 0.141ns (54.812%)  route 0.116ns (45.188%))
  Logic Levels:           0  
  Clock Path Skew:        0.022ns (DCD - SCD - CPR)
    Destination Clock Delay (DCD):    0.432ns
    Source Clock Delay      (SCD):    0.410ns
    Clock Pessimism Removal (CPR):    -0.000ns

    Location             Delay type                Incr(ns)  Path(ns)    Netlist Resource(s)
  -------------------------------------------------------------------    -------------------
                         (clock ap_clk rise edge)     0.000     0.000 r  
                                                      0.000     0.000 r  ap_clk (IN)
                         net (fo=864, unset)          0.410     0.410    bd_0_i/hls_inst/inst/am_addmul_7s_7s_7s_7_4_1_U117/case_11_am_addmul_7s_7s_7s_7_4_1_DSP48_0_U/ap_clk
    SLICE_X13Y7          FDRE                                         r  bd_0_i/hls_inst/inst/am_addmul_7s_7s_7s_7_4_1_U117/case_11_am_addmul_7s_7s_7s_7_4_1_DSP48_0_U/m_reg_reg[2]/C
  -------------------------------------------------------------------    -------------------
    SLICE_X13Y7          FDRE (Prop_fdre_C_Q)         0.141     0.551 r  bd_0_i/hls_inst/inst/am_addmul_7s_7s_7s_7_4_1_U117/case_11_am_addmul_7s_7s_7s_7_4_1_DSP48_0_U/m_reg_reg[2]/Q
                         net (fo=1, routed)           0.116     0.667    bd_0_i/hls_inst/inst/am_addmul_7s_7s_7s_7_4_1_U117/case_11_am_addmul_7s_7s_7s_7_4_1_DSP48_0_U/m_reg_reg_n_0_[2]
    SLICE_X13Y9          FDRE                                         r  bd_0_i/hls_inst/inst/am_addmul_7s_7s_7s_7_4_1_U117/case_11_am_addmul_7s_7s_7s_7_4_1_DSP48_0_U/p_reg_reg[2]/D
  -------------------------------------------------------------------    -------------------

                         (clock ap_clk rise edge)     0.000     0.000 r  
                                                      0.000     0.000 r  ap_clk (IN)
                         net (fo=864, unset)          0.432     0.432    bd_0_i/hls_inst/inst/am_addmul_7s_7s_7s_7_4_1_U117/case_11_am_addmul_7s_7s_7s_7_4_1_DSP48_0_U/ap_clk
    SLICE_X13Y9          FDRE                                         r  bd_0_i/hls_inst/inst/am_addmul_7s_7s_7s_7_4_1_U117/case_11_am_addmul_7s_7s_7s_7_4_1_DSP48_0_U/p_reg_reg[2]/C
                         clock pessimism              0.000     0.432    
    SLICE_X13Y9          FDRE (Hold_fdre_C_D)         0.066     0.498    bd_0_i/hls_inst/inst/am_addmul_7s_7s_7s_7_4_1_U117/case_11_am_addmul_7s_7s_7s_7_4_1_DSP48_0_U/p_reg_reg[2]
  -------------------------------------------------------------------
                         required time                         -0.498    
                         arrival time                           0.667    
  -------------------------------------------------------------------
                         slack                                  0.170    

Slack (MET) :             0.184ns  (arrival time - required time)
  Source:                 bd_0_i/hls_inst/inst/trunc_ln337_2_reg_2639_reg[3]/C
                            (rising edge-triggered cell FDRE clocked by ap_clk  {rise@0.000ns fall@5.000ns period=10.000ns})
  Destination:            bd_0_i/hls_inst/inst/out_data_16_preg_reg[4]/D
                            (rising edge-triggered cell FDRE clocked by ap_clk  {rise@0.000ns fall@5.000ns period=10.000ns})
  Path Group:             ap_clk
  Path Type:              Hold (Min at Fast Process Corner)
  Requirement:            0.000ns  (ap_clk rise@0.000ns - ap_clk rise@0.000ns)
  Data Path Delay:        0.335ns  (logic 0.256ns (76.340%)  route 0.079ns (23.660%))
  Logic Levels:           2  (CARRY4=1 LUT6=1)
  Clock Path Skew:        0.022ns (DCD - SCD - CPR)
    Destination Clock Delay (DCD):    0.432ns
    Source Clock Delay      (SCD):    0.410ns
    Clock Pessimism Removal (CPR):    -0.000ns

    Location             Delay type                Incr(ns)  Path(ns)    Netlist Resource(s)
  -------------------------------------------------------------------    -------------------
                         (clock ap_clk rise edge)     0.000     0.000 r  
                                                      0.000     0.000 r  ap_clk (IN)
                         net (fo=864, unset)          0.410     0.410    bd_0_i/hls_inst/inst/ap_clk
    SLICE_X17Y9          FDRE                                         r  bd_0_i/hls_inst/inst/trunc_ln337_2_reg_2639_reg[3]/C
  -------------------------------------------------------------------    -------------------
    SLICE_X17Y9          FDRE (Prop_fdre_C_Q)         0.141     0.551 r  bd_0_i/hls_inst/inst/trunc_ln337_2_reg_2639_reg[3]/Q
                         net (fo=10, routed)          0.079     0.630    bd_0_i/hls_inst/inst/trunc_ln337_2_reg_2639[3]
    SLICE_X16Y9          LUT6 (Prop_lut6_I1_O)        0.045     0.675 r  bd_0_i/hls_inst/inst/out_data_16[7]_INST_0_i_8/O
                         net (fo=1, routed)           0.000     0.675    bd_0_i/hls_inst/inst/out_data_16[7]_INST_0_i_8_n_0
    SLICE_X16Y9          CARRY4 (Prop_carry4_S[0]_O[0])
                                                      0.070     0.745 r  bd_0_i/hls_inst/inst/out_data_16[7]_INST_0_i_1/O[0]
                         net (fo=2, routed)           0.000     0.745    bd_0_i/hls_inst/inst/sext_ln400_fu_1567_p1[4]
    SLICE_X16Y9          FDRE                                         r  bd_0_i/hls_inst/inst/out_data_16_preg_reg[4]/D
  -------------------------------------------------------------------    -------------------

                         (clock ap_clk rise edge)     0.000     0.000 r  
                                                      0.000     0.000 r  ap_clk (IN)
                         net (fo=864, unset)          0.432     0.432    bd_0_i/hls_inst/inst/ap_clk
    SLICE_X16Y9          FDRE                                         r  bd_0_i/hls_inst/inst/out_data_16_preg_reg[4]/C
                         clock pessimism              0.000     0.432    
    SLICE_X16Y9          FDRE (Hold_fdre_C_D)         0.130     0.562    bd_0_i/hls_inst/inst/out_data_16_preg_reg[4]
  -------------------------------------------------------------------
                         required time                         -0.562    
                         arrival time                           0.745    
  -------------------------------------------------------------------
                         slack                                  0.184    

Slack (MET) :             0.191ns  (arrival time - required time)
  Source:                 bd_0_i/hls_inst/inst/trunc_ln337_2_reg_2639_reg[7]/C
                            (rising edge-triggered cell FDRE clocked by ap_clk  {rise@0.000ns fall@5.000ns period=10.000ns})
  Destination:            bd_0_i/hls_inst/inst/out_data_16_preg_reg[15]/D
                            (rising edge-triggered cell FDRE clocked by ap_clk  {rise@0.000ns fall@5.000ns period=10.000ns})
  Path Group:             ap_clk
  Path Type:              Hold (Min at Fast Process Corner)
  Requirement:            0.000ns  (ap_clk rise@0.000ns - ap_clk rise@0.000ns)
  Data Path Delay:        0.342ns  (logic 0.250ns (73.048%)  route 0.092ns (26.952%))
  Logic Levels:           2  (CARRY4=1 LUT6=1)
  Clock Path Skew:        0.022ns (DCD - SCD - CPR)
    Destination Clock Delay (DCD):    0.432ns
    Source Clock Delay      (SCD):    0.410ns
    Clock Pessimism Removal (CPR):    -0.000ns

    Location             Delay type                Incr(ns)  Path(ns)    Netlist Resource(s)
  -------------------------------------------------------------------    -------------------
                         (clock ap_clk rise edge)     0.000     0.000 r  
                                                      0.000     0.000 r  ap_clk (IN)
                         net (fo=864, unset)          0.410     0.410    bd_0_i/hls_inst/inst/ap_clk
    SLICE_X17Y9          FDRE                                         r  bd_0_i/hls_inst/inst/trunc_ln337_2_reg_2639_reg[7]/C
  -------------------------------------------------------------------    -------------------
    SLICE_X17Y9          FDRE (Prop_fdre_C_Q)         0.141     0.551 r  bd_0_i/hls_inst/inst/trunc_ln337_2_reg_2639_reg[7]/Q
                         net (fo=2, routed)           0.092     0.643    bd_0_i/hls_inst/inst/trunc_ln337_2_reg_2639[7]
    SLICE_X16Y9          LUT6 (Prop_lut6_I2_O)        0.045     0.688 r  bd_0_i/hls_inst/inst/out_data_16[7]_INST_0_i_5/O
                         net (fo=1, routed)           0.000     0.688    bd_0_i/hls_inst/inst/out_data_16[7]_INST_0_i_5_n_0
    SLICE_X16Y9          CARRY4 (Prop_carry4_S[3]_O[3])
                                                      0.064     0.752 r  bd_0_i/hls_inst/inst/out_data_16[7]_INST_0_i_1/O[3]
                         net (fo=2, routed)           0.000     0.752    bd_0_i/hls_inst/inst/sext_ln400_fu_1567_p1[7]
    SLICE_X16Y9          FDRE                                         r  bd_0_i/hls_inst/inst/out_data_16_preg_reg[15]/D
  -------------------------------------------------------------------    -------------------

                         (clock ap_clk rise edge)     0.000     0.000 r  
                                                      0.000     0.000 r  ap_clk (IN)
                         net (fo=864, unset)          0.432     0.432    bd_0_i/hls_inst/inst/ap_clk
    SLICE_X16Y9          FDRE                                         r  bd_0_i/hls_inst/inst/out_data_16_preg_reg[15]/C
                         clock pessimism              0.000     0.432    
    SLICE_X16Y9          FDRE (Hold_fdre_C_D)         0.130     0.562    bd_0_i/hls_inst/inst/out_data_16_preg_reg[15]
  -------------------------------------------------------------------
                         required time                         -0.562    
                         arrival time                           0.752    
  -------------------------------------------------------------------
                         slack                                  0.191    





Pulse Width Checks
--------------------------------------------------------------------------------------
Clock Name:         ap_clk
Waveform(ns):       { 0.000 5.000 }
Period(ns):         10.000
Sources:            { ap_clk }

Check Type        Corner  Lib Pin      Reference Pin  Required(ns)  Actual(ns)  Slack(ns)  Location      Pin
Min Period        n/a     DSP48E1/CLK  n/a            3.884         10.000      6.116      DSP48_X0Y2    bd_0_i/hls_inst/inst/m161_reg_2864_reg/CLK
Min Period        n/a     DSP48E1/CLK  n/a            3.884         10.000      6.116      DSP48_X0Y7    bd_0_i/hls_inst/inst/m175_reg_2929_reg/CLK
Min Period        n/a     DSP48E1/CLK  n/a            3.884         10.000      6.116      DSP48_X0Y15   bd_0_i/hls_inst/inst/m42_reg_2157_reg/CLK
Min Period        n/a     DSP48E1/CLK  n/a            3.884         10.000      6.116      DSP48_X0Y18   bd_0_i/hls_inst/inst/m54_fu_857_p2/CLK
Min Period        n/a     DSP48E1/CLK  n/a            3.884         10.000      6.116      DSP48_X2Y8    bd_0_i/hls_inst/inst/m90_reg_2394_reg/CLK
Min Period        n/a     DSP48E1/CLK  n/a            3.884         10.000      6.116      DSP48_X2Y9    bd_0_i/hls_inst/inst/m95_reg_2460_reg/CLK
Min Period        n/a     DSP48E1/CLK  n/a            3.884         10.000      6.116      DSP48_X0Y10   bd_0_i/hls_inst/inst/trunc_ln299_1_reg_2470_reg/CLK
Min Period        n/a     DSP48E1/CLK  n/a            3.884         10.000      6.116      DSP48_X0Y1    bd_0_i/hls_inst/inst/trunc_ln320_reg_2563_reg/CLK
Min Period        n/a     DSP48E1/CLK  n/a            3.884         10.000      6.116      DSP48_X2Y16   bd_0_i/hls_inst/inst/ama_addmuladd_9ns_9ns_9s_5s_9_4_1_U112/case_11_ama_addmuladd_9ns_9ns_9s_5s_9_4_1_DSP48_0_U/b_reg_reg/CLK
Min Period        n/a     DSP48E1/CLK  n/a            3.884         10.000      6.116      DSP48_X0Y8    bd_0_i/hls_inst/inst/mac_muladd_7s_7s_7ns_7_4_1_U120/case_11_mac_muladd_7s_7s_7ns_7_4_1_DSP48_0_U/m_reg_reg/CLK
Low Pulse Width   Slow    FDSE/C       n/a            0.500         5.000       4.500      SLICE_X20Y23  bd_0_i/hls_inst/inst/ap_CS_fsm_reg[0]/C
Low Pulse Width   Fast    FDSE/C       n/a            0.500         5.000       4.500      SLICE_X20Y23  bd_0_i/hls_inst/inst/ap_CS_fsm_reg[0]/C
Low Pulse Width   Slow    FDRE/C       n/a            0.500         5.000       4.500      SLICE_X26Y31  bd_0_i/hls_inst/inst/ap_CS_fsm_reg[10]/C
Low Pulse Width   Fast    FDRE/C       n/a            0.500         5.000       4.500      SLICE_X26Y31  bd_0_i/hls_inst/inst/ap_CS_fsm_reg[10]/C
Low Pulse Width   Slow    FDRE/C       n/a            0.500         5.000       4.500      SLICE_X24Y28  bd_0_i/hls_inst/inst/ap_CS_fsm_reg[11]/C
Low Pulse Width   Fast    FDRE/C       n/a            0.500         5.000       4.500      SLICE_X24Y28  bd_0_i/hls_inst/inst/ap_CS_fsm_reg[11]/C
Low Pulse Width   Slow    FDRE/C       n/a            0.500         5.000       4.500      SLICE_X32Y22  bd_0_i/hls_inst/inst/ap_CS_fsm_reg[12]/C
Low Pulse Width   Fast    FDRE/C       n/a            0.500         5.000       4.500      SLICE_X32Y22  bd_0_i/hls_inst/inst/ap_CS_fsm_reg[12]/C
Low Pulse Width   Slow    FDRE/C       n/a            0.500         5.000       4.500      SLICE_X20Y25  bd_0_i/hls_inst/inst/ap_CS_fsm_reg[13]/C
Low Pulse Width   Fast    FDRE/C       n/a            0.500         5.000       4.500      SLICE_X20Y25  bd_0_i/hls_inst/inst/ap_CS_fsm_reg[13]/C
High Pulse Width  Slow    FDSE/C       n/a            0.500         5.000       4.500      SLICE_X20Y23  bd_0_i/hls_inst/inst/ap_CS_fsm_reg[0]/C
High Pulse Width  Fast    FDSE/C       n/a            0.500         5.000       4.500      SLICE_X20Y23  bd_0_i/hls_inst/inst/ap_CS_fsm_reg[0]/C
High Pulse Width  Slow    FDRE/C       n/a            0.500         5.000       4.500      SLICE_X26Y31  bd_0_i/hls_inst/inst/ap_CS_fsm_reg[10]/C
High Pulse Width  Fast    FDRE/C       n/a            0.500         5.000       4.500      SLICE_X26Y31  bd_0_i/hls_inst/inst/ap_CS_fsm_reg[10]/C
High Pulse Width  Slow    FDRE/C       n/a            0.500         5.000       4.500      SLICE_X24Y28  bd_0_i/hls_inst/inst/ap_CS_fsm_reg[11]/C
High Pulse Width  Fast    FDRE/C       n/a            0.500         5.000       4.500      SLICE_X24Y28  bd_0_i/hls_inst/inst/ap_CS_fsm_reg[11]/C
High Pulse Width  Slow    FDRE/C       n/a            0.500         5.000       4.500      SLICE_X32Y22  bd_0_i/hls_inst/inst/ap_CS_fsm_reg[12]/C
High Pulse Width  Fast    FDRE/C       n/a            0.500         5.000       4.500      SLICE_X32Y22  bd_0_i/hls_inst/inst/ap_CS_fsm_reg[12]/C
High Pulse Width  Slow    FDRE/C       n/a            0.500         5.000       4.500      SLICE_X20Y25  bd_0_i/hls_inst/inst/ap_CS_fsm_reg[13]/C
High Pulse Width  Fast    FDRE/C       n/a            0.500         5.000       4.500      SLICE_X20Y25  bd_0_i/hls_inst/inst/ap_CS_fsm_reg[13]/C



--------------------------------------------------------------------------------------
Path Group:  (none)
From Clock:  
  To Clock:  

Max Delay            33 Endpoints
Min Delay            33 Endpoints
--------------------------------------------------------------------------------------


Max Delay Paths
--------------------------------------------------------------------------------------
Slack:                    inf
  Source:                 in_data_23[1]
                            (input port)
  Destination:            out_data_1[10]
                            (output port)
  Path Group:             (none)
  Path Type:              Max at Slow Process Corner
  Data Path Delay:        5.463ns  (logic 1.713ns (31.358%)  route 3.750ns (68.642%))
  Logic Levels:           7  (CARRY4=3 LUT3=1 LUT5=2 LUT6=1)

    Location             Delay type                Incr(ns)  Path(ns)    Netlist Resource(s)
  -------------------------------------------------------------------    -------------------
                                                      0.000     0.000 r  in_data_23[1] (IN)
                         net (fo=20, unset)           0.973     0.973    bd_0_i/hls_inst/inst/mul_5s_5s_5_1_1_U8/in_data_23[1]
    SLICE_X38Y54         LUT6 (Prop_lut6_I4_O)        0.124     1.097 r  bd_0_i/hls_inst/inst/mul_5s_5s_5_1_1_U8/tmp_product__0_carry_i_1__28/O
                         net (fo=2, routed)           0.583     1.680    bd_0_i/hls_inst/inst/mul_5s_5s_5_1_1_U8/tmp_product__0_carry_i_1__28_n_0
    SLICE_X39Y54         LUT5 (Prop_lut5_I0_O)        0.124     1.804 r  bd_0_i/hls_inst/inst/mul_5s_5s_5_1_1_U8/tmp_product__0_carry_i_4__12/O
                         net (fo=1, routed)           0.000     1.804    bd_0_i/hls_inst/inst/mul_5s_5s_5_1_1_U8/tmp_product__0_carry_i_4__12_n_0
    SLICE_X39Y54         CARRY4 (Prop_carry4_S[3]_CO[3])
                                                      0.401     2.205 r  bd_0_i/hls_inst/inst/mul_5s_5s_5_1_1_U8/tmp_product__0_carry/CO[3]
                         net (fo=1, routed)           0.000     2.205    bd_0_i/hls_inst/inst/mul_5s_5s_5_1_1_U8/tmp_product__0_carry_n_0
    SLICE_X39Y55         CARRY4 (Prop_carry4_CI_O[0])
                                                      0.222     2.427 r  bd_0_i/hls_inst/inst/mul_5s_5s_5_1_1_U8/tmp_product__0_carry__0/O[0]
                         net (fo=1, routed)           0.800     3.227    bd_0_i/hls_inst/inst/mul_5s_5s_5_1_1_U8/tmp_product__0_carry__0_n_7
    SLICE_X38Y56         LUT5 (Prop_lut5_I4_O)        0.299     3.526 r  bd_0_i/hls_inst/inst/mul_5s_5s_5_1_1_U8/tmp_product__12_carry_i_1__1/O
                         net (fo=1, routed)           0.000     3.526    bd_0_i/hls_inst/inst/mul_5s_5s_5_1_1_U8/tmp_product__12_carry_i_1__1_n_0
    SLICE_X38Y56         CARRY4 (Prop_carry4_S[2]_O[2])
                                                      0.250     3.776 r  bd_0_i/hls_inst/inst/mul_5s_5s_5_1_1_U8/tmp_product__12_carry/O[2]
                         net (fo=2, routed)           0.421     4.197    bd_0_i/hls_inst/inst/mul_5s_5s_5_1_1_U8/trunc_ln239_reg_1983_reg[4][2]
    SLICE_X38Y57         LUT3 (Prop_lut3_I0_O)        0.293     4.490 r  bd_0_i/hls_inst/inst/mul_5s_5s_5_1_1_U8/out_data_1[4]_INST_0/O
                         net (fo=0)                   0.973     5.463    out_data_1[10]
                                                                      r  out_data_1[10] (OUT)
  -------------------------------------------------------------------    -------------------

Slack:                    inf
  Source:                 in_data_23[1]
                            (input port)
  Destination:            out_data_1[11]
                            (output port)
  Path Group:             (none)
  Path Type:              Max at Slow Process Corner
  Data Path Delay:        5.463ns  (logic 1.713ns (31.358%)  route 3.750ns (68.642%))
  Logic Levels:           7  (CARRY4=3 LUT3=1 LUT5=2 LUT6=1)

    Location             Delay type                Incr(ns)  Path(ns)    Netlist Resource(s)
  -------------------------------------------------------------------    -------------------
                                                      0.000     0.000 r  in_data_23[1] (IN)
                         net (fo=20, unset)           0.973     0.973    bd_0_i/hls_inst/inst/mul_5s_5s_5_1_1_U8/in_data_23[1]
    SLICE_X38Y54         LUT6 (Prop_lut6_I4_O)        0.124     1.097 r  bd_0_i/hls_inst/inst/mul_5s_5s_5_1_1_U8/tmp_product__0_carry_i_1__28/O
                         net (fo=2, routed)           0.583     1.680    bd_0_i/hls_inst/inst/mul_5s_5s_5_1_1_U8/tmp_product__0_carry_i_1__28_n_0
    SLICE_X39Y54         LUT5 (Prop_lut5_I0_O)        0.124     1.804 r  bd_0_i/hls_inst/inst/mul_5s_5s_5_1_1_U8/tmp_product__0_carry_i_4__12/O
                         net (fo=1, routed)           0.000     1.804    bd_0_i/hls_inst/inst/mul_5s_5s_5_1_1_U8/tmp_product__0_carry_i_4__12_n_0
    SLICE_X39Y54         CARRY4 (Prop_carry4_S[3]_CO[3])
                                                      0.401     2.205 r  bd_0_i/hls_inst/inst/mul_5s_5s_5_1_1_U8/tmp_product__0_carry/CO[3]
                         net (fo=1, routed)           0.000     2.205    bd_0_i/hls_inst/inst/mul_5s_5s_5_1_1_U8/tmp_product__0_carry_n_0
    SLICE_X39Y55         CARRY4 (Prop_carry4_CI_O[0])
                                                      0.222     2.427 r  bd_0_i/hls_inst/inst/mul_5s_5s_5_1_1_U8/tmp_product__0_carry__0/O[0]
                         net (fo=1, routed)           0.800     3.227    bd_0_i/hls_inst/inst/mul_5s_5s_5_1_1_U8/tmp_product__0_carry__0_n_7
    SLICE_X38Y56         LUT5 (Prop_lut5_I4_O)        0.299     3.526 r  bd_0_i/hls_inst/inst/mul_5s_5s_5_1_1_U8/tmp_product__12_carry_i_1__1/O
                         net (fo=1, routed)           0.000     3.526    bd_0_i/hls_inst/inst/mul_5s_5s_5_1_1_U8/tmp_product__12_carry_i_1__1_n_0
    SLICE_X38Y56         CARRY4 (Prop_carry4_S[2]_O[2])
                                                      0.250     3.776 r  bd_0_i/hls_inst/inst/mul_5s_5s_5_1_1_U8/tmp_product__12_carry/O[2]
                         net (fo=2, routed)           0.421     4.197    bd_0_i/hls_inst/inst/mul_5s_5s_5_1_1_U8/trunc_ln239_reg_1983_reg[4][2]
    SLICE_X38Y57         LUT3 (Prop_lut3_I0_O)        0.293     4.490 r  bd_0_i/hls_inst/inst/mul_5s_5s_5_1_1_U8/out_data_1[4]_INST_0/O
                         net (fo=0)                   0.973     5.463    out_data_1[11]
                                                                      r  out_data_1[11] (OUT)
  -------------------------------------------------------------------    -------------------

Slack:                    inf
  Source:                 in_data_23[1]
                            (input port)
  Destination:            out_data_1[12]
                            (output port)
  Path Group:             (none)
  Path Type:              Max at Slow Process Corner
  Data Path Delay:        5.463ns  (logic 1.713ns (31.358%)  route 3.750ns (68.642%))
  Logic Levels:           7  (CARRY4=3 LUT3=1 LUT5=2 LUT6=1)

    Location             Delay type                Incr(ns)  Path(ns)    Netlist Resource(s)
  -------------------------------------------------------------------    -------------------
                                                      0.000     0.000 r  in_data_23[1] (IN)
                         net (fo=20, unset)           0.973     0.973    bd_0_i/hls_inst/inst/mul_5s_5s_5_1_1_U8/in_data_23[1]
    SLICE_X38Y54         LUT6 (Prop_lut6_I4_O)        0.124     1.097 r  bd_0_i/hls_inst/inst/mul_5s_5s_5_1_1_U8/tmp_product__0_carry_i_1__28/O
                         net (fo=2, routed)           0.583     1.680    bd_0_i/hls_inst/inst/mul_5s_5s_5_1_1_U8/tmp_product__0_carry_i_1__28_n_0
    SLICE_X39Y54         LUT5 (Prop_lut5_I0_O)        0.124     1.804 r  bd_0_i/hls_inst/inst/mul_5s_5s_5_1_1_U8/tmp_product__0_carry_i_4__12/O
                         net (fo=1, routed)           0.000     1.804    bd_0_i/hls_inst/inst/mul_5s_5s_5_1_1_U8/tmp_product__0_carry_i_4__12_n_0
    SLICE_X39Y54         CARRY4 (Prop_carry4_S[3]_CO[3])
                                                      0.401     2.205 r  bd_0_i/hls_inst/inst/mul_5s_5s_5_1_1_U8/tmp_product__0_carry/CO[3]
                         net (fo=1, routed)           0.000     2.205    bd_0_i/hls_inst/inst/mul_5s_5s_5_1_1_U8/tmp_product__0_carry_n_0
    SLICE_X39Y55         CARRY4 (Prop_carry4_CI_O[0])
                                                      0.222     2.427 r  bd_0_i/hls_inst/inst/mul_5s_5s_5_1_1_U8/tmp_product__0_carry__0/O[0]
                         net (fo=1, routed)           0.800     3.227    bd_0_i/hls_inst/inst/mul_5s_5s_5_1_1_U8/tmp_product__0_carry__0_n_7
    SLICE_X38Y56         LUT5 (Prop_lut5_I4_O)        0.299     3.526 r  bd_0_i/hls_inst/inst/mul_5s_5s_5_1_1_U8/tmp_product__12_carry_i_1__1/O
                         net (fo=1, routed)           0.000     3.526    bd_0_i/hls_inst/inst/mul_5s_5s_5_1_1_U8/tmp_product__12_carry_i_1__1_n_0
    SLICE_X38Y56         CARRY4 (Prop_carry4_S[2]_O[2])
                                                      0.250     3.776 r  bd_0_i/hls_inst/inst/mul_5s_5s_5_1_1_U8/tmp_product__12_carry/O[2]
                         net (fo=2, routed)           0.421     4.197    bd_0_i/hls_inst/inst/mul_5s_5s_5_1_1_U8/trunc_ln239_reg_1983_reg[4][2]
    SLICE_X38Y57         LUT3 (Prop_lut3_I0_O)        0.293     4.490 r  bd_0_i/hls_inst/inst/mul_5s_5s_5_1_1_U8/out_data_1[4]_INST_0/O
                         net (fo=0)                   0.973     5.463    out_data_1[12]
                                                                      r  out_data_1[12] (OUT)
  -------------------------------------------------------------------    -------------------

Slack:                    inf
  Source:                 in_data_23[1]
                            (input port)
  Destination:            out_data_1[13]
                            (output port)
  Path Group:             (none)
  Path Type:              Max at Slow Process Corner
  Data Path Delay:        5.463ns  (logic 1.713ns (31.358%)  route 3.750ns (68.642%))
  Logic Levels:           7  (CARRY4=3 LUT3=1 LUT5=2 LUT6=1)

    Location             Delay type                Incr(ns)  Path(ns)    Netlist Resource(s)
  -------------------------------------------------------------------    -------------------
                                                      0.000     0.000 r  in_data_23[1] (IN)
                         net (fo=20, unset)           0.973     0.973    bd_0_i/hls_inst/inst/mul_5s_5s_5_1_1_U8/in_data_23[1]
    SLICE_X38Y54         LUT6 (Prop_lut6_I4_O)        0.124     1.097 r  bd_0_i/hls_inst/inst/mul_5s_5s_5_1_1_U8/tmp_product__0_carry_i_1__28/O
                         net (fo=2, routed)           0.583     1.680    bd_0_i/hls_inst/inst/mul_5s_5s_5_1_1_U8/tmp_product__0_carry_i_1__28_n_0
    SLICE_X39Y54         LUT5 (Prop_lut5_I0_O)        0.124     1.804 r  bd_0_i/hls_inst/inst/mul_5s_5s_5_1_1_U8/tmp_product__0_carry_i_4__12/O
                         net (fo=1, routed)           0.000     1.804    bd_0_i/hls_inst/inst/mul_5s_5s_5_1_1_U8/tmp_product__0_carry_i_4__12_n_0
    SLICE_X39Y54         CARRY4 (Prop_carry4_S[3]_CO[3])
                                                      0.401     2.205 r  bd_0_i/hls_inst/inst/mul_5s_5s_5_1_1_U8/tmp_product__0_carry/CO[3]
                         net (fo=1, routed)           0.000     2.205    bd_0_i/hls_inst/inst/mul_5s_5s_5_1_1_U8/tmp_product__0_carry_n_0
    SLICE_X39Y55         CARRY4 (Prop_carry4_CI_O[0])
                                                      0.222     2.427 r  bd_0_i/hls_inst/inst/mul_5s_5s_5_1_1_U8/tmp_product__0_carry__0/O[0]
                         net (fo=1, routed)           0.800     3.227    bd_0_i/hls_inst/inst/mul_5s_5s_5_1_1_U8/tmp_product__0_carry__0_n_7
    SLICE_X38Y56         LUT5 (Prop_lut5_I4_O)        0.299     3.526 r  bd_0_i/hls_inst/inst/mul_5s_5s_5_1_1_U8/tmp_product__12_carry_i_1__1/O
                         net (fo=1, routed)           0.000     3.526    bd_0_i/hls_inst/inst/mul_5s_5s_5_1_1_U8/tmp_product__12_carry_i_1__1_n_0
    SLICE_X38Y56         CARRY4 (Prop_carry4_S[2]_O[2])
                                                      0.250     3.776 r  bd_0_i/hls_inst/inst/mul_5s_5s_5_1_1_U8/tmp_product__12_carry/O[2]
                         net (fo=2, routed)           0.421     4.197    bd_0_i/hls_inst/inst/mul_5s_5s_5_1_1_U8/trunc_ln239_reg_1983_reg[4][2]
    SLICE_X38Y57         LUT3 (Prop_lut3_I0_O)        0.293     4.490 r  bd_0_i/hls_inst/inst/mul_5s_5s_5_1_1_U8/out_data_1[4]_INST_0/O
                         net (fo=0)                   0.973     5.463    out_data_1[13]
                                                                      r  out_data_1[13] (OUT)
  -------------------------------------------------------------------    -------------------

Slack:                    inf
  Source:                 in_data_23[1]
                            (input port)
  Destination:            out_data_1[14]
                            (output port)
  Path Group:             (none)
  Path Type:              Max at Slow Process Corner
  Data Path Delay:        5.463ns  (logic 1.713ns (31.358%)  route 3.750ns (68.642%))
  Logic Levels:           7  (CARRY4=3 LUT3=1 LUT5=2 LUT6=1)

    Location             Delay type                Incr(ns)  Path(ns)    Netlist Resource(s)
  -------------------------------------------------------------------    -------------------
                                                      0.000     0.000 r  in_data_23[1] (IN)
                         net (fo=20, unset)           0.973     0.973    bd_0_i/hls_inst/inst/mul_5s_5s_5_1_1_U8/in_data_23[1]
    SLICE_X38Y54         LUT6 (Prop_lut6_I4_O)        0.124     1.097 r  bd_0_i/hls_inst/inst/mul_5s_5s_5_1_1_U8/tmp_product__0_carry_i_1__28/O
                         net (fo=2, routed)           0.583     1.680    bd_0_i/hls_inst/inst/mul_5s_5s_5_1_1_U8/tmp_product__0_carry_i_1__28_n_0
    SLICE_X39Y54         LUT5 (Prop_lut5_I0_O)        0.124     1.804 r  bd_0_i/hls_inst/inst/mul_5s_5s_5_1_1_U8/tmp_product__0_carry_i_4__12/O
                         net (fo=1, routed)           0.000     1.804    bd_0_i/hls_inst/inst/mul_5s_5s_5_1_1_U8/tmp_product__0_carry_i_4__12_n_0
    SLICE_X39Y54         CARRY4 (Prop_carry4_S[3]_CO[3])
                                                      0.401     2.205 r  bd_0_i/hls_inst/inst/mul_5s_5s_5_1_1_U8/tmp_product__0_carry/CO[3]
                         net (fo=1, routed)           0.000     2.205    bd_0_i/hls_inst/inst/mul_5s_5s_5_1_1_U8/tmp_product__0_carry_n_0
    SLICE_X39Y55         CARRY4 (Prop_carry4_CI_O[0])
                                                      0.222     2.427 r  bd_0_i/hls_inst/inst/mul_5s_5s_5_1_1_U8/tmp_product__0_carry__0/O[0]
                         net (fo=1, routed)           0.800     3.227    bd_0_i/hls_inst/inst/mul_5s_5s_5_1_1_U8/tmp_product__0_carry__0_n_7
    SLICE_X38Y56         LUT5 (Prop_lut5_I4_O)        0.299     3.526 r  bd_0_i/hls_inst/inst/mul_5s_5s_5_1_1_U8/tmp_product__12_carry_i_1__1/O
                         net (fo=1, routed)           0.000     3.526    bd_0_i/hls_inst/inst/mul_5s_5s_5_1_1_U8/tmp_product__12_carry_i_1__1_n_0
    SLICE_X38Y56         CARRY4 (Prop_carry4_S[2]_O[2])
                                                      0.250     3.776 r  bd_0_i/hls_inst/inst/mul_5s_5s_5_1_1_U8/tmp_product__12_carry/O[2]
                         net (fo=2, routed)           0.421     4.197    bd_0_i/hls_inst/inst/mul_5s_5s_5_1_1_U8/trunc_ln239_reg_1983_reg[4][2]
    SLICE_X38Y57         LUT3 (Prop_lut3_I0_O)        0.293     4.490 r  bd_0_i/hls_inst/inst/mul_5s_5s_5_1_1_U8/out_data_1[4]_INST_0/O
                         net (fo=0)                   0.973     5.463    out_data_1[14]
                                                                      r  out_data_1[14] (OUT)
  -------------------------------------------------------------------    -------------------

Slack:                    inf
  Source:                 in_data_23[1]
                            (input port)
  Destination:            out_data_1[15]
                            (output port)
  Path Group:             (none)
  Path Type:              Max at Slow Process Corner
  Data Path Delay:        5.463ns  (logic 1.713ns (31.358%)  route 3.750ns (68.642%))
  Logic Levels:           7  (CARRY4=3 LUT3=1 LUT5=2 LUT6=1)

    Location             Delay type                Incr(ns)  Path(ns)    Netlist Resource(s)
  -------------------------------------------------------------------    -------------------
                                                      0.000     0.000 r  in_data_23[1] (IN)
                         net (fo=20, unset)           0.973     0.973    bd_0_i/hls_inst/inst/mul_5s_5s_5_1_1_U8/in_data_23[1]
    SLICE_X38Y54         LUT6 (Prop_lut6_I4_O)        0.124     1.097 r  bd_0_i/hls_inst/inst/mul_5s_5s_5_1_1_U8/tmp_product__0_carry_i_1__28/O
                         net (fo=2, routed)           0.583     1.680    bd_0_i/hls_inst/inst/mul_5s_5s_5_1_1_U8/tmp_product__0_carry_i_1__28_n_0
    SLICE_X39Y54         LUT5 (Prop_lut5_I0_O)        0.124     1.804 r  bd_0_i/hls_inst/inst/mul_5s_5s_5_1_1_U8/tmp_product__0_carry_i_4__12/O
                         net (fo=1, routed)           0.000     1.804    bd_0_i/hls_inst/inst/mul_5s_5s_5_1_1_U8/tmp_product__0_carry_i_4__12_n_0
    SLICE_X39Y54         CARRY4 (Prop_carry4_S[3]_CO[3])
                                                      0.401     2.205 r  bd_0_i/hls_inst/inst/mul_5s_5s_5_1_1_U8/tmp_product__0_carry/CO[3]
                         net (fo=1, routed)           0.000     2.205    bd_0_i/hls_inst/inst/mul_5s_5s_5_1_1_U8/tmp_product__0_carry_n_0
    SLICE_X39Y55         CARRY4 (Prop_carry4_CI_O[0])
                                                      0.222     2.427 r  bd_0_i/hls_inst/inst/mul_5s_5s_5_1_1_U8/tmp_product__0_carry__0/O[0]
                         net (fo=1, routed)           0.800     3.227    bd_0_i/hls_inst/inst/mul_5s_5s_5_1_1_U8/tmp_product__0_carry__0_n_7
    SLICE_X38Y56         LUT5 (Prop_lut5_I4_O)        0.299     3.526 r  bd_0_i/hls_inst/inst/mul_5s_5s_5_1_1_U8/tmp_product__12_carry_i_1__1/O
                         net (fo=1, routed)           0.000     3.526    bd_0_i/hls_inst/inst/mul_5s_5s_5_1_1_U8/tmp_product__12_carry_i_1__1_n_0
    SLICE_X38Y56         CARRY4 (Prop_carry4_S[2]_O[2])
                                                      0.250     3.776 r  bd_0_i/hls_inst/inst/mul_5s_5s_5_1_1_U8/tmp_product__12_carry/O[2]
                         net (fo=2, routed)           0.421     4.197    bd_0_i/hls_inst/inst/mul_5s_5s_5_1_1_U8/trunc_ln239_reg_1983_reg[4][2]
    SLICE_X38Y57         LUT3 (Prop_lut3_I0_O)        0.293     4.490 r  bd_0_i/hls_inst/inst/mul_5s_5s_5_1_1_U8/out_data_1[4]_INST_0/O
                         net (fo=0)                   0.973     5.463    out_data_1[15]
                                                                      r  out_data_1[15] (OUT)
  -------------------------------------------------------------------    -------------------

Slack:                    inf
  Source:                 in_data_23[1]
                            (input port)
  Destination:            out_data_1[4]
                            (output port)
  Path Group:             (none)
  Path Type:              Max at Slow Process Corner
  Data Path Delay:        5.463ns  (logic 1.713ns (31.358%)  route 3.750ns (68.642%))
  Logic Levels:           7  (CARRY4=3 LUT3=1 LUT5=2 LUT6=1)

    Location             Delay type                Incr(ns)  Path(ns)    Netlist Resource(s)
  -------------------------------------------------------------------    -------------------
                                                      0.000     0.000 r  in_data_23[1] (IN)
                         net (fo=20, unset)           0.973     0.973    bd_0_i/hls_inst/inst/mul_5s_5s_5_1_1_U8/in_data_23[1]
    SLICE_X38Y54         LUT6 (Prop_lut6_I4_O)        0.124     1.097 r  bd_0_i/hls_inst/inst/mul_5s_5s_5_1_1_U8/tmp_product__0_carry_i_1__28/O
                         net (fo=2, routed)           0.583     1.680    bd_0_i/hls_inst/inst/mul_5s_5s_5_1_1_U8/tmp_product__0_carry_i_1__28_n_0
    SLICE_X39Y54         LUT5 (Prop_lut5_I0_O)        0.124     1.804 r  bd_0_i/hls_inst/inst/mul_5s_5s_5_1_1_U8/tmp_product__0_carry_i_4__12/O
                         net (fo=1, routed)           0.000     1.804    bd_0_i/hls_inst/inst/mul_5s_5s_5_1_1_U8/tmp_product__0_carry_i_4__12_n_0
    SLICE_X39Y54         CARRY4 (Prop_carry4_S[3]_CO[3])
                                                      0.401     2.205 r  bd_0_i/hls_inst/inst/mul_5s_5s_5_1_1_U8/tmp_product__0_carry/CO[3]
                         net (fo=1, routed)           0.000     2.205    bd_0_i/hls_inst/inst/mul_5s_5s_5_1_1_U8/tmp_product__0_carry_n_0
    SLICE_X39Y55         CARRY4 (Prop_carry4_CI_O[0])
                                                      0.222     2.427 r  bd_0_i/hls_inst/inst/mul_5s_5s_5_1_1_U8/tmp_product__0_carry__0/O[0]
                         net (fo=1, routed)           0.800     3.227    bd_0_i/hls_inst/inst/mul_5s_5s_5_1_1_U8/tmp_product__0_carry__0_n_7
    SLICE_X38Y56         LUT5 (Prop_lut5_I4_O)        0.299     3.526 r  bd_0_i/hls_inst/inst/mul_5s_5s_5_1_1_U8/tmp_product__12_carry_i_1__1/O
                         net (fo=1, routed)           0.000     3.526    bd_0_i/hls_inst/inst/mul_5s_5s_5_1_1_U8/tmp_product__12_carry_i_1__1_n_0
    SLICE_X38Y56         CARRY4 (Prop_carry4_S[2]_O[2])
                                                      0.250     3.776 r  bd_0_i/hls_inst/inst/mul_5s_5s_5_1_1_U8/tmp_product__12_carry/O[2]
                         net (fo=2, routed)           0.421     4.197    bd_0_i/hls_inst/inst/mul_5s_5s_5_1_1_U8/trunc_ln239_reg_1983_reg[4][2]
    SLICE_X38Y57         LUT3 (Prop_lut3_I0_O)        0.293     4.490 r  bd_0_i/hls_inst/inst/mul_5s_5s_5_1_1_U8/out_data_1[4]_INST_0/O
                         net (fo=0)                   0.973     5.463    out_data_1[4]
                                                                      r  out_data_1[4] (OUT)
  -------------------------------------------------------------------    -------------------

Slack:                    inf
  Source:                 in_data_23[1]
                            (input port)
  Destination:            out_data_1[5]
                            (output port)
  Path Group:             (none)
  Path Type:              Max at Slow Process Corner
  Data Path Delay:        5.463ns  (logic 1.713ns (31.358%)  route 3.750ns (68.642%))
  Logic Levels:           7  (CARRY4=3 LUT3=1 LUT5=2 LUT6=1)

    Location             Delay type                Incr(ns)  Path(ns)    Netlist Resource(s)
  -------------------------------------------------------------------    -------------------
                                                      0.000     0.000 r  in_data_23[1] (IN)
                         net (fo=20, unset)           0.973     0.973    bd_0_i/hls_inst/inst/mul_5s_5s_5_1_1_U8/in_data_23[1]
    SLICE_X38Y54         LUT6 (Prop_lut6_I4_O)        0.124     1.097 r  bd_0_i/hls_inst/inst/mul_5s_5s_5_1_1_U8/tmp_product__0_carry_i_1__28/O
                         net (fo=2, routed)           0.583     1.680    bd_0_i/hls_inst/inst/mul_5s_5s_5_1_1_U8/tmp_product__0_carry_i_1__28_n_0
    SLICE_X39Y54         LUT5 (Prop_lut5_I0_O)        0.124     1.804 r  bd_0_i/hls_inst/inst/mul_5s_5s_5_1_1_U8/tmp_product__0_carry_i_4__12/O
                         net (fo=1, routed)           0.000     1.804    bd_0_i/hls_inst/inst/mul_5s_5s_5_1_1_U8/tmp_product__0_carry_i_4__12_n_0
    SLICE_X39Y54         CARRY4 (Prop_carry4_S[3]_CO[3])
                                                      0.401     2.205 r  bd_0_i/hls_inst/inst/mul_5s_5s_5_1_1_U8/tmp_product__0_carry/CO[3]
                         net (fo=1, routed)           0.000     2.205    bd_0_i/hls_inst/inst/mul_5s_5s_5_1_1_U8/tmp_product__0_carry_n_0
    SLICE_X39Y55         CARRY4 (Prop_carry4_CI_O[0])
                                                      0.222     2.427 r  bd_0_i/hls_inst/inst/mul_5s_5s_5_1_1_U8/tmp_product__0_carry__0/O[0]
                         net (fo=1, routed)           0.800     3.227    bd_0_i/hls_inst/inst/mul_5s_5s_5_1_1_U8/tmp_product__0_carry__0_n_7
    SLICE_X38Y56         LUT5 (Prop_lut5_I4_O)        0.299     3.526 r  bd_0_i/hls_inst/inst/mul_5s_5s_5_1_1_U8/tmp_product__12_carry_i_1__1/O
                         net (fo=1, routed)           0.000     3.526    bd_0_i/hls_inst/inst/mul_5s_5s_5_1_1_U8/tmp_product__12_carry_i_1__1_n_0
    SLICE_X38Y56         CARRY4 (Prop_carry4_S[2]_O[2])
                                                      0.250     3.776 r  bd_0_i/hls_inst/inst/mul_5s_5s_5_1_1_U8/tmp_product__12_carry/O[2]
                         net (fo=2, routed)           0.421     4.197    bd_0_i/hls_inst/inst/mul_5s_5s_5_1_1_U8/trunc_ln239_reg_1983_reg[4][2]
    SLICE_X38Y57         LUT3 (Prop_lut3_I0_O)        0.293     4.490 r  bd_0_i/hls_inst/inst/mul_5s_5s_5_1_1_U8/out_data_1[4]_INST_0/O
                         net (fo=0)                   0.973     5.463    out_data_1[5]
                                                                      r  out_data_1[5] (OUT)
  -------------------------------------------------------------------    -------------------

Slack:                    inf
  Source:                 in_data_23[1]
                            (input port)
  Destination:            out_data_1[6]
                            (output port)
  Path Group:             (none)
  Path Type:              Max at Slow Process Corner
  Data Path Delay:        5.463ns  (logic 1.713ns (31.358%)  route 3.750ns (68.642%))
  Logic Levels:           7  (CARRY4=3 LUT3=1 LUT5=2 LUT6=1)

    Location             Delay type                Incr(ns)  Path(ns)    Netlist Resource(s)
  -------------------------------------------------------------------    -------------------
                                                      0.000     0.000 r  in_data_23[1] (IN)
                         net (fo=20, unset)           0.973     0.973    bd_0_i/hls_inst/inst/mul_5s_5s_5_1_1_U8/in_data_23[1]
    SLICE_X38Y54         LUT6 (Prop_lut6_I4_O)        0.124     1.097 r  bd_0_i/hls_inst/inst/mul_5s_5s_5_1_1_U8/tmp_product__0_carry_i_1__28/O
                         net (fo=2, routed)           0.583     1.680    bd_0_i/hls_inst/inst/mul_5s_5s_5_1_1_U8/tmp_product__0_carry_i_1__28_n_0
    SLICE_X39Y54         LUT5 (Prop_lut5_I0_O)        0.124     1.804 r  bd_0_i/hls_inst/inst/mul_5s_5s_5_1_1_U8/tmp_product__0_carry_i_4__12/O
                         net (fo=1, routed)           0.000     1.804    bd_0_i/hls_inst/inst/mul_5s_5s_5_1_1_U8/tmp_product__0_carry_i_4__12_n_0
    SLICE_X39Y54         CARRY4 (Prop_carry4_S[3]_CO[3])
                                                      0.401     2.205 r  bd_0_i/hls_inst/inst/mul_5s_5s_5_1_1_U8/tmp_product__0_carry/CO[3]
                         net (fo=1, routed)           0.000     2.205    bd_0_i/hls_inst/inst/mul_5s_5s_5_1_1_U8/tmp_product__0_carry_n_0
    SLICE_X39Y55         CARRY4 (Prop_carry4_CI_O[0])
                                                      0.222     2.427 r  bd_0_i/hls_inst/inst/mul_5s_5s_5_1_1_U8/tmp_product__0_carry__0/O[0]
                         net (fo=1, routed)           0.800     3.227    bd_0_i/hls_inst/inst/mul_5s_5s_5_1_1_U8/tmp_product__0_carry__0_n_7
    SLICE_X38Y56         LUT5 (Prop_lut5_I4_O)        0.299     3.526 r  bd_0_i/hls_inst/inst/mul_5s_5s_5_1_1_U8/tmp_product__12_carry_i_1__1/O
                         net (fo=1, routed)           0.000     3.526    bd_0_i/hls_inst/inst/mul_5s_5s_5_1_1_U8/tmp_product__12_carry_i_1__1_n_0
    SLICE_X38Y56         CARRY4 (Prop_carry4_S[2]_O[2])
                                                      0.250     3.776 r  bd_0_i/hls_inst/inst/mul_5s_5s_5_1_1_U8/tmp_product__12_carry/O[2]
                         net (fo=2, routed)           0.421     4.197    bd_0_i/hls_inst/inst/mul_5s_5s_5_1_1_U8/trunc_ln239_reg_1983_reg[4][2]
    SLICE_X38Y57         LUT3 (Prop_lut3_I0_O)        0.293     4.490 r  bd_0_i/hls_inst/inst/mul_5s_5s_5_1_1_U8/out_data_1[4]_INST_0/O
                         net (fo=0)                   0.973     5.463    out_data_1[6]
                                                                      r  out_data_1[6] (OUT)
  -------------------------------------------------------------------    -------------------

Slack:                    inf
  Source:                 in_data_23[1]
                            (input port)
  Destination:            out_data_1[7]
                            (output port)
  Path Group:             (none)
  Path Type:              Max at Slow Process Corner
  Data Path Delay:        5.463ns  (logic 1.713ns (31.358%)  route 3.750ns (68.642%))
  Logic Levels:           7  (CARRY4=3 LUT3=1 LUT5=2 LUT6=1)

    Location             Delay type                Incr(ns)  Path(ns)    Netlist Resource(s)
  -------------------------------------------------------------------    -------------------
                                                      0.000     0.000 r  in_data_23[1] (IN)
                         net (fo=20, unset)           0.973     0.973    bd_0_i/hls_inst/inst/mul_5s_5s_5_1_1_U8/in_data_23[1]
    SLICE_X38Y54         LUT6 (Prop_lut6_I4_O)        0.124     1.097 r  bd_0_i/hls_inst/inst/mul_5s_5s_5_1_1_U8/tmp_product__0_carry_i_1__28/O
                         net (fo=2, routed)           0.583     1.680    bd_0_i/hls_inst/inst/mul_5s_5s_5_1_1_U8/tmp_product__0_carry_i_1__28_n_0
    SLICE_X39Y54         LUT5 (Prop_lut5_I0_O)        0.124     1.804 r  bd_0_i/hls_inst/inst/mul_5s_5s_5_1_1_U8/tmp_product__0_carry_i_4__12/O
                         net (fo=1, routed)           0.000     1.804    bd_0_i/hls_inst/inst/mul_5s_5s_5_1_1_U8/tmp_product__0_carry_i_4__12_n_0
    SLICE_X39Y54         CARRY4 (Prop_carry4_S[3]_CO[3])
                                                      0.401     2.205 r  bd_0_i/hls_inst/inst/mul_5s_5s_5_1_1_U8/tmp_product__0_carry/CO[3]
                         net (fo=1, routed)           0.000     2.205    bd_0_i/hls_inst/inst/mul_5s_5s_5_1_1_U8/tmp_product__0_carry_n_0
    SLICE_X39Y55         CARRY4 (Prop_carry4_CI_O[0])
                                                      0.222     2.427 r  bd_0_i/hls_inst/inst/mul_5s_5s_5_1_1_U8/tmp_product__0_carry__0/O[0]
                         net (fo=1, routed)           0.800     3.227    bd_0_i/hls_inst/inst/mul_5s_5s_5_1_1_U8/tmp_product__0_carry__0_n_7
    SLICE_X38Y56         LUT5 (Prop_lut5_I4_O)        0.299     3.526 r  bd_0_i/hls_inst/inst/mul_5s_5s_5_1_1_U8/tmp_product__12_carry_i_1__1/O
                         net (fo=1, routed)           0.000     3.526    bd_0_i/hls_inst/inst/mul_5s_5s_5_1_1_U8/tmp_product__12_carry_i_1__1_n_0
    SLICE_X38Y56         CARRY4 (Prop_carry4_S[2]_O[2])
                                                      0.250     3.776 r  bd_0_i/hls_inst/inst/mul_5s_5s_5_1_1_U8/tmp_product__12_carry/O[2]
                         net (fo=2, routed)           0.421     4.197    bd_0_i/hls_inst/inst/mul_5s_5s_5_1_1_U8/trunc_ln239_reg_1983_reg[4][2]
    SLICE_X38Y57         LUT3 (Prop_lut3_I0_O)        0.293     4.490 r  bd_0_i/hls_inst/inst/mul_5s_5s_5_1_1_U8/out_data_1[4]_INST_0/O
                         net (fo=0)                   0.973     5.463    out_data_1[7]
                                                                      r  out_data_1[7] (OUT)
  -------------------------------------------------------------------    -------------------





Min Delay Paths
--------------------------------------------------------------------------------------
Slack:                    inf
  Source:                 ap_ctrl_start
                            (input port)
  Destination:            ap_ctrl_idle
                            (output port)
  Path Group:             (none)
  Path Type:              Min at Fast Process Corner
  Data Path Delay:        0.865ns  (logic 0.045ns (5.201%)  route 0.820ns (94.799%))
  Logic Levels:           1  (LUT2=1)

    Location             Delay type                Incr(ns)  Path(ns)    Netlist Resource(s)
  -------------------------------------------------------------------    -------------------
                                                      0.000     0.000 f  ap_ctrl_start (IN)
                         net (fo=2, unset)            0.410     0.410    bd_0_i/hls_inst/inst/ap_start
    SLICE_X32Y51         LUT2 (Prop_lut2_I1_O)        0.045     0.455 r  bd_0_i/hls_inst/inst/ap_idle_INST_0/O
                         net (fo=0)                   0.410     0.865    ap_ctrl_idle
                                                                      r  ap_ctrl_idle (OUT)
  -------------------------------------------------------------------    -------------------

Slack:                    inf
  Source:                 in_data_23[0]
                            (input port)
  Destination:            out_data_1[1]
                            (output port)
  Path Group:             (none)
  Path Type:              Min at Fast Process Corner
  Data Path Delay:        1.168ns  (logic 0.217ns (18.571%)  route 0.951ns (81.429%))
  Logic Levels:           3  (CARRY4=1 LUT3=1 LUT4=1)

    Location             Delay type                Incr(ns)  Path(ns)    Netlist Resource(s)
  -------------------------------------------------------------------    -------------------
                                                      0.000     0.000 r  in_data_23[0] (IN)
                         net (fo=19, unset)           0.410     0.410    bd_0_i/hls_inst/inst/mul_5s_5s_5_1_1_U8/in_data_23[0]
    SLICE_X39Y54         LUT4 (Prop_lut4_I3_O)        0.045     0.455 r  bd_0_i/hls_inst/inst/mul_5s_5s_5_1_1_U8/tmp_product__0_carry_i_6__12/O
                         net (fo=1, routed)           0.000     0.455    bd_0_i/hls_inst/inst/mul_5s_5s_5_1_1_U8/tmp_product__0_carry_i_6__12_n_0
    SLICE_X39Y54         CARRY4 (Prop_carry4_S[1]_O[1])
                                                      0.065     0.520 r  bd_0_i/hls_inst/inst/mul_5s_5s_5_1_1_U8/tmp_product__0_carry/O[1]
                         net (fo=2, routed)           0.131     0.651    bd_0_i/hls_inst/inst/mul_5s_5s_5_1_1_U8/O[1]
    SLICE_X37Y55         LUT3 (Prop_lut3_I0_O)        0.107     0.758 r  bd_0_i/hls_inst/inst/mul_5s_5s_5_1_1_U8/out_data_1[1]_INST_0/O
                         net (fo=0)                   0.410     1.168    out_data_1[1]
                                                                      r  out_data_1[1] (OUT)
  -------------------------------------------------------------------    -------------------

Slack:                    inf
  Source:                 in_data_23[1]
                            (input port)
  Destination:            out_data_1[10]
                            (output port)
  Path Group:             (none)
  Path Type:              Min at Fast Process Corner
  Data Path Delay:        1.188ns  (logic 0.221ns (18.604%)  route 0.967ns (81.396%))
  Logic Levels:           3  (CARRY4=1 LUT3=1 LUT5=1)

    Location             Delay type                Incr(ns)  Path(ns)    Netlist Resource(s)
  -------------------------------------------------------------------    -------------------
                                                      0.000     0.000 r  in_data_23[1] (IN)
                         net (fo=20, unset)           0.410     0.410    bd_0_i/hls_inst/inst/mul_5s_5s_5_1_1_U8/in_data_23[1]
    SLICE_X38Y56         LUT5 (Prop_lut5_I2_O)        0.045     0.455 r  bd_0_i/hls_inst/inst/mul_5s_5s_5_1_1_U8/tmp_product__12_carry_i_1__1/O
                         net (fo=1, routed)           0.000     0.455    bd_0_i/hls_inst/inst/mul_5s_5s_5_1_1_U8/tmp_product__12_carry_i_1__1_n_0
    SLICE_X38Y56         CARRY4 (Prop_carry4_S[2]_O[2])
                                                      0.065     0.520 r  bd_0_i/hls_inst/inst/mul_5s_5s_5_1_1_U8/tmp_product__12_carry/O[2]
                         net (fo=2, routed)           0.147     0.667    bd_0_i/hls_inst/inst/mul_5s_5s_5_1_1_U8/trunc_ln239_reg_1983_reg[4][2]
    SLICE_X38Y57         LUT3 (Prop_lut3_I0_O)        0.111     0.778 r  bd_0_i/hls_inst/inst/mul_5s_5s_5_1_1_U8/out_data_1[4]_INST_0/O
                         net (fo=0)                   0.410     1.188    out_data_1[10]
                                                                      r  out_data_1[10] (OUT)
  -------------------------------------------------------------------    -------------------

Slack:                    inf
  Source:                 in_data_23[1]
                            (input port)
  Destination:            out_data_1[11]
                            (output port)
  Path Group:             (none)
  Path Type:              Min at Fast Process Corner
  Data Path Delay:        1.188ns  (logic 0.221ns (18.604%)  route 0.967ns (81.396%))
  Logic Levels:           3  (CARRY4=1 LUT3=1 LUT5=1)

    Location             Delay type                Incr(ns)  Path(ns)    Netlist Resource(s)
  -------------------------------------------------------------------    -------------------
                                                      0.000     0.000 r  in_data_23[1] (IN)
                         net (fo=20, unset)           0.410     0.410    bd_0_i/hls_inst/inst/mul_5s_5s_5_1_1_U8/in_data_23[1]
    SLICE_X38Y56         LUT5 (Prop_lut5_I2_O)        0.045     0.455 r  bd_0_i/hls_inst/inst/mul_5s_5s_5_1_1_U8/tmp_product__12_carry_i_1__1/O
                         net (fo=1, routed)           0.000     0.455    bd_0_i/hls_inst/inst/mul_5s_5s_5_1_1_U8/tmp_product__12_carry_i_1__1_n_0
    SLICE_X38Y56         CARRY4 (Prop_carry4_S[2]_O[2])
                                                      0.065     0.520 r  bd_0_i/hls_inst/inst/mul_5s_5s_5_1_1_U8/tmp_product__12_carry/O[2]
                         net (fo=2, routed)           0.147     0.667    bd_0_i/hls_inst/inst/mul_5s_5s_5_1_1_U8/trunc_ln239_reg_1983_reg[4][2]
    SLICE_X38Y57         LUT3 (Prop_lut3_I0_O)        0.111     0.778 r  bd_0_i/hls_inst/inst/mul_5s_5s_5_1_1_U8/out_data_1[4]_INST_0/O
                         net (fo=0)                   0.410     1.188    out_data_1[11]
                                                                      r  out_data_1[11] (OUT)
  -------------------------------------------------------------------    -------------------

Slack:                    inf
  Source:                 in_data_23[1]
                            (input port)
  Destination:            out_data_1[12]
                            (output port)
  Path Group:             (none)
  Path Type:              Min at Fast Process Corner
  Data Path Delay:        1.188ns  (logic 0.221ns (18.604%)  route 0.967ns (81.396%))
  Logic Levels:           3  (CARRY4=1 LUT3=1 LUT5=1)

    Location             Delay type                Incr(ns)  Path(ns)    Netlist Resource(s)
  -------------------------------------------------------------------    -------------------
                                                      0.000     0.000 r  in_data_23[1] (IN)
                         net (fo=20, unset)           0.410     0.410    bd_0_i/hls_inst/inst/mul_5s_5s_5_1_1_U8/in_data_23[1]
    SLICE_X38Y56         LUT5 (Prop_lut5_I2_O)        0.045     0.455 r  bd_0_i/hls_inst/inst/mul_5s_5s_5_1_1_U8/tmp_product__12_carry_i_1__1/O
                         net (fo=1, routed)           0.000     0.455    bd_0_i/hls_inst/inst/mul_5s_5s_5_1_1_U8/tmp_product__12_carry_i_1__1_n_0
    SLICE_X38Y56         CARRY4 (Prop_carry4_S[2]_O[2])
                                                      0.065     0.520 r  bd_0_i/hls_inst/inst/mul_5s_5s_5_1_1_U8/tmp_product__12_carry/O[2]
                         net (fo=2, routed)           0.147     0.667    bd_0_i/hls_inst/inst/mul_5s_5s_5_1_1_U8/trunc_ln239_reg_1983_reg[4][2]
    SLICE_X38Y57         LUT3 (Prop_lut3_I0_O)        0.111     0.778 r  bd_0_i/hls_inst/inst/mul_5s_5s_5_1_1_U8/out_data_1[4]_INST_0/O
                         net (fo=0)                   0.410     1.188    out_data_1[12]
                                                                      r  out_data_1[12] (OUT)
  -------------------------------------------------------------------    -------------------

Slack:                    inf
  Source:                 in_data_23[1]
                            (input port)
  Destination:            out_data_1[13]
                            (output port)
  Path Group:             (none)
  Path Type:              Min at Fast Process Corner
  Data Path Delay:        1.188ns  (logic 0.221ns (18.604%)  route 0.967ns (81.396%))
  Logic Levels:           3  (CARRY4=1 LUT3=1 LUT5=1)

    Location             Delay type                Incr(ns)  Path(ns)    Netlist Resource(s)
  -------------------------------------------------------------------    -------------------
                                                      0.000     0.000 r  in_data_23[1] (IN)
                         net (fo=20, unset)           0.410     0.410    bd_0_i/hls_inst/inst/mul_5s_5s_5_1_1_U8/in_data_23[1]
    SLICE_X38Y56         LUT5 (Prop_lut5_I2_O)        0.045     0.455 r  bd_0_i/hls_inst/inst/mul_5s_5s_5_1_1_U8/tmp_product__12_carry_i_1__1/O
                         net (fo=1, routed)           0.000     0.455    bd_0_i/hls_inst/inst/mul_5s_5s_5_1_1_U8/tmp_product__12_carry_i_1__1_n_0
    SLICE_X38Y56         CARRY4 (Prop_carry4_S[2]_O[2])
                                                      0.065     0.520 r  bd_0_i/hls_inst/inst/mul_5s_5s_5_1_1_U8/tmp_product__12_carry/O[2]
                         net (fo=2, routed)           0.147     0.667    bd_0_i/hls_inst/inst/mul_5s_5s_5_1_1_U8/trunc_ln239_reg_1983_reg[4][2]
    SLICE_X38Y57         LUT3 (Prop_lut3_I0_O)        0.111     0.778 r  bd_0_i/hls_inst/inst/mul_5s_5s_5_1_1_U8/out_data_1[4]_INST_0/O
                         net (fo=0)                   0.410     1.188    out_data_1[13]
                                                                      r  out_data_1[13] (OUT)
  -------------------------------------------------------------------    -------------------

Slack:                    inf
  Source:                 in_data_23[1]
                            (input port)
  Destination:            out_data_1[14]
                            (output port)
  Path Group:             (none)
  Path Type:              Min at Fast Process Corner
  Data Path Delay:        1.188ns  (logic 0.221ns (18.604%)  route 0.967ns (81.396%))
  Logic Levels:           3  (CARRY4=1 LUT3=1 LUT5=1)

    Location             Delay type                Incr(ns)  Path(ns)    Netlist Resource(s)
  -------------------------------------------------------------------    -------------------
                                                      0.000     0.000 r  in_data_23[1] (IN)
                         net (fo=20, unset)           0.410     0.410    bd_0_i/hls_inst/inst/mul_5s_5s_5_1_1_U8/in_data_23[1]
    SLICE_X38Y56         LUT5 (Prop_lut5_I2_O)        0.045     0.455 r  bd_0_i/hls_inst/inst/mul_5s_5s_5_1_1_U8/tmp_product__12_carry_i_1__1/O
                         net (fo=1, routed)           0.000     0.455    bd_0_i/hls_inst/inst/mul_5s_5s_5_1_1_U8/tmp_product__12_carry_i_1__1_n_0
    SLICE_X38Y56         CARRY4 (Prop_carry4_S[2]_O[2])
                                                      0.065     0.520 r  bd_0_i/hls_inst/inst/mul_5s_5s_5_1_1_U8/tmp_product__12_carry/O[2]
                         net (fo=2, routed)           0.147     0.667    bd_0_i/hls_inst/inst/mul_5s_5s_5_1_1_U8/trunc_ln239_reg_1983_reg[4][2]
    SLICE_X38Y57         LUT3 (Prop_lut3_I0_O)        0.111     0.778 r  bd_0_i/hls_inst/inst/mul_5s_5s_5_1_1_U8/out_data_1[4]_INST_0/O
                         net (fo=0)                   0.410     1.188    out_data_1[14]
                                                                      r  out_data_1[14] (OUT)
  -------------------------------------------------------------------    -------------------

Slack:                    inf
  Source:                 in_data_23[1]
                            (input port)
  Destination:            out_data_1[15]
                            (output port)
  Path Group:             (none)
  Path Type:              Min at Fast Process Corner
  Data Path Delay:        1.188ns  (logic 0.221ns (18.604%)  route 0.967ns (81.396%))
  Logic Levels:           3  (CARRY4=1 LUT3=1 LUT5=1)

    Location             Delay type                Incr(ns)  Path(ns)    Netlist Resource(s)
  -------------------------------------------------------------------    -------------------
                                                      0.000     0.000 r  in_data_23[1] (IN)
                         net (fo=20, unset)           0.410     0.410    bd_0_i/hls_inst/inst/mul_5s_5s_5_1_1_U8/in_data_23[1]
    SLICE_X38Y56         LUT5 (Prop_lut5_I2_O)        0.045     0.455 r  bd_0_i/hls_inst/inst/mul_5s_5s_5_1_1_U8/tmp_product__12_carry_i_1__1/O
                         net (fo=1, routed)           0.000     0.455    bd_0_i/hls_inst/inst/mul_5s_5s_5_1_1_U8/tmp_product__12_carry_i_1__1_n_0
    SLICE_X38Y56         CARRY4 (Prop_carry4_S[2]_O[2])
                                                      0.065     0.520 r  bd_0_i/hls_inst/inst/mul_5s_5s_5_1_1_U8/tmp_product__12_carry/O[2]
                         net (fo=2, routed)           0.147     0.667    bd_0_i/hls_inst/inst/mul_5s_5s_5_1_1_U8/trunc_ln239_reg_1983_reg[4][2]
    SLICE_X38Y57         LUT3 (Prop_lut3_I0_O)        0.111     0.778 r  bd_0_i/hls_inst/inst/mul_5s_5s_5_1_1_U8/out_data_1[4]_INST_0/O
                         net (fo=0)                   0.410     1.188    out_data_1[15]
                                                                      r  out_data_1[15] (OUT)
  -------------------------------------------------------------------    -------------------

Slack:                    inf
  Source:                 in_data_23[1]
                            (input port)
  Destination:            out_data_1[4]
                            (output port)
  Path Group:             (none)
  Path Type:              Min at Fast Process Corner
  Data Path Delay:        1.188ns  (logic 0.221ns (18.604%)  route 0.967ns (81.396%))
  Logic Levels:           3  (CARRY4=1 LUT3=1 LUT5=1)

    Location             Delay type                Incr(ns)  Path(ns)    Netlist Resource(s)
  -------------------------------------------------------------------    -------------------
                                                      0.000     0.000 r  in_data_23[1] (IN)
                         net (fo=20, unset)           0.410     0.410    bd_0_i/hls_inst/inst/mul_5s_5s_5_1_1_U8/in_data_23[1]
    SLICE_X38Y56         LUT5 (Prop_lut5_I2_O)        0.045     0.455 r  bd_0_i/hls_inst/inst/mul_5s_5s_5_1_1_U8/tmp_product__12_carry_i_1__1/O
                         net (fo=1, routed)           0.000     0.455    bd_0_i/hls_inst/inst/mul_5s_5s_5_1_1_U8/tmp_product__12_carry_i_1__1_n_0
    SLICE_X38Y56         CARRY4 (Prop_carry4_S[2]_O[2])
                                                      0.065     0.520 r  bd_0_i/hls_inst/inst/mul_5s_5s_5_1_1_U8/tmp_product__12_carry/O[2]
                         net (fo=2, routed)           0.147     0.667    bd_0_i/hls_inst/inst/mul_5s_5s_5_1_1_U8/trunc_ln239_reg_1983_reg[4][2]
    SLICE_X38Y57         LUT3 (Prop_lut3_I0_O)        0.111     0.778 r  bd_0_i/hls_inst/inst/mul_5s_5s_5_1_1_U8/out_data_1[4]_INST_0/O
                         net (fo=0)                   0.410     1.188    out_data_1[4]
                                                                      r  out_data_1[4] (OUT)
  -------------------------------------------------------------------    -------------------

Slack:                    inf
  Source:                 in_data_23[1]
                            (input port)
  Destination:            out_data_1[5]
                            (output port)
  Path Group:             (none)
  Path Type:              Min at Fast Process Corner
  Data Path Delay:        1.188ns  (logic 0.221ns (18.604%)  route 0.967ns (81.396%))
  Logic Levels:           3  (CARRY4=1 LUT3=1 LUT5=1)

    Location             Delay type                Incr(ns)  Path(ns)    Netlist Resource(s)
  -------------------------------------------------------------------    -------------------
                                                      0.000     0.000 r  in_data_23[1] (IN)
                         net (fo=20, unset)           0.410     0.410    bd_0_i/hls_inst/inst/mul_5s_5s_5_1_1_U8/in_data_23[1]
    SLICE_X38Y56         LUT5 (Prop_lut5_I2_O)        0.045     0.455 r  bd_0_i/hls_inst/inst/mul_5s_5s_5_1_1_U8/tmp_product__12_carry_i_1__1/O
                         net (fo=1, routed)           0.000     0.455    bd_0_i/hls_inst/inst/mul_5s_5s_5_1_1_U8/tmp_product__12_carry_i_1__1_n_0
    SLICE_X38Y56         CARRY4 (Prop_carry4_S[2]_O[2])
                                                      0.065     0.520 r  bd_0_i/hls_inst/inst/mul_5s_5s_5_1_1_U8/tmp_product__12_carry/O[2]
                         net (fo=2, routed)           0.147     0.667    bd_0_i/hls_inst/inst/mul_5s_5s_5_1_1_U8/trunc_ln239_reg_1983_reg[4][2]
    SLICE_X38Y57         LUT3 (Prop_lut3_I0_O)        0.111     0.778 r  bd_0_i/hls_inst/inst/mul_5s_5s_5_1_1_U8/out_data_1[4]_INST_0/O
                         net (fo=0)                   0.410     1.188    out_data_1[5]
                                                                      r  out_data_1[5] (OUT)
  -------------------------------------------------------------------    -------------------





--------------------------------------------------------------------------------------
Path Group:  (none)
From Clock:  ap_clk
  To Clock:  

Max Delay           403 Endpoints
Min Delay           403 Endpoints
--------------------------------------------------------------------------------------


Max Delay Paths
--------------------------------------------------------------------------------------
Slack:                    inf
  Source:                 bd_0_i/hls_inst/inst/m37_reg_1988_reg/CLK
                            (rising edge-triggered cell DSP48E1 clocked by ap_clk  {rise@0.000ns fall@5.000ns period=10.000ns})
  Destination:            out_data_4[7]
                            (output port)
  Path Group:             (none)
  Path Type:              Max at Slow Process Corner
  Data Path Delay:        10.584ns  (logic 6.219ns (58.761%)  route 4.365ns (41.239%))
  Logic Levels:           3  (DSP48E1=2 LUT3=1)
  Clock Uncertainty:      0.025ns  ((TSJ^2 + TIJ^2)^1/2 + DJ) / 2 + PE
    Total System Jitter     (TSJ):    0.050ns
    Total Input Jitter      (TIJ):    0.000ns
    Discrete Jitter          (DJ):    0.000ns
    Phase Error              (PE):    0.000ns

    Location             Delay type                Incr(ns)  Path(ns)    Netlist Resource(s)
  -------------------------------------------------------------------    -------------------
                         (clock ap_clk rise edge)     0.000     0.000 r  
                                                      0.000     0.000 r  ap_clk (IN)
                         net (fo=864, unset)          0.973     0.973    bd_0_i/hls_inst/inst/ap_clk
    DSP48_X1Y16          DSP48E1                                      r  bd_0_i/hls_inst/inst/m37_reg_1988_reg/CLK
  -------------------------------------------------------------------    -------------------
    DSP48_X1Y16          DSP48E1 (Prop_dsp48e1_CLK_P[4])
                                                      0.434     1.407 r  bd_0_i/hls_inst/inst/m37_reg_1988_reg/P[4]
                         net (fo=111, routed)         1.112     2.519    bd_0_i/hls_inst/inst/m37_reg_1988_reg_n_101
    DSP48_X1Y14          DSP48E1 (Prop_dsp48e1_C[10]_P[8])
                                                      1.820     4.339 r  bd_0_i/hls_inst/inst/m46_fu_779_p2/P[8]
                         net (fo=46, routed)          0.948     5.287    bd_0_i/hls_inst/inst/mul_9s_9s_9_1_1_U23/tmp_product_1[8]
    DSP48_X1Y15          DSP48E1 (Prop_dsp48e1_A[22]_P[7])
                                                      3.841     9.128 r  bd_0_i/hls_inst/inst/mul_9s_9s_9_1_1_U23/tmp_product/P[7]
                         net (fo=2, routed)           1.331    10.460    bd_0_i/hls_inst/inst/mul_9s_9s_9_1_1_U23/P[7]
    SLICE_X21Y36         LUT3 (Prop_lut3_I0_O)        0.124    10.584 r  bd_0_i/hls_inst/inst/mul_9s_9s_9_1_1_U23/out_data_4[7]_INST_0/O
                         net (fo=0)                   0.973    11.557    out_data_4[7]
                                                                      r  out_data_4[7] (OUT)
  -------------------------------------------------------------------    -------------------

Slack:                    inf
  Source:                 bd_0_i/hls_inst/inst/m37_reg_1988_reg/CLK
                            (rising edge-triggered cell DSP48E1 clocked by ap_clk  {rise@0.000ns fall@5.000ns period=10.000ns})
  Destination:            out_data_4[2]
                            (output port)
  Path Group:             (none)
  Path Type:              Max at Slow Process Corner
  Data Path Delay:        10.455ns  (logic 6.245ns (59.732%)  route 4.210ns (40.268%))
  Logic Levels:           3  (DSP48E1=2 LUT3=1)
  Clock Uncertainty:      0.025ns  ((TSJ^2 + TIJ^2)^1/2 + DJ) / 2 + PE
    Total System Jitter     (TSJ):    0.050ns
    Total Input Jitter      (TIJ):    0.000ns
    Discrete Jitter          (DJ):    0.000ns
    Phase Error              (PE):    0.000ns

    Location             Delay type                Incr(ns)  Path(ns)    Netlist Resource(s)
  -------------------------------------------------------------------    -------------------
                         (clock ap_clk rise edge)     0.000     0.000 r  
                                                      0.000     0.000 r  ap_clk (IN)
                         net (fo=864, unset)          0.973     0.973    bd_0_i/hls_inst/inst/ap_clk
    DSP48_X1Y16          DSP48E1                                      r  bd_0_i/hls_inst/inst/m37_reg_1988_reg/CLK
  -------------------------------------------------------------------    -------------------
    DSP48_X1Y16          DSP48E1 (Prop_dsp48e1_CLK_P[4])
                                                      0.434     1.407 r  bd_0_i/hls_inst/inst/m37_reg_1988_reg/P[4]
                         net (fo=111, routed)         1.112     2.519    bd_0_i/hls_inst/inst/m37_reg_1988_reg_n_101
    DSP48_X1Y14          DSP48E1 (Prop_dsp48e1_C[10]_P[8])
                                                      1.820     4.339 r  bd_0_i/hls_inst/inst/m46_fu_779_p2/P[8]
                         net (fo=46, routed)          0.948     5.287    bd_0_i/hls_inst/inst/mul_9s_9s_9_1_1_U23/tmp_product_1[8]
    DSP48_X1Y15          DSP48E1 (Prop_dsp48e1_A[22]_P[2])
                                                      3.841     9.128 r  bd_0_i/hls_inst/inst/mul_9s_9s_9_1_1_U23/tmp_product/P[2]
                         net (fo=2, routed)           1.177    10.305    bd_0_i/hls_inst/inst/mul_9s_9s_9_1_1_U23/P[2]
    SLICE_X20Y35         LUT3 (Prop_lut3_I0_O)        0.150    10.455 r  bd_0_i/hls_inst/inst/mul_9s_9s_9_1_1_U23/out_data_4[2]_INST_0/O
                         net (fo=0)                   0.973    11.428    out_data_4[2]
                                                                      r  out_data_4[2] (OUT)
  -------------------------------------------------------------------    -------------------

Slack:                    inf
  Source:                 bd_0_i/hls_inst/inst/m37_reg_1988_reg/CLK
                            (rising edge-triggered cell DSP48E1 clocked by ap_clk  {rise@0.000ns fall@5.000ns period=10.000ns})
  Destination:            out_data_4[3]
                            (output port)
  Path Group:             (none)
  Path Type:              Max at Slow Process Corner
  Data Path Delay:        10.426ns  (logic 6.219ns (59.647%)  route 4.207ns (40.353%))
  Logic Levels:           3  (DSP48E1=2 LUT3=1)
  Clock Uncertainty:      0.025ns  ((TSJ^2 + TIJ^2)^1/2 + DJ) / 2 + PE
    Total System Jitter     (TSJ):    0.050ns
    Total Input Jitter      (TIJ):    0.000ns
    Discrete Jitter          (DJ):    0.000ns
    Phase Error              (PE):    0.000ns

    Location             Delay type                Incr(ns)  Path(ns)    Netlist Resource(s)
  -------------------------------------------------------------------    -------------------
                         (clock ap_clk rise edge)     0.000     0.000 r  
                                                      0.000     0.000 r  ap_clk (IN)
                         net (fo=864, unset)          0.973     0.973    bd_0_i/hls_inst/inst/ap_clk
    DSP48_X1Y16          DSP48E1                                      r  bd_0_i/hls_inst/inst/m37_reg_1988_reg/CLK
  -------------------------------------------------------------------    -------------------
    DSP48_X1Y16          DSP48E1 (Prop_dsp48e1_CLK_P[4])
                                                      0.434     1.407 r  bd_0_i/hls_inst/inst/m37_reg_1988_reg/P[4]
                         net (fo=111, routed)         1.112     2.519    bd_0_i/hls_inst/inst/m37_reg_1988_reg_n_101
    DSP48_X1Y14          DSP48E1 (Prop_dsp48e1_C[10]_P[8])
                                                      1.820     4.339 r  bd_0_i/hls_inst/inst/m46_fu_779_p2/P[8]
                         net (fo=46, routed)          0.948     5.287    bd_0_i/hls_inst/inst/mul_9s_9s_9_1_1_U23/tmp_product_1[8]
    DSP48_X1Y15          DSP48E1 (Prop_dsp48e1_A[22]_P[3])
                                                      3.841     9.128 r  bd_0_i/hls_inst/inst/mul_9s_9s_9_1_1_U23/tmp_product/P[3]
                         net (fo=2, routed)           1.174    10.302    bd_0_i/hls_inst/inst/mul_9s_9s_9_1_1_U23/P[3]
    SLICE_X20Y36         LUT3 (Prop_lut3_I0_O)        0.124    10.426 r  bd_0_i/hls_inst/inst/mul_9s_9s_9_1_1_U23/out_data_4[3]_INST_0/O
                         net (fo=0)                   0.973    11.399    out_data_4[3]
                                                                      r  out_data_4[3] (OUT)
  -------------------------------------------------------------------    -------------------

Slack:                    inf
  Source:                 bd_0_i/hls_inst/inst/m37_reg_1988_reg/CLK
                            (rising edge-triggered cell DSP48E1 clocked by ap_clk  {rise@0.000ns fall@5.000ns period=10.000ns})
  Destination:            out_data_4[6]
                            (output port)
  Path Group:             (none)
  Path Type:              Max at Slow Process Corner
  Data Path Delay:        10.285ns  (logic 6.247ns (60.737%)  route 4.038ns (39.263%))
  Logic Levels:           3  (DSP48E1=2 LUT3=1)
  Clock Uncertainty:      0.025ns  ((TSJ^2 + TIJ^2)^1/2 + DJ) / 2 + PE
    Total System Jitter     (TSJ):    0.050ns
    Total Input Jitter      (TIJ):    0.000ns
    Discrete Jitter          (DJ):    0.000ns
    Phase Error              (PE):    0.000ns

    Location             Delay type                Incr(ns)  Path(ns)    Netlist Resource(s)
  -------------------------------------------------------------------    -------------------
                         (clock ap_clk rise edge)     0.000     0.000 r  
                                                      0.000     0.000 r  ap_clk (IN)
                         net (fo=864, unset)          0.973     0.973    bd_0_i/hls_inst/inst/ap_clk
    DSP48_X1Y16          DSP48E1                                      r  bd_0_i/hls_inst/inst/m37_reg_1988_reg/CLK
  -------------------------------------------------------------------    -------------------
    DSP48_X1Y16          DSP48E1 (Prop_dsp48e1_CLK_P[4])
                                                      0.434     1.407 r  bd_0_i/hls_inst/inst/m37_reg_1988_reg/P[4]
                         net (fo=111, routed)         1.112     2.519    bd_0_i/hls_inst/inst/m37_reg_1988_reg_n_101
    DSP48_X1Y14          DSP48E1 (Prop_dsp48e1_C[10]_P[8])
                                                      1.820     4.339 r  bd_0_i/hls_inst/inst/m46_fu_779_p2/P[8]
                         net (fo=46, routed)          0.948     5.287    bd_0_i/hls_inst/inst/mul_9s_9s_9_1_1_U23/tmp_product_1[8]
    DSP48_X1Y15          DSP48E1 (Prop_dsp48e1_A[22]_P[6])
                                                      3.841     9.128 r  bd_0_i/hls_inst/inst/mul_9s_9s_9_1_1_U23/tmp_product/P[6]
                         net (fo=2, routed)           1.005    10.133    bd_0_i/hls_inst/inst/mul_9s_9s_9_1_1_U23/P[6]
    SLICE_X20Y36         LUT3 (Prop_lut3_I0_O)        0.152    10.285 r  bd_0_i/hls_inst/inst/mul_9s_9s_9_1_1_U23/out_data_4[6]_INST_0/O
                         net (fo=0)                   0.973    11.258    out_data_4[6]
                                                                      r  out_data_4[6] (OUT)
  -------------------------------------------------------------------    -------------------

Slack:                    inf
  Source:                 bd_0_i/hls_inst/inst/m37_reg_1988_reg/CLK
                            (rising edge-triggered cell DSP48E1 clocked by ap_clk  {rise@0.000ns fall@5.000ns period=10.000ns})
  Destination:            out_data_4[4]
                            (output port)
  Path Group:             (none)
  Path Type:              Max at Slow Process Corner
  Data Path Delay:        10.209ns  (logic 6.245ns (61.170%)  route 3.964ns (38.830%))
  Logic Levels:           3  (DSP48E1=2 LUT3=1)
  Clock Uncertainty:      0.025ns  ((TSJ^2 + TIJ^2)^1/2 + DJ) / 2 + PE
    Total System Jitter     (TSJ):    0.050ns
    Total Input Jitter      (TIJ):    0.000ns
    Discrete Jitter          (DJ):    0.000ns
    Phase Error              (PE):    0.000ns

    Location             Delay type                Incr(ns)  Path(ns)    Netlist Resource(s)
  -------------------------------------------------------------------    -------------------
                         (clock ap_clk rise edge)     0.000     0.000 r  
                                                      0.000     0.000 r  ap_clk (IN)
                         net (fo=864, unset)          0.973     0.973    bd_0_i/hls_inst/inst/ap_clk
    DSP48_X1Y16          DSP48E1                                      r  bd_0_i/hls_inst/inst/m37_reg_1988_reg/CLK
  -------------------------------------------------------------------    -------------------
    DSP48_X1Y16          DSP48E1 (Prop_dsp48e1_CLK_P[4])
                                                      0.434     1.407 r  bd_0_i/hls_inst/inst/m37_reg_1988_reg/P[4]
                         net (fo=111, routed)         1.112     2.519    bd_0_i/hls_inst/inst/m37_reg_1988_reg_n_101
    DSP48_X1Y14          DSP48E1 (Prop_dsp48e1_C[10]_P[8])
                                                      1.820     4.339 r  bd_0_i/hls_inst/inst/m46_fu_779_p2/P[8]
                         net (fo=46, routed)          0.948     5.287    bd_0_i/hls_inst/inst/mul_9s_9s_9_1_1_U23/tmp_product_1[8]
    DSP48_X1Y15          DSP48E1 (Prop_dsp48e1_A[22]_P[4])
                                                      3.841     9.128 r  bd_0_i/hls_inst/inst/mul_9s_9s_9_1_1_U23/tmp_product/P[4]
                         net (fo=2, routed)           0.931    10.059    bd_0_i/hls_inst/inst/mul_9s_9s_9_1_1_U23/P[4]
    SLICE_X20Y36         LUT3 (Prop_lut3_I0_O)        0.150    10.209 r  bd_0_i/hls_inst/inst/mul_9s_9s_9_1_1_U23/out_data_4[4]_INST_0/O
                         net (fo=0)                   0.973    11.182    out_data_4[4]
                                                                      r  out_data_4[4] (OUT)
  -------------------------------------------------------------------    -------------------

Slack:                    inf
  Source:                 bd_0_i/hls_inst/inst/m37_reg_1988_reg/CLK
                            (rising edge-triggered cell DSP48E1 clocked by ap_clk  {rise@0.000ns fall@5.000ns period=10.000ns})
  Destination:            out_data_4[10]
                            (output port)
  Path Group:             (none)
  Path Type:              Max at Slow Process Corner
  Data Path Delay:        10.193ns  (logic 6.245ns (61.270%)  route 3.948ns (38.730%))
  Logic Levels:           3  (DSP48E1=2 LUT3=1)
  Clock Uncertainty:      0.025ns  ((TSJ^2 + TIJ^2)^1/2 + DJ) / 2 + PE
    Total System Jitter     (TSJ):    0.050ns
    Total Input Jitter      (TIJ):    0.000ns
    Discrete Jitter          (DJ):    0.000ns
    Phase Error              (PE):    0.000ns

    Location             Delay type                Incr(ns)  Path(ns)    Netlist Resource(s)
  -------------------------------------------------------------------    -------------------
                         (clock ap_clk rise edge)     0.000     0.000 r  
                                                      0.000     0.000 r  ap_clk (IN)
                         net (fo=864, unset)          0.973     0.973    bd_0_i/hls_inst/inst/ap_clk
    DSP48_X1Y16          DSP48E1                                      r  bd_0_i/hls_inst/inst/m37_reg_1988_reg/CLK
  -------------------------------------------------------------------    -------------------
    DSP48_X1Y16          DSP48E1 (Prop_dsp48e1_CLK_P[4])
                                                      0.434     1.407 r  bd_0_i/hls_inst/inst/m37_reg_1988_reg/P[4]
                         net (fo=111, routed)         1.112     2.519    bd_0_i/hls_inst/inst/m37_reg_1988_reg_n_101
    DSP48_X1Y14          DSP48E1 (Prop_dsp48e1_C[10]_P[8])
                                                      1.820     4.339 r  bd_0_i/hls_inst/inst/m46_fu_779_p2/P[8]
                         net (fo=46, routed)          0.948     5.287    bd_0_i/hls_inst/inst/mul_9s_9s_9_1_1_U23/tmp_product_1[8]
    DSP48_X1Y15          DSP48E1 (Prop_dsp48e1_A[22]_P[8])
                                                      3.841     9.128 r  bd_0_i/hls_inst/inst/mul_9s_9s_9_1_1_U23/tmp_product/P[8]
                         net (fo=2, routed)           0.914    10.043    bd_0_i/hls_inst/inst/mul_9s_9s_9_1_1_U23/P[8]
    SLICE_X21Y36         LUT3 (Prop_lut3_I0_O)        0.150    10.193 r  bd_0_i/hls_inst/inst/mul_9s_9s_9_1_1_U23/out_data_4[8]_INST_0/O
                         net (fo=0)                   0.973    11.166    out_data_4[10]
                                                                      r  out_data_4[10] (OUT)
  -------------------------------------------------------------------    -------------------

Slack:                    inf
  Source:                 bd_0_i/hls_inst/inst/m37_reg_1988_reg/CLK
                            (rising edge-triggered cell DSP48E1 clocked by ap_clk  {rise@0.000ns fall@5.000ns period=10.000ns})
  Destination:            out_data_4[11]
                            (output port)
  Path Group:             (none)
  Path Type:              Max at Slow Process Corner
  Data Path Delay:        10.193ns  (logic 6.245ns (61.270%)  route 3.948ns (38.730%))
  Logic Levels:           3  (DSP48E1=2 LUT3=1)
  Clock Uncertainty:      0.025ns  ((TSJ^2 + TIJ^2)^1/2 + DJ) / 2 + PE
    Total System Jitter     (TSJ):    0.050ns
    Total Input Jitter      (TIJ):    0.000ns
    Discrete Jitter          (DJ):    0.000ns
    Phase Error              (PE):    0.000ns

    Location             Delay type                Incr(ns)  Path(ns)    Netlist Resource(s)
  -------------------------------------------------------------------    -------------------
                         (clock ap_clk rise edge)     0.000     0.000 r  
                                                      0.000     0.000 r  ap_clk (IN)
                         net (fo=864, unset)          0.973     0.973    bd_0_i/hls_inst/inst/ap_clk
    DSP48_X1Y16          DSP48E1                                      r  bd_0_i/hls_inst/inst/m37_reg_1988_reg/CLK
  -------------------------------------------------------------------    -------------------
    DSP48_X1Y16          DSP48E1 (Prop_dsp48e1_CLK_P[4])
                                                      0.434     1.407 r  bd_0_i/hls_inst/inst/m37_reg_1988_reg/P[4]
                         net (fo=111, routed)         1.112     2.519    bd_0_i/hls_inst/inst/m37_reg_1988_reg_n_101
    DSP48_X1Y14          DSP48E1 (Prop_dsp48e1_C[10]_P[8])
                                                      1.820     4.339 r  bd_0_i/hls_inst/inst/m46_fu_779_p2/P[8]
                         net (fo=46, routed)          0.948     5.287    bd_0_i/hls_inst/inst/mul_9s_9s_9_1_1_U23/tmp_product_1[8]
    DSP48_X1Y15          DSP48E1 (Prop_dsp48e1_A[22]_P[8])
                                                      3.841     9.128 r  bd_0_i/hls_inst/inst/mul_9s_9s_9_1_1_U23/tmp_product/P[8]
                         net (fo=2, routed)           0.914    10.043    bd_0_i/hls_inst/inst/mul_9s_9s_9_1_1_U23/P[8]
    SLICE_X21Y36         LUT3 (Prop_lut3_I0_O)        0.150    10.193 r  bd_0_i/hls_inst/inst/mul_9s_9s_9_1_1_U23/out_data_4[8]_INST_0/O
                         net (fo=0)                   0.973    11.166    out_data_4[11]
                                                                      r  out_data_4[11] (OUT)
  -------------------------------------------------------------------    -------------------

Slack:                    inf
  Source:                 bd_0_i/hls_inst/inst/m37_reg_1988_reg/CLK
                            (rising edge-triggered cell DSP48E1 clocked by ap_clk  {rise@0.000ns fall@5.000ns period=10.000ns})
  Destination:            out_data_4[12]
                            (output port)
  Path Group:             (none)
  Path Type:              Max at Slow Process Corner
  Data Path Delay:        10.193ns  (logic 6.245ns (61.270%)  route 3.948ns (38.730%))
  Logic Levels:           3  (DSP48E1=2 LUT3=1)
  Clock Uncertainty:      0.025ns  ((TSJ^2 + TIJ^2)^1/2 + DJ) / 2 + PE
    Total System Jitter     (TSJ):    0.050ns
    Total Input Jitter      (TIJ):    0.000ns
    Discrete Jitter          (DJ):    0.000ns
    Phase Error              (PE):    0.000ns

    Location             Delay type                Incr(ns)  Path(ns)    Netlist Resource(s)
  -------------------------------------------------------------------    -------------------
                         (clock ap_clk rise edge)     0.000     0.000 r  
                                                      0.000     0.000 r  ap_clk (IN)
                         net (fo=864, unset)          0.973     0.973    bd_0_i/hls_inst/inst/ap_clk
    DSP48_X1Y16          DSP48E1                                      r  bd_0_i/hls_inst/inst/m37_reg_1988_reg/CLK
  -------------------------------------------------------------------    -------------------
    DSP48_X1Y16          DSP48E1 (Prop_dsp48e1_CLK_P[4])
                                                      0.434     1.407 r  bd_0_i/hls_inst/inst/m37_reg_1988_reg/P[4]
                         net (fo=111, routed)         1.112     2.519    bd_0_i/hls_inst/inst/m37_reg_1988_reg_n_101
    DSP48_X1Y14          DSP48E1 (Prop_dsp48e1_C[10]_P[8])
                                                      1.820     4.339 r  bd_0_i/hls_inst/inst/m46_fu_779_p2/P[8]
                         net (fo=46, routed)          0.948     5.287    bd_0_i/hls_inst/inst/mul_9s_9s_9_1_1_U23/tmp_product_1[8]
    DSP48_X1Y15          DSP48E1 (Prop_dsp48e1_A[22]_P[8])
                                                      3.841     9.128 r  bd_0_i/hls_inst/inst/mul_9s_9s_9_1_1_U23/tmp_product/P[8]
                         net (fo=2, routed)           0.914    10.043    bd_0_i/hls_inst/inst/mul_9s_9s_9_1_1_U23/P[8]
    SLICE_X21Y36         LUT3 (Prop_lut3_I0_O)        0.150    10.193 r  bd_0_i/hls_inst/inst/mul_9s_9s_9_1_1_U23/out_data_4[8]_INST_0/O
                         net (fo=0)                   0.973    11.166    out_data_4[12]
                                                                      r  out_data_4[12] (OUT)
  -------------------------------------------------------------------    -------------------

Slack:                    inf
  Source:                 bd_0_i/hls_inst/inst/m37_reg_1988_reg/CLK
                            (rising edge-triggered cell DSP48E1 clocked by ap_clk  {rise@0.000ns fall@5.000ns period=10.000ns})
  Destination:            out_data_4[13]
                            (output port)
  Path Group:             (none)
  Path Type:              Max at Slow Process Corner
  Data Path Delay:        10.193ns  (logic 6.245ns (61.270%)  route 3.948ns (38.730%))
  Logic Levels:           3  (DSP48E1=2 LUT3=1)
  Clock Uncertainty:      0.025ns  ((TSJ^2 + TIJ^2)^1/2 + DJ) / 2 + PE
    Total System Jitter     (TSJ):    0.050ns
    Total Input Jitter      (TIJ):    0.000ns
    Discrete Jitter          (DJ):    0.000ns
    Phase Error              (PE):    0.000ns

    Location             Delay type                Incr(ns)  Path(ns)    Netlist Resource(s)
  -------------------------------------------------------------------    -------------------
                         (clock ap_clk rise edge)     0.000     0.000 r  
                                                      0.000     0.000 r  ap_clk (IN)
                         net (fo=864, unset)          0.973     0.973    bd_0_i/hls_inst/inst/ap_clk
    DSP48_X1Y16          DSP48E1                                      r  bd_0_i/hls_inst/inst/m37_reg_1988_reg/CLK
  -------------------------------------------------------------------    -------------------
    DSP48_X1Y16          DSP48E1 (Prop_dsp48e1_CLK_P[4])
                                                      0.434     1.407 r  bd_0_i/hls_inst/inst/m37_reg_1988_reg/P[4]
                         net (fo=111, routed)         1.112     2.519    bd_0_i/hls_inst/inst/m37_reg_1988_reg_n_101
    DSP48_X1Y14          DSP48E1 (Prop_dsp48e1_C[10]_P[8])
                                                      1.820     4.339 r  bd_0_i/hls_inst/inst/m46_fu_779_p2/P[8]
                         net (fo=46, routed)          0.948     5.287    bd_0_i/hls_inst/inst/mul_9s_9s_9_1_1_U23/tmp_product_1[8]
    DSP48_X1Y15          DSP48E1 (Prop_dsp48e1_A[22]_P[8])
                                                      3.841     9.128 r  bd_0_i/hls_inst/inst/mul_9s_9s_9_1_1_U23/tmp_product/P[8]
                         net (fo=2, routed)           0.914    10.043    bd_0_i/hls_inst/inst/mul_9s_9s_9_1_1_U23/P[8]
    SLICE_X21Y36         LUT3 (Prop_lut3_I0_O)        0.150    10.193 r  bd_0_i/hls_inst/inst/mul_9s_9s_9_1_1_U23/out_data_4[8]_INST_0/O
                         net (fo=0)                   0.973    11.166    out_data_4[13]
                                                                      r  out_data_4[13] (OUT)
  -------------------------------------------------------------------    -------------------

Slack:                    inf
  Source:                 bd_0_i/hls_inst/inst/m37_reg_1988_reg/CLK
                            (rising edge-triggered cell DSP48E1 clocked by ap_clk  {rise@0.000ns fall@5.000ns period=10.000ns})
  Destination:            out_data_4[14]
                            (output port)
  Path Group:             (none)
  Path Type:              Max at Slow Process Corner
  Data Path Delay:        10.193ns  (logic 6.245ns (61.270%)  route 3.948ns (38.730%))
  Logic Levels:           3  (DSP48E1=2 LUT3=1)
  Clock Uncertainty:      0.025ns  ((TSJ^2 + TIJ^2)^1/2 + DJ) / 2 + PE
    Total System Jitter     (TSJ):    0.050ns
    Total Input Jitter      (TIJ):    0.000ns
    Discrete Jitter          (DJ):    0.000ns
    Phase Error              (PE):    0.000ns

    Location             Delay type                Incr(ns)  Path(ns)    Netlist Resource(s)
  -------------------------------------------------------------------    -------------------
                         (clock ap_clk rise edge)     0.000     0.000 r  
                                                      0.000     0.000 r  ap_clk (IN)
                         net (fo=864, unset)          0.973     0.973    bd_0_i/hls_inst/inst/ap_clk
    DSP48_X1Y16          DSP48E1                                      r  bd_0_i/hls_inst/inst/m37_reg_1988_reg/CLK
  -------------------------------------------------------------------    -------------------
    DSP48_X1Y16          DSP48E1 (Prop_dsp48e1_CLK_P[4])
                                                      0.434     1.407 r  bd_0_i/hls_inst/inst/m37_reg_1988_reg/P[4]
                         net (fo=111, routed)         1.112     2.519    bd_0_i/hls_inst/inst/m37_reg_1988_reg_n_101
    DSP48_X1Y14          DSP48E1 (Prop_dsp48e1_C[10]_P[8])
                                                      1.820     4.339 r  bd_0_i/hls_inst/inst/m46_fu_779_p2/P[8]
                         net (fo=46, routed)          0.948     5.287    bd_0_i/hls_inst/inst/mul_9s_9s_9_1_1_U23/tmp_product_1[8]
    DSP48_X1Y15          DSP48E1 (Prop_dsp48e1_A[22]_P[8])
                                                      3.841     9.128 r  bd_0_i/hls_inst/inst/mul_9s_9s_9_1_1_U23/tmp_product/P[8]
                         net (fo=2, routed)           0.914    10.043    bd_0_i/hls_inst/inst/mul_9s_9s_9_1_1_U23/P[8]
    SLICE_X21Y36         LUT3 (Prop_lut3_I0_O)        0.150    10.193 r  bd_0_i/hls_inst/inst/mul_9s_9s_9_1_1_U23/out_data_4[8]_INST_0/O
                         net (fo=0)                   0.973    11.166    out_data_4[14]
                                                                      r  out_data_4[14] (OUT)
  -------------------------------------------------------------------    -------------------





Min Delay Paths
--------------------------------------------------------------------------------------
Slack:                    inf
  Source:                 bd_0_i/hls_inst/inst/ap_CS_fsm_reg[25]/C
                            (rising edge-triggered cell FDRE clocked by ap_clk  {rise@0.000ns fall@5.000ns period=10.000ns})
  Destination:            ap_ctrl_done
                            (output port)
  Path Group:             (none)
  Path Type:              Min at Fast Process Corner
  Data Path Delay:        0.551ns  (logic 0.141ns (25.583%)  route 0.410ns (74.417%))
  Logic Levels:           0  
  Clock Uncertainty:      0.025ns  ((TSJ^2 + TIJ^2)^1/2 + DJ) / 2 + PE
    Total System Jitter     (TSJ):    0.050ns
    Total Input Jitter      (TIJ):    0.000ns
    Discrete Jitter          (DJ):    0.000ns
    Phase Error              (PE):    0.000ns

    Location             Delay type                Incr(ns)  Path(ns)    Netlist Resource(s)
  -------------------------------------------------------------------    -------------------
                         (clock ap_clk rise edge)     0.000     0.000 r  
                                                      0.000     0.000 r  ap_clk (IN)
                         net (fo=864, unset)          0.410     0.410    bd_0_i/hls_inst/inst/ap_clk
    SLICE_X19Y21         FDRE                                         r  bd_0_i/hls_inst/inst/ap_CS_fsm_reg[25]/C
  -------------------------------------------------------------------    -------------------
    SLICE_X19Y21         FDRE (Prop_fdre_C_Q)         0.141     0.551 r  bd_0_i/hls_inst/inst/ap_CS_fsm_reg[25]/Q
                         net (fo=2, unset)            0.410     0.961    ap_ctrl_done
                                                                      r  ap_ctrl_done (OUT)
  -------------------------------------------------------------------    -------------------

Slack:                    inf
  Source:                 bd_0_i/hls_inst/inst/ap_CS_fsm_reg[25]/C
                            (rising edge-triggered cell FDRE clocked by ap_clk  {rise@0.000ns fall@5.000ns period=10.000ns})
  Destination:            ap_ctrl_ready
                            (output port)
  Path Group:             (none)
  Path Type:              Min at Fast Process Corner
  Data Path Delay:        0.551ns  (logic 0.141ns (25.583%)  route 0.410ns (74.417%))
  Logic Levels:           0  
  Clock Uncertainty:      0.025ns  ((TSJ^2 + TIJ^2)^1/2 + DJ) / 2 + PE
    Total System Jitter     (TSJ):    0.050ns
    Total Input Jitter      (TIJ):    0.000ns
    Discrete Jitter          (DJ):    0.000ns
    Phase Error              (PE):    0.000ns

    Location             Delay type                Incr(ns)  Path(ns)    Netlist Resource(s)
  -------------------------------------------------------------------    -------------------
                         (clock ap_clk rise edge)     0.000     0.000 r  
                                                      0.000     0.000 r  ap_clk (IN)
                         net (fo=864, unset)          0.410     0.410    bd_0_i/hls_inst/inst/ap_clk
    SLICE_X19Y21         FDRE                                         r  bd_0_i/hls_inst/inst/ap_CS_fsm_reg[25]/C
  -------------------------------------------------------------------    -------------------
    SLICE_X19Y21         FDRE (Prop_fdre_C_Q)         0.141     0.551 r  bd_0_i/hls_inst/inst/ap_CS_fsm_reg[25]/Q
                         net (fo=2, unset)            0.410     0.961    ap_ctrl_ready
                                                                      r  ap_ctrl_ready (OUT)
  -------------------------------------------------------------------    -------------------

Slack:                    inf
  Source:                 bd_0_i/hls_inst/inst/out_data_11_preg_reg[0]/C
                            (rising edge-triggered cell FDRE clocked by ap_clk  {rise@0.000ns fall@5.000ns period=10.000ns})
  Destination:            out_data_11[0]
                            (output port)
  Path Group:             (none)
  Path Type:              Min at Fast Process Corner
  Data Path Delay:        0.683ns  (logic 0.186ns (27.223%)  route 0.497ns (72.777%))
  Logic Levels:           1  (LUT3=1)
  Clock Uncertainty:      0.025ns  ((TSJ^2 + TIJ^2)^1/2 + DJ) / 2 + PE
    Total System Jitter     (TSJ):    0.050ns
    Total Input Jitter      (TIJ):    0.000ns
    Discrete Jitter          (DJ):    0.000ns
    Phase Error              (PE):    0.000ns

    Location             Delay type                Incr(ns)  Path(ns)    Netlist Resource(s)
  -------------------------------------------------------------------    -------------------
                         (clock ap_clk rise edge)     0.000     0.000 r  
                                                      0.000     0.000 r  ap_clk (IN)
                         net (fo=864, unset)          0.410     0.410    bd_0_i/hls_inst/inst/ap_clk
    SLICE_X13Y25         FDRE                                         r  bd_0_i/hls_inst/inst/out_data_11_preg_reg[0]/C
  -------------------------------------------------------------------    -------------------
    SLICE_X13Y25         FDRE (Prop_fdre_C_Q)         0.141     0.551 r  bd_0_i/hls_inst/inst/out_data_11_preg_reg[0]/Q
                         net (fo=1, routed)           0.087     0.638    bd_0_i/hls_inst/inst/mul_12s_10s_16_1_1_U55/out_data_11_preg[0]
    SLICE_X12Y25         LUT3 (Prop_lut3_I2_O)        0.045     0.683 r  bd_0_i/hls_inst/inst/mul_12s_10s_16_1_1_U55/out_data_11[0]_INST_0/O
                         net (fo=0)                   0.410     1.093    out_data_11[0]
                                                                      r  out_data_11[0] (OUT)
  -------------------------------------------------------------------    -------------------

Slack:                    inf
  Source:                 bd_0_i/hls_inst/inst/out_data_11_preg_reg[10]/C
                            (rising edge-triggered cell FDRE clocked by ap_clk  {rise@0.000ns fall@5.000ns period=10.000ns})
  Destination:            out_data_11[10]
                            (output port)
  Path Group:             (none)
  Path Type:              Min at Fast Process Corner
  Data Path Delay:        0.683ns  (logic 0.186ns (27.223%)  route 0.497ns (72.777%))
  Logic Levels:           1  (LUT3=1)
  Clock Uncertainty:      0.025ns  ((TSJ^2 + TIJ^2)^1/2 + DJ) / 2 + PE
    Total System Jitter     (TSJ):    0.050ns
    Total Input Jitter      (TIJ):    0.000ns
    Discrete Jitter          (DJ):    0.000ns
    Phase Error              (PE):    0.000ns

    Location             Delay type                Incr(ns)  Path(ns)    Netlist Resource(s)
  -------------------------------------------------------------------    -------------------
                         (clock ap_clk rise edge)     0.000     0.000 r  
                                                      0.000     0.000 r  ap_clk (IN)
                         net (fo=864, unset)          0.410     0.410    bd_0_i/hls_inst/inst/ap_clk
    SLICE_X13Y26         FDRE                                         r  bd_0_i/hls_inst/inst/out_data_11_preg_reg[10]/C
  -------------------------------------------------------------------    -------------------
    SLICE_X13Y26         FDRE (Prop_fdre_C_Q)         0.141     0.551 r  bd_0_i/hls_inst/inst/out_data_11_preg_reg[10]/Q
                         net (fo=1, routed)           0.087     0.638    bd_0_i/hls_inst/inst/mul_12s_10s_16_1_1_U55/out_data_11_preg[10]
    SLICE_X12Y26         LUT3 (Prop_lut3_I2_O)        0.045     0.683 r  bd_0_i/hls_inst/inst/mul_12s_10s_16_1_1_U55/out_data_11[10]_INST_0/O
                         net (fo=0)                   0.410     1.093    out_data_11[10]
                                                                      r  out_data_11[10] (OUT)
  -------------------------------------------------------------------    -------------------

Slack:                    inf
  Source:                 bd_0_i/hls_inst/inst/out_data_12_preg_reg[10]/C
                            (rising edge-triggered cell FDRE clocked by ap_clk  {rise@0.000ns fall@5.000ns period=10.000ns})
  Destination:            out_data_12[10]
                            (output port)
  Path Group:             (none)
  Path Type:              Min at Fast Process Corner
  Data Path Delay:        0.683ns  (logic 0.186ns (27.223%)  route 0.497ns (72.777%))
  Logic Levels:           1  (LUT3=1)
  Clock Uncertainty:      0.025ns  ((TSJ^2 + TIJ^2)^1/2 + DJ) / 2 + PE
    Total System Jitter     (TSJ):    0.050ns
    Total Input Jitter      (TIJ):    0.000ns
    Discrete Jitter          (DJ):    0.000ns
    Phase Error              (PE):    0.000ns

    Location             Delay type                Incr(ns)  Path(ns)    Netlist Resource(s)
  -------------------------------------------------------------------    -------------------
                         (clock ap_clk rise edge)     0.000     0.000 r  
                                                      0.000     0.000 r  ap_clk (IN)
                         net (fo=864, unset)          0.410     0.410    bd_0_i/hls_inst/inst/ap_clk
    SLICE_X37Y32         FDRE                                         r  bd_0_i/hls_inst/inst/out_data_12_preg_reg[10]/C
  -------------------------------------------------------------------    -------------------
    SLICE_X37Y32         FDRE (Prop_fdre_C_Q)         0.141     0.551 r  bd_0_i/hls_inst/inst/out_data_12_preg_reg[10]/Q
                         net (fo=1, routed)           0.087     0.638    bd_0_i/hls_inst/inst/mul_10s_7s_15_1_1_U50/out_data_12_preg[10]
    SLICE_X36Y32         LUT3 (Prop_lut3_I2_O)        0.045     0.683 r  bd_0_i/hls_inst/inst/mul_10s_7s_15_1_1_U50/out_data_12[10]_INST_0/O
                         net (fo=0)                   0.410     1.093    out_data_12[10]
                                                                      r  out_data_12[10] (OUT)
  -------------------------------------------------------------------    -------------------

Slack:                    inf
  Source:                 bd_0_i/hls_inst/inst/out_data_14_preg_reg[3]/C
                            (rising edge-triggered cell FDRE clocked by ap_clk  {rise@0.000ns fall@5.000ns period=10.000ns})
  Destination:            out_data_14[3]
                            (output port)
  Path Group:             (none)
  Path Type:              Min at Fast Process Corner
  Data Path Delay:        0.683ns  (logic 0.186ns (27.223%)  route 0.497ns (72.777%))
  Logic Levels:           1  (LUT3=1)
  Clock Uncertainty:      0.025ns  ((TSJ^2 + TIJ^2)^1/2 + DJ) / 2 + PE
    Total System Jitter     (TSJ):    0.050ns
    Total Input Jitter      (TIJ):    0.000ns
    Discrete Jitter          (DJ):    0.000ns
    Phase Error              (PE):    0.000ns

    Location             Delay type                Incr(ns)  Path(ns)    Netlist Resource(s)
  -------------------------------------------------------------------    -------------------
                         (clock ap_clk rise edge)     0.000     0.000 r  
                                                      0.000     0.000 r  ap_clk (IN)
                         net (fo=864, unset)          0.410     0.410    bd_0_i/hls_inst/inst/ap_clk
    SLICE_X27Y11         FDRE                                         r  bd_0_i/hls_inst/inst/out_data_14_preg_reg[3]/C
  -------------------------------------------------------------------    -------------------
    SLICE_X27Y11         FDRE (Prop_fdre_C_Q)         0.141     0.551 r  bd_0_i/hls_inst/inst/out_data_14_preg_reg[3]/Q
                         net (fo=1, routed)           0.087     0.638    bd_0_i/hls_inst/inst/mul_7s_7s_7_1_1_U85/out_data_14_preg[3]
    SLICE_X26Y11         LUT3 (Prop_lut3_I2_O)        0.045     0.683 r  bd_0_i/hls_inst/inst/mul_7s_7s_7_1_1_U85/out_data_14[3]_INST_0/O
                         net (fo=0)                   0.410     1.093    out_data_14[3]
                                                                      r  out_data_14[3] (OUT)
  -------------------------------------------------------------------    -------------------

Slack:                    inf
  Source:                 bd_0_i/hls_inst/inst/out_data_9_preg_reg[10]/C
                            (rising edge-triggered cell FDRE clocked by ap_clk  {rise@0.000ns fall@5.000ns period=10.000ns})
  Destination:            out_data_9[10]
                            (output port)
  Path Group:             (none)
  Path Type:              Min at Fast Process Corner
  Data Path Delay:        0.683ns  (logic 0.186ns (27.223%)  route 0.497ns (72.777%))
  Logic Levels:           1  (LUT3=1)
  Clock Uncertainty:      0.025ns  ((TSJ^2 + TIJ^2)^1/2 + DJ) / 2 + PE
    Total System Jitter     (TSJ):    0.050ns
    Total Input Jitter      (TIJ):    0.000ns
    Discrete Jitter          (DJ):    0.000ns
    Phase Error              (PE):    0.000ns

    Location             Delay type                Incr(ns)  Path(ns)    Netlist Resource(s)
  -------------------------------------------------------------------    -------------------
                         (clock ap_clk rise edge)     0.000     0.000 r  
                                                      0.000     0.000 r  ap_clk (IN)
                         net (fo=864, unset)          0.410     0.410    bd_0_i/hls_inst/inst/ap_clk
    SLICE_X37Y46         FDRE                                         r  bd_0_i/hls_inst/inst/out_data_9_preg_reg[10]/C
  -------------------------------------------------------------------    -------------------
    SLICE_X37Y46         FDRE (Prop_fdre_C_Q)         0.141     0.551 r  bd_0_i/hls_inst/inst/out_data_9_preg_reg[10]/Q
                         net (fo=1, routed)           0.087     0.638    bd_0_i/hls_inst/inst/mul_12s_7s_12_1_1_U39/out_data_9_preg[10]
    SLICE_X36Y46         LUT3 (Prop_lut3_I2_O)        0.045     0.683 r  bd_0_i/hls_inst/inst/mul_12s_7s_12_1_1_U39/out_data_9[10]_INST_0/O
                         net (fo=0)                   0.410     1.093    out_data_9[10]
                                                                      r  out_data_9[10] (OUT)
  -------------------------------------------------------------------    -------------------

Slack:                    inf
  Source:                 bd_0_i/hls_inst/inst/mul_ln380_1_reg_2839_reg[0]/C
                            (rising edge-triggered cell FDRE clocked by ap_clk  {rise@0.000ns fall@5.000ns period=10.000ns})
  Destination:            out_data_22[1]
                            (output port)
  Path Group:             (none)
  Path Type:              Min at Fast Process Corner
  Data Path Delay:        0.695ns  (logic 0.186ns (26.748%)  route 0.509ns (73.252%))
  Logic Levels:           1  (LUT6=1)
  Clock Uncertainty:      0.025ns  ((TSJ^2 + TIJ^2)^1/2 + DJ) / 2 + PE
    Total System Jitter     (TSJ):    0.050ns
    Total Input Jitter      (TIJ):    0.000ns
    Discrete Jitter          (DJ):    0.000ns
    Phase Error              (PE):    0.000ns

    Location             Delay type                Incr(ns)  Path(ns)    Netlist Resource(s)
  -------------------------------------------------------------------    -------------------
                         (clock ap_clk rise edge)     0.000     0.000 r  
                                                      0.000     0.000 r  ap_clk (IN)
                         net (fo=864, unset)          0.410     0.410    bd_0_i/hls_inst/inst/ap_clk
    SLICE_X19Y7          FDRE                                         r  bd_0_i/hls_inst/inst/mul_ln380_1_reg_2839_reg[0]/C
  -------------------------------------------------------------------    -------------------
    SLICE_X19Y7          FDRE (Prop_fdre_C_Q)         0.141     0.551 r  bd_0_i/hls_inst/inst/mul_ln380_1_reg_2839_reg[0]/Q
                         net (fo=4, routed)           0.099     0.650    bd_0_i/hls_inst/inst/am_addmul_7s_7s_7s_7_4_1_U117/case_11_am_addmul_7s_7s_7s_7_4_1_DSP48_0_U/out_data_22_preg_reg[15][0]
    SLICE_X18Y7          LUT6 (Prop_lut6_I3_O)        0.045     0.695 r  bd_0_i/hls_inst/inst/am_addmul_7s_7s_7s_7_4_1_U117/case_11_am_addmul_7s_7s_7s_7_4_1_DSP48_0_U/out_data_22[1]_INST_0/O
                         net (fo=1, unset)            0.410     1.106    out_data_22[1]
                                                                      r  out_data_22[1] (OUT)
  -------------------------------------------------------------------    -------------------

Slack:                    inf
  Source:                 bd_0_i/hls_inst/inst/out_data_15_preg_reg[11]/C
                            (rising edge-triggered cell FDRE clocked by ap_clk  {rise@0.000ns fall@5.000ns period=10.000ns})
  Destination:            out_data_15[11]
                            (output port)
  Path Group:             (none)
  Path Type:              Min at Fast Process Corner
  Data Path Delay:        0.701ns  (logic 0.209ns (29.804%)  route 0.492ns (70.196%))
  Logic Levels:           1  (LUT3=1)
  Clock Uncertainty:      0.025ns  ((TSJ^2 + TIJ^2)^1/2 + DJ) / 2 + PE
    Total System Jitter     (TSJ):    0.050ns
    Total Input Jitter      (TIJ):    0.000ns
    Discrete Jitter          (DJ):    0.000ns
    Phase Error              (PE):    0.000ns

    Location             Delay type                Incr(ns)  Path(ns)    Netlist Resource(s)
  -------------------------------------------------------------------    -------------------
                         (clock ap_clk rise edge)     0.000     0.000 r  
                                                      0.000     0.000 r  ap_clk (IN)
                         net (fo=864, unset)          0.410     0.410    bd_0_i/hls_inst/inst/ap_clk
    SLICE_X20Y5          FDRE                                         r  bd_0_i/hls_inst/inst/out_data_15_preg_reg[11]/C
  -------------------------------------------------------------------    -------------------
    SLICE_X20Y5          FDRE (Prop_fdre_C_Q)         0.164     0.574 r  bd_0_i/hls_inst/inst/out_data_15_preg_reg[11]/Q
                         net (fo=1, routed)           0.082     0.656    bd_0_i/hls_inst/inst/mul_13s_11s_13_1_1_U82/out_data_15_preg[11]
    SLICE_X21Y5          LUT3 (Prop_lut3_I2_O)        0.045     0.701 r  bd_0_i/hls_inst/inst/mul_13s_11s_13_1_1_U82/out_data_15[11]_INST_0/O
                         net (fo=0)                   0.410     1.111    out_data_15[11]
                                                                      r  out_data_15[11] (OUT)
  -------------------------------------------------------------------    -------------------

Slack:                    inf
  Source:                 bd_0_i/hls_inst/inst/out_data_16_preg_reg[0]/C
                            (rising edge-triggered cell FDRE clocked by ap_clk  {rise@0.000ns fall@5.000ns period=10.000ns})
  Destination:            out_data_16[0]
                            (output port)
  Path Group:             (none)
  Path Type:              Min at Fast Process Corner
  Data Path Delay:        0.701ns  (logic 0.209ns (29.804%)  route 0.492ns (70.196%))
  Logic Levels:           1  (LUT3=1)
  Clock Uncertainty:      0.025ns  ((TSJ^2 + TIJ^2)^1/2 + DJ) / 2 + PE
    Total System Jitter     (TSJ):    0.050ns
    Total Input Jitter      (TIJ):    0.000ns
    Discrete Jitter          (DJ):    0.000ns
    Phase Error              (PE):    0.000ns

    Location             Delay type                Incr(ns)  Path(ns)    Netlist Resource(s)
  -------------------------------------------------------------------    -------------------
                         (clock ap_clk rise edge)     0.000     0.000 r  
                                                      0.000     0.000 r  ap_clk (IN)
                         net (fo=864, unset)          0.410     0.410    bd_0_i/hls_inst/inst/ap_clk
    SLICE_X16Y8          FDRE                                         r  bd_0_i/hls_inst/inst/out_data_16_preg_reg[0]/C
  -------------------------------------------------------------------    -------------------
    SLICE_X16Y8          FDRE (Prop_fdre_C_Q)         0.164     0.574 r  bd_0_i/hls_inst/inst/out_data_16_preg_reg[0]/Q
                         net (fo=1, routed)           0.082     0.656    bd_0_i/hls_inst/inst/out_data_16_preg[0]
    SLICE_X17Y8          LUT3 (Prop_lut3_I2_O)        0.045     0.701 r  bd_0_i/hls_inst/inst/out_data_16[0]_INST_0/O
                         net (fo=0)                   0.410     1.111    out_data_16[0]
                                                                      r  out_data_16[0] (OUT)
  -------------------------------------------------------------------    -------------------





--------------------------------------------------------------------------------------
Path Group:  (none)
From Clock:  
  To Clock:  ap_clk

Max Delay           891 Endpoints
Min Delay           891 Endpoints
--------------------------------------------------------------------------------------


Max Delay Paths
--------------------------------------------------------------------------------------
Slack:                    inf
  Source:                 in_data_22[13]
                            (input port)
  Destination:            bd_0_i/hls_inst/inst/am_addmul_12s_11s_12s_12_4_1_U111/case_11_am_addmul_12s_11s_12s_12_4_1_DSP48_0_U/ad_reg_reg/A[20]
                            (rising edge-triggered cell DSP48E1 clocked by ap_clk  {rise@0.000ns fall@5.000ns period=10.000ns})
  Path Group:             (none)
  Path Type:              Setup (Max at Slow Process Corner)
  Data Path Delay:        8.547ns  (logic 3.841ns (44.942%)  route 4.706ns (55.058%))
  Logic Levels:           1  (DSP48E1=1)
  Clock Path Skew:        0.924ns (DCD - SCD + CPR)
    Destination Clock Delay (DCD):    0.924ns
    Source Clock Delay      (SCD):    0.000ns
    Clock Pessimism Removal (CPR):    0.000ns
  Clock Uncertainty:      0.025ns  ((TSJ^2 + TIJ^2)^1/2 + DJ) / 2 + PE
    Total System Jitter     (TSJ):    0.050ns
    Total Input Jitter      (TIJ):    0.000ns
    Discrete Jitter          (DJ):    0.000ns
    Phase Error              (PE):    0.000ns

    Location             Delay type                Incr(ns)  Path(ns)    Netlist Resource(s)
  -------------------------------------------------------------------    -------------------
                                                      0.000     0.000 r  in_data_22[13] (IN)
                         net (fo=16, unset)           0.973     0.973    bd_0_i/hls_inst/inst/mul_14s_6s_16_1_1_U3/in_data_22[13]
    DSP48_X2Y27          DSP48E1 (Prop_dsp48e1_A[29]_P[11])
                                                      3.841     4.814 r  bd_0_i/hls_inst/inst/mul_14s_6s_16_1_1_U3/tmp_product/P[11]
                         net (fo=58, routed)          3.733     8.547    bd_0_i/hls_inst/inst/am_addmul_12s_11s_12s_12_4_1_U111/case_11_am_addmul_12s_11s_12s_12_4_1_DSP48_0_U/P[11]
    DSP48_X1Y18          DSP48E1                                      r  bd_0_i/hls_inst/inst/am_addmul_12s_11s_12s_12_4_1_U111/case_11_am_addmul_12s_11s_12s_12_4_1_DSP48_0_U/ad_reg_reg/A[20]
  -------------------------------------------------------------------    -------------------

                         (clock ap_clk rise edge)     0.000     0.000 r  
                                                      0.000     0.000 r  ap_clk (IN)
                         net (fo=864, unset)          0.924     0.924    bd_0_i/hls_inst/inst/am_addmul_12s_11s_12s_12_4_1_U111/case_11_am_addmul_12s_11s_12s_12_4_1_DSP48_0_U/ap_clk
    DSP48_X1Y18          DSP48E1                                      r  bd_0_i/hls_inst/inst/am_addmul_12s_11s_12s_12_4_1_U111/case_11_am_addmul_12s_11s_12s_12_4_1_DSP48_0_U/ad_reg_reg/CLK

Slack:                    inf
  Source:                 in_data_22[13]
                            (input port)
  Destination:            bd_0_i/hls_inst/inst/am_addmul_12s_11s_12s_12_4_1_U111/case_11_am_addmul_12s_11s_12s_12_4_1_DSP48_0_U/ad_reg_reg/A[21]
                            (rising edge-triggered cell DSP48E1 clocked by ap_clk  {rise@0.000ns fall@5.000ns period=10.000ns})
  Path Group:             (none)
  Path Type:              Setup (Max at Slow Process Corner)
  Data Path Delay:        8.547ns  (logic 3.841ns (44.942%)  route 4.706ns (55.058%))
  Logic Levels:           1  (DSP48E1=1)
  Clock Path Skew:        0.924ns (DCD - SCD + CPR)
    Destination Clock Delay (DCD):    0.924ns
    Source Clock Delay      (SCD):    0.000ns
    Clock Pessimism Removal (CPR):    0.000ns
  Clock Uncertainty:      0.025ns  ((TSJ^2 + TIJ^2)^1/2 + DJ) / 2 + PE
    Total System Jitter     (TSJ):    0.050ns
    Total Input Jitter      (TIJ):    0.000ns
    Discrete Jitter          (DJ):    0.000ns
    Phase Error              (PE):    0.000ns

    Location             Delay type                Incr(ns)  Path(ns)    Netlist Resource(s)
  -------------------------------------------------------------------    -------------------
                                                      0.000     0.000 r  in_data_22[13] (IN)
                         net (fo=16, unset)           0.973     0.973    bd_0_i/hls_inst/inst/mul_14s_6s_16_1_1_U3/in_data_22[13]
    DSP48_X2Y27          DSP48E1 (Prop_dsp48e1_A[29]_P[11])
                                                      3.841     4.814 r  bd_0_i/hls_inst/inst/mul_14s_6s_16_1_1_U3/tmp_product/P[11]
                         net (fo=58, routed)          3.733     8.547    bd_0_i/hls_inst/inst/am_addmul_12s_11s_12s_12_4_1_U111/case_11_am_addmul_12s_11s_12s_12_4_1_DSP48_0_U/P[11]
    DSP48_X1Y18          DSP48E1                                      r  bd_0_i/hls_inst/inst/am_addmul_12s_11s_12s_12_4_1_U111/case_11_am_addmul_12s_11s_12s_12_4_1_DSP48_0_U/ad_reg_reg/A[21]
  -------------------------------------------------------------------    -------------------

                         (clock ap_clk rise edge)     0.000     0.000 r  
                                                      0.000     0.000 r  ap_clk (IN)
                         net (fo=864, unset)          0.924     0.924    bd_0_i/hls_inst/inst/am_addmul_12s_11s_12s_12_4_1_U111/case_11_am_addmul_12s_11s_12s_12_4_1_DSP48_0_U/ap_clk
    DSP48_X1Y18          DSP48E1                                      r  bd_0_i/hls_inst/inst/am_addmul_12s_11s_12s_12_4_1_U111/case_11_am_addmul_12s_11s_12s_12_4_1_DSP48_0_U/ad_reg_reg/CLK

Slack:                    inf
  Source:                 in_data_22[13]
                            (input port)
  Destination:            bd_0_i/hls_inst/inst/am_addmul_12s_11s_12s_12_4_1_U111/case_11_am_addmul_12s_11s_12s_12_4_1_DSP48_0_U/ad_reg_reg/A[22]
                            (rising edge-triggered cell DSP48E1 clocked by ap_clk  {rise@0.000ns fall@5.000ns period=10.000ns})
  Path Group:             (none)
  Path Type:              Setup (Max at Slow Process Corner)
  Data Path Delay:        8.547ns  (logic 3.841ns (44.942%)  route 4.706ns (55.058%))
  Logic Levels:           1  (DSP48E1=1)
  Clock Path Skew:        0.924ns (DCD - SCD + CPR)
    Destination Clock Delay (DCD):    0.924ns
    Source Clock Delay      (SCD):    0.000ns
    Clock Pessimism Removal (CPR):    0.000ns
  Clock Uncertainty:      0.025ns  ((TSJ^2 + TIJ^2)^1/2 + DJ) / 2 + PE
    Total System Jitter     (TSJ):    0.050ns
    Total Input Jitter      (TIJ):    0.000ns
    Discrete Jitter          (DJ):    0.000ns
    Phase Error              (PE):    0.000ns

    Location             Delay type                Incr(ns)  Path(ns)    Netlist Resource(s)
  -------------------------------------------------------------------    -------------------
                                                      0.000     0.000 r  in_data_22[13] (IN)
                         net (fo=16, unset)           0.973     0.973    bd_0_i/hls_inst/inst/mul_14s_6s_16_1_1_U3/in_data_22[13]
    DSP48_X2Y27          DSP48E1 (Prop_dsp48e1_A[29]_P[11])
                                                      3.841     4.814 r  bd_0_i/hls_inst/inst/mul_14s_6s_16_1_1_U3/tmp_product/P[11]
                         net (fo=58, routed)          3.733     8.547    bd_0_i/hls_inst/inst/am_addmul_12s_11s_12s_12_4_1_U111/case_11_am_addmul_12s_11s_12s_12_4_1_DSP48_0_U/P[11]
    DSP48_X1Y18          DSP48E1                                      r  bd_0_i/hls_inst/inst/am_addmul_12s_11s_12s_12_4_1_U111/case_11_am_addmul_12s_11s_12s_12_4_1_DSP48_0_U/ad_reg_reg/A[22]
  -------------------------------------------------------------------    -------------------

                         (clock ap_clk rise edge)     0.000     0.000 r  
                                                      0.000     0.000 r  ap_clk (IN)
                         net (fo=864, unset)          0.924     0.924    bd_0_i/hls_inst/inst/am_addmul_12s_11s_12s_12_4_1_U111/case_11_am_addmul_12s_11s_12s_12_4_1_DSP48_0_U/ap_clk
    DSP48_X1Y18          DSP48E1                                      r  bd_0_i/hls_inst/inst/am_addmul_12s_11s_12s_12_4_1_U111/case_11_am_addmul_12s_11s_12s_12_4_1_DSP48_0_U/ad_reg_reg/CLK

Slack:                    inf
  Source:                 in_data_22[13]
                            (input port)
  Destination:            bd_0_i/hls_inst/inst/am_addmul_12s_11s_12s_12_4_1_U111/case_11_am_addmul_12s_11s_12s_12_4_1_DSP48_0_U/ad_reg_reg/A[23]
                            (rising edge-triggered cell DSP48E1 clocked by ap_clk  {rise@0.000ns fall@5.000ns period=10.000ns})
  Path Group:             (none)
  Path Type:              Setup (Max at Slow Process Corner)
  Data Path Delay:        8.547ns  (logic 3.841ns (44.942%)  route 4.706ns (55.058%))
  Logic Levels:           1  (DSP48E1=1)
  Clock Path Skew:        0.924ns (DCD - SCD + CPR)
    Destination Clock Delay (DCD):    0.924ns
    Source Clock Delay      (SCD):    0.000ns
    Clock Pessimism Removal (CPR):    0.000ns
  Clock Uncertainty:      0.025ns  ((TSJ^2 + TIJ^2)^1/2 + DJ) / 2 + PE
    Total System Jitter     (TSJ):    0.050ns
    Total Input Jitter      (TIJ):    0.000ns
    Discrete Jitter          (DJ):    0.000ns
    Phase Error              (PE):    0.000ns

    Location             Delay type                Incr(ns)  Path(ns)    Netlist Resource(s)
  -------------------------------------------------------------------    -------------------
                                                      0.000     0.000 r  in_data_22[13] (IN)
                         net (fo=16, unset)           0.973     0.973    bd_0_i/hls_inst/inst/mul_14s_6s_16_1_1_U3/in_data_22[13]
    DSP48_X2Y27          DSP48E1 (Prop_dsp48e1_A[29]_P[11])
                                                      3.841     4.814 r  bd_0_i/hls_inst/inst/mul_14s_6s_16_1_1_U3/tmp_product/P[11]
                         net (fo=58, routed)          3.733     8.547    bd_0_i/hls_inst/inst/am_addmul_12s_11s_12s_12_4_1_U111/case_11_am_addmul_12s_11s_12s_12_4_1_DSP48_0_U/P[11]
    DSP48_X1Y18          DSP48E1                                      r  bd_0_i/hls_inst/inst/am_addmul_12s_11s_12s_12_4_1_U111/case_11_am_addmul_12s_11s_12s_12_4_1_DSP48_0_U/ad_reg_reg/A[23]
  -------------------------------------------------------------------    -------------------

                         (clock ap_clk rise edge)     0.000     0.000 r  
                                                      0.000     0.000 r  ap_clk (IN)
                         net (fo=864, unset)          0.924     0.924    bd_0_i/hls_inst/inst/am_addmul_12s_11s_12s_12_4_1_U111/case_11_am_addmul_12s_11s_12s_12_4_1_DSP48_0_U/ap_clk
    DSP48_X1Y18          DSP48E1                                      r  bd_0_i/hls_inst/inst/am_addmul_12s_11s_12s_12_4_1_U111/case_11_am_addmul_12s_11s_12s_12_4_1_DSP48_0_U/ad_reg_reg/CLK

Slack:                    inf
  Source:                 in_data_22[13]
                            (input port)
  Destination:            bd_0_i/hls_inst/inst/mul_9s_9s_9_1_1_U23/tmp_product/B[10]
                            (rising edge-triggered cell DSP48E1 clocked by ap_clk  {rise@0.000ns fall@5.000ns period=10.000ns})
  Path Group:             (none)
  Path Type:              Setup (Max at Slow Process Corner)
  Data Path Delay:        8.431ns  (logic 3.841ns (45.561%)  route 4.590ns (54.439%))
  Logic Levels:           1  (DSP48E1=1)
  Clock Path Skew:        0.924ns (DCD - SCD + CPR)
    Destination Clock Delay (DCD):    0.924ns
    Source Clock Delay      (SCD):    0.000ns
    Clock Pessimism Removal (CPR):    0.000ns
  Clock Uncertainty:      0.025ns  ((TSJ^2 + TIJ^2)^1/2 + DJ) / 2 + PE
    Total System Jitter     (TSJ):    0.050ns
    Total Input Jitter      (TIJ):    0.000ns
    Discrete Jitter          (DJ):    0.000ns
    Phase Error              (PE):    0.000ns

    Location             Delay type                Incr(ns)  Path(ns)    Netlist Resource(s)
  -------------------------------------------------------------------    -------------------
                                                      0.000     0.000 r  in_data_22[13] (IN)
                         net (fo=16, unset)           0.973     0.973    bd_0_i/hls_inst/inst/mul_14s_6s_16_1_1_U3/in_data_22[13]
    DSP48_X2Y27          DSP48E1 (Prop_dsp48e1_A[29]_P[8])
                                                      3.841     4.814 r  bd_0_i/hls_inst/inst/mul_14s_6s_16_1_1_U3/tmp_product/P[8]
                         net (fo=15, routed)          3.617     8.431    bd_0_i/hls_inst/inst/mul_9s_9s_9_1_1_U23/tmp_product_0[8]
    DSP48_X1Y15          DSP48E1                                      r  bd_0_i/hls_inst/inst/mul_9s_9s_9_1_1_U23/tmp_product/B[10]
  -------------------------------------------------------------------    -------------------

                         (clock ap_clk rise edge)     0.000     0.000 r  
                                                      0.000     0.000 r  ap_clk (IN)
                         net (fo=864, unset)          0.924     0.924    bd_0_i/hls_inst/inst/mul_9s_9s_9_1_1_U23/ap_clk
    DSP48_X1Y15          DSP48E1                                      r  bd_0_i/hls_inst/inst/mul_9s_9s_9_1_1_U23/tmp_product/CLK

Slack:                    inf
  Source:                 in_data_22[13]
                            (input port)
  Destination:            bd_0_i/hls_inst/inst/mul_9s_9s_9_1_1_U23/tmp_product/B[9]
                            (rising edge-triggered cell DSP48E1 clocked by ap_clk  {rise@0.000ns fall@5.000ns period=10.000ns})
  Path Group:             (none)
  Path Type:              Setup (Max at Slow Process Corner)
  Data Path Delay:        8.431ns  (logic 3.841ns (45.561%)  route 4.590ns (54.439%))
  Logic Levels:           1  (DSP48E1=1)
  Clock Path Skew:        0.924ns (DCD - SCD + CPR)
    Destination Clock Delay (DCD):    0.924ns
    Source Clock Delay      (SCD):    0.000ns
    Clock Pessimism Removal (CPR):    0.000ns
  Clock Uncertainty:      0.025ns  ((TSJ^2 + TIJ^2)^1/2 + DJ) / 2 + PE
    Total System Jitter     (TSJ):    0.050ns
    Total Input Jitter      (TIJ):    0.000ns
    Discrete Jitter          (DJ):    0.000ns
    Phase Error              (PE):    0.000ns

    Location             Delay type                Incr(ns)  Path(ns)    Netlist Resource(s)
  -------------------------------------------------------------------    -------------------
                                                      0.000     0.000 r  in_data_22[13] (IN)
                         net (fo=16, unset)           0.973     0.973    bd_0_i/hls_inst/inst/mul_14s_6s_16_1_1_U3/in_data_22[13]
    DSP48_X2Y27          DSP48E1 (Prop_dsp48e1_A[29]_P[8])
                                                      3.841     4.814 r  bd_0_i/hls_inst/inst/mul_14s_6s_16_1_1_U3/tmp_product/P[8]
                         net (fo=15, routed)          3.617     8.431    bd_0_i/hls_inst/inst/mul_9s_9s_9_1_1_U23/tmp_product_0[8]
    DSP48_X1Y15          DSP48E1                                      r  bd_0_i/hls_inst/inst/mul_9s_9s_9_1_1_U23/tmp_product/B[9]
  -------------------------------------------------------------------    -------------------

                         (clock ap_clk rise edge)     0.000     0.000 r  
                                                      0.000     0.000 r  ap_clk (IN)
                         net (fo=864, unset)          0.924     0.924    bd_0_i/hls_inst/inst/mul_9s_9s_9_1_1_U23/ap_clk
    DSP48_X1Y15          DSP48E1                                      r  bd_0_i/hls_inst/inst/mul_9s_9s_9_1_1_U23/tmp_product/CLK

Slack:                    inf
  Source:                 in_data_22[13]
                            (input port)
  Destination:            bd_0_i/hls_inst/inst/am_addmul_12s_11s_12s_12_4_1_U111/case_11_am_addmul_12s_11s_12s_12_4_1_DSP48_0_U/ad_reg_reg/A[16]
                            (rising edge-triggered cell DSP48E1 clocked by ap_clk  {rise@0.000ns fall@5.000ns period=10.000ns})
  Path Group:             (none)
  Path Type:              Setup (Max at Slow Process Corner)
  Data Path Delay:        8.388ns  (logic 3.841ns (45.790%)  route 4.547ns (54.210%))
  Logic Levels:           1  (DSP48E1=1)
  Clock Path Skew:        0.924ns (DCD - SCD + CPR)
    Destination Clock Delay (DCD):    0.924ns
    Source Clock Delay      (SCD):    0.000ns
    Clock Pessimism Removal (CPR):    0.000ns
  Clock Uncertainty:      0.025ns  ((TSJ^2 + TIJ^2)^1/2 + DJ) / 2 + PE
    Total System Jitter     (TSJ):    0.050ns
    Total Input Jitter      (TIJ):    0.000ns
    Discrete Jitter          (DJ):    0.000ns
    Phase Error              (PE):    0.000ns

    Location             Delay type                Incr(ns)  Path(ns)    Netlist Resource(s)
  -------------------------------------------------------------------    -------------------
                                                      0.000     0.000 r  in_data_22[13] (IN)
                         net (fo=16, unset)           0.973     0.973    bd_0_i/hls_inst/inst/mul_14s_6s_16_1_1_U3/in_data_22[13]
    DSP48_X2Y27          DSP48E1 (Prop_dsp48e1_A[29]_P[11])
                                                      3.841     4.814 r  bd_0_i/hls_inst/inst/mul_14s_6s_16_1_1_U3/tmp_product/P[11]
                         net (fo=58, routed)          3.574     8.388    bd_0_i/hls_inst/inst/am_addmul_12s_11s_12s_12_4_1_U111/case_11_am_addmul_12s_11s_12s_12_4_1_DSP48_0_U/P[11]
    DSP48_X1Y18          DSP48E1                                      r  bd_0_i/hls_inst/inst/am_addmul_12s_11s_12s_12_4_1_U111/case_11_am_addmul_12s_11s_12s_12_4_1_DSP48_0_U/ad_reg_reg/A[16]
  -------------------------------------------------------------------    -------------------

                         (clock ap_clk rise edge)     0.000     0.000 r  
                                                      0.000     0.000 r  ap_clk (IN)
                         net (fo=864, unset)          0.924     0.924    bd_0_i/hls_inst/inst/am_addmul_12s_11s_12s_12_4_1_U111/case_11_am_addmul_12s_11s_12s_12_4_1_DSP48_0_U/ap_clk
    DSP48_X1Y18          DSP48E1                                      r  bd_0_i/hls_inst/inst/am_addmul_12s_11s_12s_12_4_1_U111/case_11_am_addmul_12s_11s_12s_12_4_1_DSP48_0_U/ad_reg_reg/CLK

Slack:                    inf
  Source:                 in_data_22[13]
                            (input port)
  Destination:            bd_0_i/hls_inst/inst/am_addmul_12s_11s_12s_12_4_1_U111/case_11_am_addmul_12s_11s_12s_12_4_1_DSP48_0_U/ad_reg_reg/A[17]
                            (rising edge-triggered cell DSP48E1 clocked by ap_clk  {rise@0.000ns fall@5.000ns period=10.000ns})
  Path Group:             (none)
  Path Type:              Setup (Max at Slow Process Corner)
  Data Path Delay:        8.388ns  (logic 3.841ns (45.790%)  route 4.547ns (54.210%))
  Logic Levels:           1  (DSP48E1=1)
  Clock Path Skew:        0.924ns (DCD - SCD + CPR)
    Destination Clock Delay (DCD):    0.924ns
    Source Clock Delay      (SCD):    0.000ns
    Clock Pessimism Removal (CPR):    0.000ns
  Clock Uncertainty:      0.025ns  ((TSJ^2 + TIJ^2)^1/2 + DJ) / 2 + PE
    Total System Jitter     (TSJ):    0.050ns
    Total Input Jitter      (TIJ):    0.000ns
    Discrete Jitter          (DJ):    0.000ns
    Phase Error              (PE):    0.000ns

    Location             Delay type                Incr(ns)  Path(ns)    Netlist Resource(s)
  -------------------------------------------------------------------    -------------------
                                                      0.000     0.000 r  in_data_22[13] (IN)
                         net (fo=16, unset)           0.973     0.973    bd_0_i/hls_inst/inst/mul_14s_6s_16_1_1_U3/in_data_22[13]
    DSP48_X2Y27          DSP48E1 (Prop_dsp48e1_A[29]_P[11])
                                                      3.841     4.814 r  bd_0_i/hls_inst/inst/mul_14s_6s_16_1_1_U3/tmp_product/P[11]
                         net (fo=58, routed)          3.574     8.388    bd_0_i/hls_inst/inst/am_addmul_12s_11s_12s_12_4_1_U111/case_11_am_addmul_12s_11s_12s_12_4_1_DSP48_0_U/P[11]
    DSP48_X1Y18          DSP48E1                                      r  bd_0_i/hls_inst/inst/am_addmul_12s_11s_12s_12_4_1_U111/case_11_am_addmul_12s_11s_12s_12_4_1_DSP48_0_U/ad_reg_reg/A[17]
  -------------------------------------------------------------------    -------------------

                         (clock ap_clk rise edge)     0.000     0.000 r  
                                                      0.000     0.000 r  ap_clk (IN)
                         net (fo=864, unset)          0.924     0.924    bd_0_i/hls_inst/inst/am_addmul_12s_11s_12s_12_4_1_U111/case_11_am_addmul_12s_11s_12s_12_4_1_DSP48_0_U/ap_clk
    DSP48_X1Y18          DSP48E1                                      r  bd_0_i/hls_inst/inst/am_addmul_12s_11s_12s_12_4_1_U111/case_11_am_addmul_12s_11s_12s_12_4_1_DSP48_0_U/ad_reg_reg/CLK

Slack:                    inf
  Source:                 in_data_22[13]
                            (input port)
  Destination:            bd_0_i/hls_inst/inst/am_addmul_12s_11s_12s_12_4_1_U111/case_11_am_addmul_12s_11s_12s_12_4_1_DSP48_0_U/ad_reg_reg/A[18]
                            (rising edge-triggered cell DSP48E1 clocked by ap_clk  {rise@0.000ns fall@5.000ns period=10.000ns})
  Path Group:             (none)
  Path Type:              Setup (Max at Slow Process Corner)
  Data Path Delay:        8.388ns  (logic 3.841ns (45.790%)  route 4.547ns (54.210%))
  Logic Levels:           1  (DSP48E1=1)
  Clock Path Skew:        0.924ns (DCD - SCD + CPR)
    Destination Clock Delay (DCD):    0.924ns
    Source Clock Delay      (SCD):    0.000ns
    Clock Pessimism Removal (CPR):    0.000ns
  Clock Uncertainty:      0.025ns  ((TSJ^2 + TIJ^2)^1/2 + DJ) / 2 + PE
    Total System Jitter     (TSJ):    0.050ns
    Total Input Jitter      (TIJ):    0.000ns
    Discrete Jitter          (DJ):    0.000ns
    Phase Error              (PE):    0.000ns

    Location             Delay type                Incr(ns)  Path(ns)    Netlist Resource(s)
  -------------------------------------------------------------------    -------------------
                                                      0.000     0.000 r  in_data_22[13] (IN)
                         net (fo=16, unset)           0.973     0.973    bd_0_i/hls_inst/inst/mul_14s_6s_16_1_1_U3/in_data_22[13]
    DSP48_X2Y27          DSP48E1 (Prop_dsp48e1_A[29]_P[11])
                                                      3.841     4.814 r  bd_0_i/hls_inst/inst/mul_14s_6s_16_1_1_U3/tmp_product/P[11]
                         net (fo=58, routed)          3.574     8.388    bd_0_i/hls_inst/inst/am_addmul_12s_11s_12s_12_4_1_U111/case_11_am_addmul_12s_11s_12s_12_4_1_DSP48_0_U/P[11]
    DSP48_X1Y18          DSP48E1                                      r  bd_0_i/hls_inst/inst/am_addmul_12s_11s_12s_12_4_1_U111/case_11_am_addmul_12s_11s_12s_12_4_1_DSP48_0_U/ad_reg_reg/A[18]
  -------------------------------------------------------------------    -------------------

                         (clock ap_clk rise edge)     0.000     0.000 r  
                                                      0.000     0.000 r  ap_clk (IN)
                         net (fo=864, unset)          0.924     0.924    bd_0_i/hls_inst/inst/am_addmul_12s_11s_12s_12_4_1_U111/case_11_am_addmul_12s_11s_12s_12_4_1_DSP48_0_U/ap_clk
    DSP48_X1Y18          DSP48E1                                      r  bd_0_i/hls_inst/inst/am_addmul_12s_11s_12s_12_4_1_U111/case_11_am_addmul_12s_11s_12s_12_4_1_DSP48_0_U/ad_reg_reg/CLK

Slack:                    inf
  Source:                 in_data_22[13]
                            (input port)
  Destination:            bd_0_i/hls_inst/inst/am_addmul_12s_11s_12s_12_4_1_U111/case_11_am_addmul_12s_11s_12s_12_4_1_DSP48_0_U/ad_reg_reg/A[19]
                            (rising edge-triggered cell DSP48E1 clocked by ap_clk  {rise@0.000ns fall@5.000ns period=10.000ns})
  Path Group:             (none)
  Path Type:              Setup (Max at Slow Process Corner)
  Data Path Delay:        8.388ns  (logic 3.841ns (45.790%)  route 4.547ns (54.210%))
  Logic Levels:           1  (DSP48E1=1)
  Clock Path Skew:        0.924ns (DCD - SCD + CPR)
    Destination Clock Delay (DCD):    0.924ns
    Source Clock Delay      (SCD):    0.000ns
    Clock Pessimism Removal (CPR):    0.000ns
  Clock Uncertainty:      0.025ns  ((TSJ^2 + TIJ^2)^1/2 + DJ) / 2 + PE
    Total System Jitter     (TSJ):    0.050ns
    Total Input Jitter      (TIJ):    0.000ns
    Discrete Jitter          (DJ):    0.000ns
    Phase Error              (PE):    0.000ns

    Location             Delay type                Incr(ns)  Path(ns)    Netlist Resource(s)
  -------------------------------------------------------------------    -------------------
                                                      0.000     0.000 r  in_data_22[13] (IN)
                         net (fo=16, unset)           0.973     0.973    bd_0_i/hls_inst/inst/mul_14s_6s_16_1_1_U3/in_data_22[13]
    DSP48_X2Y27          DSP48E1 (Prop_dsp48e1_A[29]_P[11])
                                                      3.841     4.814 r  bd_0_i/hls_inst/inst/mul_14s_6s_16_1_1_U3/tmp_product/P[11]
                         net (fo=58, routed)          3.574     8.388    bd_0_i/hls_inst/inst/am_addmul_12s_11s_12s_12_4_1_U111/case_11_am_addmul_12s_11s_12s_12_4_1_DSP48_0_U/P[11]
    DSP48_X1Y18          DSP48E1                                      r  bd_0_i/hls_inst/inst/am_addmul_12s_11s_12s_12_4_1_U111/case_11_am_addmul_12s_11s_12s_12_4_1_DSP48_0_U/ad_reg_reg/A[19]
  -------------------------------------------------------------------    -------------------

                         (clock ap_clk rise edge)     0.000     0.000 r  
                                                      0.000     0.000 r  ap_clk (IN)
                         net (fo=864, unset)          0.924     0.924    bd_0_i/hls_inst/inst/am_addmul_12s_11s_12s_12_4_1_U111/case_11_am_addmul_12s_11s_12s_12_4_1_DSP48_0_U/ap_clk
    DSP48_X1Y18          DSP48E1                                      r  bd_0_i/hls_inst/inst/am_addmul_12s_11s_12s_12_4_1_U111/case_11_am_addmul_12s_11s_12s_12_4_1_DSP48_0_U/ad_reg_reg/CLK





Min Delay Paths
--------------------------------------------------------------------------------------
Slack:                    inf
  Source:                 in_data_22[0]
                            (input port)
  Destination:            bd_0_i/hls_inst/inst/am_addmul_12s_11s_12s_12_4_1_U111/case_11_am_addmul_12s_11s_12s_12_4_1_DSP48_0_U/ad_reg_reg/B[0]
                            (rising edge-triggered cell DSP48E1 clocked by ap_clk  {rise@0.000ns fall@5.000ns period=10.000ns})
  Path Group:             (none)
  Path Type:              Hold (Min at Fast Process Corner)
  Data Path Delay:        0.410ns  (logic 0.000ns (0.000%)  route 0.410ns (100.000%))
  Logic Levels:           0  
  Clock Path Skew:        0.432ns (DCD - SCD - CPR)
    Destination Clock Delay (DCD):    0.432ns
    Source Clock Delay      (SCD):    0.000ns
    Clock Pessimism Removal (CPR):    -0.000ns

    Location             Delay type                Incr(ns)  Path(ns)    Netlist Resource(s)
  -------------------------------------------------------------------    -------------------
                                                      0.000     0.000 r  in_data_22[0] (IN)
                         net (fo=2, unset)            0.410     0.410    bd_0_i/hls_inst/inst/am_addmul_12s_11s_12s_12_4_1_U111/case_11_am_addmul_12s_11s_12s_12_4_1_DSP48_0_U/in_data_22[0]
    DSP48_X1Y18          DSP48E1                                      r  bd_0_i/hls_inst/inst/am_addmul_12s_11s_12s_12_4_1_U111/case_11_am_addmul_12s_11s_12s_12_4_1_DSP48_0_U/ad_reg_reg/B[0]
  -------------------------------------------------------------------    -------------------

                         (clock ap_clk rise edge)     0.000     0.000 r  
                                                      0.000     0.000 r  ap_clk (IN)
                         net (fo=864, unset)          0.432     0.432    bd_0_i/hls_inst/inst/am_addmul_12s_11s_12s_12_4_1_U111/case_11_am_addmul_12s_11s_12s_12_4_1_DSP48_0_U/ap_clk
    DSP48_X1Y18          DSP48E1                                      r  bd_0_i/hls_inst/inst/am_addmul_12s_11s_12s_12_4_1_U111/case_11_am_addmul_12s_11s_12s_12_4_1_DSP48_0_U/ad_reg_reg/CLK

Slack:                    inf
  Source:                 in_data_22[10]
                            (input port)
  Destination:            bd_0_i/hls_inst/inst/am_addmul_12s_11s_12s_12_4_1_U111/case_11_am_addmul_12s_11s_12s_12_4_1_DSP48_0_U/ad_reg_reg/B[10]
                            (rising edge-triggered cell DSP48E1 clocked by ap_clk  {rise@0.000ns fall@5.000ns period=10.000ns})
  Path Group:             (none)
  Path Type:              Hold (Min at Fast Process Corner)
  Data Path Delay:        0.410ns  (logic 0.000ns (0.000%)  route 0.410ns (100.000%))
  Logic Levels:           0  
  Clock Path Skew:        0.432ns (DCD - SCD - CPR)
    Destination Clock Delay (DCD):    0.432ns
    Source Clock Delay      (SCD):    0.000ns
    Clock Pessimism Removal (CPR):    -0.000ns

    Location             Delay type                Incr(ns)  Path(ns)    Netlist Resource(s)
  -------------------------------------------------------------------    -------------------
                                                      0.000     0.000 r  in_data_22[10] (IN)
                         net (fo=2, unset)            0.410     0.410    bd_0_i/hls_inst/inst/am_addmul_12s_11s_12s_12_4_1_U111/case_11_am_addmul_12s_11s_12s_12_4_1_DSP48_0_U/in_data_22[10]
    DSP48_X1Y18          DSP48E1                                      r  bd_0_i/hls_inst/inst/am_addmul_12s_11s_12s_12_4_1_U111/case_11_am_addmul_12s_11s_12s_12_4_1_DSP48_0_U/ad_reg_reg/B[10]
  -------------------------------------------------------------------    -------------------

                         (clock ap_clk rise edge)     0.000     0.000 r  
                                                      0.000     0.000 r  ap_clk (IN)
                         net (fo=864, unset)          0.432     0.432    bd_0_i/hls_inst/inst/am_addmul_12s_11s_12s_12_4_1_U111/case_11_am_addmul_12s_11s_12s_12_4_1_DSP48_0_U/ap_clk
    DSP48_X1Y18          DSP48E1                                      r  bd_0_i/hls_inst/inst/am_addmul_12s_11s_12s_12_4_1_U111/case_11_am_addmul_12s_11s_12s_12_4_1_DSP48_0_U/ad_reg_reg/CLK

Slack:                    inf
  Source:                 in_data_22[11]
                            (input port)
  Destination:            bd_0_i/hls_inst/inst/am_addmul_12s_11s_12s_12_4_1_U111/case_11_am_addmul_12s_11s_12s_12_4_1_DSP48_0_U/ad_reg_reg/B[11]
                            (rising edge-triggered cell DSP48E1 clocked by ap_clk  {rise@0.000ns fall@5.000ns period=10.000ns})
  Path Group:             (none)
  Path Type:              Hold (Min at Fast Process Corner)
  Data Path Delay:        0.410ns  (logic 0.000ns (0.000%)  route 0.410ns (100.000%))
  Logic Levels:           0  
  Clock Path Skew:        0.432ns (DCD - SCD - CPR)
    Destination Clock Delay (DCD):    0.432ns
    Source Clock Delay      (SCD):    0.000ns
    Clock Pessimism Removal (CPR):    -0.000ns

    Location             Delay type                Incr(ns)  Path(ns)    Netlist Resource(s)
  -------------------------------------------------------------------    -------------------
                                                      0.000     0.000 r  in_data_22[11] (IN)
                         net (fo=14, unset)           0.410     0.410    bd_0_i/hls_inst/inst/am_addmul_12s_11s_12s_12_4_1_U111/case_11_am_addmul_12s_11s_12s_12_4_1_DSP48_0_U/in_data_22[11]
    DSP48_X1Y18          DSP48E1                                      r  bd_0_i/hls_inst/inst/am_addmul_12s_11s_12s_12_4_1_U111/case_11_am_addmul_12s_11s_12s_12_4_1_DSP48_0_U/ad_reg_reg/B[11]
  -------------------------------------------------------------------    -------------------

                         (clock ap_clk rise edge)     0.000     0.000 r  
                                                      0.000     0.000 r  ap_clk (IN)
                         net (fo=864, unset)          0.432     0.432    bd_0_i/hls_inst/inst/am_addmul_12s_11s_12s_12_4_1_U111/case_11_am_addmul_12s_11s_12s_12_4_1_DSP48_0_U/ap_clk
    DSP48_X1Y18          DSP48E1                                      r  bd_0_i/hls_inst/inst/am_addmul_12s_11s_12s_12_4_1_U111/case_11_am_addmul_12s_11s_12s_12_4_1_DSP48_0_U/ad_reg_reg/CLK

Slack:                    inf
  Source:                 in_data_22[11]
                            (input port)
  Destination:            bd_0_i/hls_inst/inst/am_addmul_12s_11s_12s_12_4_1_U111/case_11_am_addmul_12s_11s_12s_12_4_1_DSP48_0_U/ad_reg_reg/B[12]
                            (rising edge-triggered cell DSP48E1 clocked by ap_clk  {rise@0.000ns fall@5.000ns period=10.000ns})
  Path Group:             (none)
  Path Type:              Hold (Min at Fast Process Corner)
  Data Path Delay:        0.410ns  (logic 0.000ns (0.000%)  route 0.410ns (100.000%))
  Logic Levels:           0  
  Clock Path Skew:        0.432ns (DCD - SCD - CPR)
    Destination Clock Delay (DCD):    0.432ns
    Source Clock Delay      (SCD):    0.000ns
    Clock Pessimism Removal (CPR):    -0.000ns

    Location             Delay type                Incr(ns)  Path(ns)    Netlist Resource(s)
  -------------------------------------------------------------------    -------------------
                                                      0.000     0.000 r  in_data_22[11] (IN)
                         net (fo=14, unset)           0.410     0.410    bd_0_i/hls_inst/inst/am_addmul_12s_11s_12s_12_4_1_U111/case_11_am_addmul_12s_11s_12s_12_4_1_DSP48_0_U/in_data_22[11]
    DSP48_X1Y18          DSP48E1                                      r  bd_0_i/hls_inst/inst/am_addmul_12s_11s_12s_12_4_1_U111/case_11_am_addmul_12s_11s_12s_12_4_1_DSP48_0_U/ad_reg_reg/B[12]
  -------------------------------------------------------------------    -------------------

                         (clock ap_clk rise edge)     0.000     0.000 r  
                                                      0.000     0.000 r  ap_clk (IN)
                         net (fo=864, unset)          0.432     0.432    bd_0_i/hls_inst/inst/am_addmul_12s_11s_12s_12_4_1_U111/case_11_am_addmul_12s_11s_12s_12_4_1_DSP48_0_U/ap_clk
    DSP48_X1Y18          DSP48E1                                      r  bd_0_i/hls_inst/inst/am_addmul_12s_11s_12s_12_4_1_U111/case_11_am_addmul_12s_11s_12s_12_4_1_DSP48_0_U/ad_reg_reg/CLK

Slack:                    inf
  Source:                 in_data_22[11]
                            (input port)
  Destination:            bd_0_i/hls_inst/inst/am_addmul_12s_11s_12s_12_4_1_U111/case_11_am_addmul_12s_11s_12s_12_4_1_DSP48_0_U/ad_reg_reg/B[13]
                            (rising edge-triggered cell DSP48E1 clocked by ap_clk  {rise@0.000ns fall@5.000ns period=10.000ns})
  Path Group:             (none)
  Path Type:              Hold (Min at Fast Process Corner)
  Data Path Delay:        0.410ns  (logic 0.000ns (0.000%)  route 0.410ns (100.000%))
  Logic Levels:           0  
  Clock Path Skew:        0.432ns (DCD - SCD - CPR)
    Destination Clock Delay (DCD):    0.432ns
    Source Clock Delay      (SCD):    0.000ns
    Clock Pessimism Removal (CPR):    -0.000ns

    Location             Delay type                Incr(ns)  Path(ns)    Netlist Resource(s)
  -------------------------------------------------------------------    -------------------
                                                      0.000     0.000 r  in_data_22[11] (IN)
                         net (fo=14, unset)           0.410     0.410    bd_0_i/hls_inst/inst/am_addmul_12s_11s_12s_12_4_1_U111/case_11_am_addmul_12s_11s_12s_12_4_1_DSP48_0_U/in_data_22[11]
    DSP48_X1Y18          DSP48E1                                      r  bd_0_i/hls_inst/inst/am_addmul_12s_11s_12s_12_4_1_U111/case_11_am_addmul_12s_11s_12s_12_4_1_DSP48_0_U/ad_reg_reg/B[13]
  -------------------------------------------------------------------    -------------------

                         (clock ap_clk rise edge)     0.000     0.000 r  
                                                      0.000     0.000 r  ap_clk (IN)
                         net (fo=864, unset)          0.432     0.432    bd_0_i/hls_inst/inst/am_addmul_12s_11s_12s_12_4_1_U111/case_11_am_addmul_12s_11s_12s_12_4_1_DSP48_0_U/ap_clk
    DSP48_X1Y18          DSP48E1                                      r  bd_0_i/hls_inst/inst/am_addmul_12s_11s_12s_12_4_1_U111/case_11_am_addmul_12s_11s_12s_12_4_1_DSP48_0_U/ad_reg_reg/CLK

Slack:                    inf
  Source:                 in_data_22[11]
                            (input port)
  Destination:            bd_0_i/hls_inst/inst/am_addmul_12s_11s_12s_12_4_1_U111/case_11_am_addmul_12s_11s_12s_12_4_1_DSP48_0_U/ad_reg_reg/B[14]
                            (rising edge-triggered cell DSP48E1 clocked by ap_clk  {rise@0.000ns fall@5.000ns period=10.000ns})
  Path Group:             (none)
  Path Type:              Hold (Min at Fast Process Corner)
  Data Path Delay:        0.410ns  (logic 0.000ns (0.000%)  route 0.410ns (100.000%))
  Logic Levels:           0  
  Clock Path Skew:        0.432ns (DCD - SCD - CPR)
    Destination Clock Delay (DCD):    0.432ns
    Source Clock Delay      (SCD):    0.000ns
    Clock Pessimism Removal (CPR):    -0.000ns

    Location             Delay type                Incr(ns)  Path(ns)    Netlist Resource(s)
  -------------------------------------------------------------------    -------------------
                                                      0.000     0.000 r  in_data_22[11] (IN)
                         net (fo=14, unset)           0.410     0.410    bd_0_i/hls_inst/inst/am_addmul_12s_11s_12s_12_4_1_U111/case_11_am_addmul_12s_11s_12s_12_4_1_DSP48_0_U/in_data_22[11]
    DSP48_X1Y18          DSP48E1                                      r  bd_0_i/hls_inst/inst/am_addmul_12s_11s_12s_12_4_1_U111/case_11_am_addmul_12s_11s_12s_12_4_1_DSP48_0_U/ad_reg_reg/B[14]
  -------------------------------------------------------------------    -------------------

                         (clock ap_clk rise edge)     0.000     0.000 r  
                                                      0.000     0.000 r  ap_clk (IN)
                         net (fo=864, unset)          0.432     0.432    bd_0_i/hls_inst/inst/am_addmul_12s_11s_12s_12_4_1_U111/case_11_am_addmul_12s_11s_12s_12_4_1_DSP48_0_U/ap_clk
    DSP48_X1Y18          DSP48E1                                      r  bd_0_i/hls_inst/inst/am_addmul_12s_11s_12s_12_4_1_U111/case_11_am_addmul_12s_11s_12s_12_4_1_DSP48_0_U/ad_reg_reg/CLK

Slack:                    inf
  Source:                 in_data_22[11]
                            (input port)
  Destination:            bd_0_i/hls_inst/inst/am_addmul_12s_11s_12s_12_4_1_U111/case_11_am_addmul_12s_11s_12s_12_4_1_DSP48_0_U/ad_reg_reg/B[15]
                            (rising edge-triggered cell DSP48E1 clocked by ap_clk  {rise@0.000ns fall@5.000ns period=10.000ns})
  Path Group:             (none)
  Path Type:              Hold (Min at Fast Process Corner)
  Data Path Delay:        0.410ns  (logic 0.000ns (0.000%)  route 0.410ns (100.000%))
  Logic Levels:           0  
  Clock Path Skew:        0.432ns (DCD - SCD - CPR)
    Destination Clock Delay (DCD):    0.432ns
    Source Clock Delay      (SCD):    0.000ns
    Clock Pessimism Removal (CPR):    -0.000ns

    Location             Delay type                Incr(ns)  Path(ns)    Netlist Resource(s)
  -------------------------------------------------------------------    -------------------
                                                      0.000     0.000 r  in_data_22[11] (IN)
                         net (fo=14, unset)           0.410     0.410    bd_0_i/hls_inst/inst/am_addmul_12s_11s_12s_12_4_1_U111/case_11_am_addmul_12s_11s_12s_12_4_1_DSP48_0_U/in_data_22[11]
    DSP48_X1Y18          DSP48E1                                      r  bd_0_i/hls_inst/inst/am_addmul_12s_11s_12s_12_4_1_U111/case_11_am_addmul_12s_11s_12s_12_4_1_DSP48_0_U/ad_reg_reg/B[15]
  -------------------------------------------------------------------    -------------------

                         (clock ap_clk rise edge)     0.000     0.000 r  
                                                      0.000     0.000 r  ap_clk (IN)
                         net (fo=864, unset)          0.432     0.432    bd_0_i/hls_inst/inst/am_addmul_12s_11s_12s_12_4_1_U111/case_11_am_addmul_12s_11s_12s_12_4_1_DSP48_0_U/ap_clk
    DSP48_X1Y18          DSP48E1                                      r  bd_0_i/hls_inst/inst/am_addmul_12s_11s_12s_12_4_1_U111/case_11_am_addmul_12s_11s_12s_12_4_1_DSP48_0_U/ad_reg_reg/CLK

Slack:                    inf
  Source:                 in_data_22[11]
                            (input port)
  Destination:            bd_0_i/hls_inst/inst/am_addmul_12s_11s_12s_12_4_1_U111/case_11_am_addmul_12s_11s_12s_12_4_1_DSP48_0_U/ad_reg_reg/B[16]
                            (rising edge-triggered cell DSP48E1 clocked by ap_clk  {rise@0.000ns fall@5.000ns period=10.000ns})
  Path Group:             (none)
  Path Type:              Hold (Min at Fast Process Corner)
  Data Path Delay:        0.410ns  (logic 0.000ns (0.000%)  route 0.410ns (100.000%))
  Logic Levels:           0  
  Clock Path Skew:        0.432ns (DCD - SCD - CPR)
    Destination Clock Delay (DCD):    0.432ns
    Source Clock Delay      (SCD):    0.000ns
    Clock Pessimism Removal (CPR):    -0.000ns

    Location             Delay type                Incr(ns)  Path(ns)    Netlist Resource(s)
  -------------------------------------------------------------------    -------------------
                                                      0.000     0.000 r  in_data_22[11] (IN)
                         net (fo=14, unset)           0.410     0.410    bd_0_i/hls_inst/inst/am_addmul_12s_11s_12s_12_4_1_U111/case_11_am_addmul_12s_11s_12s_12_4_1_DSP48_0_U/in_data_22[11]
    DSP48_X1Y18          DSP48E1                                      r  bd_0_i/hls_inst/inst/am_addmul_12s_11s_12s_12_4_1_U111/case_11_am_addmul_12s_11s_12s_12_4_1_DSP48_0_U/ad_reg_reg/B[16]
  -------------------------------------------------------------------    -------------------

                         (clock ap_clk rise edge)     0.000     0.000 r  
                                                      0.000     0.000 r  ap_clk (IN)
                         net (fo=864, unset)          0.432     0.432    bd_0_i/hls_inst/inst/am_addmul_12s_11s_12s_12_4_1_U111/case_11_am_addmul_12s_11s_12s_12_4_1_DSP48_0_U/ap_clk
    DSP48_X1Y18          DSP48E1                                      r  bd_0_i/hls_inst/inst/am_addmul_12s_11s_12s_12_4_1_U111/case_11_am_addmul_12s_11s_12s_12_4_1_DSP48_0_U/ad_reg_reg/CLK

Slack:                    inf
  Source:                 in_data_22[11]
                            (input port)
  Destination:            bd_0_i/hls_inst/inst/am_addmul_12s_11s_12s_12_4_1_U111/case_11_am_addmul_12s_11s_12s_12_4_1_DSP48_0_U/ad_reg_reg/B[17]
                            (rising edge-triggered cell DSP48E1 clocked by ap_clk  {rise@0.000ns fall@5.000ns period=10.000ns})
  Path Group:             (none)
  Path Type:              Hold (Min at Fast Process Corner)
  Data Path Delay:        0.410ns  (logic 0.000ns (0.000%)  route 0.410ns (100.000%))
  Logic Levels:           0  
  Clock Path Skew:        0.432ns (DCD - SCD - CPR)
    Destination Clock Delay (DCD):    0.432ns
    Source Clock Delay      (SCD):    0.000ns
    Clock Pessimism Removal (CPR):    -0.000ns

    Location             Delay type                Incr(ns)  Path(ns)    Netlist Resource(s)
  -------------------------------------------------------------------    -------------------
                                                      0.000     0.000 r  in_data_22[11] (IN)
                         net (fo=14, unset)           0.410     0.410    bd_0_i/hls_inst/inst/am_addmul_12s_11s_12s_12_4_1_U111/case_11_am_addmul_12s_11s_12s_12_4_1_DSP48_0_U/in_data_22[11]
    DSP48_X1Y18          DSP48E1                                      r  bd_0_i/hls_inst/inst/am_addmul_12s_11s_12s_12_4_1_U111/case_11_am_addmul_12s_11s_12s_12_4_1_DSP48_0_U/ad_reg_reg/B[17]
  -------------------------------------------------------------------    -------------------

                         (clock ap_clk rise edge)     0.000     0.000 r  
                                                      0.000     0.000 r  ap_clk (IN)
                         net (fo=864, unset)          0.432     0.432    bd_0_i/hls_inst/inst/am_addmul_12s_11s_12s_12_4_1_U111/case_11_am_addmul_12s_11s_12s_12_4_1_DSP48_0_U/ap_clk
    DSP48_X1Y18          DSP48E1                                      r  bd_0_i/hls_inst/inst/am_addmul_12s_11s_12s_12_4_1_U111/case_11_am_addmul_12s_11s_12s_12_4_1_DSP48_0_U/ad_reg_reg/CLK

Slack:                    inf
  Source:                 in_data_22[1]
                            (input port)
  Destination:            bd_0_i/hls_inst/inst/am_addmul_12s_11s_12s_12_4_1_U111/case_11_am_addmul_12s_11s_12s_12_4_1_DSP48_0_U/ad_reg_reg/B[1]
                            (rising edge-triggered cell DSP48E1 clocked by ap_clk  {rise@0.000ns fall@5.000ns period=10.000ns})
  Path Group:             (none)
  Path Type:              Hold (Min at Fast Process Corner)
  Data Path Delay:        0.410ns  (logic 0.000ns (0.000%)  route 0.410ns (100.000%))
  Logic Levels:           0  
  Clock Path Skew:        0.432ns (DCD - SCD - CPR)
    Destination Clock Delay (DCD):    0.432ns
    Source Clock Delay      (SCD):    0.000ns
    Clock Pessimism Removal (CPR):    -0.000ns

    Location             Delay type                Incr(ns)  Path(ns)    Netlist Resource(s)
  -------------------------------------------------------------------    -------------------
                                                      0.000     0.000 r  in_data_22[1] (IN)
                         net (fo=2, unset)            0.410     0.410    bd_0_i/hls_inst/inst/am_addmul_12s_11s_12s_12_4_1_U111/case_11_am_addmul_12s_11s_12s_12_4_1_DSP48_0_U/in_data_22[1]
    DSP48_X1Y18          DSP48E1                                      r  bd_0_i/hls_inst/inst/am_addmul_12s_11s_12s_12_4_1_U111/case_11_am_addmul_12s_11s_12s_12_4_1_DSP48_0_U/ad_reg_reg/B[1]
  -------------------------------------------------------------------    -------------------

                         (clock ap_clk rise edge)     0.000     0.000 r  
                                                      0.000     0.000 r  ap_clk (IN)
                         net (fo=864, unset)          0.432     0.432    bd_0_i/hls_inst/inst/am_addmul_12s_11s_12s_12_4_1_U111/case_11_am_addmul_12s_11s_12s_12_4_1_DSP48_0_U/ap_clk
    DSP48_X1Y18          DSP48E1                                      r  bd_0_i/hls_inst/inst/am_addmul_12s_11s_12s_12_4_1_U111/case_11_am_addmul_12s_11s_12s_12_4_1_DSP48_0_U/ad_reg_reg/CLK





