Copyright 1986-2022 Xilinx, Inc. All Rights Reserved. Copyright 2022-2025 Advanced Micro Devices, Inc. All Rights Reserved.
--------------------------------------------------------------------------------------------------------------------------------------------------------------------------
| Tool Version : Vivado v.2025.1 (lin64) Build 6140274 Wed May 21 22:58:25 MDT 2025
| Date         : Tue Dec 23 15:22:04 2025
| Host         : woong-Super-Server running 64-bit Ubuntu 24.04.3 LTS
| Command      : report_methodology -file bd_0_wrapper_methodology_drc_routed.rpt -pb bd_0_wrapper_methodology_drc_routed.pb -rpx bd_0_wrapper_methodology_drc_routed.rpx
| Design       : bd_0_wrapper
| Device       : xc7z020clg484-1
| Speed File   : -1
| Design State : Fully Routed
--------------------------------------------------------------------------------------------------------------------------------------------------------------------------

Report Methodology

Table of Contents
-----------------
1. REPORT SUMMARY
2. REPORT DETAILS

1. REPORT SUMMARY
-----------------
            Netlist: netlist
          Floorplan: checkpoint_bd_0_wrapper
      Design limits: <entire design considered>
             Max checks: <unlimited>
             Checks found: 629
+-----------+----------+-------------------------------+--------+
| Rule      | Severity | Description                   | Checks |
+-----------+----------+-------------------------------+--------+
| TIMING-18 | Warning  | Missing input or output delay | 629    |
+-----------+----------+-------------------------------+--------+

2. REPORT DETAILS
-----------------
TIMING-18#1 Warning
Missing input or output delay  
An input delay is missing on ap_ctrl_start relative to the rising and/or falling clock edge(s) of ap_clk.
Related violations: <none>

TIMING-18#2 Warning
Missing input or output delay  
An input delay is missing on ap_rst relative to the rising and/or falling clock edge(s) of ap_clk.
Related violations: <none>

TIMING-18#3 Warning
Missing input or output delay  
An input delay is missing on in_data_12[0] relative to the rising and/or falling clock edge(s) of ap_clk.
Related violations: <none>

TIMING-18#4 Warning
Missing input or output delay  
An input delay is missing on in_data_12[10] relative to the rising and/or falling clock edge(s) of ap_clk.
Related violations: <none>

TIMING-18#5 Warning
Missing input or output delay  
An input delay is missing on in_data_12[11] relative to the rising and/or falling clock edge(s) of ap_clk.
Related violations: <none>

TIMING-18#6 Warning
Missing input or output delay  
An input delay is missing on in_data_12[12] relative to the rising and/or falling clock edge(s) of ap_clk.
Related violations: <none>

TIMING-18#7 Warning
Missing input or output delay  
An input delay is missing on in_data_12[13] relative to the rising and/or falling clock edge(s) of ap_clk.
Related violations: <none>

TIMING-18#8 Warning
Missing input or output delay  
An input delay is missing on in_data_12[14] relative to the rising and/or falling clock edge(s) of ap_clk.
Related violations: <none>

TIMING-18#9 Warning
Missing input or output delay  
An input delay is missing on in_data_12[15] relative to the rising and/or falling clock edge(s) of ap_clk.
Related violations: <none>

TIMING-18#10 Warning
Missing input or output delay  
An input delay is missing on in_data_12[1] relative to the rising and/or falling clock edge(s) of ap_clk.
Related violations: <none>

TIMING-18#11 Warning
Missing input or output delay  
An input delay is missing on in_data_12[2] relative to the rising and/or falling clock edge(s) of ap_clk.
Related violations: <none>

TIMING-18#12 Warning
Missing input or output delay  
An input delay is missing on in_data_12[3] relative to the rising and/or falling clock edge(s) of ap_clk.
Related violations: <none>

TIMING-18#13 Warning
Missing input or output delay  
An input delay is missing on in_data_12[4] relative to the rising and/or falling clock edge(s) of ap_clk.
Related violations: <none>

TIMING-18#14 Warning
Missing input or output delay  
An input delay is missing on in_data_12[5] relative to the rising and/or falling clock edge(s) of ap_clk.
Related violations: <none>

TIMING-18#15 Warning
Missing input or output delay  
An input delay is missing on in_data_12[6] relative to the rising and/or falling clock edge(s) of ap_clk.
Related violations: <none>

TIMING-18#16 Warning
Missing input or output delay  
An input delay is missing on in_data_12[7] relative to the rising and/or falling clock edge(s) of ap_clk.
Related violations: <none>

TIMING-18#17 Warning
Missing input or output delay  
An input delay is missing on in_data_12[8] relative to the rising and/or falling clock edge(s) of ap_clk.
Related violations: <none>

TIMING-18#18 Warning
Missing input or output delay  
An input delay is missing on in_data_12[9] relative to the rising and/or falling clock edge(s) of ap_clk.
Related violations: <none>

TIMING-18#19 Warning
Missing input or output delay  
An input delay is missing on in_data_14[0] relative to the rising and/or falling clock edge(s) of ap_clk.
Related violations: <none>

TIMING-18#20 Warning
Missing input or output delay  
An input delay is missing on in_data_14[10] relative to the rising and/or falling clock edge(s) of ap_clk.
Related violations: <none>

TIMING-18#21 Warning
Missing input or output delay  
An input delay is missing on in_data_14[11] relative to the rising and/or falling clock edge(s) of ap_clk.
Related violations: <none>

TIMING-18#22 Warning
Missing input or output delay  
An input delay is missing on in_data_14[12] relative to the rising and/or falling clock edge(s) of ap_clk.
Related violations: <none>

TIMING-18#23 Warning
Missing input or output delay  
An input delay is missing on in_data_14[13] relative to the rising and/or falling clock edge(s) of ap_clk.
Related violations: <none>

TIMING-18#24 Warning
Missing input or output delay  
An input delay is missing on in_data_14[14] relative to the rising and/or falling clock edge(s) of ap_clk.
Related violations: <none>

TIMING-18#25 Warning
Missing input or output delay  
An input delay is missing on in_data_14[15] relative to the rising and/or falling clock edge(s) of ap_clk.
Related violations: <none>

TIMING-18#26 Warning
Missing input or output delay  
An input delay is missing on in_data_14[1] relative to the rising and/or falling clock edge(s) of ap_clk.
Related violations: <none>

TIMING-18#27 Warning
Missing input or output delay  
An input delay is missing on in_data_14[2] relative to the rising and/or falling clock edge(s) of ap_clk.
Related violations: <none>

TIMING-18#28 Warning
Missing input or output delay  
An input delay is missing on in_data_14[3] relative to the rising and/or falling clock edge(s) of ap_clk.
Related violations: <none>

TIMING-18#29 Warning
Missing input or output delay  
An input delay is missing on in_data_14[4] relative to the rising and/or falling clock edge(s) of ap_clk.
Related violations: <none>

TIMING-18#30 Warning
Missing input or output delay  
An input delay is missing on in_data_14[5] relative to the rising and/or falling clock edge(s) of ap_clk.
Related violations: <none>

TIMING-18#31 Warning
Missing input or output delay  
An input delay is missing on in_data_14[6] relative to the rising and/or falling clock edge(s) of ap_clk.
Related violations: <none>

TIMING-18#32 Warning
Missing input or output delay  
An input delay is missing on in_data_14[7] relative to the rising and/or falling clock edge(s) of ap_clk.
Related violations: <none>

TIMING-18#33 Warning
Missing input or output delay  
An input delay is missing on in_data_14[8] relative to the rising and/or falling clock edge(s) of ap_clk.
Related violations: <none>

TIMING-18#34 Warning
Missing input or output delay  
An input delay is missing on in_data_14[9] relative to the rising and/or falling clock edge(s) of ap_clk.
Related violations: <none>

TIMING-18#35 Warning
Missing input or output delay  
An input delay is missing on in_data_15[0] relative to the rising and/or falling clock edge(s) of ap_clk.
Related violations: <none>

TIMING-18#36 Warning
Missing input or output delay  
An input delay is missing on in_data_15[10] relative to the rising and/or falling clock edge(s) of ap_clk.
Related violations: <none>

TIMING-18#37 Warning
Missing input or output delay  
An input delay is missing on in_data_15[11] relative to the rising and/or falling clock edge(s) of ap_clk.
Related violations: <none>

TIMING-18#38 Warning
Missing input or output delay  
An input delay is missing on in_data_15[12] relative to the rising and/or falling clock edge(s) of ap_clk.
Related violations: <none>

TIMING-18#39 Warning
Missing input or output delay  
An input delay is missing on in_data_15[13] relative to the rising and/or falling clock edge(s) of ap_clk.
Related violations: <none>

TIMING-18#40 Warning
Missing input or output delay  
An input delay is missing on in_data_15[14] relative to the rising and/or falling clock edge(s) of ap_clk.
Related violations: <none>

TIMING-18#41 Warning
Missing input or output delay  
An input delay is missing on in_data_15[15] relative to the rising and/or falling clock edge(s) of ap_clk.
Related violations: <none>

TIMING-18#42 Warning
Missing input or output delay  
An input delay is missing on in_data_15[1] relative to the rising and/or falling clock edge(s) of ap_clk.
Related violations: <none>

TIMING-18#43 Warning
Missing input or output delay  
An input delay is missing on in_data_15[2] relative to the rising and/or falling clock edge(s) of ap_clk.
Related violations: <none>

TIMING-18#44 Warning
Missing input or output delay  
An input delay is missing on in_data_15[3] relative to the rising and/or falling clock edge(s) of ap_clk.
Related violations: <none>

TIMING-18#45 Warning
Missing input or output delay  
An input delay is missing on in_data_15[4] relative to the rising and/or falling clock edge(s) of ap_clk.
Related violations: <none>

TIMING-18#46 Warning
Missing input or output delay  
An input delay is missing on in_data_15[5] relative to the rising and/or falling clock edge(s) of ap_clk.
Related violations: <none>

TIMING-18#47 Warning
Missing input or output delay  
An input delay is missing on in_data_15[6] relative to the rising and/or falling clock edge(s) of ap_clk.
Related violations: <none>

TIMING-18#48 Warning
Missing input or output delay  
An input delay is missing on in_data_15[7] relative to the rising and/or falling clock edge(s) of ap_clk.
Related violations: <none>

TIMING-18#49 Warning
Missing input or output delay  
An input delay is missing on in_data_15[8] relative to the rising and/or falling clock edge(s) of ap_clk.
Related violations: <none>

TIMING-18#50 Warning
Missing input or output delay  
An input delay is missing on in_data_15[9] relative to the rising and/or falling clock edge(s) of ap_clk.
Related violations: <none>

TIMING-18#51 Warning
Missing input or output delay  
An input delay is missing on in_data_17[0] relative to the rising and/or falling clock edge(s) of ap_clk.
Related violations: <none>

TIMING-18#52 Warning
Missing input or output delay  
An input delay is missing on in_data_17[10] relative to the rising and/or falling clock edge(s) of ap_clk.
Related violations: <none>

TIMING-18#53 Warning
Missing input or output delay  
An input delay is missing on in_data_17[11] relative to the rising and/or falling clock edge(s) of ap_clk.
Related violations: <none>

TIMING-18#54 Warning
Missing input or output delay  
An input delay is missing on in_data_17[12] relative to the rising and/or falling clock edge(s) of ap_clk.
Related violations: <none>

TIMING-18#55 Warning
Missing input or output delay  
An input delay is missing on in_data_17[13] relative to the rising and/or falling clock edge(s) of ap_clk.
Related violations: <none>

TIMING-18#56 Warning
Missing input or output delay  
An input delay is missing on in_data_17[14] relative to the rising and/or falling clock edge(s) of ap_clk.
Related violations: <none>

TIMING-18#57 Warning
Missing input or output delay  
An input delay is missing on in_data_17[15] relative to the rising and/or falling clock edge(s) of ap_clk.
Related violations: <none>

TIMING-18#58 Warning
Missing input or output delay  
An input delay is missing on in_data_17[1] relative to the rising and/or falling clock edge(s) of ap_clk.
Related violations: <none>

TIMING-18#59 Warning
Missing input or output delay  
An input delay is missing on in_data_17[2] relative to the rising and/or falling clock edge(s) of ap_clk.
Related violations: <none>

TIMING-18#60 Warning
Missing input or output delay  
An input delay is missing on in_data_17[3] relative to the rising and/or falling clock edge(s) of ap_clk.
Related violations: <none>

TIMING-18#61 Warning
Missing input or output delay  
An input delay is missing on in_data_17[4] relative to the rising and/or falling clock edge(s) of ap_clk.
Related violations: <none>

TIMING-18#62 Warning
Missing input or output delay  
An input delay is missing on in_data_17[5] relative to the rising and/or falling clock edge(s) of ap_clk.
Related violations: <none>

TIMING-18#63 Warning
Missing input or output delay  
An input delay is missing on in_data_17[6] relative to the rising and/or falling clock edge(s) of ap_clk.
Related violations: <none>

TIMING-18#64 Warning
Missing input or output delay  
An input delay is missing on in_data_17[7] relative to the rising and/or falling clock edge(s) of ap_clk.
Related violations: <none>

TIMING-18#65 Warning
Missing input or output delay  
An input delay is missing on in_data_17[8] relative to the rising and/or falling clock edge(s) of ap_clk.
Related violations: <none>

TIMING-18#66 Warning
Missing input or output delay  
An input delay is missing on in_data_17[9] relative to the rising and/or falling clock edge(s) of ap_clk.
Related violations: <none>

TIMING-18#67 Warning
Missing input or output delay  
An input delay is missing on in_data_18[0] relative to the rising and/or falling clock edge(s) of ap_clk.
Related violations: <none>

TIMING-18#68 Warning
Missing input or output delay  
An input delay is missing on in_data_18[10] relative to the rising and/or falling clock edge(s) of ap_clk.
Related violations: <none>

TIMING-18#69 Warning
Missing input or output delay  
An input delay is missing on in_data_18[11] relative to the rising and/or falling clock edge(s) of ap_clk.
Related violations: <none>

TIMING-18#70 Warning
Missing input or output delay  
An input delay is missing on in_data_18[12] relative to the rising and/or falling clock edge(s) of ap_clk.
Related violations: <none>

TIMING-18#71 Warning
Missing input or output delay  
An input delay is missing on in_data_18[13] relative to the rising and/or falling clock edge(s) of ap_clk.
Related violations: <none>

TIMING-18#72 Warning
Missing input or output delay  
An input delay is missing on in_data_18[14] relative to the rising and/or falling clock edge(s) of ap_clk.
Related violations: <none>

TIMING-18#73 Warning
Missing input or output delay  
An input delay is missing on in_data_18[15] relative to the rising and/or falling clock edge(s) of ap_clk.
Related violations: <none>

TIMING-18#74 Warning
Missing input or output delay  
An input delay is missing on in_data_18[1] relative to the rising and/or falling clock edge(s) of ap_clk.
Related violations: <none>

TIMING-18#75 Warning
Missing input or output delay  
An input delay is missing on in_data_18[2] relative to the rising and/or falling clock edge(s) of ap_clk.
Related violations: <none>

TIMING-18#76 Warning
Missing input or output delay  
An input delay is missing on in_data_18[3] relative to the rising and/or falling clock edge(s) of ap_clk.
Related violations: <none>

TIMING-18#77 Warning
Missing input or output delay  
An input delay is missing on in_data_18[4] relative to the rising and/or falling clock edge(s) of ap_clk.
Related violations: <none>

TIMING-18#78 Warning
Missing input or output delay  
An input delay is missing on in_data_18[5] relative to the rising and/or falling clock edge(s) of ap_clk.
Related violations: <none>

TIMING-18#79 Warning
Missing input or output delay  
An input delay is missing on in_data_18[6] relative to the rising and/or falling clock edge(s) of ap_clk.
Related violations: <none>

TIMING-18#80 Warning
Missing input or output delay  
An input delay is missing on in_data_18[7] relative to the rising and/or falling clock edge(s) of ap_clk.
Related violations: <none>

TIMING-18#81 Warning
Missing input or output delay  
An input delay is missing on in_data_18[8] relative to the rising and/or falling clock edge(s) of ap_clk.
Related violations: <none>

TIMING-18#82 Warning
Missing input or output delay  
An input delay is missing on in_data_18[9] relative to the rising and/or falling clock edge(s) of ap_clk.
Related violations: <none>

TIMING-18#83 Warning
Missing input or output delay  
An input delay is missing on in_data_20[0] relative to the rising and/or falling clock edge(s) of ap_clk.
Related violations: <none>

TIMING-18#84 Warning
Missing input or output delay  
An input delay is missing on in_data_20[10] relative to the rising and/or falling clock edge(s) of ap_clk.
Related violations: <none>

TIMING-18#85 Warning
Missing input or output delay  
An input delay is missing on in_data_20[11] relative to the rising and/or falling clock edge(s) of ap_clk.
Related violations: <none>

TIMING-18#86 Warning
Missing input or output delay  
An input delay is missing on in_data_20[12] relative to the rising and/or falling clock edge(s) of ap_clk.
Related violations: <none>

TIMING-18#87 Warning
Missing input or output delay  
An input delay is missing on in_data_20[13] relative to the rising and/or falling clock edge(s) of ap_clk.
Related violations: <none>

TIMING-18#88 Warning
Missing input or output delay  
An input delay is missing on in_data_20[14] relative to the rising and/or falling clock edge(s) of ap_clk.
Related violations: <none>

TIMING-18#89 Warning
Missing input or output delay  
An input delay is missing on in_data_20[15] relative to the rising and/or falling clock edge(s) of ap_clk.
Related violations: <none>

TIMING-18#90 Warning
Missing input or output delay  
An input delay is missing on in_data_20[1] relative to the rising and/or falling clock edge(s) of ap_clk.
Related violations: <none>

TIMING-18#91 Warning
Missing input or output delay  
An input delay is missing on in_data_20[2] relative to the rising and/or falling clock edge(s) of ap_clk.
Related violations: <none>

TIMING-18#92 Warning
Missing input or output delay  
An input delay is missing on in_data_20[3] relative to the rising and/or falling clock edge(s) of ap_clk.
Related violations: <none>

TIMING-18#93 Warning
Missing input or output delay  
An input delay is missing on in_data_20[4] relative to the rising and/or falling clock edge(s) of ap_clk.
Related violations: <none>

TIMING-18#94 Warning
Missing input or output delay  
An input delay is missing on in_data_20[5] relative to the rising and/or falling clock edge(s) of ap_clk.
Related violations: <none>

TIMING-18#95 Warning
Missing input or output delay  
An input delay is missing on in_data_20[6] relative to the rising and/or falling clock edge(s) of ap_clk.
Related violations: <none>

TIMING-18#96 Warning
Missing input or output delay  
An input delay is missing on in_data_20[7] relative to the rising and/or falling clock edge(s) of ap_clk.
Related violations: <none>

TIMING-18#97 Warning
Missing input or output delay  
An input delay is missing on in_data_20[8] relative to the rising and/or falling clock edge(s) of ap_clk.
Related violations: <none>

TIMING-18#98 Warning
Missing input or output delay  
An input delay is missing on in_data_20[9] relative to the rising and/or falling clock edge(s) of ap_clk.
Related violations: <none>

TIMING-18#99 Warning
Missing input or output delay  
An input delay is missing on in_data_21[0] relative to the rising and/or falling clock edge(s) of ap_clk.
Related violations: <none>

TIMING-18#100 Warning
Missing input or output delay  
An input delay is missing on in_data_21[10] relative to the rising and/or falling clock edge(s) of ap_clk.
Related violations: <none>

TIMING-18#101 Warning
Missing input or output delay  
An input delay is missing on in_data_21[11] relative to the rising and/or falling clock edge(s) of ap_clk.
Related violations: <none>

TIMING-18#102 Warning
Missing input or output delay  
An input delay is missing on in_data_21[12] relative to the rising and/or falling clock edge(s) of ap_clk.
Related violations: <none>

TIMING-18#103 Warning
Missing input or output delay  
An input delay is missing on in_data_21[13] relative to the rising and/or falling clock edge(s) of ap_clk.
Related violations: <none>

TIMING-18#104 Warning
Missing input or output delay  
An input delay is missing on in_data_21[14] relative to the rising and/or falling clock edge(s) of ap_clk.
Related violations: <none>

TIMING-18#105 Warning
Missing input or output delay  
An input delay is missing on in_data_21[15] relative to the rising and/or falling clock edge(s) of ap_clk.
Related violations: <none>

TIMING-18#106 Warning
Missing input or output delay  
An input delay is missing on in_data_21[1] relative to the rising and/or falling clock edge(s) of ap_clk.
Related violations: <none>

TIMING-18#107 Warning
Missing input or output delay  
An input delay is missing on in_data_21[2] relative to the rising and/or falling clock edge(s) of ap_clk.
Related violations: <none>

TIMING-18#108 Warning
Missing input or output delay  
An input delay is missing on in_data_21[3] relative to the rising and/or falling clock edge(s) of ap_clk.
Related violations: <none>

TIMING-18#109 Warning
Missing input or output delay  
An input delay is missing on in_data_21[4] relative to the rising and/or falling clock edge(s) of ap_clk.
Related violations: <none>

TIMING-18#110 Warning
Missing input or output delay  
An input delay is missing on in_data_21[5] relative to the rising and/or falling clock edge(s) of ap_clk.
Related violations: <none>

TIMING-18#111 Warning
Missing input or output delay  
An input delay is missing on in_data_21[6] relative to the rising and/or falling clock edge(s) of ap_clk.
Related violations: <none>

TIMING-18#112 Warning
Missing input or output delay  
An input delay is missing on in_data_21[7] relative to the rising and/or falling clock edge(s) of ap_clk.
Related violations: <none>

TIMING-18#113 Warning
Missing input or output delay  
An input delay is missing on in_data_21[8] relative to the rising and/or falling clock edge(s) of ap_clk.
Related violations: <none>

TIMING-18#114 Warning
Missing input or output delay  
An input delay is missing on in_data_21[9] relative to the rising and/or falling clock edge(s) of ap_clk.
Related violations: <none>

TIMING-18#115 Warning
Missing input or output delay  
An input delay is missing on in_data_22[0] relative to the rising and/or falling clock edge(s) of ap_clk.
Related violations: <none>

TIMING-18#116 Warning
Missing input or output delay  
An input delay is missing on in_data_22[10] relative to the rising and/or falling clock edge(s) of ap_clk.
Related violations: <none>

TIMING-18#117 Warning
Missing input or output delay  
An input delay is missing on in_data_22[11] relative to the rising and/or falling clock edge(s) of ap_clk.
Related violations: <none>

TIMING-18#118 Warning
Missing input or output delay  
An input delay is missing on in_data_22[12] relative to the rising and/or falling clock edge(s) of ap_clk.
Related violations: <none>

TIMING-18#119 Warning
Missing input or output delay  
An input delay is missing on in_data_22[13] relative to the rising and/or falling clock edge(s) of ap_clk.
Related violations: <none>

TIMING-18#120 Warning
Missing input or output delay  
An input delay is missing on in_data_22[14] relative to the rising and/or falling clock edge(s) of ap_clk.
Related violations: <none>

TIMING-18#121 Warning
Missing input or output delay  
An input delay is missing on in_data_22[15] relative to the rising and/or falling clock edge(s) of ap_clk.
Related violations: <none>

TIMING-18#122 Warning
Missing input or output delay  
An input delay is missing on in_data_22[1] relative to the rising and/or falling clock edge(s) of ap_clk.
Related violations: <none>

TIMING-18#123 Warning
Missing input or output delay  
An input delay is missing on in_data_22[2] relative to the rising and/or falling clock edge(s) of ap_clk.
Related violations: <none>

TIMING-18#124 Warning
Missing input or output delay  
An input delay is missing on in_data_22[3] relative to the rising and/or falling clock edge(s) of ap_clk.
Related violations: <none>

TIMING-18#125 Warning
Missing input or output delay  
An input delay is missing on in_data_22[4] relative to the rising and/or falling clock edge(s) of ap_clk.
Related violations: <none>

TIMING-18#126 Warning
Missing input or output delay  
An input delay is missing on in_data_22[5] relative to the rising and/or falling clock edge(s) of ap_clk.
Related violations: <none>

TIMING-18#127 Warning
Missing input or output delay  
An input delay is missing on in_data_22[6] relative to the rising and/or falling clock edge(s) of ap_clk.
Related violations: <none>

TIMING-18#128 Warning
Missing input or output delay  
An input delay is missing on in_data_22[7] relative to the rising and/or falling clock edge(s) of ap_clk.
Related violations: <none>

TIMING-18#129 Warning
Missing input or output delay  
An input delay is missing on in_data_22[8] relative to the rising and/or falling clock edge(s) of ap_clk.
Related violations: <none>

TIMING-18#130 Warning
Missing input or output delay  
An input delay is missing on in_data_22[9] relative to the rising and/or falling clock edge(s) of ap_clk.
Related violations: <none>

TIMING-18#131 Warning
Missing input or output delay  
An input delay is missing on in_data_23[0] relative to the rising and/or falling clock edge(s) of ap_clk.
Related violations: <none>

TIMING-18#132 Warning
Missing input or output delay  
An input delay is missing on in_data_23[10] relative to the rising and/or falling clock edge(s) of ap_clk.
Related violations: <none>

TIMING-18#133 Warning
Missing input or output delay  
An input delay is missing on in_data_23[11] relative to the rising and/or falling clock edge(s) of ap_clk.
Related violations: <none>

TIMING-18#134 Warning
Missing input or output delay  
An input delay is missing on in_data_23[12] relative to the rising and/or falling clock edge(s) of ap_clk.
Related violations: <none>

TIMING-18#135 Warning
Missing input or output delay  
An input delay is missing on in_data_23[13] relative to the rising and/or falling clock edge(s) of ap_clk.
Related violations: <none>

TIMING-18#136 Warning
Missing input or output delay  
An input delay is missing on in_data_23[14] relative to the rising and/or falling clock edge(s) of ap_clk.
Related violations: <none>

TIMING-18#137 Warning
Missing input or output delay  
An input delay is missing on in_data_23[15] relative to the rising and/or falling clock edge(s) of ap_clk.
Related violations: <none>

TIMING-18#138 Warning
Missing input or output delay  
An input delay is missing on in_data_23[1] relative to the rising and/or falling clock edge(s) of ap_clk.
Related violations: <none>

TIMING-18#139 Warning
Missing input or output delay  
An input delay is missing on in_data_23[2] relative to the rising and/or falling clock edge(s) of ap_clk.
Related violations: <none>

TIMING-18#140 Warning
Missing input or output delay  
An input delay is missing on in_data_23[3] relative to the rising and/or falling clock edge(s) of ap_clk.
Related violations: <none>

TIMING-18#141 Warning
Missing input or output delay  
An input delay is missing on in_data_23[4] relative to the rising and/or falling clock edge(s) of ap_clk.
Related violations: <none>

TIMING-18#142 Warning
Missing input or output delay  
An input delay is missing on in_data_23[5] relative to the rising and/or falling clock edge(s) of ap_clk.
Related violations: <none>

TIMING-18#143 Warning
Missing input or output delay  
An input delay is missing on in_data_23[6] relative to the rising and/or falling clock edge(s) of ap_clk.
Related violations: <none>

TIMING-18#144 Warning
Missing input or output delay  
An input delay is missing on in_data_23[7] relative to the rising and/or falling clock edge(s) of ap_clk.
Related violations: <none>

TIMING-18#145 Warning
Missing input or output delay  
An input delay is missing on in_data_23[8] relative to the rising and/or falling clock edge(s) of ap_clk.
Related violations: <none>

TIMING-18#146 Warning
Missing input or output delay  
An input delay is missing on in_data_23[9] relative to the rising and/or falling clock edge(s) of ap_clk.
Related violations: <none>

TIMING-18#147 Warning
Missing input or output delay  
An input delay is missing on in_data_5[0] relative to the rising and/or falling clock edge(s) of ap_clk.
Related violations: <none>

TIMING-18#148 Warning
Missing input or output delay  
An input delay is missing on in_data_5[10] relative to the rising and/or falling clock edge(s) of ap_clk.
Related violations: <none>

TIMING-18#149 Warning
Missing input or output delay  
An input delay is missing on in_data_5[11] relative to the rising and/or falling clock edge(s) of ap_clk.
Related violations: <none>

TIMING-18#150 Warning
Missing input or output delay  
An input delay is missing on in_data_5[12] relative to the rising and/or falling clock edge(s) of ap_clk.
Related violations: <none>

TIMING-18#151 Warning
Missing input or output delay  
An input delay is missing on in_data_5[13] relative to the rising and/or falling clock edge(s) of ap_clk.
Related violations: <none>

TIMING-18#152 Warning
Missing input or output delay  
An input delay is missing on in_data_5[14] relative to the rising and/or falling clock edge(s) of ap_clk.
Related violations: <none>

TIMING-18#153 Warning
Missing input or output delay  
An input delay is missing on in_data_5[15] relative to the rising and/or falling clock edge(s) of ap_clk.
Related violations: <none>

TIMING-18#154 Warning
Missing input or output delay  
An input delay is missing on in_data_5[1] relative to the rising and/or falling clock edge(s) of ap_clk.
Related violations: <none>

TIMING-18#155 Warning
Missing input or output delay  
An input delay is missing on in_data_5[2] relative to the rising and/or falling clock edge(s) of ap_clk.
Related violations: <none>

TIMING-18#156 Warning
Missing input or output delay  
An input delay is missing on in_data_5[3] relative to the rising and/or falling clock edge(s) of ap_clk.
Related violations: <none>

TIMING-18#157 Warning
Missing input or output delay  
An input delay is missing on in_data_5[4] relative to the rising and/or falling clock edge(s) of ap_clk.
Related violations: <none>

TIMING-18#158 Warning
Missing input or output delay  
An input delay is missing on in_data_5[5] relative to the rising and/or falling clock edge(s) of ap_clk.
Related violations: <none>

TIMING-18#159 Warning
Missing input or output delay  
An input delay is missing on in_data_5[6] relative to the rising and/or falling clock edge(s) of ap_clk.
Related violations: <none>

TIMING-18#160 Warning
Missing input or output delay  
An input delay is missing on in_data_5[7] relative to the rising and/or falling clock edge(s) of ap_clk.
Related violations: <none>

TIMING-18#161 Warning
Missing input or output delay  
An input delay is missing on in_data_5[8] relative to the rising and/or falling clock edge(s) of ap_clk.
Related violations: <none>

TIMING-18#162 Warning
Missing input or output delay  
An input delay is missing on in_data_5[9] relative to the rising and/or falling clock edge(s) of ap_clk.
Related violations: <none>

TIMING-18#163 Warning
Missing input or output delay  
An input delay is missing on in_data_6[0] relative to the rising and/or falling clock edge(s) of ap_clk.
Related violations: <none>

TIMING-18#164 Warning
Missing input or output delay  
An input delay is missing on in_data_6[10] relative to the rising and/or falling clock edge(s) of ap_clk.
Related violations: <none>

TIMING-18#165 Warning
Missing input or output delay  
An input delay is missing on in_data_6[11] relative to the rising and/or falling clock edge(s) of ap_clk.
Related violations: <none>

TIMING-18#166 Warning
Missing input or output delay  
An input delay is missing on in_data_6[12] relative to the rising and/or falling clock edge(s) of ap_clk.
Related violations: <none>

TIMING-18#167 Warning
Missing input or output delay  
An input delay is missing on in_data_6[13] relative to the rising and/or falling clock edge(s) of ap_clk.
Related violations: <none>

TIMING-18#168 Warning
Missing input or output delay  
An input delay is missing on in_data_6[14] relative to the rising and/or falling clock edge(s) of ap_clk.
Related violations: <none>

TIMING-18#169 Warning
Missing input or output delay  
An input delay is missing on in_data_6[15] relative to the rising and/or falling clock edge(s) of ap_clk.
Related violations: <none>

TIMING-18#170 Warning
Missing input or output delay  
An input delay is missing on in_data_6[1] relative to the rising and/or falling clock edge(s) of ap_clk.
Related violations: <none>

TIMING-18#171 Warning
Missing input or output delay  
An input delay is missing on in_data_6[2] relative to the rising and/or falling clock edge(s) of ap_clk.
Related violations: <none>

TIMING-18#172 Warning
Missing input or output delay  
An input delay is missing on in_data_6[3] relative to the rising and/or falling clock edge(s) of ap_clk.
Related violations: <none>

TIMING-18#173 Warning
Missing input or output delay  
An input delay is missing on in_data_6[4] relative to the rising and/or falling clock edge(s) of ap_clk.
Related violations: <none>

TIMING-18#174 Warning
Missing input or output delay  
An input delay is missing on in_data_6[5] relative to the rising and/or falling clock edge(s) of ap_clk.
Related violations: <none>

TIMING-18#175 Warning
Missing input or output delay  
An input delay is missing on in_data_6[6] relative to the rising and/or falling clock edge(s) of ap_clk.
Related violations: <none>

TIMING-18#176 Warning
Missing input or output delay  
An input delay is missing on in_data_6[7] relative to the rising and/or falling clock edge(s) of ap_clk.
Related violations: <none>

TIMING-18#177 Warning
Missing input or output delay  
An input delay is missing on in_data_6[8] relative to the rising and/or falling clock edge(s) of ap_clk.
Related violations: <none>

TIMING-18#178 Warning
Missing input or output delay  
An input delay is missing on in_data_6[9] relative to the rising and/or falling clock edge(s) of ap_clk.
Related violations: <none>

TIMING-18#179 Warning
Missing input or output delay  
An input delay is missing on in_data_7[0] relative to the rising and/or falling clock edge(s) of ap_clk.
Related violations: <none>

TIMING-18#180 Warning
Missing input or output delay  
An input delay is missing on in_data_7[10] relative to the rising and/or falling clock edge(s) of ap_clk.
Related violations: <none>

TIMING-18#181 Warning
Missing input or output delay  
An input delay is missing on in_data_7[11] relative to the rising and/or falling clock edge(s) of ap_clk.
Related violations: <none>

TIMING-18#182 Warning
Missing input or output delay  
An input delay is missing on in_data_7[12] relative to the rising and/or falling clock edge(s) of ap_clk.
Related violations: <none>

TIMING-18#183 Warning
Missing input or output delay  
An input delay is missing on in_data_7[13] relative to the rising and/or falling clock edge(s) of ap_clk.
Related violations: <none>

TIMING-18#184 Warning
Missing input or output delay  
An input delay is missing on in_data_7[14] relative to the rising and/or falling clock edge(s) of ap_clk.
Related violations: <none>

TIMING-18#185 Warning
Missing input or output delay  
An input delay is missing on in_data_7[15] relative to the rising and/or falling clock edge(s) of ap_clk.
Related violations: <none>

TIMING-18#186 Warning
Missing input or output delay  
An input delay is missing on in_data_7[1] relative to the rising and/or falling clock edge(s) of ap_clk.
Related violations: <none>

TIMING-18#187 Warning
Missing input or output delay  
An input delay is missing on in_data_7[2] relative to the rising and/or falling clock edge(s) of ap_clk.
Related violations: <none>

TIMING-18#188 Warning
Missing input or output delay  
An input delay is missing on in_data_7[3] relative to the rising and/or falling clock edge(s) of ap_clk.
Related violations: <none>

TIMING-18#189 Warning
Missing input or output delay  
An input delay is missing on in_data_7[4] relative to the rising and/or falling clock edge(s) of ap_clk.
Related violations: <none>

TIMING-18#190 Warning
Missing input or output delay  
An input delay is missing on in_data_7[5] relative to the rising and/or falling clock edge(s) of ap_clk.
Related violations: <none>

TIMING-18#191 Warning
Missing input or output delay  
An input delay is missing on in_data_7[6] relative to the rising and/or falling clock edge(s) of ap_clk.
Related violations: <none>

TIMING-18#192 Warning
Missing input or output delay  
An input delay is missing on in_data_7[7] relative to the rising and/or falling clock edge(s) of ap_clk.
Related violations: <none>

TIMING-18#193 Warning
Missing input or output delay  
An input delay is missing on in_data_7[8] relative to the rising and/or falling clock edge(s) of ap_clk.
Related violations: <none>

TIMING-18#194 Warning
Missing input or output delay  
An input delay is missing on in_data_7[9] relative to the rising and/or falling clock edge(s) of ap_clk.
Related violations: <none>

TIMING-18#195 Warning
Missing input or output delay  
An input delay is missing on in_data_8[0] relative to the rising and/or falling clock edge(s) of ap_clk.
Related violations: <none>

TIMING-18#196 Warning
Missing input or output delay  
An input delay is missing on in_data_8[10] relative to the rising and/or falling clock edge(s) of ap_clk.
Related violations: <none>

TIMING-18#197 Warning
Missing input or output delay  
An input delay is missing on in_data_8[11] relative to the rising and/or falling clock edge(s) of ap_clk.
Related violations: <none>

TIMING-18#198 Warning
Missing input or output delay  
An input delay is missing on in_data_8[12] relative to the rising and/or falling clock edge(s) of ap_clk.
Related violations: <none>

TIMING-18#199 Warning
Missing input or output delay  
An input delay is missing on in_data_8[13] relative to the rising and/or falling clock edge(s) of ap_clk.
Related violations: <none>

TIMING-18#200 Warning
Missing input or output delay  
An input delay is missing on in_data_8[14] relative to the rising and/or falling clock edge(s) of ap_clk.
Related violations: <none>

TIMING-18#201 Warning
Missing input or output delay  
An input delay is missing on in_data_8[15] relative to the rising and/or falling clock edge(s) of ap_clk.
Related violations: <none>

TIMING-18#202 Warning
Missing input or output delay  
An input delay is missing on in_data_8[1] relative to the rising and/or falling clock edge(s) of ap_clk.
Related violations: <none>

TIMING-18#203 Warning
Missing input or output delay  
An input delay is missing on in_data_8[2] relative to the rising and/or falling clock edge(s) of ap_clk.
Related violations: <none>

TIMING-18#204 Warning
Missing input or output delay  
An input delay is missing on in_data_8[3] relative to the rising and/or falling clock edge(s) of ap_clk.
Related violations: <none>

TIMING-18#205 Warning
Missing input or output delay  
An input delay is missing on in_data_8[4] relative to the rising and/or falling clock edge(s) of ap_clk.
Related violations: <none>

TIMING-18#206 Warning
Missing input or output delay  
An input delay is missing on in_data_8[5] relative to the rising and/or falling clock edge(s) of ap_clk.
Related violations: <none>

TIMING-18#207 Warning
Missing input or output delay  
An input delay is missing on in_data_8[6] relative to the rising and/or falling clock edge(s) of ap_clk.
Related violations: <none>

TIMING-18#208 Warning
Missing input or output delay  
An input delay is missing on in_data_8[7] relative to the rising and/or falling clock edge(s) of ap_clk.
Related violations: <none>

TIMING-18#209 Warning
Missing input or output delay  
An input delay is missing on in_data_8[8] relative to the rising and/or falling clock edge(s) of ap_clk.
Related violations: <none>

TIMING-18#210 Warning
Missing input or output delay  
An input delay is missing on in_data_8[9] relative to the rising and/or falling clock edge(s) of ap_clk.
Related violations: <none>

TIMING-18#211 Warning
Missing input or output delay  
An input delay is missing on in_data_9[0] relative to the rising and/or falling clock edge(s) of ap_clk.
Related violations: <none>

TIMING-18#212 Warning
Missing input or output delay  
An input delay is missing on in_data_9[10] relative to the rising and/or falling clock edge(s) of ap_clk.
Related violations: <none>

TIMING-18#213 Warning
Missing input or output delay  
An input delay is missing on in_data_9[11] relative to the rising and/or falling clock edge(s) of ap_clk.
Related violations: <none>

TIMING-18#214 Warning
Missing input or output delay  
An input delay is missing on in_data_9[12] relative to the rising and/or falling clock edge(s) of ap_clk.
Related violations: <none>

TIMING-18#215 Warning
Missing input or output delay  
An input delay is missing on in_data_9[13] relative to the rising and/or falling clock edge(s) of ap_clk.
Related violations: <none>

TIMING-18#216 Warning
Missing input or output delay  
An input delay is missing on in_data_9[14] relative to the rising and/or falling clock edge(s) of ap_clk.
Related violations: <none>

TIMING-18#217 Warning
Missing input or output delay  
An input delay is missing on in_data_9[15] relative to the rising and/or falling clock edge(s) of ap_clk.
Related violations: <none>

TIMING-18#218 Warning
Missing input or output delay  
An input delay is missing on in_data_9[1] relative to the rising and/or falling clock edge(s) of ap_clk.
Related violations: <none>

TIMING-18#219 Warning
Missing input or output delay  
An input delay is missing on in_data_9[2] relative to the rising and/or falling clock edge(s) of ap_clk.
Related violations: <none>

TIMING-18#220 Warning
Missing input or output delay  
An input delay is missing on in_data_9[3] relative to the rising and/or falling clock edge(s) of ap_clk.
Related violations: <none>

TIMING-18#221 Warning
Missing input or output delay  
An input delay is missing on in_data_9[4] relative to the rising and/or falling clock edge(s) of ap_clk.
Related violations: <none>

TIMING-18#222 Warning
Missing input or output delay  
An input delay is missing on in_data_9[5] relative to the rising and/or falling clock edge(s) of ap_clk.
Related violations: <none>

TIMING-18#223 Warning
Missing input or output delay  
An input delay is missing on in_data_9[6] relative to the rising and/or falling clock edge(s) of ap_clk.
Related violations: <none>

TIMING-18#224 Warning
Missing input or output delay  
An input delay is missing on in_data_9[7] relative to the rising and/or falling clock edge(s) of ap_clk.
Related violations: <none>

TIMING-18#225 Warning
Missing input or output delay  
An input delay is missing on in_data_9[8] relative to the rising and/or falling clock edge(s) of ap_clk.
Related violations: <none>

TIMING-18#226 Warning
Missing input or output delay  
An input delay is missing on in_data_9[9] relative to the rising and/or falling clock edge(s) of ap_clk.
Related violations: <none>

TIMING-18#227 Warning
Missing input or output delay  
An output delay is missing on ap_ctrl_done relative to the rising and/or falling clock edge(s) of ap_clk.
Related violations: <none>

TIMING-18#228 Warning
Missing input or output delay  
An output delay is missing on ap_ctrl_idle relative to the rising and/or falling clock edge(s) of ap_clk.
Related violations: <none>

TIMING-18#229 Warning
Missing input or output delay  
An output delay is missing on ap_ctrl_ready relative to the rising and/or falling clock edge(s) of ap_clk.
Related violations: <none>

TIMING-18#230 Warning
Missing input or output delay  
An output delay is missing on out_data_0[0] relative to the rising and/or falling clock edge(s) of ap_clk.
Related violations: <none>

TIMING-18#231 Warning
Missing input or output delay  
An output delay is missing on out_data_0[10] relative to the rising and/or falling clock edge(s) of ap_clk.
Related violations: <none>

TIMING-18#232 Warning
Missing input or output delay  
An output delay is missing on out_data_0[11] relative to the rising and/or falling clock edge(s) of ap_clk.
Related violations: <none>

TIMING-18#233 Warning
Missing input or output delay  
An output delay is missing on out_data_0[12] relative to the rising and/or falling clock edge(s) of ap_clk.
Related violations: <none>

TIMING-18#234 Warning
Missing input or output delay  
An output delay is missing on out_data_0[13] relative to the rising and/or falling clock edge(s) of ap_clk.
Related violations: <none>

TIMING-18#235 Warning
Missing input or output delay  
An output delay is missing on out_data_0[14] relative to the rising and/or falling clock edge(s) of ap_clk.
Related violations: <none>

TIMING-18#236 Warning
Missing input or output delay  
An output delay is missing on out_data_0[15] relative to the rising and/or falling clock edge(s) of ap_clk.
Related violations: <none>

TIMING-18#237 Warning
Missing input or output delay  
An output delay is missing on out_data_0[1] relative to the rising and/or falling clock edge(s) of ap_clk.
Related violations: <none>

TIMING-18#238 Warning
Missing input or output delay  
An output delay is missing on out_data_0[2] relative to the rising and/or falling clock edge(s) of ap_clk.
Related violations: <none>

TIMING-18#239 Warning
Missing input or output delay  
An output delay is missing on out_data_0[3] relative to the rising and/or falling clock edge(s) of ap_clk.
Related violations: <none>

TIMING-18#240 Warning
Missing input or output delay  
An output delay is missing on out_data_0[4] relative to the rising and/or falling clock edge(s) of ap_clk.
Related violations: <none>

TIMING-18#241 Warning
Missing input or output delay  
An output delay is missing on out_data_0[5] relative to the rising and/or falling clock edge(s) of ap_clk.
Related violations: <none>

TIMING-18#242 Warning
Missing input or output delay  
An output delay is missing on out_data_0[6] relative to the rising and/or falling clock edge(s) of ap_clk.
Related violations: <none>

TIMING-18#243 Warning
Missing input or output delay  
An output delay is missing on out_data_0[7] relative to the rising and/or falling clock edge(s) of ap_clk.
Related violations: <none>

TIMING-18#244 Warning
Missing input or output delay  
An output delay is missing on out_data_0[8] relative to the rising and/or falling clock edge(s) of ap_clk.
Related violations: <none>

TIMING-18#245 Warning
Missing input or output delay  
An output delay is missing on out_data_0[9] relative to the rising and/or falling clock edge(s) of ap_clk.
Related violations: <none>

TIMING-18#246 Warning
Missing input or output delay  
An output delay is missing on out_data_10[0] relative to the rising and/or falling clock edge(s) of ap_clk.
Related violations: <none>

TIMING-18#247 Warning
Missing input or output delay  
An output delay is missing on out_data_10[10] relative to the rising and/or falling clock edge(s) of ap_clk.
Related violations: <none>

TIMING-18#248 Warning
Missing input or output delay  
An output delay is missing on out_data_10[11] relative to the rising and/or falling clock edge(s) of ap_clk.
Related violations: <none>

TIMING-18#249 Warning
Missing input or output delay  
An output delay is missing on out_data_10[12] relative to the rising and/or falling clock edge(s) of ap_clk.
Related violations: <none>

TIMING-18#250 Warning
Missing input or output delay  
An output delay is missing on out_data_10[13] relative to the rising and/or falling clock edge(s) of ap_clk.
Related violations: <none>

TIMING-18#251 Warning
Missing input or output delay  
An output delay is missing on out_data_10[14] relative to the rising and/or falling clock edge(s) of ap_clk.
Related violations: <none>

TIMING-18#252 Warning
Missing input or output delay  
An output delay is missing on out_data_10[15] relative to the rising and/or falling clock edge(s) of ap_clk.
Related violations: <none>

TIMING-18#253 Warning
Missing input or output delay  
An output delay is missing on out_data_10[1] relative to the rising and/or falling clock edge(s) of ap_clk.
Related violations: <none>

TIMING-18#254 Warning
Missing input or output delay  
An output delay is missing on out_data_10[2] relative to the rising and/or falling clock edge(s) of ap_clk.
Related violations: <none>

TIMING-18#255 Warning
Missing input or output delay  
An output delay is missing on out_data_10[3] relative to the rising and/or falling clock edge(s) of ap_clk.
Related violations: <none>

TIMING-18#256 Warning
Missing input or output delay  
An output delay is missing on out_data_10[4] relative to the rising and/or falling clock edge(s) of ap_clk.
Related violations: <none>

TIMING-18#257 Warning
Missing input or output delay  
An output delay is missing on out_data_10[5] relative to the rising and/or falling clock edge(s) of ap_clk.
Related violations: <none>

TIMING-18#258 Warning
Missing input or output delay  
An output delay is missing on out_data_10[6] relative to the rising and/or falling clock edge(s) of ap_clk.
Related violations: <none>

TIMING-18#259 Warning
Missing input or output delay  
An output delay is missing on out_data_10[7] relative to the rising and/or falling clock edge(s) of ap_clk.
Related violations: <none>

TIMING-18#260 Warning
Missing input or output delay  
An output delay is missing on out_data_10[8] relative to the rising and/or falling clock edge(s) of ap_clk.
Related violations: <none>

TIMING-18#261 Warning
Missing input or output delay  
An output delay is missing on out_data_10[9] relative to the rising and/or falling clock edge(s) of ap_clk.
Related violations: <none>

TIMING-18#262 Warning
Missing input or output delay  
An output delay is missing on out_data_11[0] relative to the rising and/or falling clock edge(s) of ap_clk.
Related violations: <none>

TIMING-18#263 Warning
Missing input or output delay  
An output delay is missing on out_data_11[10] relative to the rising and/or falling clock edge(s) of ap_clk.
Related violations: <none>

TIMING-18#264 Warning
Missing input or output delay  
An output delay is missing on out_data_11[11] relative to the rising and/or falling clock edge(s) of ap_clk.
Related violations: <none>

TIMING-18#265 Warning
Missing input or output delay  
An output delay is missing on out_data_11[12] relative to the rising and/or falling clock edge(s) of ap_clk.
Related violations: <none>

TIMING-18#266 Warning
Missing input or output delay  
An output delay is missing on out_data_11[13] relative to the rising and/or falling clock edge(s) of ap_clk.
Related violations: <none>

TIMING-18#267 Warning
Missing input or output delay  
An output delay is missing on out_data_11[14] relative to the rising and/or falling clock edge(s) of ap_clk.
Related violations: <none>

TIMING-18#268 Warning
Missing input or output delay  
An output delay is missing on out_data_11[15] relative to the rising and/or falling clock edge(s) of ap_clk.
Related violations: <none>

TIMING-18#269 Warning
Missing input or output delay  
An output delay is missing on out_data_11[1] relative to the rising and/or falling clock edge(s) of ap_clk.
Related violations: <none>

TIMING-18#270 Warning
Missing input or output delay  
An output delay is missing on out_data_11[2] relative to the rising and/or falling clock edge(s) of ap_clk.
Related violations: <none>

TIMING-18#271 Warning
Missing input or output delay  
An output delay is missing on out_data_11[3] relative to the rising and/or falling clock edge(s) of ap_clk.
Related violations: <none>

TIMING-18#272 Warning
Missing input or output delay  
An output delay is missing on out_data_11[4] relative to the rising and/or falling clock edge(s) of ap_clk.
Related violations: <none>

TIMING-18#273 Warning
Missing input or output delay  
An output delay is missing on out_data_11[5] relative to the rising and/or falling clock edge(s) of ap_clk.
Related violations: <none>

TIMING-18#274 Warning
Missing input or output delay  
An output delay is missing on out_data_11[6] relative to the rising and/or falling clock edge(s) of ap_clk.
Related violations: <none>

TIMING-18#275 Warning
Missing input or output delay  
An output delay is missing on out_data_11[7] relative to the rising and/or falling clock edge(s) of ap_clk.
Related violations: <none>

TIMING-18#276 Warning
Missing input or output delay  
An output delay is missing on out_data_11[8] relative to the rising and/or falling clock edge(s) of ap_clk.
Related violations: <none>

TIMING-18#277 Warning
Missing input or output delay  
An output delay is missing on out_data_11[9] relative to the rising and/or falling clock edge(s) of ap_clk.
Related violations: <none>

TIMING-18#278 Warning
Missing input or output delay  
An output delay is missing on out_data_12[0] relative to the rising and/or falling clock edge(s) of ap_clk.
Related violations: <none>

TIMING-18#279 Warning
Missing input or output delay  
An output delay is missing on out_data_12[10] relative to the rising and/or falling clock edge(s) of ap_clk.
Related violations: <none>

TIMING-18#280 Warning
Missing input or output delay  
An output delay is missing on out_data_12[11] relative to the rising and/or falling clock edge(s) of ap_clk.
Related violations: <none>

TIMING-18#281 Warning
Missing input or output delay  
An output delay is missing on out_data_12[12] relative to the rising and/or falling clock edge(s) of ap_clk.
Related violations: <none>

TIMING-18#282 Warning
Missing input or output delay  
An output delay is missing on out_data_12[13] relative to the rising and/or falling clock edge(s) of ap_clk.
Related violations: <none>

TIMING-18#283 Warning
Missing input or output delay  
An output delay is missing on out_data_12[14] relative to the rising and/or falling clock edge(s) of ap_clk.
Related violations: <none>

TIMING-18#284 Warning
Missing input or output delay  
An output delay is missing on out_data_12[15] relative to the rising and/or falling clock edge(s) of ap_clk.
Related violations: <none>

TIMING-18#285 Warning
Missing input or output delay  
An output delay is missing on out_data_12[1] relative to the rising and/or falling clock edge(s) of ap_clk.
Related violations: <none>

TIMING-18#286 Warning
Missing input or output delay  
An output delay is missing on out_data_12[2] relative to the rising and/or falling clock edge(s) of ap_clk.
Related violations: <none>

TIMING-18#287 Warning
Missing input or output delay  
An output delay is missing on out_data_12[3] relative to the rising and/or falling clock edge(s) of ap_clk.
Related violations: <none>

TIMING-18#288 Warning
Missing input or output delay  
An output delay is missing on out_data_12[4] relative to the rising and/or falling clock edge(s) of ap_clk.
Related violations: <none>

TIMING-18#289 Warning
Missing input or output delay  
An output delay is missing on out_data_12[5] relative to the rising and/or falling clock edge(s) of ap_clk.
Related violations: <none>

TIMING-18#290 Warning
Missing input or output delay  
An output delay is missing on out_data_12[6] relative to the rising and/or falling clock edge(s) of ap_clk.
Related violations: <none>

TIMING-18#291 Warning
Missing input or output delay  
An output delay is missing on out_data_12[7] relative to the rising and/or falling clock edge(s) of ap_clk.
Related violations: <none>

TIMING-18#292 Warning
Missing input or output delay  
An output delay is missing on out_data_12[8] relative to the rising and/or falling clock edge(s) of ap_clk.
Related violations: <none>

TIMING-18#293 Warning
Missing input or output delay  
An output delay is missing on out_data_12[9] relative to the rising and/or falling clock edge(s) of ap_clk.
Related violations: <none>

TIMING-18#294 Warning
Missing input or output delay  
An output delay is missing on out_data_13[0] relative to the rising and/or falling clock edge(s) of ap_clk.
Related violations: <none>

TIMING-18#295 Warning
Missing input or output delay  
An output delay is missing on out_data_13[10] relative to the rising and/or falling clock edge(s) of ap_clk.
Related violations: <none>

TIMING-18#296 Warning
Missing input or output delay  
An output delay is missing on out_data_13[11] relative to the rising and/or falling clock edge(s) of ap_clk.
Related violations: <none>

TIMING-18#297 Warning
Missing input or output delay  
An output delay is missing on out_data_13[12] relative to the rising and/or falling clock edge(s) of ap_clk.
Related violations: <none>

TIMING-18#298 Warning
Missing input or output delay  
An output delay is missing on out_data_13[13] relative to the rising and/or falling clock edge(s) of ap_clk.
Related violations: <none>

TIMING-18#299 Warning
Missing input or output delay  
An output delay is missing on out_data_13[14] relative to the rising and/or falling clock edge(s) of ap_clk.
Related violations: <none>

TIMING-18#300 Warning
Missing input or output delay  
An output delay is missing on out_data_13[15] relative to the rising and/or falling clock edge(s) of ap_clk.
Related violations: <none>

TIMING-18#301 Warning
Missing input or output delay  
An output delay is missing on out_data_13[1] relative to the rising and/or falling clock edge(s) of ap_clk.
Related violations: <none>

TIMING-18#302 Warning
Missing input or output delay  
An output delay is missing on out_data_13[2] relative to the rising and/or falling clock edge(s) of ap_clk.
Related violations: <none>

TIMING-18#303 Warning
Missing input or output delay  
An output delay is missing on out_data_13[3] relative to the rising and/or falling clock edge(s) of ap_clk.
Related violations: <none>

TIMING-18#304 Warning
Missing input or output delay  
An output delay is missing on out_data_13[4] relative to the rising and/or falling clock edge(s) of ap_clk.
Related violations: <none>

TIMING-18#305 Warning
Missing input or output delay  
An output delay is missing on out_data_13[5] relative to the rising and/or falling clock edge(s) of ap_clk.
Related violations: <none>

TIMING-18#306 Warning
Missing input or output delay  
An output delay is missing on out_data_13[6] relative to the rising and/or falling clock edge(s) of ap_clk.
Related violations: <none>

TIMING-18#307 Warning
Missing input or output delay  
An output delay is missing on out_data_13[7] relative to the rising and/or falling clock edge(s) of ap_clk.
Related violations: <none>

TIMING-18#308 Warning
Missing input or output delay  
An output delay is missing on out_data_13[8] relative to the rising and/or falling clock edge(s) of ap_clk.
Related violations: <none>

TIMING-18#309 Warning
Missing input or output delay  
An output delay is missing on out_data_13[9] relative to the rising and/or falling clock edge(s) of ap_clk.
Related violations: <none>

TIMING-18#310 Warning
Missing input or output delay  
An output delay is missing on out_data_14[0] relative to the rising and/or falling clock edge(s) of ap_clk.
Related violations: <none>

TIMING-18#311 Warning
Missing input or output delay  
An output delay is missing on out_data_14[10] relative to the rising and/or falling clock edge(s) of ap_clk.
Related violations: <none>

TIMING-18#312 Warning
Missing input or output delay  
An output delay is missing on out_data_14[11] relative to the rising and/or falling clock edge(s) of ap_clk.
Related violations: <none>

TIMING-18#313 Warning
Missing input or output delay  
An output delay is missing on out_data_14[12] relative to the rising and/or falling clock edge(s) of ap_clk.
Related violations: <none>

TIMING-18#314 Warning
Missing input or output delay  
An output delay is missing on out_data_14[13] relative to the rising and/or falling clock edge(s) of ap_clk.
Related violations: <none>

TIMING-18#315 Warning
Missing input or output delay  
An output delay is missing on out_data_14[14] relative to the rising and/or falling clock edge(s) of ap_clk.
Related violations: <none>

TIMING-18#316 Warning
Missing input or output delay  
An output delay is missing on out_data_14[15] relative to the rising and/or falling clock edge(s) of ap_clk.
Related violations: <none>

TIMING-18#317 Warning
Missing input or output delay  
An output delay is missing on out_data_14[1] relative to the rising and/or falling clock edge(s) of ap_clk.
Related violations: <none>

TIMING-18#318 Warning
Missing input or output delay  
An output delay is missing on out_data_14[2] relative to the rising and/or falling clock edge(s) of ap_clk.
Related violations: <none>

TIMING-18#319 Warning
Missing input or output delay  
An output delay is missing on out_data_14[3] relative to the rising and/or falling clock edge(s) of ap_clk.
Related violations: <none>

TIMING-18#320 Warning
Missing input or output delay  
An output delay is missing on out_data_14[4] relative to the rising and/or falling clock edge(s) of ap_clk.
Related violations: <none>

TIMING-18#321 Warning
Missing input or output delay  
An output delay is missing on out_data_14[5] relative to the rising and/or falling clock edge(s) of ap_clk.
Related violations: <none>

TIMING-18#322 Warning
Missing input or output delay  
An output delay is missing on out_data_14[6] relative to the rising and/or falling clock edge(s) of ap_clk.
Related violations: <none>

TIMING-18#323 Warning
Missing input or output delay  
An output delay is missing on out_data_14[7] relative to the rising and/or falling clock edge(s) of ap_clk.
Related violations: <none>

TIMING-18#324 Warning
Missing input or output delay  
An output delay is missing on out_data_14[8] relative to the rising and/or falling clock edge(s) of ap_clk.
Related violations: <none>

TIMING-18#325 Warning
Missing input or output delay  
An output delay is missing on out_data_14[9] relative to the rising and/or falling clock edge(s) of ap_clk.
Related violations: <none>

TIMING-18#326 Warning
Missing input or output delay  
An output delay is missing on out_data_15[0] relative to the rising and/or falling clock edge(s) of ap_clk.
Related violations: <none>

TIMING-18#327 Warning
Missing input or output delay  
An output delay is missing on out_data_15[10] relative to the rising and/or falling clock edge(s) of ap_clk.
Related violations: <none>

TIMING-18#328 Warning
Missing input or output delay  
An output delay is missing on out_data_15[11] relative to the rising and/or falling clock edge(s) of ap_clk.
Related violations: <none>

TIMING-18#329 Warning
Missing input or output delay  
An output delay is missing on out_data_15[12] relative to the rising and/or falling clock edge(s) of ap_clk.
Related violations: <none>

TIMING-18#330 Warning
Missing input or output delay  
An output delay is missing on out_data_15[13] relative to the rising and/or falling clock edge(s) of ap_clk.
Related violations: <none>

TIMING-18#331 Warning
Missing input or output delay  
An output delay is missing on out_data_15[14] relative to the rising and/or falling clock edge(s) of ap_clk.
Related violations: <none>

TIMING-18#332 Warning
Missing input or output delay  
An output delay is missing on out_data_15[15] relative to the rising and/or falling clock edge(s) of ap_clk.
Related violations: <none>

TIMING-18#333 Warning
Missing input or output delay  
An output delay is missing on out_data_15[1] relative to the rising and/or falling clock edge(s) of ap_clk.
Related violations: <none>

TIMING-18#334 Warning
Missing input or output delay  
An output delay is missing on out_data_15[2] relative to the rising and/or falling clock edge(s) of ap_clk.
Related violations: <none>

TIMING-18#335 Warning
Missing input or output delay  
An output delay is missing on out_data_15[3] relative to the rising and/or falling clock edge(s) of ap_clk.
Related violations: <none>

TIMING-18#336 Warning
Missing input or output delay  
An output delay is missing on out_data_15[4] relative to the rising and/or falling clock edge(s) of ap_clk.
Related violations: <none>

TIMING-18#337 Warning
Missing input or output delay  
An output delay is missing on out_data_15[5] relative to the rising and/or falling clock edge(s) of ap_clk.
Related violations: <none>

TIMING-18#338 Warning
Missing input or output delay  
An output delay is missing on out_data_15[6] relative to the rising and/or falling clock edge(s) of ap_clk.
Related violations: <none>

TIMING-18#339 Warning
Missing input or output delay  
An output delay is missing on out_data_15[7] relative to the rising and/or falling clock edge(s) of ap_clk.
Related violations: <none>

TIMING-18#340 Warning
Missing input or output delay  
An output delay is missing on out_data_15[8] relative to the rising and/or falling clock edge(s) of ap_clk.
Related violations: <none>

TIMING-18#341 Warning
Missing input or output delay  
An output delay is missing on out_data_15[9] relative to the rising and/or falling clock edge(s) of ap_clk.
Related violations: <none>

TIMING-18#342 Warning
Missing input or output delay  
An output delay is missing on out_data_16[0] relative to the rising and/or falling clock edge(s) of ap_clk.
Related violations: <none>

TIMING-18#343 Warning
Missing input or output delay  
An output delay is missing on out_data_16[10] relative to the rising and/or falling clock edge(s) of ap_clk.
Related violations: <none>

TIMING-18#344 Warning
Missing input or output delay  
An output delay is missing on out_data_16[11] relative to the rising and/or falling clock edge(s) of ap_clk.
Related violations: <none>

TIMING-18#345 Warning
Missing input or output delay  
An output delay is missing on out_data_16[12] relative to the rising and/or falling clock edge(s) of ap_clk.
Related violations: <none>

TIMING-18#346 Warning
Missing input or output delay  
An output delay is missing on out_data_16[13] relative to the rising and/or falling clock edge(s) of ap_clk.
Related violations: <none>

TIMING-18#347 Warning
Missing input or output delay  
An output delay is missing on out_data_16[14] relative to the rising and/or falling clock edge(s) of ap_clk.
Related violations: <none>

TIMING-18#348 Warning
Missing input or output delay  
An output delay is missing on out_data_16[15] relative to the rising and/or falling clock edge(s) of ap_clk.
Related violations: <none>

TIMING-18#349 Warning
Missing input or output delay  
An output delay is missing on out_data_16[1] relative to the rising and/or falling clock edge(s) of ap_clk.
Related violations: <none>

TIMING-18#350 Warning
Missing input or output delay  
An output delay is missing on out_data_16[2] relative to the rising and/or falling clock edge(s) of ap_clk.
Related violations: <none>

TIMING-18#351 Warning
Missing input or output delay  
An output delay is missing on out_data_16[3] relative to the rising and/or falling clock edge(s) of ap_clk.
Related violations: <none>

TIMING-18#352 Warning
Missing input or output delay  
An output delay is missing on out_data_16[4] relative to the rising and/or falling clock edge(s) of ap_clk.
Related violations: <none>

TIMING-18#353 Warning
Missing input or output delay  
An output delay is missing on out_data_16[5] relative to the rising and/or falling clock edge(s) of ap_clk.
Related violations: <none>

TIMING-18#354 Warning
Missing input or output delay  
An output delay is missing on out_data_16[6] relative to the rising and/or falling clock edge(s) of ap_clk.
Related violations: <none>

TIMING-18#355 Warning
Missing input or output delay  
An output delay is missing on out_data_16[7] relative to the rising and/or falling clock edge(s) of ap_clk.
Related violations: <none>

TIMING-18#356 Warning
Missing input or output delay  
An output delay is missing on out_data_16[8] relative to the rising and/or falling clock edge(s) of ap_clk.
Related violations: <none>

TIMING-18#357 Warning
Missing input or output delay  
An output delay is missing on out_data_16[9] relative to the rising and/or falling clock edge(s) of ap_clk.
Related violations: <none>

TIMING-18#358 Warning
Missing input or output delay  
An output delay is missing on out_data_17[0] relative to the rising and/or falling clock edge(s) of ap_clk.
Related violations: <none>

TIMING-18#359 Warning
Missing input or output delay  
An output delay is missing on out_data_17[10] relative to the rising and/or falling clock edge(s) of ap_clk.
Related violations: <none>

TIMING-18#360 Warning
Missing input or output delay  
An output delay is missing on out_data_17[11] relative to the rising and/or falling clock edge(s) of ap_clk.
Related violations: <none>

TIMING-18#361 Warning
Missing input or output delay  
An output delay is missing on out_data_17[12] relative to the rising and/or falling clock edge(s) of ap_clk.
Related violations: <none>

TIMING-18#362 Warning
Missing input or output delay  
An output delay is missing on out_data_17[13] relative to the rising and/or falling clock edge(s) of ap_clk.
Related violations: <none>

TIMING-18#363 Warning
Missing input or output delay  
An output delay is missing on out_data_17[14] relative to the rising and/or falling clock edge(s) of ap_clk.
Related violations: <none>

TIMING-18#364 Warning
Missing input or output delay  
An output delay is missing on out_data_17[15] relative to the rising and/or falling clock edge(s) of ap_clk.
Related violations: <none>

TIMING-18#365 Warning
Missing input or output delay  
An output delay is missing on out_data_17[1] relative to the rising and/or falling clock edge(s) of ap_clk.
Related violations: <none>

TIMING-18#366 Warning
Missing input or output delay  
An output delay is missing on out_data_17[2] relative to the rising and/or falling clock edge(s) of ap_clk.
Related violations: <none>

TIMING-18#367 Warning
Missing input or output delay  
An output delay is missing on out_data_17[3] relative to the rising and/or falling clock edge(s) of ap_clk.
Related violations: <none>

TIMING-18#368 Warning
Missing input or output delay  
An output delay is missing on out_data_17[4] relative to the rising and/or falling clock edge(s) of ap_clk.
Related violations: <none>

TIMING-18#369 Warning
Missing input or output delay  
An output delay is missing on out_data_17[5] relative to the rising and/or falling clock edge(s) of ap_clk.
Related violations: <none>

TIMING-18#370 Warning
Missing input or output delay  
An output delay is missing on out_data_17[6] relative to the rising and/or falling clock edge(s) of ap_clk.
Related violations: <none>

TIMING-18#371 Warning
Missing input or output delay  
An output delay is missing on out_data_17[7] relative to the rising and/or falling clock edge(s) of ap_clk.
Related violations: <none>

TIMING-18#372 Warning
Missing input or output delay  
An output delay is missing on out_data_17[8] relative to the rising and/or falling clock edge(s) of ap_clk.
Related violations: <none>

TIMING-18#373 Warning
Missing input or output delay  
An output delay is missing on out_data_17[9] relative to the rising and/or falling clock edge(s) of ap_clk.
Related violations: <none>

TIMING-18#374 Warning
Missing input or output delay  
An output delay is missing on out_data_18[0] relative to the rising and/or falling clock edge(s) of ap_clk.
Related violations: <none>

TIMING-18#375 Warning
Missing input or output delay  
An output delay is missing on out_data_18[10] relative to the rising and/or falling clock edge(s) of ap_clk.
Related violations: <none>

TIMING-18#376 Warning
Missing input or output delay  
An output delay is missing on out_data_18[11] relative to the rising and/or falling clock edge(s) of ap_clk.
Related violations: <none>

TIMING-18#377 Warning
Missing input or output delay  
An output delay is missing on out_data_18[12] relative to the rising and/or falling clock edge(s) of ap_clk.
Related violations: <none>

TIMING-18#378 Warning
Missing input or output delay  
An output delay is missing on out_data_18[13] relative to the rising and/or falling clock edge(s) of ap_clk.
Related violations: <none>

TIMING-18#379 Warning
Missing input or output delay  
An output delay is missing on out_data_18[14] relative to the rising and/or falling clock edge(s) of ap_clk.
Related violations: <none>

TIMING-18#380 Warning
Missing input or output delay  
An output delay is missing on out_data_18[15] relative to the rising and/or falling clock edge(s) of ap_clk.
Related violations: <none>

TIMING-18#381 Warning
Missing input or output delay  
An output delay is missing on out_data_18[1] relative to the rising and/or falling clock edge(s) of ap_clk.
Related violations: <none>

TIMING-18#382 Warning
Missing input or output delay  
An output delay is missing on out_data_18[2] relative to the rising and/or falling clock edge(s) of ap_clk.
Related violations: <none>

TIMING-18#383 Warning
Missing input or output delay  
An output delay is missing on out_data_18[3] relative to the rising and/or falling clock edge(s) of ap_clk.
Related violations: <none>

TIMING-18#384 Warning
Missing input or output delay  
An output delay is missing on out_data_18[4] relative to the rising and/or falling clock edge(s) of ap_clk.
Related violations: <none>

TIMING-18#385 Warning
Missing input or output delay  
An output delay is missing on out_data_18[5] relative to the rising and/or falling clock edge(s) of ap_clk.
Related violations: <none>

TIMING-18#386 Warning
Missing input or output delay  
An output delay is missing on out_data_18[6] relative to the rising and/or falling clock edge(s) of ap_clk.
Related violations: <none>

TIMING-18#387 Warning
Missing input or output delay  
An output delay is missing on out_data_18[7] relative to the rising and/or falling clock edge(s) of ap_clk.
Related violations: <none>

TIMING-18#388 Warning
Missing input or output delay  
An output delay is missing on out_data_18[8] relative to the rising and/or falling clock edge(s) of ap_clk.
Related violations: <none>

TIMING-18#389 Warning
Missing input or output delay  
An output delay is missing on out_data_18[9] relative to the rising and/or falling clock edge(s) of ap_clk.
Related violations: <none>

TIMING-18#390 Warning
Missing input or output delay  
An output delay is missing on out_data_19[0] relative to the rising and/or falling clock edge(s) of ap_clk.
Related violations: <none>

TIMING-18#391 Warning
Missing input or output delay  
An output delay is missing on out_data_19[10] relative to the rising and/or falling clock edge(s) of ap_clk.
Related violations: <none>

TIMING-18#392 Warning
Missing input or output delay  
An output delay is missing on out_data_19[11] relative to the rising and/or falling clock edge(s) of ap_clk.
Related violations: <none>

TIMING-18#393 Warning
Missing input or output delay  
An output delay is missing on out_data_19[12] relative to the rising and/or falling clock edge(s) of ap_clk.
Related violations: <none>

TIMING-18#394 Warning
Missing input or output delay  
An output delay is missing on out_data_19[13] relative to the rising and/or falling clock edge(s) of ap_clk.
Related violations: <none>

TIMING-18#395 Warning
Missing input or output delay  
An output delay is missing on out_data_19[14] relative to the rising and/or falling clock edge(s) of ap_clk.
Related violations: <none>

TIMING-18#396 Warning
Missing input or output delay  
An output delay is missing on out_data_19[15] relative to the rising and/or falling clock edge(s) of ap_clk.
Related violations: <none>

TIMING-18#397 Warning
Missing input or output delay  
An output delay is missing on out_data_19[1] relative to the rising and/or falling clock edge(s) of ap_clk.
Related violations: <none>

TIMING-18#398 Warning
Missing input or output delay  
An output delay is missing on out_data_19[2] relative to the rising and/or falling clock edge(s) of ap_clk.
Related violations: <none>

TIMING-18#399 Warning
Missing input or output delay  
An output delay is missing on out_data_19[3] relative to the rising and/or falling clock edge(s) of ap_clk.
Related violations: <none>

TIMING-18#400 Warning
Missing input or output delay  
An output delay is missing on out_data_19[4] relative to the rising and/or falling clock edge(s) of ap_clk.
Related violations: <none>

TIMING-18#401 Warning
Missing input or output delay  
An output delay is missing on out_data_19[5] relative to the rising and/or falling clock edge(s) of ap_clk.
Related violations: <none>

TIMING-18#402 Warning
Missing input or output delay  
An output delay is missing on out_data_19[6] relative to the rising and/or falling clock edge(s) of ap_clk.
Related violations: <none>

TIMING-18#403 Warning
Missing input or output delay  
An output delay is missing on out_data_19[7] relative to the rising and/or falling clock edge(s) of ap_clk.
Related violations: <none>

TIMING-18#404 Warning
Missing input or output delay  
An output delay is missing on out_data_19[8] relative to the rising and/or falling clock edge(s) of ap_clk.
Related violations: <none>

TIMING-18#405 Warning
Missing input or output delay  
An output delay is missing on out_data_19[9] relative to the rising and/or falling clock edge(s) of ap_clk.
Related violations: <none>

TIMING-18#406 Warning
Missing input or output delay  
An output delay is missing on out_data_1[0] relative to the rising and/or falling clock edge(s) of ap_clk.
Related violations: <none>

TIMING-18#407 Warning
Missing input or output delay  
An output delay is missing on out_data_1[10] relative to the rising and/or falling clock edge(s) of ap_clk.
Related violations: <none>

TIMING-18#408 Warning
Missing input or output delay  
An output delay is missing on out_data_1[11] relative to the rising and/or falling clock edge(s) of ap_clk.
Related violations: <none>

TIMING-18#409 Warning
Missing input or output delay  
An output delay is missing on out_data_1[12] relative to the rising and/or falling clock edge(s) of ap_clk.
Related violations: <none>

TIMING-18#410 Warning
Missing input or output delay  
An output delay is missing on out_data_1[13] relative to the rising and/or falling clock edge(s) of ap_clk.
Related violations: <none>

TIMING-18#411 Warning
Missing input or output delay  
An output delay is missing on out_data_1[14] relative to the rising and/or falling clock edge(s) of ap_clk.
Related violations: <none>

TIMING-18#412 Warning
Missing input or output delay  
An output delay is missing on out_data_1[15] relative to the rising and/or falling clock edge(s) of ap_clk.
Related violations: <none>

TIMING-18#413 Warning
Missing input or output delay  
An output delay is missing on out_data_1[1] relative to the rising and/or falling clock edge(s) of ap_clk.
Related violations: <none>

TIMING-18#414 Warning
Missing input or output delay  
An output delay is missing on out_data_1[2] relative to the rising and/or falling clock edge(s) of ap_clk.
Related violations: <none>

TIMING-18#415 Warning
Missing input or output delay  
An output delay is missing on out_data_1[3] relative to the rising and/or falling clock edge(s) of ap_clk.
Related violations: <none>

TIMING-18#416 Warning
Missing input or output delay  
An output delay is missing on out_data_1[4] relative to the rising and/or falling clock edge(s) of ap_clk.
Related violations: <none>

TIMING-18#417 Warning
Missing input or output delay  
An output delay is missing on out_data_1[5] relative to the rising and/or falling clock edge(s) of ap_clk.
Related violations: <none>

TIMING-18#418 Warning
Missing input or output delay  
An output delay is missing on out_data_1[6] relative to the rising and/or falling clock edge(s) of ap_clk.
Related violations: <none>

TIMING-18#419 Warning
Missing input or output delay  
An output delay is missing on out_data_1[7] relative to the rising and/or falling clock edge(s) of ap_clk.
Related violations: <none>

TIMING-18#420 Warning
Missing input or output delay  
An output delay is missing on out_data_1[8] relative to the rising and/or falling clock edge(s) of ap_clk.
Related violations: <none>

TIMING-18#421 Warning
Missing input or output delay  
An output delay is missing on out_data_1[9] relative to the rising and/or falling clock edge(s) of ap_clk.
Related violations: <none>

TIMING-18#422 Warning
Missing input or output delay  
An output delay is missing on out_data_20[0] relative to the rising and/or falling clock edge(s) of ap_clk.
Related violations: <none>

TIMING-18#423 Warning
Missing input or output delay  
An output delay is missing on out_data_20[10] relative to the rising and/or falling clock edge(s) of ap_clk.
Related violations: <none>

TIMING-18#424 Warning
Missing input or output delay  
An output delay is missing on out_data_20[11] relative to the rising and/or falling clock edge(s) of ap_clk.
Related violations: <none>

TIMING-18#425 Warning
Missing input or output delay  
An output delay is missing on out_data_20[12] relative to the rising and/or falling clock edge(s) of ap_clk.
Related violations: <none>

TIMING-18#426 Warning
Missing input or output delay  
An output delay is missing on out_data_20[13] relative to the rising and/or falling clock edge(s) of ap_clk.
Related violations: <none>

TIMING-18#427 Warning
Missing input or output delay  
An output delay is missing on out_data_20[14] relative to the rising and/or falling clock edge(s) of ap_clk.
Related violations: <none>

TIMING-18#428 Warning
Missing input or output delay  
An output delay is missing on out_data_20[15] relative to the rising and/or falling clock edge(s) of ap_clk.
Related violations: <none>

TIMING-18#429 Warning
Missing input or output delay  
An output delay is missing on out_data_20[1] relative to the rising and/or falling clock edge(s) of ap_clk.
Related violations: <none>

TIMING-18#430 Warning
Missing input or output delay  
An output delay is missing on out_data_20[2] relative to the rising and/or falling clock edge(s) of ap_clk.
Related violations: <none>

TIMING-18#431 Warning
Missing input or output delay  
An output delay is missing on out_data_20[3] relative to the rising and/or falling clock edge(s) of ap_clk.
Related violations: <none>

TIMING-18#432 Warning
Missing input or output delay  
An output delay is missing on out_data_20[4] relative to the rising and/or falling clock edge(s) of ap_clk.
Related violations: <none>

TIMING-18#433 Warning
Missing input or output delay  
An output delay is missing on out_data_20[5] relative to the rising and/or falling clock edge(s) of ap_clk.
Related violations: <none>

TIMING-18#434 Warning
Missing input or output delay  
An output delay is missing on out_data_20[6] relative to the rising and/or falling clock edge(s) of ap_clk.
Related violations: <none>

TIMING-18#435 Warning
Missing input or output delay  
An output delay is missing on out_data_20[7] relative to the rising and/or falling clock edge(s) of ap_clk.
Related violations: <none>

TIMING-18#436 Warning
Missing input or output delay  
An output delay is missing on out_data_20[8] relative to the rising and/or falling clock edge(s) of ap_clk.
Related violations: <none>

TIMING-18#437 Warning
Missing input or output delay  
An output delay is missing on out_data_20[9] relative to the rising and/or falling clock edge(s) of ap_clk.
Related violations: <none>

TIMING-18#438 Warning
Missing input or output delay  
An output delay is missing on out_data_21[0] relative to the rising and/or falling clock edge(s) of ap_clk.
Related violations: <none>

TIMING-18#439 Warning
Missing input or output delay  
An output delay is missing on out_data_21[10] relative to the rising and/or falling clock edge(s) of ap_clk.
Related violations: <none>

TIMING-18#440 Warning
Missing input or output delay  
An output delay is missing on out_data_21[11] relative to the rising and/or falling clock edge(s) of ap_clk.
Related violations: <none>

TIMING-18#441 Warning
Missing input or output delay  
An output delay is missing on out_data_21[12] relative to the rising and/or falling clock edge(s) of ap_clk.
Related violations: <none>

TIMING-18#442 Warning
Missing input or output delay  
An output delay is missing on out_data_21[13] relative to the rising and/or falling clock edge(s) of ap_clk.
Related violations: <none>

TIMING-18#443 Warning
Missing input or output delay  
An output delay is missing on out_data_21[14] relative to the rising and/or falling clock edge(s) of ap_clk.
Related violations: <none>

TIMING-18#444 Warning
Missing input or output delay  
An output delay is missing on out_data_21[15] relative to the rising and/or falling clock edge(s) of ap_clk.
Related violations: <none>

TIMING-18#445 Warning
Missing input or output delay  
An output delay is missing on out_data_21[1] relative to the rising and/or falling clock edge(s) of ap_clk.
Related violations: <none>

TIMING-18#446 Warning
Missing input or output delay  
An output delay is missing on out_data_21[2] relative to the rising and/or falling clock edge(s) of ap_clk.
Related violations: <none>

TIMING-18#447 Warning
Missing input or output delay  
An output delay is missing on out_data_21[3] relative to the rising and/or falling clock edge(s) of ap_clk.
Related violations: <none>

TIMING-18#448 Warning
Missing input or output delay  
An output delay is missing on out_data_21[4] relative to the rising and/or falling clock edge(s) of ap_clk.
Related violations: <none>

TIMING-18#449 Warning
Missing input or output delay  
An output delay is missing on out_data_21[5] relative to the rising and/or falling clock edge(s) of ap_clk.
Related violations: <none>

TIMING-18#450 Warning
Missing input or output delay  
An output delay is missing on out_data_21[6] relative to the rising and/or falling clock edge(s) of ap_clk.
Related violations: <none>

TIMING-18#451 Warning
Missing input or output delay  
An output delay is missing on out_data_21[7] relative to the rising and/or falling clock edge(s) of ap_clk.
Related violations: <none>

TIMING-18#452 Warning
Missing input or output delay  
An output delay is missing on out_data_21[8] relative to the rising and/or falling clock edge(s) of ap_clk.
Related violations: <none>

TIMING-18#453 Warning
Missing input or output delay  
An output delay is missing on out_data_21[9] relative to the rising and/or falling clock edge(s) of ap_clk.
Related violations: <none>

TIMING-18#454 Warning
Missing input or output delay  
An output delay is missing on out_data_22[0] relative to the rising and/or falling clock edge(s) of ap_clk.
Related violations: <none>

TIMING-18#455 Warning
Missing input or output delay  
An output delay is missing on out_data_22[10] relative to the rising and/or falling clock edge(s) of ap_clk.
Related violations: <none>

TIMING-18#456 Warning
Missing input or output delay  
An output delay is missing on out_data_22[11] relative to the rising and/or falling clock edge(s) of ap_clk.
Related violations: <none>

TIMING-18#457 Warning
Missing input or output delay  
An output delay is missing on out_data_22[12] relative to the rising and/or falling clock edge(s) of ap_clk.
Related violations: <none>

TIMING-18#458 Warning
Missing input or output delay  
An output delay is missing on out_data_22[13] relative to the rising and/or falling clock edge(s) of ap_clk.
Related violations: <none>

TIMING-18#459 Warning
Missing input or output delay  
An output delay is missing on out_data_22[14] relative to the rising and/or falling clock edge(s) of ap_clk.
Related violations: <none>

TIMING-18#460 Warning
Missing input or output delay  
An output delay is missing on out_data_22[15] relative to the rising and/or falling clock edge(s) of ap_clk.
Related violations: <none>

TIMING-18#461 Warning
Missing input or output delay  
An output delay is missing on out_data_22[1] relative to the rising and/or falling clock edge(s) of ap_clk.
Related violations: <none>

TIMING-18#462 Warning
Missing input or output delay  
An output delay is missing on out_data_22[2] relative to the rising and/or falling clock edge(s) of ap_clk.
Related violations: <none>

TIMING-18#463 Warning
Missing input or output delay  
An output delay is missing on out_data_22[3] relative to the rising and/or falling clock edge(s) of ap_clk.
Related violations: <none>

TIMING-18#464 Warning
Missing input or output delay  
An output delay is missing on out_data_22[4] relative to the rising and/or falling clock edge(s) of ap_clk.
Related violations: <none>

TIMING-18#465 Warning
Missing input or output delay  
An output delay is missing on out_data_22[5] relative to the rising and/or falling clock edge(s) of ap_clk.
Related violations: <none>

TIMING-18#466 Warning
Missing input or output delay  
An output delay is missing on out_data_22[6] relative to the rising and/or falling clock edge(s) of ap_clk.
Related violations: <none>

TIMING-18#467 Warning
Missing input or output delay  
An output delay is missing on out_data_22[7] relative to the rising and/or falling clock edge(s) of ap_clk.
Related violations: <none>

TIMING-18#468 Warning
Missing input or output delay  
An output delay is missing on out_data_22[8] relative to the rising and/or falling clock edge(s) of ap_clk.
Related violations: <none>

TIMING-18#469 Warning
Missing input or output delay  
An output delay is missing on out_data_22[9] relative to the rising and/or falling clock edge(s) of ap_clk.
Related violations: <none>

TIMING-18#470 Warning
Missing input or output delay  
An output delay is missing on out_data_23[0] relative to the rising and/or falling clock edge(s) of ap_clk.
Related violations: <none>

TIMING-18#471 Warning
Missing input or output delay  
An output delay is missing on out_data_23[10] relative to the rising and/or falling clock edge(s) of ap_clk.
Related violations: <none>

TIMING-18#472 Warning
Missing input or output delay  
An output delay is missing on out_data_23[11] relative to the rising and/or falling clock edge(s) of ap_clk.
Related violations: <none>

TIMING-18#473 Warning
Missing input or output delay  
An output delay is missing on out_data_23[12] relative to the rising and/or falling clock edge(s) of ap_clk.
Related violations: <none>

TIMING-18#474 Warning
Missing input or output delay  
An output delay is missing on out_data_23[13] relative to the rising and/or falling clock edge(s) of ap_clk.
Related violations: <none>

TIMING-18#475 Warning
Missing input or output delay  
An output delay is missing on out_data_23[14] relative to the rising and/or falling clock edge(s) of ap_clk.
Related violations: <none>

TIMING-18#476 Warning
Missing input or output delay  
An output delay is missing on out_data_23[15] relative to the rising and/or falling clock edge(s) of ap_clk.
Related violations: <none>

TIMING-18#477 Warning
Missing input or output delay  
An output delay is missing on out_data_23[1] relative to the rising and/or falling clock edge(s) of ap_clk.
Related violations: <none>

TIMING-18#478 Warning
Missing input or output delay  
An output delay is missing on out_data_23[2] relative to the rising and/or falling clock edge(s) of ap_clk.
Related violations: <none>

TIMING-18#479 Warning
Missing input or output delay  
An output delay is missing on out_data_23[3] relative to the rising and/or falling clock edge(s) of ap_clk.
Related violations: <none>

TIMING-18#480 Warning
Missing input or output delay  
An output delay is missing on out_data_23[4] relative to the rising and/or falling clock edge(s) of ap_clk.
Related violations: <none>

TIMING-18#481 Warning
Missing input or output delay  
An output delay is missing on out_data_23[5] relative to the rising and/or falling clock edge(s) of ap_clk.
Related violations: <none>

TIMING-18#482 Warning
Missing input or output delay  
An output delay is missing on out_data_23[6] relative to the rising and/or falling clock edge(s) of ap_clk.
Related violations: <none>

TIMING-18#483 Warning
Missing input or output delay  
An output delay is missing on out_data_23[7] relative to the rising and/or falling clock edge(s) of ap_clk.
Related violations: <none>

TIMING-18#484 Warning
Missing input or output delay  
An output delay is missing on out_data_23[8] relative to the rising and/or falling clock edge(s) of ap_clk.
Related violations: <none>

TIMING-18#485 Warning
Missing input or output delay  
An output delay is missing on out_data_23[9] relative to the rising and/or falling clock edge(s) of ap_clk.
Related violations: <none>

TIMING-18#486 Warning
Missing input or output delay  
An output delay is missing on out_data_24[0] relative to the rising and/or falling clock edge(s) of ap_clk.
Related violations: <none>

TIMING-18#487 Warning
Missing input or output delay  
An output delay is missing on out_data_24[10] relative to the rising and/or falling clock edge(s) of ap_clk.
Related violations: <none>

TIMING-18#488 Warning
Missing input or output delay  
An output delay is missing on out_data_24[11] relative to the rising and/or falling clock edge(s) of ap_clk.
Related violations: <none>

TIMING-18#489 Warning
Missing input or output delay  
An output delay is missing on out_data_24[12] relative to the rising and/or falling clock edge(s) of ap_clk.
Related violations: <none>

TIMING-18#490 Warning
Missing input or output delay  
An output delay is missing on out_data_24[13] relative to the rising and/or falling clock edge(s) of ap_clk.
Related violations: <none>

TIMING-18#491 Warning
Missing input or output delay  
An output delay is missing on out_data_24[14] relative to the rising and/or falling clock edge(s) of ap_clk.
Related violations: <none>

TIMING-18#492 Warning
Missing input or output delay  
An output delay is missing on out_data_24[15] relative to the rising and/or falling clock edge(s) of ap_clk.
Related violations: <none>

TIMING-18#493 Warning
Missing input or output delay  
An output delay is missing on out_data_24[1] relative to the rising and/or falling clock edge(s) of ap_clk.
Related violations: <none>

TIMING-18#494 Warning
Missing input or output delay  
An output delay is missing on out_data_24[2] relative to the rising and/or falling clock edge(s) of ap_clk.
Related violations: <none>

TIMING-18#495 Warning
Missing input or output delay  
An output delay is missing on out_data_24[3] relative to the rising and/or falling clock edge(s) of ap_clk.
Related violations: <none>

TIMING-18#496 Warning
Missing input or output delay  
An output delay is missing on out_data_24[4] relative to the rising and/or falling clock edge(s) of ap_clk.
Related violations: <none>

TIMING-18#497 Warning
Missing input or output delay  
An output delay is missing on out_data_24[5] relative to the rising and/or falling clock edge(s) of ap_clk.
Related violations: <none>

TIMING-18#498 Warning
Missing input or output delay  
An output delay is missing on out_data_24[6] relative to the rising and/or falling clock edge(s) of ap_clk.
Related violations: <none>

TIMING-18#499 Warning
Missing input or output delay  
An output delay is missing on out_data_24[7] relative to the rising and/or falling clock edge(s) of ap_clk.
Related violations: <none>

TIMING-18#500 Warning
Missing input or output delay  
An output delay is missing on out_data_24[8] relative to the rising and/or falling clock edge(s) of ap_clk.
Related violations: <none>

TIMING-18#501 Warning
Missing input or output delay  
An output delay is missing on out_data_24[9] relative to the rising and/or falling clock edge(s) of ap_clk.
Related violations: <none>

TIMING-18#502 Warning
Missing input or output delay  
An output delay is missing on out_data_2[0] relative to the rising and/or falling clock edge(s) of ap_clk.
Related violations: <none>

TIMING-18#503 Warning
Missing input or output delay  
An output delay is missing on out_data_2[10] relative to the rising and/or falling clock edge(s) of ap_clk.
Related violations: <none>

TIMING-18#504 Warning
Missing input or output delay  
An output delay is missing on out_data_2[11] relative to the rising and/or falling clock edge(s) of ap_clk.
Related violations: <none>

TIMING-18#505 Warning
Missing input or output delay  
An output delay is missing on out_data_2[12] relative to the rising and/or falling clock edge(s) of ap_clk.
Related violations: <none>

TIMING-18#506 Warning
Missing input or output delay  
An output delay is missing on out_data_2[13] relative to the rising and/or falling clock edge(s) of ap_clk.
Related violations: <none>

TIMING-18#507 Warning
Missing input or output delay  
An output delay is missing on out_data_2[14] relative to the rising and/or falling clock edge(s) of ap_clk.
Related violations: <none>

TIMING-18#508 Warning
Missing input or output delay  
An output delay is missing on out_data_2[15] relative to the rising and/or falling clock edge(s) of ap_clk.
Related violations: <none>

TIMING-18#509 Warning
Missing input or output delay  
An output delay is missing on out_data_2[1] relative to the rising and/or falling clock edge(s) of ap_clk.
Related violations: <none>

TIMING-18#510 Warning
Missing input or output delay  
An output delay is missing on out_data_2[2] relative to the rising and/or falling clock edge(s) of ap_clk.
Related violations: <none>

TIMING-18#511 Warning
Missing input or output delay  
An output delay is missing on out_data_2[3] relative to the rising and/or falling clock edge(s) of ap_clk.
Related violations: <none>

TIMING-18#512 Warning
Missing input or output delay  
An output delay is missing on out_data_2[4] relative to the rising and/or falling clock edge(s) of ap_clk.
Related violations: <none>

TIMING-18#513 Warning
Missing input or output delay  
An output delay is missing on out_data_2[5] relative to the rising and/or falling clock edge(s) of ap_clk.
Related violations: <none>

TIMING-18#514 Warning
Missing input or output delay  
An output delay is missing on out_data_2[6] relative to the rising and/or falling clock edge(s) of ap_clk.
Related violations: <none>

TIMING-18#515 Warning
Missing input or output delay  
An output delay is missing on out_data_2[7] relative to the rising and/or falling clock edge(s) of ap_clk.
Related violations: <none>

TIMING-18#516 Warning
Missing input or output delay  
An output delay is missing on out_data_2[8] relative to the rising and/or falling clock edge(s) of ap_clk.
Related violations: <none>

TIMING-18#517 Warning
Missing input or output delay  
An output delay is missing on out_data_2[9] relative to the rising and/or falling clock edge(s) of ap_clk.
Related violations: <none>

TIMING-18#518 Warning
Missing input or output delay  
An output delay is missing on out_data_3[0] relative to the rising and/or falling clock edge(s) of ap_clk.
Related violations: <none>

TIMING-18#519 Warning
Missing input or output delay  
An output delay is missing on out_data_3[10] relative to the rising and/or falling clock edge(s) of ap_clk.
Related violations: <none>

TIMING-18#520 Warning
Missing input or output delay  
An output delay is missing on out_data_3[11] relative to the rising and/or falling clock edge(s) of ap_clk.
Related violations: <none>

TIMING-18#521 Warning
Missing input or output delay  
An output delay is missing on out_data_3[12] relative to the rising and/or falling clock edge(s) of ap_clk.
Related violations: <none>

TIMING-18#522 Warning
Missing input or output delay  
An output delay is missing on out_data_3[13] relative to the rising and/or falling clock edge(s) of ap_clk.
Related violations: <none>

TIMING-18#523 Warning
Missing input or output delay  
An output delay is missing on out_data_3[14] relative to the rising and/or falling clock edge(s) of ap_clk.
Related violations: <none>

TIMING-18#524 Warning
Missing input or output delay  
An output delay is missing on out_data_3[15] relative to the rising and/or falling clock edge(s) of ap_clk.
Related violations: <none>

TIMING-18#525 Warning
Missing input or output delay  
An output delay is missing on out_data_3[1] relative to the rising and/or falling clock edge(s) of ap_clk.
Related violations: <none>

TIMING-18#526 Warning
Missing input or output delay  
An output delay is missing on out_data_3[2] relative to the rising and/or falling clock edge(s) of ap_clk.
Related violations: <none>

TIMING-18#527 Warning
Missing input or output delay  
An output delay is missing on out_data_3[3] relative to the rising and/or falling clock edge(s) of ap_clk.
Related violations: <none>

TIMING-18#528 Warning
Missing input or output delay  
An output delay is missing on out_data_3[4] relative to the rising and/or falling clock edge(s) of ap_clk.
Related violations: <none>

TIMING-18#529 Warning
Missing input or output delay  
An output delay is missing on out_data_3[5] relative to the rising and/or falling clock edge(s) of ap_clk.
Related violations: <none>

TIMING-18#530 Warning
Missing input or output delay  
An output delay is missing on out_data_3[6] relative to the rising and/or falling clock edge(s) of ap_clk.
Related violations: <none>

TIMING-18#531 Warning
Missing input or output delay  
An output delay is missing on out_data_3[7] relative to the rising and/or falling clock edge(s) of ap_clk.
Related violations: <none>

TIMING-18#532 Warning
Missing input or output delay  
An output delay is missing on out_data_3[8] relative to the rising and/or falling clock edge(s) of ap_clk.
Related violations: <none>

TIMING-18#533 Warning
Missing input or output delay  
An output delay is missing on out_data_3[9] relative to the rising and/or falling clock edge(s) of ap_clk.
Related violations: <none>

TIMING-18#534 Warning
Missing input or output delay  
An output delay is missing on out_data_4[0] relative to the rising and/or falling clock edge(s) of ap_clk.
Related violations: <none>

TIMING-18#535 Warning
Missing input or output delay  
An output delay is missing on out_data_4[10] relative to the rising and/or falling clock edge(s) of ap_clk.
Related violations: <none>

TIMING-18#536 Warning
Missing input or output delay  
An output delay is missing on out_data_4[11] relative to the rising and/or falling clock edge(s) of ap_clk.
Related violations: <none>

TIMING-18#537 Warning
Missing input or output delay  
An output delay is missing on out_data_4[12] relative to the rising and/or falling clock edge(s) of ap_clk.
Related violations: <none>

TIMING-18#538 Warning
Missing input or output delay  
An output delay is missing on out_data_4[13] relative to the rising and/or falling clock edge(s) of ap_clk.
Related violations: <none>

TIMING-18#539 Warning
Missing input or output delay  
An output delay is missing on out_data_4[14] relative to the rising and/or falling clock edge(s) of ap_clk.
Related violations: <none>

TIMING-18#540 Warning
Missing input or output delay  
An output delay is missing on out_data_4[15] relative to the rising and/or falling clock edge(s) of ap_clk.
Related violations: <none>

TIMING-18#541 Warning
Missing input or output delay  
An output delay is missing on out_data_4[1] relative to the rising and/or falling clock edge(s) of ap_clk.
Related violations: <none>

TIMING-18#542 Warning
Missing input or output delay  
An output delay is missing on out_data_4[2] relative to the rising and/or falling clock edge(s) of ap_clk.
Related violations: <none>

TIMING-18#543 Warning
Missing input or output delay  
An output delay is missing on out_data_4[3] relative to the rising and/or falling clock edge(s) of ap_clk.
Related violations: <none>

TIMING-18#544 Warning
Missing input or output delay  
An output delay is missing on out_data_4[4] relative to the rising and/or falling clock edge(s) of ap_clk.
Related violations: <none>

TIMING-18#545 Warning
Missing input or output delay  
An output delay is missing on out_data_4[5] relative to the rising and/or falling clock edge(s) of ap_clk.
Related violations: <none>

TIMING-18#546 Warning
Missing input or output delay  
An output delay is missing on out_data_4[6] relative to the rising and/or falling clock edge(s) of ap_clk.
Related violations: <none>

TIMING-18#547 Warning
Missing input or output delay  
An output delay is missing on out_data_4[7] relative to the rising and/or falling clock edge(s) of ap_clk.
Related violations: <none>

TIMING-18#548 Warning
Missing input or output delay  
An output delay is missing on out_data_4[8] relative to the rising and/or falling clock edge(s) of ap_clk.
Related violations: <none>

TIMING-18#549 Warning
Missing input or output delay  
An output delay is missing on out_data_4[9] relative to the rising and/or falling clock edge(s) of ap_clk.
Related violations: <none>

TIMING-18#550 Warning
Missing input or output delay  
An output delay is missing on out_data_5[0] relative to the rising and/or falling clock edge(s) of ap_clk.
Related violations: <none>

TIMING-18#551 Warning
Missing input or output delay  
An output delay is missing on out_data_5[10] relative to the rising and/or falling clock edge(s) of ap_clk.
Related violations: <none>

TIMING-18#552 Warning
Missing input or output delay  
An output delay is missing on out_data_5[11] relative to the rising and/or falling clock edge(s) of ap_clk.
Related violations: <none>

TIMING-18#553 Warning
Missing input or output delay  
An output delay is missing on out_data_5[12] relative to the rising and/or falling clock edge(s) of ap_clk.
Related violations: <none>

TIMING-18#554 Warning
Missing input or output delay  
An output delay is missing on out_data_5[13] relative to the rising and/or falling clock edge(s) of ap_clk.
Related violations: <none>

TIMING-18#555 Warning
Missing input or output delay  
An output delay is missing on out_data_5[14] relative to the rising and/or falling clock edge(s) of ap_clk.
Related violations: <none>

TIMING-18#556 Warning
Missing input or output delay  
An output delay is missing on out_data_5[15] relative to the rising and/or falling clock edge(s) of ap_clk.
Related violations: <none>

TIMING-18#557 Warning
Missing input or output delay  
An output delay is missing on out_data_5[1] relative to the rising and/or falling clock edge(s) of ap_clk.
Related violations: <none>

TIMING-18#558 Warning
Missing input or output delay  
An output delay is missing on out_data_5[2] relative to the rising and/or falling clock edge(s) of ap_clk.
Related violations: <none>

TIMING-18#559 Warning
Missing input or output delay  
An output delay is missing on out_data_5[3] relative to the rising and/or falling clock edge(s) of ap_clk.
Related violations: <none>

TIMING-18#560 Warning
Missing input or output delay  
An output delay is missing on out_data_5[4] relative to the rising and/or falling clock edge(s) of ap_clk.
Related violations: <none>

TIMING-18#561 Warning
Missing input or output delay  
An output delay is missing on out_data_5[5] relative to the rising and/or falling clock edge(s) of ap_clk.
Related violations: <none>

TIMING-18#562 Warning
Missing input or output delay  
An output delay is missing on out_data_5[6] relative to the rising and/or falling clock edge(s) of ap_clk.
Related violations: <none>

TIMING-18#563 Warning
Missing input or output delay  
An output delay is missing on out_data_5[7] relative to the rising and/or falling clock edge(s) of ap_clk.
Related violations: <none>

TIMING-18#564 Warning
Missing input or output delay  
An output delay is missing on out_data_5[8] relative to the rising and/or falling clock edge(s) of ap_clk.
Related violations: <none>

TIMING-18#565 Warning
Missing input or output delay  
An output delay is missing on out_data_5[9] relative to the rising and/or falling clock edge(s) of ap_clk.
Related violations: <none>

TIMING-18#566 Warning
Missing input or output delay  
An output delay is missing on out_data_6[0] relative to the rising and/or falling clock edge(s) of ap_clk.
Related violations: <none>

TIMING-18#567 Warning
Missing input or output delay  
An output delay is missing on out_data_6[10] relative to the rising and/or falling clock edge(s) of ap_clk.
Related violations: <none>

TIMING-18#568 Warning
Missing input or output delay  
An output delay is missing on out_data_6[11] relative to the rising and/or falling clock edge(s) of ap_clk.
Related violations: <none>

TIMING-18#569 Warning
Missing input or output delay  
An output delay is missing on out_data_6[12] relative to the rising and/or falling clock edge(s) of ap_clk.
Related violations: <none>

TIMING-18#570 Warning
Missing input or output delay  
An output delay is missing on out_data_6[13] relative to the rising and/or falling clock edge(s) of ap_clk.
Related violations: <none>

TIMING-18#571 Warning
Missing input or output delay  
An output delay is missing on out_data_6[14] relative to the rising and/or falling clock edge(s) of ap_clk.
Related violations: <none>

TIMING-18#572 Warning
Missing input or output delay  
An output delay is missing on out_data_6[15] relative to the rising and/or falling clock edge(s) of ap_clk.
Related violations: <none>

TIMING-18#573 Warning
Missing input or output delay  
An output delay is missing on out_data_6[1] relative to the rising and/or falling clock edge(s) of ap_clk.
Related violations: <none>

TIMING-18#574 Warning
Missing input or output delay  
An output delay is missing on out_data_6[2] relative to the rising and/or falling clock edge(s) of ap_clk.
Related violations: <none>

TIMING-18#575 Warning
Missing input or output delay  
An output delay is missing on out_data_6[3] relative to the rising and/or falling clock edge(s) of ap_clk.
Related violations: <none>

TIMING-18#576 Warning
Missing input or output delay  
An output delay is missing on out_data_6[4] relative to the rising and/or falling clock edge(s) of ap_clk.
Related violations: <none>

TIMING-18#577 Warning
Missing input or output delay  
An output delay is missing on out_data_6[5] relative to the rising and/or falling clock edge(s) of ap_clk.
Related violations: <none>

TIMING-18#578 Warning
Missing input or output delay  
An output delay is missing on out_data_6[6] relative to the rising and/or falling clock edge(s) of ap_clk.
Related violations: <none>

TIMING-18#579 Warning
Missing input or output delay  
An output delay is missing on out_data_6[7] relative to the rising and/or falling clock edge(s) of ap_clk.
Related violations: <none>

TIMING-18#580 Warning
Missing input or output delay  
An output delay is missing on out_data_6[8] relative to the rising and/or falling clock edge(s) of ap_clk.
Related violations: <none>

TIMING-18#581 Warning
Missing input or output delay  
An output delay is missing on out_data_6[9] relative to the rising and/or falling clock edge(s) of ap_clk.
Related violations: <none>

TIMING-18#582 Warning
Missing input or output delay  
An output delay is missing on out_data_7[0] relative to the rising and/or falling clock edge(s) of ap_clk.
Related violations: <none>

TIMING-18#583 Warning
Missing input or output delay  
An output delay is missing on out_data_7[10] relative to the rising and/or falling clock edge(s) of ap_clk.
Related violations: <none>

TIMING-18#584 Warning
Missing input or output delay  
An output delay is missing on out_data_7[11] relative to the rising and/or falling clock edge(s) of ap_clk.
Related violations: <none>

TIMING-18#585 Warning
Missing input or output delay  
An output delay is missing on out_data_7[12] relative to the rising and/or falling clock edge(s) of ap_clk.
Related violations: <none>

TIMING-18#586 Warning
Missing input or output delay  
An output delay is missing on out_data_7[13] relative to the rising and/or falling clock edge(s) of ap_clk.
Related violations: <none>

TIMING-18#587 Warning
Missing input or output delay  
An output delay is missing on out_data_7[14] relative to the rising and/or falling clock edge(s) of ap_clk.
Related violations: <none>

TIMING-18#588 Warning
Missing input or output delay  
An output delay is missing on out_data_7[15] relative to the rising and/or falling clock edge(s) of ap_clk.
Related violations: <none>

TIMING-18#589 Warning
Missing input or output delay  
An output delay is missing on out_data_7[1] relative to the rising and/or falling clock edge(s) of ap_clk.
Related violations: <none>

TIMING-18#590 Warning
Missing input or output delay  
An output delay is missing on out_data_7[2] relative to the rising and/or falling clock edge(s) of ap_clk.
Related violations: <none>

TIMING-18#591 Warning
Missing input or output delay  
An output delay is missing on out_data_7[3] relative to the rising and/or falling clock edge(s) of ap_clk.
Related violations: <none>

TIMING-18#592 Warning
Missing input or output delay  
An output delay is missing on out_data_7[4] relative to the rising and/or falling clock edge(s) of ap_clk.
Related violations: <none>

TIMING-18#593 Warning
Missing input or output delay  
An output delay is missing on out_data_7[5] relative to the rising and/or falling clock edge(s) of ap_clk.
Related violations: <none>

TIMING-18#594 Warning
Missing input or output delay  
An output delay is missing on out_data_7[6] relative to the rising and/or falling clock edge(s) of ap_clk.
Related violations: <none>

TIMING-18#595 Warning
Missing input or output delay  
An output delay is missing on out_data_7[7] relative to the rising and/or falling clock edge(s) of ap_clk.
Related violations: <none>

TIMING-18#596 Warning
Missing input or output delay  
An output delay is missing on out_data_7[8] relative to the rising and/or falling clock edge(s) of ap_clk.
Related violations: <none>

TIMING-18#597 Warning
Missing input or output delay  
An output delay is missing on out_data_7[9] relative to the rising and/or falling clock edge(s) of ap_clk.
Related violations: <none>

TIMING-18#598 Warning
Missing input or output delay  
An output delay is missing on out_data_8[0] relative to the rising and/or falling clock edge(s) of ap_clk.
Related violations: <none>

TIMING-18#599 Warning
Missing input or output delay  
An output delay is missing on out_data_8[10] relative to the rising and/or falling clock edge(s) of ap_clk.
Related violations: <none>

TIMING-18#600 Warning
Missing input or output delay  
An output delay is missing on out_data_8[11] relative to the rising and/or falling clock edge(s) of ap_clk.
Related violations: <none>

TIMING-18#601 Warning
Missing input or output delay  
An output delay is missing on out_data_8[12] relative to the rising and/or falling clock edge(s) of ap_clk.
Related violations: <none>

TIMING-18#602 Warning
Missing input or output delay  
An output delay is missing on out_data_8[13] relative to the rising and/or falling clock edge(s) of ap_clk.
Related violations: <none>

TIMING-18#603 Warning
Missing input or output delay  
An output delay is missing on out_data_8[14] relative to the rising and/or falling clock edge(s) of ap_clk.
Related violations: <none>

TIMING-18#604 Warning
Missing input or output delay  
An output delay is missing on out_data_8[15] relative to the rising and/or falling clock edge(s) of ap_clk.
Related violations: <none>

TIMING-18#605 Warning
Missing input or output delay  
An output delay is missing on out_data_8[1] relative to the rising and/or falling clock edge(s) of ap_clk.
Related violations: <none>

TIMING-18#606 Warning
Missing input or output delay  
An output delay is missing on out_data_8[2] relative to the rising and/or falling clock edge(s) of ap_clk.
Related violations: <none>

TIMING-18#607 Warning
Missing input or output delay  
An output delay is missing on out_data_8[3] relative to the rising and/or falling clock edge(s) of ap_clk.
Related violations: <none>

TIMING-18#608 Warning
Missing input or output delay  
An output delay is missing on out_data_8[4] relative to the rising and/or falling clock edge(s) of ap_clk.
Related violations: <none>

TIMING-18#609 Warning
Missing input or output delay  
An output delay is missing on out_data_8[5] relative to the rising and/or falling clock edge(s) of ap_clk.
Related violations: <none>

TIMING-18#610 Warning
Missing input or output delay  
An output delay is missing on out_data_8[6] relative to the rising and/or falling clock edge(s) of ap_clk.
Related violations: <none>

TIMING-18#611 Warning
Missing input or output delay  
An output delay is missing on out_data_8[7] relative to the rising and/or falling clock edge(s) of ap_clk.
Related violations: <none>

TIMING-18#612 Warning
Missing input or output delay  
An output delay is missing on out_data_8[8] relative to the rising and/or falling clock edge(s) of ap_clk.
Related violations: <none>

TIMING-18#613 Warning
Missing input or output delay  
An output delay is missing on out_data_8[9] relative to the rising and/or falling clock edge(s) of ap_clk.
Related violations: <none>

TIMING-18#614 Warning
Missing input or output delay  
An output delay is missing on out_data_9[0] relative to the rising and/or falling clock edge(s) of ap_clk.
Related violations: <none>

TIMING-18#615 Warning
Missing input or output delay  
An output delay is missing on out_data_9[10] relative to the rising and/or falling clock edge(s) of ap_clk.
Related violations: <none>

TIMING-18#616 Warning
Missing input or output delay  
An output delay is missing on out_data_9[11] relative to the rising and/or falling clock edge(s) of ap_clk.
Related violations: <none>

TIMING-18#617 Warning
Missing input or output delay  
An output delay is missing on out_data_9[12] relative to the rising and/or falling clock edge(s) of ap_clk.
Related violations: <none>

TIMING-18#618 Warning
Missing input or output delay  
An output delay is missing on out_data_9[13] relative to the rising and/or falling clock edge(s) of ap_clk.
Related violations: <none>

TIMING-18#619 Warning
Missing input or output delay  
An output delay is missing on out_data_9[14] relative to the rising and/or falling clock edge(s) of ap_clk.
Related violations: <none>

TIMING-18#620 Warning
Missing input or output delay  
An output delay is missing on out_data_9[15] relative to the rising and/or falling clock edge(s) of ap_clk.
Related violations: <none>

TIMING-18#621 Warning
Missing input or output delay  
An output delay is missing on out_data_9[1] relative to the rising and/or falling clock edge(s) of ap_clk.
Related violations: <none>

TIMING-18#622 Warning
Missing input or output delay  
An output delay is missing on out_data_9[2] relative to the rising and/or falling clock edge(s) of ap_clk.
Related violations: <none>

TIMING-18#623 Warning
Missing input or output delay  
An output delay is missing on out_data_9[3] relative to the rising and/or falling clock edge(s) of ap_clk.
Related violations: <none>

TIMING-18#624 Warning
Missing input or output delay  
An output delay is missing on out_data_9[4] relative to the rising and/or falling clock edge(s) of ap_clk.
Related violations: <none>

TIMING-18#625 Warning
Missing input or output delay  
An output delay is missing on out_data_9[5] relative to the rising and/or falling clock edge(s) of ap_clk.
Related violations: <none>

TIMING-18#626 Warning
Missing input or output delay  
An output delay is missing on out_data_9[6] relative to the rising and/or falling clock edge(s) of ap_clk.
Related violations: <none>

TIMING-18#627 Warning
Missing input or output delay  
An output delay is missing on out_data_9[7] relative to the rising and/or falling clock edge(s) of ap_clk.
Related violations: <none>

TIMING-18#628 Warning
Missing input or output delay  
An output delay is missing on out_data_9[8] relative to the rising and/or falling clock edge(s) of ap_clk.
Related violations: <none>

TIMING-18#629 Warning
Missing input or output delay  
An output delay is missing on out_data_9[9] relative to the rising and/or falling clock edge(s) of ap_clk.
Related violations: <none>


